date,erc_baseline,erc_regime,erc_blend,lstm_baseline,lstm_regime,lstm_blend
2019-01-02,0.0013733215969178314,0.0006769744457606475,0.0006769757658482423,-0.0033098193583849245,-0.0060818459362965704,-0.006081852865983617
2019-01-03,0.002799688939396367,0.0013154190750146056,0.0013154290757931954,0.0005681859699794584,-0.00024332922591862,-0.00024332109075726315
2019-01-04,0.0035766658980360944,0.006477644883747103,0.006477625308429922,0.00901146380032265,0.009011238773700867,0.009011230441240619
2019-01-07,0.002011457753641342,0.002924967780163949,0.0029249616337193194,0.005161874097113912,0.004868617142074693,0.004868617898313862
2019-01-08,0.0024907348045537757,0.0036175044996825433,0.0036174969252507332,0.007327500415527115,0.007251364777636095,0.007251369016873653
2019-01-09,0.004171310492204781,0.00451667245768312,0.004516670138678825,0.004579592664929938,0.002752807208638715,0.0027528048210405227
2019-01-10,-0.0005036394238773711,0.0003901879922321183,0.0003901819925066583,0.0022882536257029075,0.0023278173792925343,0.002327819287345153
2019-01-11,0.0006903323972994961,0.0002182094596983796,0.0002182126259440102,0.00041238271932751816,0.0012533941985712698,0.0012533957132687713
2019-01-14,-0.002996713173371275,-0.0032561330222125287,-0.003256131281617853,-0.00312804410126984,-0.0034280784162491655,-0.0034280771652212367
2019-01-15,0.00182075198715823,0.002645055526225472,0.002645049994066769,0.004374026365804366,0.004569967308270102,0.004569966711750148
2019-01-16,0.0022522369070579274,0.0025374585627742302,0.0025374566501362656,0.003785483464033507,0.003481493841601347,0.0034814947021526454
2019-01-17,0.0012111165760530676,0.0016993114012655423,0.0016993081284624747,0.002779502388839756,0.0032059132320450276,0.0032059129964118263
2019-01-18,0.0007910141954953824,0.0018472629244200992,0.0018472558468987114,0.002799232743243536,0.002688962266570632,0.0026889603717081575
2019-01-22,-0.0014643184012838582,-0.0027551777148411383,-0.002755169074402547,-0.0033114127716162164,-0.003111017938144228,-0.003111012860302426
2019-01-23,0.000968667282741575,0.001296223281940739,0.0012962210865884178,0.0014047392812264517,0.0009730408879611785,0.0009730404938271445
2019-01-24,0.0029256388262703815,0.0027374507060825043,0.0027374519669480595,0.0020229143849344764,0.0025126980916257277,0.002512697877714595
2019-01-25,0.0030481634689928008,0.0038066781904598735,0.003806673107436716,0.0072055392026911,0.006438455777781491,0.006438456119396968
2019-01-28,-0.001820629959547817,-0.001991142652653087,-0.0019911415108624007,0.00027221235352615147,0.0002961062729862226,0.0002961128469325231
2019-01-29,0.0033855019240611834,0.003097855460280418,0.003097857386753812,0.0037924869478032862,0.0036800523814536235,0.0036800545291998405
2019-01-30,0.005835253217043073,0.006720176902434676,0.006720170974078145,0.007830272566624991,0.007706914730633301,0.007706911545507782
2019-01-31,0.004678157594105999,0.004670839682429192,0.0046708397314108785,0.00545588329302908,0.0068779002545644305,0.006877901466337522
2019-02-01,-0.0026769558500303603,-0.0023518919574826436,-0.002351892180420978,-0.0023236008358578086,-0.00317343902674061,-0.003173438829676245
2019-02-04,-0.00051398661717028,0.0002057025287284214,0.00020570180922370275,0.0019125418984789506,0.0004405759536112389,0.0004405749855830695
2019-02-05,0.003420876926429031,0.0036241711783507524,0.0036241709752548364,0.004087021966413721,0.004303807729044929,0.004303807223736433
2019-02-06,-0.001768222034339506,-0.0020578308910562714,-0.002057830601788567,-0.003729755728739725,-0.00254424905136264,-0.002544248508698118
2019-02-07,-0.0004056741822188284,-0.0012495976113868273,-0.0012495967682128984,-0.00015393140945210455,0.001594708367391238,0.00159471107484153
2019-02-08,0.001466731183049789,0.0011305209431183428,0.0011305212793138277,0.0011662903382308036,0.0020508886741759697,0.002050890260895243
2019-02-11,-0.00215560043588103,-0.0018292754904539457,-0.0018292758168741553,-0.0010022898948724014,-0.0016808323349934776,-0.0016808326234210593
2019-02-12,0.002064908482638398,0.0026978472255096116,0.0026978465925930777,0.0016948820523370006,0.0009577770271048181,0.0009577745753690588
2019-02-13,-0.0014704471167432671,-0.0011315851144443295,-0.0011315854530805475,0.00025954100242382575,-0.0007262191733707051,-0.0007262190835550744
2019-02-14,0.0029520288867854504,0.002459820974623224,0.002459821466336309,0.001911579345478834,0.002931997492868766,0.0029319972969995643
2019-02-15,0.00412139657470005,0.00456032172934967,0.00456032129065048,0.0056729522533706484,0.004793134484703832,0.004793133389325865
2019-02-19,0.0030824443818511945,0.0028021423934927493,0.0028021426735280242,0.002782615024848736,0.002979538710771906,0.0029795373128830276
2019-02-20,-0.00023000574978501224,-4.0017707536804095e-05,-4.0017897397122914e-05,-0.0013513993476137675,-0.0017243311774098042,-0.0017243327878029117
2019-02-21,-0.00378927358641492,-0.00322966375217128,-0.0032296643112986524,-0.002477829191771103,-0.004645549873338702,-0.004645549903675731
2019-02-22,0.004234957722433628,0.004231205274951375,0.004231205278698482,0.004588628970604488,0.00509659223099255,0.005096592366922665
2019-02-25,-0.0016707958162669628,-0.0014271861135947733,-0.00142718635685871,-0.002519338698650119,-0.002393958778457084,-0.0023939603672378596
2019-02-26,0.0022547726479705803,0.0019076020040148115,0.001907602350608126,0.0003553506710983975,0.0015205111086948847,0.0015205110232526672
2019-02-27,-0.004030474816560747,-0.003457283737534415,-0.003457284309970588,-0.0030774848448637173,-0.00556106580952899,-0.005561065850478938
2019-02-28,-0.0026786917272074674,-0.0024677340338540793,-0.002467734244412758,-0.0012651449625906328,-0.0019733266323555825,-0.00197332521284669
2019-03-01,-0.003966653744205351,-0.002937875125552325,-0.0029378761533480624,-0.003089093640445406,-0.005074886495626152,-0.005074886705598858
2019-03-04,0.0019569835163825416,0.0014538130469110575,0.001453813549864408,0.0011394350581544008,0.002746906057488112,0.002746906872648795
2019-03-05,0.0014157242559352395,0.0013621992724251832,0.0013621993259539523,0.0013475869770732652,0.0016067262538713026,0.0016067252906603597
2019-03-06,-0.00020975054058534583,-0.0007836732283387036,-0.000783672654344748,-0.002257385562657155,-0.0005762718535975893,-0.000576271706190059
2019-03-07,-6.25301958273647e-06,-0.0008618749338366144,-0.0008618740776169462,-0.001413281303612857,0.0006808335462203843,0.0006808359216368618
2019-03-08,0.0016235727536992603,0.001085540356465497,0.0010855408953348454,0.00151947042674107,0.0022398300685820306,0.002239830882604875
2019-03-11,0.0021362856583533756,0.003236567590510451,0.00323656648792468,0.005887231764352143,0.0024827581207194295,0.002482759262752641
2019-03-12,0.00396890992429948,0.003706037713817722,0.003706037976951448,0.00378090487679215,0.004798489111594844,0.004798489191197475
2019-03-13,0.001841413485991768,0.0022114369392382425,0.0022114365687496704,0.0031914067996772683,0.0021036734476095305,0.002103672639474201
2019-03-14,-0.0034183212001578744,-0.002916513055404098,-0.0029165135576575095,-0.0021776582627637178,-0.004044724263586946,-0.004044723181924324
2019-03-15,0.004118306649066949,0.003930269315155172,0.003930269503264637,0.002029515190144466,0.003439970580091818,0.0034399687329330726
2019-03-18,0.0005348619510235468,0.0006831022828001801,0.0006831021344752067,-0.0004926354803895262,-7.157457419353194e-05,-7.157679740240664e-05
2019-03-19,6.5624782421297315e-06,0.00010278728195829763,0.00010278718569281458,-0.00010363677140279315,-0.0004511397969016244,-0.00045114068566332337
2019-03-20,0.005878788431657749,0.005272441619429735,0.005272442225974519,0.004362946700854776,0.006254650571156054,0.006254650404351135
2019-03-21,0.0012366287158186683,0.0017177831129754474,0.001717782631373644,0.005389803914120749,0.0030001602303941334,0.0030001648639613244
2019-03-22,0.0006688268195933547,-0.0013295670567220696,-0.0013295650574307444,-0.0035664746499357728,0.0016465242326316211,0.0016465274908583221
2019-03-25,0.002232771101042816,0.001996143899211832,0.0019961441364190155,0.002123025671183257,0.002026375930249948,0.002026375563908454
2019-03-26,0.0008487980958070455,0.0014238134969437547,0.0014238129203828442,0.002821940487964944,0.001386756252190683,0.0013867573287193612
2019-03-27,0.0007627335318314592,0.0001011379272282221,0.00010113859022113631,-0.0019036317269223507,0.0013314558303291785,0.001331456467090722
2019-03-28,0.00027205747815906733,0.0006475664502803118,0.0006475660737293197,0.0016078261205153778,0.0013296852476945293,0.0013296873629154789
2019-03-29,0.0007056128687524405,0.0010964654836817553,0.0010964650918916224,0.0008512291496426782,0.0005911219207785731,0.0005911206389154557
2019-04-01,-0.002195850774003083,-0.0007849503101898803,-0.0007849517232949577,0.00044172745696502425,-0.002495728504136152,-0.0024957309954880547
2019-04-02,0.0016642867987555908,0.00159484390875752,0.0015948439781576893,0.0029134906473654407,0.0025779043482693784,0.0025779056282367718
2019-04-03,-0.001699935433748892,-0.001019633566836777,-0.0010196342467672635,-0.0005176897807803343,-0.0014629914412842972,-0.0014629929189487877
2019-04-04,0.001591034409840484,0.0014968396051109202,0.001496839699190192,0.0008853231331626967,0.0012838307363220735,0.001283830231103678
2019-04-05,0.001910532007713863,0.002220003792292131,0.0022200034831708518,0.003262829411107642,0.003054401356379349,0.0030544018927208816
2019-04-08,-0.0006851591208930049,-0.0006327673994722,-0.0006327674517884233,-0.0011684272724781677,-0.0011438848206068713,-0.0011438863093368081
2019-04-09,0.0005177294997900429,-3.3216221292098444e-05,-3.3215671169146966e-05,-0.0009757096641133712,-0.00087495785626888,-0.0008749580097255843
2019-04-10,0.003994664527262734,0.004259656319383768,0.004259656054641926,0.00578221913031491,0.005059654435577077,0.005059655214532724
2019-04-11,-0.0035526355518092794,-0.0030595848788485635,-0.003059585371304196,-0.0025162474155899814,-0.0029989686307281284,-0.002998967112606701
2019-04-12,-0.0007089380428413584,0.0001969589252418516,0.00019695802088565275,0.0022613606060499798,0.0011668009916682076,0.0011668010834642462
2019-04-15,-0.0003372276996766706,-0.0006615020419716444,-0.0006615017185420365,-0.0024101398144785926,-0.0013598206701622118,-0.0013598214401808618
2019-04-16,-0.003883239806941944,-0.003679913155082617,-0.0036799133579454076,-0.008006515631075205,-0.007044735754942667,-0.0070447400033628845
2019-04-17,-0.0008900625158844541,-0.0011257560369758678,-0.0011257558018680372,-0.0032306438683779785,-0.0028520426360810263,-0.0028520442049675123
2019-04-18,0.002227987398671204,0.002049107232335975,0.002049107410813734,0.0027222017714507414,0.0031639437460968195,0.003163944854919806
2019-04-22,-0.001866757085798421,-0.0018972636775243222,-0.001897263647080924,-0.003425054660166166,-0.003081961461631513,-0.0030819630802421984
2019-04-23,0.002929726481066065,0.0033828461110317863,0.003382845658836965,0.005830761478282702,0.005192060334613272,0.005192063181825461
2019-04-24,0.00173955023400919,0.0010664758178699036,0.0010664764892672528,0.0022581103804067354,0.002356745618122104,0.0023567491993409665
2019-04-25,-0.0008218033932215473,-0.0007670087181839392,-0.0007670087728788345,-0.0007560539650164251,-0.0008590402541303671,-0.0008590403657432535
2019-04-26,0.002628745937460475,0.00268225060014513,0.002682250546740826,0.004254891717166153,0.0035582170858291223,0.0035582193021149724
2019-04-29,-0.002464308040913504,-0.0021633684976772286,-0.0021633687980362687,-0.004050148291022376,-0.003586511785264528,-0.0035865144484357424
2019-04-30,0.002268404623734164,0.0020735910406504835,0.0020735912350296364,0.003245629498802892,0.0034723633199251576,0.0034723645157662382
2019-05-01,-0.001689597381587249,-0.0021216014808436157,-0.0021216010490350268,-0.002249423510264803,-0.002649125305845268,-0.0026491244056217056
2019-05-02,-0.0031276736365493463,-0.002773159201519665,-0.0027731595561848225,-0.002013923522903959,-0.0016158440566767837,-0.0016158438181444479
2019-05-03,0.0042301268080644355,0.004610705079918171,0.004610704699313448,0.006102176642476034,0.006449196879328866,0.006449197575354285
2019-05-06,-0.00014908191104151224,-0.0007492302890013189,-0.0007492296890386014,-0.0011976993076766233,-0.001635646463255847,-0.001635645083747782
2019-05-07,-0.002685035997093443,-0.004373337022159574,-0.004373335333367163,-0.008122215220346916,-0.010050179445282758,-0.01005018066738663
2019-05-08,-0.0018421224616628838,-0.0015938001040166007,-0.0015938003528324395,-0.0016236762099876869,-0.0013046023514473961,-0.00130460288852082
2019-05-09,0.0002031666457891288,-0.0003479306408758878,-0.0003479300888207665,9.063767726327353e-05,-2.380385087117124e-05,-2.380215728135424e-05
2019-05-10,0.001656298105090226,0.0022147333522304106,0.002214732792516181,0.004425377361871858,0.005064209186403826,0.0050642101721906675
2019-05-13,-0.0018892351114701217,-0.0038649045934349025,-0.0038649026143439185,-0.003637879158835323,-0.006051441121678433,-0.006051439244005238
2019-05-14,0.0022448663445500134,0.0029708515245821616,0.002970850795897342,0.003479735360010911,0.004017768819239058,0.004017768230209424
2019-05-15,0.0037349141813832064,0.0036582580175186135,0.0036582580944041366,0.0037852761131516584,0.004441864733106277,0.004441865155923139
2019-05-16,-0.00019910188498344157,0.000511008651665937,0.0005110079393763085,0.0012119822044053658,0.0026429543340110483,0.002642955260143641
2019-05-17,-0.0023454034019625607,-0.0027104847302259188,-0.002710484364284187,-0.0030456532472899352,-0.003352708364583959,-0.0033527068369592064
2019-05-20,-0.002218332347180513,-0.00254201533449096,-0.0025420150099263648,-0.005215471748979434,-0.006098992881328743,-0.006098995324368196
2019-05-21,0.001450167243757911,0.0021853922388327743,0.0021853915013660265,0.003824667049244995,0.00482776828446117,0.004827769040897048
2019-05-22,0.00031934636519386406,-9.622184896127242e-05,-9.622143243175996e-05,-0.0001041718015895698,-7.029483397817031e-05,-7.029380144142334e-05
2019-05-23,0.0006772756121247891,-0.00074241382082087,-0.0007424123972559955,-0.000979148385370457,-0.0020477617953077727,-0.0020477606174089708
2019-05-24,0.0021246302664423076,0.0022649191453036647,0.0022649190044319676,0.0026581266606748957,0.0023913320423207813,0.0023913318278674977
2019-05-28,0.0011348056379605876,0.000245294696196104,0.0002452955892774082,-0.003584467504268494,-0.004442164727435255,-0.004442167687007686
2019-05-29,-0.001092296169250846,-0.0016874985344287716,-0.0016874979363059213,-0.004484966185148006,-0.0056932391102669,-0.005693241474483783
2019-05-30,0.003933258647315439,0.0036138591836384153,0.003613859504796442,0.00389508160874032,0.0034916187621986576,0.003491619395103689
2019-05-31,0.0017222740516042766,0.00018716931821750448,0.0001871708622655178,0.00047083622012714294,-0.0007880102856883456,-0.0007880098874317684
2019-06-03,0.004402292101919336,0.004309451637318329,0.00430945175081332,0.003561691834739422,0.0027290843061640313,0.002729084882080013
2019-06-04,0.0007417264330229711,0.0006954773546603653,0.0006954774587711706,0.002826547125607498,0.005662600619451969,0.005662594842009948
2019-06-05,-0.0009185831418702292,-0.0008270116717030158,-0.0008270118778481017,0.0048412023443352,0.008355292542705084,0.008355290734623598
2019-06-06,0.0032552131748770008,0.0031549587532815086,0.003154958978952913,0.003439441220960069,0.0036782708918863954,0.0036782697768738453
2019-06-07,0.005720695909391472,0.00571882851247572,0.005718828516679628,0.005001481855885759,0.005961202178061985,0.0059611996827134625
2019-06-10,-0.00338250125495737,-0.0033238040862566074,-0.0033238042183966242,-0.0024496000343489947,-0.0012729119165606744,-0.0012729158170200078
2019-06-11,0.0015444623056617513,0.0015382350654059615,0.0015382350794239997,0.0017481515190920821,0.001255070460981105,0.0012550699338799269
2019-06-12,-0.0006502229175447906,-0.0006044821543265314,-0.0006044822572934536,0.00021927667038835346,0.0005892280458284678,0.0005892305851546084
2019-06-13,0.0036325758538329356,0.003536316898944565,0.00353631711562295,0.003977772904382797,0.004017524570471806,0.004017524861355558
2019-06-14,-4.846598714607746e-05,-6.092401154966781e-05,-6.092398350403262e-05,-0.00024561720168485724,-0.00034838281385256493,-0.0003483816671725552
2019-06-17,0.0004147830763230737,0.0004693664699346082,0.00046936634705436895,0.0024305678445622316,0.003185589973905604,0.0031855896135428137
2019-06-18,0.006509223834489832,0.006507678358074359,0.006507678361553404,0.005844196262794498,0.0056498955826209014,0.005649893525836883
2019-06-19,0.0036878895671102496,0.0037433689743024247,0.003743368849411668,0.0050794102958519475,0.004509122374219706,0.0045091243490459005
2019-06-20,0.00774719260986658,0.007467868323288424,0.0074678689520459255,0.009449216204669361,0.009128588115784975,0.00912858961755313
2019-06-21,-0.003756256685068955,-0.003926498906680374,-0.00392649852335978,-0.004256709629140747,-0.004890727393060153,-0.004890725863746032
2019-06-24,0.003856525264382095,0.0037173126205547868,0.003717312934062173,0.002110840426393174,0.0009847931889945024,0.0009847958358565495
2019-06-25,-0.0015878758187293839,-0.0016918042158055179,-0.0016918039817259245,-0.005832977457123214,-0.0077967678455651765,-0.007796765405022434
2019-06-26,-0.0032242066002522115,-0.0032063653180166084,-0.003206365358204997,-0.00626742073838865,-0.0074316315178770236,-0.007431633024321487
2019-06-27,0.0039727797872482285,0.004098036431922475,0.004098036149780607,0.005574863293335775,0.005964517295213041,0.005964517289633008
2019-06-28,0.0005702343745091337,0.0006426765725847444,0.0006426764094283116,0.00198172720056818,0.003014927014503183,0.003014926782059166
2019-07-01,-0.000907635022322717,-0.0010250628969398212,-0.0010250628868205824,-0.000959923162243026,0.0004974491312312868,0.0004974428263473385
2019-07-02,0.00433588783160443,0.0039681552434468175,0.003968155611229522,0.007561194907787143,0.008399912994825762,0.008399912838461232
2019-07-03,0.0045189816304800874,0.0046494443270679656,0.004649444196539697,0.005912559596408034,0.007263852868169824,0.007263852734407758
2019-07-05,-0.007046329109644478,-0.0064686433919166324,-0.006468643969817649,-0.005888116859531854,-0.004459431677863418,-0.004459431704537847
2019-07-08,-0.001820868361498785,-0.001974296994117715,-0.0019742968407211454,-0.001430190542464177,-0.0018074307332067005,-0.0018074306053156148
2019-07-09,-0.0001857329362569858,-0.00025098064635938766,-0.00025098058111528386,0.0006391415987660982,0.0013293648584943897,0.001329364726570346
2019-07-10,0.003922692973765065,0.004348540689097548,0.004348540263245578,0.006481095038995084,0.006120016612488925,0.006120016598328575
2019-07-11,-0.005535721211503834,-0.0049327144044975695,-0.00493271500725472,-0.006277590225789883,-0.0052696698987335045,-0.0052696698739414585
2019-07-12,0.001830982322083002,0.0017823879748780573,0.0017823880234228498,0.0015429043597815293,0.00197317101874113,0.0019731709574964157
2019-07-15,0.0010986915871890365,0.0008159985332619101,0.0008159988156803825,-7.396248697727237e-05,-1.927663606634327e-05,-1.9276768325247266e-05
2019-07-16,-0.0036429305949983223,-0.003541461801516934,-0.0035414619029158034,-0.0036429524626650617,-0.003451751950731456,-0.003451751796425066
2019-07-17,0.0034984160261922518,0.0023682272669124974,0.002368228396207415,0.0015359379384932866,-0.0009324312710163448,-0.0009324311331806972
2019-07-18,0.0023809517583482463,0.00224766720543736,0.0022476673387666632,0.002795916688203759,0.002932164966696193,0.0029321648890950802
2019-07-19,-0.0035437172663374096,-0.0036520103700060026,-0.0036520102616621336,-0.0071522262567354665,-0.008507250929154438,-0.008507250687733846
2019-07-22,0.001132531798573193,0.0012321915267619924,0.001232191427044709,0.0011240382627144797,0.0010959398845439142,0.0010959402073664965
2019-07-23,0.0002341306826179145,0.001097819852341409,0.001097818988239461,0.003651746930499169,0.005401572385229007,0.005401572599535866
2019-07-24,0.0020978133630806064,0.001935683814141216,0.0019356839762083079,0.002036143067610596,0.0026042475305208747,0.002604247614087438
2019-07-25,-0.0041092824108659165,-0.0041459315417074856,-0.004145931505066545,-0.0047154846500973065,-0.004974053841031539,-0.0049740535163539734
2019-07-26,0.0018126588423992575,0.0020080644882765975,0.0020080642929074305,0.0027990454220424813,0.004043139560866747,0.004043139545490788
2019-07-29,0.0009372325388393346,0.0007447110483831134,0.0007447112408311264,0.0012886831682199847,0.0008758982043798047,0.0008758979970903825
2019-07-30,0.0005237999860642713,0.00027983963536894413,0.00027983987928310026,0.0020002960071056754,0.001861275825396129,0.0018612760387160265
2019-07-31,-0.0015277013564781732,-0.0022696971153417793,-0.0022696963733055877,-0.004465472721224387,-0.006286798819107312,-0.006286798519887944
2019-08-01,0.005591769514691869,0.0036150332323285905,0.003615035208877515,0.0026825487209065635,-0.0002661464410855796,-0.0002661456768694448
2019-08-02,0.0006226932677704067,-8.519944439887625e-05,-8.519873523454618e-05,-0.00022712975848218154,-0.0013410146670815163,-0.0013410145504013909
2019-08-05,-0.0007975547548863571,-0.003886950276852535,-0.0038869471797163243,-0.008683301796165832,-0.015379979836782057,-0.01537997914719251
2019-08-06,0.005792207928508193,0.006124957243961332,0.006124956909343701,0.007903778049049928,0.009960355135329106,0.00996035508277636
2019-08-07,0.0013368896577516539,0.0013177305913488334,0.0013177306106091026,0.004013475420343833,0.004398287321084993,0.004398287152357744
2019-08-08,0.0048794363282797125,0.005679868956556159,0.005679868151880084,0.008879363495853693,0.012813371055879506,0.012813370745677937
2019-08-09,-0.002136599786305877,-0.002290193684692652,-0.00229019353040738,-0.002346055128536985,-0.0033214096094472886,-0.0033214094894120365
2019-08-12,0.004189461333033047,0.0023342863954224705,0.002334288259235009,0.00026512023080391047,-0.00311055633968561,-0.0031105560596922455
2019-08-13,0.0019284084338882911,0.0029523897615184144,0.0029523887308654205,0.002931184937580147,0.005576154285560137,0.005576153768104744
2019-08-14,-0.00042747212035488993,-0.0034018594994874103,-0.0034018565087771844,-0.007782292808388897,-0.01405656605944355,-0.014056565428126323
2019-08-15,0.005435898108993376,0.005003347071555722,0.005003347507778562,0.005288209474005658,0.005551059254424973,0.005551058921809718
2019-08-16,0.0002923961312111797,0.0016649504357973829,0.0016649490509960943,0.004431930498711951,0.007543044260662369,0.007543044392119173
2019-08-19,-0.0030581068886895036,-0.001521543181746873,-0.0015215447298966849,0.001022579296234191,0.004387191844584113,0.00438719194690035
2019-08-20,0.003760426065887424,0.002817551282099785,0.002817552230622166,0.0005940645859732344,-0.002574239257432741,-0.002574239038486717
2019-08-21,0.0002161142317276641,0.0012228170746197069,0.0012228160609347564,0.00290778974426945,0.004171460205517834,0.004171460468502156
2019-08-22,-0.002927025920354762,-0.002501567430170973,-0.0025015678581495277,-0.0007459768215158078,0.00022207364061217847,0.0002220739032118529
2019-08-23,0.0024283522005060986,6.437529155655058e-05,6.437766852143635e-05,-0.003486944438431417,-0.010129136953924839,-0.010129136673103552
2019-08-26,0.0011303754731044038,0.0019768285229152063,0.0019768276697997816,0.003759725544757702,0.006137644006248418,0.006137643889500159
2019-08-27,0.005408330523123213,0.004298020922986325,0.004298022041089744,0.0022972318846867894,9.949250839298902e-05,9.949235047578659e-05
2019-08-28,0.0015391465216643117,0.0017897007864220661,0.00178970053383009,0.001812145645040223,0.003246283903177018,0.0032462836704290113
2019-08-29,8.984720622726183e-05,0.0009640034197282467,0.0009640025386830904,0.0020922682832508273,0.005479993458593937,0.0054799928441781175
2019-08-30,-0.0008900425652815389,-0.0008278332017228434,-0.0008278332643677043,-0.0009329243246847148,-0.00045618125788150115,-0.0004561815416114944
2019-09-03,0.000997692910867265,0.00052476906519483,0.0005247695408208131,0.0028023315444607455,0.0012733327104672565,0.001273332417049744
2019-09-04,0.005867989980473116,0.0063439031042376946,0.006343902628319362,0.006986375501333193,0.0075451766709784185,0.007545175734071753
2019-09-05,-0.006412514899344785,-0.004606184776553153,-0.0046061865820488015,-0.005256077454334977,-0.0032678246520695996,-0.0032678251577210526
2019-09-06,0.0018016230383270187,0.0017654782159577617,0.0017654782520203254,0.0010894430756361792,0.0015689836955717503,0.0015689837047917683
2019-09-09,-0.00468440356274929,-0.0036198689083153106,-0.003619869970465597,-0.0029856636331041884,-0.004274774151741538,-0.004274774509218714
2019-09-10,-0.00652687478235903,-0.005532120715578592,-0.005532121707044172,-0.005981386075857282,-0.00651020710989887,-0.006510207366906464
2019-09-11,0.0004473152208944144,0.0007091609134040977,0.0007091606526850772,0.001349357379401857,0.0026413371506786316,0.002641336819249723
2019-09-12,-0.0007204490702078978,-9.595631411511149e-05,-9.595693575809277e-05,0.001681363391389892,0.0014524821842953797,0.0014524818664560604
2019-09-13,-0.007527378611951482,-0.006323492426431785,-0.006323493624075767,-0.006316289058147245,-0.007326390178738056,-0.007326390474123046
2019-09-16,0.007535511374770814,0.0067902420317174405,0.006790242772224281,0.0070814963183086985,0.005315981344261497,0.005315981485715824
2019-09-17,0.001293750449442882,0.0012192943101316258,0.001219294384166731,0.0028627479295503756,0.003950130454882187,0.003950130287613759
2019-09-18,-0.0003907572401521599,-0.0005855705415825198,-0.0005855703478564426,-0.0014979597220888493,-0.0007034840688332127,-0.0007034835467751512
2019-09-19,0.0017638625577427783,0.0016022877387074324,0.0016022878994118458,0.00243700493778942,0.0018676971680045662,0.0018676975076981836
2019-09-20,0.005196447761873533,0.004221891654834326,0.004221892624296852,0.0033260819410166633,0.0024426397842014867,0.002442640243092234
2019-09-23,0.0008004136815316509,0.0006477954639889942,0.0006477956159568778,0.0009392694934106239,0.0007772305384179795,0.0007772303437202509
2019-09-24,0.0016317580263438443,0.0004990856782534095,0.0004990868062712543,-0.0008859741691484649,-0.0008289031167049068,-0.0008289027736507832
2019-09-25,-0.006539750369967787,-0.0053375193525373055,-0.005337520551183444,-0.00373771502709646,-0.0027960366039798184,-0.002796036644496929
2019-09-26,0.002095660012245018,0.0018572834717696925,0.0018572837091481666,0.0025487410370823907,0.0024227396089273995,0.0024227393131870294
2019-09-27,-0.0014253221260377628,-0.0018729289983918191,-0.0018729285525529921,-0.0032685492256548164,-0.003422668537692142,-0.0034226680512300886
2019-09-30,-0.00018003649572526564,0.00016953705861584784,0.00016953671026696213,-0.00038111734381993735,0.0008543922163345143,0.0008543923942976078
2019-10-01,-0.0003743417450616793,-0.00128831353831671,-0.0012883126206637563,-0.003042036296277084,-0.000974647817892027,-0.0009746459030816057
2019-10-02,-0.0016817222344215914,-0.0029603720196049116,-0.0029603707388466804,-0.003134577782175776,-0.0030148885146759024,-0.0030148866130713815
2019-10-03,0.005370970511116448,0.005187067120291585,0.00518706730473446,0.005410762348226845,0.007234002368080883,0.007234002170435192
2019-10-04,0.004814449853080785,0.0049952797003159,0.0049952795189224025,0.005082359098183411,0.006611199475278953,0.006611198988412603
2019-10-07,-0.004552370872073147,-0.004176593101023737,-0.004176593477904988,-0.004002813346950532,-0.00514856298533104,-0.005148563301221553
2019-10-08,-0.0007690339877865161,-0.0017460311886075218,-0.0017460302091111025,-0.002640008451906116,-0.0024951808098316293,-0.0024951795850931364
2019-10-09,0.00045443031433575526,0.001247821513183055,0.001247820716983831,0.002421927854848063,0.0008066931279615169,0.0008066922014642154
2019-10-10,-0.0036491306479787254,-0.0023014059235618354,-0.002301407274984802,-0.0010004019294253324,-0.0038869769740033397,-0.0038869787789069282
2019-10-11,-0.0008466674529076248,0.0006980105802168588,0.0006980090333924593,0.0016121274446096684,-0.0016335524902597195,-0.0016335544300576862
2019-10-14,0.001915625147895773,0.0013840874182559678,0.001384087949710661,0.0011119207355810897,0.0024998386820502087,0.0024998394995984358
2019-10-15,-0.0023889179381471914,-0.0011136170607430065,-0.0011136183365214839,0.00010411582433097477,-0.002213297002711377,-0.0022132985806377764
2019-10-16,0.0014310957774616758,0.001207455642135489,0.0012074558655737443,0.001090195151468501,0.000842231485560685,0.0008422316621582494
2019-10-17,0.0010425303271005108,0.0014321997396478262,0.0014321993502432059,0.00305044692246888,0.0017162349530007478,0.0017162350308366837
2019-10-18,6.584813826859842e-05,8.289861366153237e-05,8.289859662927336e-05,0.0016057198082420035,0.0008435417362779591,0.0008435426808867778
2019-10-21,-0.0014513183723123243,-0.0005396924520105185,-0.0005396933626469518,0.0015222033181640175,8.88261137333183e-05,8.88252669910502e-05
2019-10-22,0.0016528627635818648,0.0011540714156185313,0.0011540719134140245,-6.39185278098961e-05,0.0010161154567833576,0.0010161158094511204
2019-10-23,0.002137386283889821,0.00223340583648278,0.002233405740607192,0.0023045423178277387,0.002038587150132998,0.0020385868887647486
2019-10-24,0.0012079466623321003,0.001279168362692859,0.0012791682915847557,0.0015964931797014536,0.00023558905038761002,0.00023558915503446944
2019-10-25,-0.000516940162620219,-0.00023907373482288664,-0.00023907401222639056,-0.0013417592827692623,-0.002160861119063836,-0.0021608622731444384
2019-10-28,-0.0032127025125350045,-0.0024755910733475347,-0.002475591809026425,-0.003013492404296855,-0.0040805295177020655,-0.004080530823141312
2019-10-29,-0.0006428059704352124,-0.0007166668915481516,-0.0007166668178852497,-0.00012626447059726326,0.000690897059477892,0.000690897055571583
2019-10-30,0.004511584287994381,0.0037374597132138468,0.0037374604853200838,0.0026960046703940668,0.006249004695552428,0.006249005011014744
2019-10-31,0.0038349813394611817,0.0025879356265479094,0.002587936871301525,0.0014550059345026392,0.00394789380230851,0.003947895379298608
2019-11-01,0.002747066091996375,0.003497702246232137,0.003497701495747574,0.003309512046909102,0.0024624111968196694,0.0024624095474055085
2019-11-04,-0.0028727639018265383,-0.0019055274105179625,-0.0019055283775009438,-0.0022660017831272615,-0.004234421765576579,-0.004234423755929985
2019-11-05,-0.005846462386398871,-0.0052473442126883965,-0.005247344811069101,-0.008168675557455034,-0.007842814538012582,-0.00784281629324898
2019-11-06,0.0017921469473937373,0.0013588335394335077,0.0013588339719528856,0.001966352228515409,0.001833752875071563,0.0018337544456614174
2019-11-07,-0.0070201080595975,-0.005756754951819324,-0.0057567562134030695,-0.006408881527310312,-0.008738867467268617,-0.00873886963549623
2019-11-08,-0.001762140202849616,-0.0014715100358392026,-0.0014715103256935566,-0.0015934871916115515,-0.0019620421446986747,-0.0019620424810331202
2019-11-11,-0.0007535787740779975,-0.0008790040418205732,-0.000879003916766526,-0.0004685904896423016,-0.0006395071898046814,-0.0006395064733905666
2019-11-12,0.0008646302117026642,0.000482837481252158,0.0004828378619626838,-0.0011765858484785357,0.0007929798923259411,0.0007929797565664784
2019-11-13,0.0022721551277158918,0.0018534817469066317,0.0018534821645525845,0.0032730608763764804,0.003627752264407167,0.0036277532985204046
2019-11-14,0.003890830631779607,0.003310994491916124,0.00331099507057106,0.003900598932621056,0.004793322984739168,0.004793324211612875
2019-11-15,0.0014871856336386464,0.002058890077174639,0.0020588895063051067,0.0027723813484714973,0.001941797903874675,0.0019417969984472532
2019-11-18,0.0004316008918028032,0.0002831102852485426,0.0002831104334377005,0.001278794599538576,0.0006249040833359459,0.0006249047873300719
2019-11-19,0.0010771701996856015,0.0005103136150260664,0.0005103141808158616,0.00016613187306221646,0.0016471912101206879,0.0016471920176828112
2019-11-20,0.002720819969292113,0.0018601280578799924,0.0018601289174388564,0.00023643761918039035,0.0035563657880020518,0.0035563661182034844
2019-11-21,-0.0025296511367749897,-0.0023533305611628456,-0.0023533307374025824,-0.004707479453570158,-0.004018270539971614,-0.004018271590443989
2019-11-22,0.0008859745832917079,0.001043968737069455,0.0010439685791756483,0.0003405655510658191,0.0006402927839573122,0.000640292808554998
2019-11-25,0.00236305253009875,0.0027546439774911013,0.002754643586210131,0.00272607181473719,0.0025086956362717085,0.002508695263952043
2019-11-26,0.003249194501947765,0.0031337719692207193,0.0031337720845066993,0.00533250800216821,0.00505685546527952,0.005056856179235782
2019-11-27,-0.0011179527630804061,-0.0005708634132643628,-0.0005708639597693445,0.0008738823976959195,-0.0006306457940070151,-0.0006306458209719656
2019-11-29,-0.0034164185290475333,-0.0038212672871183184,-0.0038212668829233753,-0.0033293238371378347,-0.0036339994701145364,-0.0036339983929541053
2019-12-02,-0.005226949868475161,-0.0049668879657308596,-0.004966888224250954,-0.006388253515851261,-0.00946456484353142,-0.009464565384074919
2019-12-03,0.006738602059777358,0.005223777078578071,0.005223778594321885,0.004313587528189359,0.004923152753372371,0.00492315499229598
2019-12-04,-4.598823798132503e-05,0.0010300155633834907,0.0010300144851045595,0.0026442508096116927,0.0020162039291421567,0.002016202502863056
2019-12-05,-0.000913361936580689,-0.0005031421780153326,-0.0005031425886605945,0.0003522084460476082,-2.0312025059652898e-05,-2.0312456181032637e-05
2019-12-06,-0.0005887122583148425,0.00030662533569123516,0.0003066244397927966,0.0008023562413164674,0.0009790158841036592,0.000979014639512158
2019-12-09,-0.00015762462487613787,-0.00039155703980492623,-0.00039155680593548983,-0.00016402179516535195,-6.813975375933988e-05,-6.813920942170268e-05
2019-12-10,0.00043565050759564877,0.0004489739396635343,0.0004489739263405719,-0.0006492417188445983,-0.000351967407434669,-0.0003519678860947748
2019-12-11,0.003877147561399916,0.0034050416478389007,0.003405042119921881,0.00013501642552074533,0.0009126427649626969,0.0009126421934544937
2019-12-12,-0.0034912314104715747,-0.0021954186929950704,-0.0021954199893545008,-0.003254052090517076,-0.0033230196030893553,-0.0033230225086183507
2019-12-13,0.005392883010158631,0.004757662917543493,0.004757663552206305,0.0032590830077828853,0.0037064318250787814,0.0037064324854124164
2019-12-16,-0.00047594198198288174,0.0005825485564930469,0.0005825474982625226,0.002863524869123317,0.002167814799378706,0.002167813536137865
2019-12-17,3.61160504916304e-05,7.326156373571471e-05,7.326152663861122e-05,-0.0020241239241620204,-0.0012879102952392028,-0.0012879113069124539
2019-12-18,-0.001124914436150732,-0.0003513302382252215,-0.0003513310107725421,0.0032187936582228726,0.0015470056585443611,0.0015470059483278854
2019-12-19,0.001725309842828333,0.0017892608897818003,0.0017892608259658929,0.0034555971743484683,0.003380276330679865,0.0033802764677300316
2019-12-20,0.0006298835948533213,0.0006752693415662178,0.0006752692962792701,0.0016668532527807504,0.0018417366906603042,0.001841736575590774
2019-12-23,7.955046719082922e-06,5.879160726374286e-05,5.8791556540147396e-05,-0.0004886974502552436,-0.000574803287223739,-0.0005748036044823713
2019-12-24,0.002231531727943587,0.0019507565538339012,0.0019507568339709143,0.0024446262885611265,0.0024497548095640024,0.0024497550100875086
2019-12-26,0.003466146159309503,0.003518709002513746,0.0035187089500556736,0.004039184374644745,0.004177109600257089,0.004177109090527391
2019-12-27,0.001129773009016595,0.0011248111818488562,0.0011248111868005337,0.001366655676648,0.0011066841455791895,0.001106684316879216
2019-12-30,-0.0014737900693727215,-0.0015164856209266106,-0.0015164855783181823,-4.877704628375207e-06,-0.0014863111344711332,-0.001486309816794898
2019-12-31,-0.00236108462012121,-0.0015975078754238503,-0.0015975086374750342,0.0010073978231708706,-3.8352567257965604e-05,-3.8353094788224663e-05
2020-01-02,0.005783338630913848,0.005364413801819401,0.005364414219883651,0.000585322216555495,0.0015514171333399496,0.0015514159493292823
2020-01-03,0.0048458907937946145,0.003362872793869457,0.003362874277070663,0.003417997965351076,0.0024044591337398875,0.0024044600187459733
2020-01-06,-0.00024866873289309616,-5.8556522757358776e-05,-5.855671317408401e-05,0.0010102196890313386,0.001718133133220626,0.00171813270728345
2020-01-07,-0.0020634715777056913,-0.0021601213474019268,-0.002160121250615752,-0.003675290644975095,-0.0042081848143472175,-0.004208184833759778
2020-01-08,-0.0026710540977286095,-0.0019373785340003169,-0.001937379268782508,-0.0006237395232322045,0.00039741404802588667,0.00039741372149292454
2020-01-09,0.0016170964755482502,0.0018352647444503398,0.0018352645261136178,0.001448880180622381,0.0016004480980987743,0.0016004482988802695
2020-01-10,0.003035429949729341,0.0025628859397243122,0.002562886412530201,0.003401309185606512,0.002926332346801422,0.002926332438082162
2020-01-13,-0.0005205343501883579,0.0002318820905767144,0.00023188133738845536,0.0021728025907633893,0.004071368814819816,0.004071367700643035
2020-01-14,0.0012606794328011927,0.0008386946605794035,0.0008386950826792815,-0.0007336966569685427,-0.0010588518074006962,-0.0010588516808161174
2020-01-15,0.002344781513000093,0.001993728359521596,0.0019937287108185617,0.0035651628213493472,0.0039055949845600625,0.003905595210553649
2020-01-16,0.000342812905394229,0.000995918419392323,0.000995917765604238,0.003302040091051977,0.004172097675756499,0.004172097624633649
2020-01-17,-0.0006453719751081287,-0.00011229371195445889,-0.00011229424524167754,0.00099467440915887,0.0009932891890561458,0.0009932892532151104
2020-01-21,0.0015724384438329552,0.0007077171447945043,0.0007077180093935598,0.0026062201058438023,0.002158535398171687,0.002158536811669059
2020-01-22,7.625222083398284e-05,-7.474447240295938e-05,-7.474432129715356e-05,-0.0018297829378179534,-0.0019895235208646526,-0.0019895239138052775
2020-01-23,0.0010759905448107572,0.0005473632283282495,0.0005473637574174466,0.0019607592455047704,0.0024002037303756337,0.0024002040092972144
2020-01-24,0.00015001344211682164,-0.0009473851945626755,-0.0009473840956248978,-0.0019954203280040427,-0.0034247963546890628,-0.003424795784198529
2020-01-27,-0.000597214210598319,-0.002820055604841512,-0.002820053376437424,-0.00426365918534841,-0.0062302154701557215,-0.006230213856667039
2020-01-28,-0.0001523056944306743,0.0012346274532399363,0.001234626059736584,0.0023129322961582166,0.003879567948853921,0.0038795673032900584
2020-01-29,0.003277633400894773,0.0024958863063072076,0.0024958870906695856,0.00042551617827154913,-0.00014049339598491445,-0.00014049349322985756
2020-01-30,-0.0005049971165820755,-0.0005721748582036392,-0.0005721747907485985,2.9202020119622368e-05,0.0004537593047484568,0.0004537597192978776
2020-01-31,-0.0006613663968115093,-0.002375039055152438,-0.0023750373342903454,-0.005086955851620382,-0.00806762569329083,-0.00806762414663701
2020-02-03,-0.0012989270225768346,-0.0008752191793512942,-0.0008752196066714735,-0.0003256586142302842,0.0014703112438982924,0.001470310593660873
2020-02-04,-0.0009758614139417399,0.0010768486352130912,0.00107684658217788,0.0034203753563465484,0.00761512821412106,0.007615127189501596
2020-02-05,0.00039736125550552087,0.0015795392059917515,0.0015795380260509766,0.0029279668805505844,0.004667549509106936,0.0046675495519018255
2020-02-06,0.0022235999745956665,0.0020805645306339756,0.002080564673230229,0.0021437929276829216,0.002813901600742211,0.0028139011651945236
2020-02-07,0.001820828444156106,0.0006883424215540758,0.0006883435507239566,-0.0001642637018620576,-0.0016402362771307934,-0.001640235642003923
2020-02-10,0.0022175050988237333,0.002415603513061983,0.0024156033153201074,0.004399616140631422,0.006228640952004977,0.006228640954026332
2020-02-11,-0.00020828846609269444,0.000516664716299453,0.0005166639927940527,0.0020138269154802886,0.002870711628475477,0.0028707110651292746
2020-02-12,0.0012024943952438079,0.002013630197520517,0.002013629388591167,0.003380312559124155,0.004562830678911339,0.004562830289927512
2020-02-13,0.0005745097186090698,0.00018988293870122262,0.00018988332197123048,0.0015009766394304483,0.0015849276098466906,0.001584927923938548
2020-02-14,0.0023869457044543565,0.002232824644315381,0.002232824797951837,0.003984252551014313,0.004285144901633972,0.004285145081061423
2020-02-18,0.002377466514833348,0.001578198241503074,0.001578199038380726,0.0015018620199557286,-3.377226730915859e-05,-3.37718367825213e-05
2020-02-19,0.001244175847993936,0.0011158298331431088,0.0011158299612073542,-0.001859982106760182,-0.001792254936535204,-0.0017922555060801665
2020-02-20,0.0019102846425618145,0.0014157315416593887,0.0014157320351900155,0.0036159809591442375,0.002802787813855104,0.0028027885700088457
2020-02-21,0.002621351945303269,0.0015696509873307704,0.0015696520373756802,0.0017555857323214596,-0.000962269946882155,-0.0009622697709634603
2020-02-24,-0.0038253929079364937,-0.006878073018248102,-0.006878069967174433,-0.00963795775291713,-0.016299868262268005,-0.01629986670215275
2020-02-25,-0.00633048145664683,-0.00789163268244011,-0.007891631117314253,-0.014182924926007565,-0.02036027613164313,-0.020360275591929516
2020-02-26,-0.0020356803473381337,-0.0020110425067760094,-0.0020110425315154443,-0.0038140577992710136,-0.004425318859123069,-0.004425319446863998
2020-02-27,-0.007831425642322037,-0.01125082117752222,-0.011250817744111453,-0.022767355063017886,-0.03257209036722242,-0.032572090204670334
2020-02-28,0.0021464855808032575,0.0008517430313248495,0.000851744335870181,-0.008498456758351822,-0.010180001371468262,-0.010180001203091732
2020-03-02,0.007553692778665466,0.006644689454504027,0.006644690404928433,0.017436400894863535,0.024778259209413234,0.024778254312835868
2020-03-03,0.006510207310045879,0.007009078888941706,0.007009078389749899,0.003598496698414263,-0.0009848209163834684,-0.0009848164942902666
2020-03-04,0.006229136366656938,0.005497751413604469,0.005497752145096342,0.016418916946549393,0.023477696371302183,0.02347769093842362
2020-03-05,0.0002922262746237744,0.001250635287164272,0.0012506343279179172,-0.008931530474495162,-0.01247351392318177,-0.012473511348118489
2020-03-06,0.004697189404558358,0.0063374762804680115,0.006337474640319518,-0.007641848108184363,-0.009545433272520776,-0.009545432128148276
2020-03-09,-0.021263116355691482,-0.01908569285954842,-0.019085695033239407,-0.04596022839159666,-0.0512247067848674,-0.05122470402889904
2020-03-10,-0.006526120021591422,-0.008534454197173746,-0.00853445219673266,0.00994768023797004,0.019286943770463603,0.019286936172977345
2020-03-11,-0.026733744832847513,-0.026821099010277717,-0.026821098923090612,-0.03538879087889884,-0.03859739432570295,-0.0385973932124494
2020-03-12,-0.035112259997583835,-0.03333119573018125,-0.03333119750799878,-0.06492049687424806,-0.0727584885955094,-0.07275848405842181
2020-03-13,0.014786778373285453,0.013381690477767112,0.013381691877709531,0.04316648561091027,0.0484599865639223,0.048459985743510806
2020-03-16,-0.018974349990957946,-0.015364151463601601,-0.015364155065566789,-0.07282812650887513,-0.08990385820095888,-0.08990384953340891
2020-03-17,-0.0137202422591393,-0.016044734604476057,-0.01604473229378828,0.008275965253431078,0.025105678865351,0.025105664333271487
2020-03-18,-0.04067466082948185,-0.040818962828772176,-0.040818962684988275,-0.05474470548288862,-0.05631945766579497,-0.05631945933735287
2020-03-19,-0.0027020115004359707,-0.0022101851375633877,-0.0022101856276976308,-0.01796650913138094,-0.009784531134927128,-0.009784540161320344
2020-03-20,0.015559377684823015,0.01782592343194955,0.01782592117431518,-0.010607889891620014,-0.019225947524408354,-0.01922594246967113
2020-03-23,0.019264543149866573,0.020590343162683964,0.020590341845037333,0.015971417022333362,0.0003885571288202404,0.00038857044393047525
2020-03-24,0.02110831655435736,0.019198550682533698,0.019198552578089292,0.04977835178383646,0.06193497782504479,0.06193496851722469
2020-03-25,0.0138776752659109,0.013402563808541641,0.013402564281001499,0.031039185317269014,0.02477079823564139,0.024770807490484943
2020-03-26,0.01613765683191005,0.015323237016291479,0.01532323782654571,0.02896467837941314,0.03951837005847622,0.03951836192975358
2020-03-27,0.0005341284778763463,0.0014937297510999065,0.0014937287956410116,-0.006223659223670047,-0.00892687544715223,-0.008926872002388021
2020-03-30,0.0060000951614386545,0.005511075884296275,0.005511076370738029,0.013766217704540444,0.01703656681518634,0.017036564448345542
2020-03-31,-0.008005737345332017,-0.007828735483256351,-0.007828735659410904,-0.014062809016603083,-0.017765688897999284,-0.01776568604341628
2020-04-01,-0.011070572409679236,-0.008799206255485914,-0.008799208479341347,-0.027880549732020032,-0.03012265572090078,-0.03012265459726715
2020-04-02,0.009142943123460307,0.010074110209255352,0.010074110308965743,0.010014159073559981,0.013578042897936581,0.013578041689404963
2020-04-03,-0.003470200103305492,-0.0024619045419095225,-0.002461904033406371,-0.0058092536210655275,-0.005397421528352961,-0.005397421426296534
2020-04-06,0.018757687379711133,0.020453200353795917,0.020453200198121548,0.031160878774468496,0.03938372641714781,0.03938372235918431
2020-04-07,-0.0014919683894298085,-0.0016859161783069853,-0.0016859150837779907,0.00017475172306421973,0.00047587795425581,0.00047587932072087956
2020-04-08,0.008600193700356704,0.007231442351633021,0.007231443634723563,0.018454732088850154,0.018712293234611543,0.018712291224591636
2020-04-09,0.02117560592566187,0.02391087997641012,0.023910879731267654,0.033469485518385356,0.031177617230318533,0.031177621104599346
2020-04-13,-0.004867451553231919,-0.0025713423576584904,-0.0025713423313107,-0.009732096694366891,-0.005025077217939305,-0.00502507741068916
2020-04-14,0.005307499170039927,0.004870653714962583,0.004870653206117901,0.008320754114299887,0.012505613581844497,0.012505609641843718
2020-04-15,-0.0022794431438252997,-0.0022795337642791684,-0.002279535897820994,-0.007912937655436979,-0.013082475863733825,-0.013082476701762342
2020-04-16,0.0009991846891365466,0.000537356452322282,0.0005373558154349999,-0.0011023286741412,-0.0012946023572811805,-0.0012946038103401009
2020-04-17,0.0022882288579032244,-0.0002250379670696212,-0.00022503578435593996,0.005484388386765784,0.00669082123324385,0.006690821112051609
2020-04-20,-0.0053700122469261535,-0.004223703314160964,-0.004223705186514008,-0.010139228876371368,-0.010458490507260509,-0.010458491225004389
2020-04-21,-0.009047675580886039,-0.00909230917543901,-0.00909231208948154,-0.011649935000790803,-0.016769893825740727,-0.016769893874819083
2020-04-22,0.005717134433726772,0.007264071107269759,0.00726407150045914,0.00894520634935216,0.014877477344381987,0.014877475903675974
2020-04-23,0.0015693593510834971,0.0028026747453663288,0.0028026738525837617,0.0015496704904285898,0.002217875071483067,0.0022178744345744406
2020-04-24,-0.0003242929169362028,-0.0009617056977386127,-0.0009617061479751167,2.6524709464782162e-05,0.0013216243353903461,0.0013216223956841033
2020-04-27,-0.0027096376950625457,-0.003849719532415503,-0.003849719080299241,0.0015010870606127352,0.0041218223515286714,0.00412182083184214
2020-04-28,0.0036216706054105763,0.0026464696859674146,0.0026464695903761063,0.0031741167689924993,-0.0002492159497062803,-0.0002492143579056281
2020-04-29,0.00871006057299336,0.008538571840258972,0.008538573109649747,0.01095047720887355,0.014071697502878839,0.014071697378261078
2020-04-30,-0.006682516392938207,-0.007987933027089097,-0.00798793097337278,-0.008712399697062072,-0.00964804936192421,-0.009648048472498226
2020-05-01,-0.007151081025300043,-0.007229958278518911,-0.007229757283945815,-0.00902263101411116,-0.015143597500592909,-0.015133204368839914
2020-05-04,0.0009604851529859827,0.0007843221443879566,0.0007849289473508111,0.0009473619063531604,0.0012281039916346996,0.0012302706443508696
2020-05-05,0.002999762383958678,0.0026198169727224673,0.0026211259447148617,0.003590045602121573,0.006079630959594723,0.00607781178337311
2020-05-06,-0.009873070435669165,-0.00989257162870509,-0.009892504418640832,-0.0119941050464578,-0.009966102287205006,-0.009963903485611526
2020-05-07,0.009094714373189323,0.00901690051904239,0.009017168706572277,0.011019147742572745,0.009632750079933042,0.009636428710530859
2020-05-08,0.002333710684852011,0.001927726087488753,0.001929125431798991,0.0021217295430129334,0.008705725214373308,0.008692241426632056
2020-05-11,-0.006029094974456977,-0.006063079682870207,-0.006062962497360714,-0.006904640913452394,-0.005403366890399198,-0.0053993057797404685
2020-05-12,-0.0007892690073790427,-0.00042975717857219545,-0.00043099688355488974,-0.0023958683818693844,-0.010003089673355777,-0.009986116633492909
2020-05-13,-0.0011083366483134014,-0.0009712530647727469,-0.0009717256007946085,-0.0007998200593091857,-0.0074090829493474826,-0.00739421402420876
2020-05-14,0.005373415880648965,0.005372539593346486,0.005372542613552718,0.0070006280456184925,0.006619930464750872,0.0066207870351132235
2020-05-15,0.0009728598035005408,0.0008676501680279954,0.0008680127832021056,0.0021390093956695313,0.002722358719281206,0.0027253311568736353
2020-05-18,0.006986866317335678,0.006551239739573942,0.0065527413259486925,0.008164577622053516,0.020179858118643486,0.020151165929461305
2020-05-19,-9.512039786080384e-05,-8.271583467990714e-05,-8.275861112561989e-05,0.0006711340942684202,-0.003095470438470303,-0.003084781724242604
2020-05-20,0.007769079500241741,0.007742558776592474,0.007742650230701234,0.008360131893654444,0.011173333319684552,0.01116770005219984
2020-05-21,-0.0028094606882598547,-0.00256577720391387,-0.0025666175444961593,-0.0052588615322221805,-0.005123711076851353,-0.005132466111806674
2020-05-22,0.001239551975991716,0.0013206083103654348,0.00132032885628753,0.003069885688662859,0.003079142314207951,0.00307943494999546
2020-05-26,0.0020844390380947665,0.0018881361357406925,0.0018888128653461536,0.0007435928559982197,0.007750179015376101,0.00772794650570963
2020-05-27,0.002387283617058286,0.0024879478707952826,0.002487600775661616,0.003965943614539128,0.008119991379916095,0.008115389463688946
2020-05-28,0.00046834886936497806,0.00035577903401460783,0.00035616714131871325,0.0011714342873457178,0.0010136787340683366,0.0010133731325495375
2020-05-29,0.005552102236778855,0.005486425966588793,0.005486652424223018,0.005448928760212719,0.0037935017532397617,0.0037982946100838175
2020-06-01,0.003776504765635069,0.0036262255234120744,0.00366573825633143,0.004150575846752824,0.008686028493831488,0.006376784005721614
2020-06-02,0.0030494174366649664,0.003133393608301498,0.0030510820118812934,0.001804690621661087,0.005734380509104998,0.003296730236425226
2020-06-03,-0.00035893713457350786,-0.00014280153961969844,-0.0003546525444188941,-0.002478541348037421,0.009251125720037992,0.0017482379884230857
2020-06-04,-0.0037686687795047678,-0.0040362338597646034,-0.0037739740123722294,-0.00027041159592117387,-0.002378394156557893,3.777634180675369e-05
2020-06-05,0.00444060850952737,0.004677653855177556,0.004445307365204807,0.0013356917542658073,0.015773336377612537,0.00629186163309965
2020-06-08,0.00472888998343419,0.004752359902879545,0.004729355325936962,0.006939227218859086,0.011639063782753794,0.009144302283211668
2020-06-09,0.00031275935822759236,0.00011855347997735341,0.00030890871362535325,0.000817216934966114,-0.006536258334068347,-0.002329981039974825
2020-06-10,0.005214207490371529,0.005099235169353239,0.005211928294171361,0.005468460809888959,-0.005018796096166937,0.00134551988250546
2020-06-11,-0.015346867728900449,-0.015321944577095195,-0.015346373711000543,-0.018507510187541466,-0.040026000206990375,-0.028016009549331373
2020-06-12,0.004038533124531172,0.004122197252723078,0.00404019152643239,0.0053636700119107095,0.014433355061912751,0.009605199727057274
2020-06-15,0.004350470329407233,0.004633289329475691,0.004356076864558261,0.004218704604663682,0.009157350665295244,0.006605754463340456
2020-06-16,0.0007212762459786289,0.0005967269543533834,0.0007188065296000199,0.0022642124125174436,0.010753873719631097,0.005927523817863401
2020-06-17,-0.0002640597599132795,-0.00031746229242920814,-0.00026511856175865067,-0.0007120409445890729,-0.005429001634144028,-0.002823497051356455
2020-06-18,0.0019945805339374677,0.002026160596176232,0.0019952066330364655,0.0003815314302985295,-0.0025366928177533703,-0.0013517585723173899
2020-06-19,0.00032808738592427465,0.00013798072744536003,0.0003243182583125201,0.002007544247720642,-0.0038437369239589076,0.00022516081421224566
2020-06-22,0.002527172992321885,0.0023476321996256863,0.0025236140107027733,0.0034771988233220576,0.0025973958185463706,0.00324390549709473
2020-06-23,-4.0911078264217916e-05,-0.00015411665070532237,-4.3154723407277305e-05,0.0022584934731327343,0.0019259267482161953,0.002766854173367382
2020-06-24,-0.0063650387707569105,-0.006204656768245719,-0.006361860478708972,-0.007849455802030737,-0.01716612347358517,-0.011895682885511325
2020-06-25,0.003440705781467727,0.003407068692051611,0.00344003908940659,0.0029504070299529502,0.006178628127206952,0.00384175294444887
2020-06-26,-0.002648248353629075,-0.0026096212418288143,-0.002647482783745554,-0.0030327922570518038,-0.01259931322329327,-0.006795399784196649
2020-06-29,0.003386853317446972,0.0033184576948181816,0.003385497699225386,0.0034247462072978622,0.008103178693638195,0.005069254355882269
2020-06-30,0.0019693560950551636,0.001982098006902506,0.0019696086260378217,0.003945419911363798,0.009324806393011927,0.0066692039668302455
2020-07-01,0.0024204087706409805,0.0024838813276726324,0.002420053185231641,0.0027823800547253086,0.009225987030637484,0.004787694268822973
2020-07-02,0.0037637856849823655,0.0037055065462404096,0.0037636974879575466,0.0036511216837294682,0.0025614076991397673,0.0034254096066209283
2020-07-06,0.004802915800010221,0.004587842926152839,0.004802590337274673,0.0060787632753574765,0.006908135453642143,0.006063889661406091
2020-07-07,0.00017482884449063034,0.0003252311780126589,0.00017505639477302843,-0.0015528109599397192,-0.009230980871784296,-0.003749696176373092
2020-07-08,0.0025463631076147637,0.002253807946283259,0.0025459204216300717,0.0033151511407701097,0.0031242366642388964,0.0028151658863194307
2020-07-09,0.0014619258113742451,0.0018871363440904738,0.0014625690401466828,-0.00042680967292881716,-0.0035941981855672324,-0.0011278278290331146
2020-07-10,0.00010654372958802485,-3.8311787253912254e-05,0.00010632450938887107,0.0006715097302798501,0.003996932274135473,0.0013629344430317162
2020-07-13,-0.002434060667490391,-0.002333449825552539,-0.0024339084279379132,-0.003429008989307128,-0.007269045782204492,-0.004480053564147173
2020-07-14,0.0046187550532239465,0.004596466778681262,0.0046187213242681,0.006224029660528762,0.008949777839611843,0.0071210180628740235
2020-07-15,0.002684713769994588,0.0025101864595236524,0.002684449662805147,0.0037740069309917914,0.006995591304890019,0.004614328532641284
2020-07-16,-0.0017069441805113111,-0.0014167652493437088,-0.001706505137348087,-0.0033045951406568885,-0.00531263207937706,-0.0033018334453466572
2020-07-17,0.0023632097085231375,0.002275394934804488,0.0023630768054700418,0.004392133370507461,0.006370630066831312,0.005038155583199235
2020-07-20,0.0027545515445314217,0.002753927524872053,0.0027545506001930183,0.0030185952434128582,0.0007278529829762305,0.0025639926061073407
2020-07-21,0.003933518910211655,0.0036955901855147176,0.0039331588492919015,0.005193535605265388,0.0037077452029059196,0.004711966181307291
2020-07-22,0.004017481096966961,0.0038909729392008928,0.004017289695677816,0.006649127667672727,0.008584551237266917,0.006999912280470233
2020-07-23,0.0011054776067717274,0.0012208596492551747,0.0011056521527742448,0.0008547103174814097,-0.004023970409751172,-0.00034451472685013095
2020-07-24,-0.00040603227110098787,-0.0005193055981839128,-0.00040620364683075405,0.00027235534066148996,-0.0033706641501844155,-0.0005269572367502697
2020-07-27,0.003662666250929666,0.003244619640422901,0.0036620338431198464,0.006647796661174549,0.007409140095819118,0.006252746957203061
2020-07-28,0.0013839936896623364,0.001429820431921873,0.0013840629860899453,0.002200592406141343,0.004179747913544192,0.0024136084102208237
2020-07-29,0.005231538184214668,0.005123959738647138,0.005231375503163405,0.007392975979647525,0.011948922792624078,0.00853319974779933
2020-07-30,-0.001941272111336454,-0.0016664930119610142,-0.0019408566324189633,-0.0035140308870886,-0.004081472729747977,-0.003358511841514485
2020-07-31,0.000657340111485431,0.0005653911995734487,0.0006572010421882292,0.002557785407998626,0.0030878373952793596,0.002849359606632008
2020-08-03,0.0012835018893431194,0.001100060770328426,0.0012756289747766214,-0.0012817074443098875,-0.0012158066968261938,-0.0020364477396810354
2020-08-04,0.006869918104716856,0.006757993159633541,0.0068462072472078115,0.008981811437896486,0.008647341306002816,0.008936409065471993
2020-08-05,9.088309621025284e-05,-0.0002073859424782817,2.77015146283399e-05,0.0013721145614125799,0.0016102232826312424,0.0008005437725098852
2020-08-06,0.004464970797779927,0.004387259246774846,0.004448513224817481,0.00507393916586589,0.0049218169542328645,0.004784676150413732
2020-08-07,-0.005186778801185134,-0.00501067425718642,-0.005149486061546166,-0.0020906509481777497,0.0015157348436885681,-0.00012338802840063676
2020-08-10,-0.0005996844083152848,-0.0007140644945658392,-0.0006239094615287665,-7.110019659241465e-05,0.0009150659020674053,7.334931905882982e-06
2020-08-11,-0.011814704899122135,-0.011398091959722351,-0.011726476602552965,-0.016334888078232676,-0.014732614071995703,-0.01557151234317064
2020-08-12,0.000964816620218321,0.0006877991714950886,0.0009061316958729337,0.0036193107005574304,0.007016627066242042,0.0040649179101712824
2020-08-13,-0.002093902447217047,-0.002587199092414485,-0.002198382369452189,-0.002023683559591538,-0.0033347177954154163,-0.003431665117237838
2020-08-14,-0.0020454187933229384,-0.002110242899794225,-0.0020591431486014665,-0.0022470648582724097,-0.0012513292079734861,-0.0020842739066337193
2020-08-17,0.006440777164432437,0.006118770832707657,0.00637260649079751,0.008349668734180849,0.007143235511896603,0.007652998847773868
2020-08-18,0.002940477632431107,0.0029599883300242577,0.0029446071224096585,0.0017419623180465046,0.0007851981678986956,0.0011964626988630995
2020-08-19,-0.006872588127986627,-0.006644546305723825,-0.0068243217419626905,-0.011103525247144181,-0.010782008545378672,-0.011103381056227655
2020-08-20,0.0037116261631862306,0.0038165449069086405,0.0037338368488509547,0.004718326004536437,0.005284559999770568,0.0052031528322668275
2020-08-21,7.67405737252572e-05,0.0003321777284536346,0.00013081958423046973,-0.0005407997010248345,0.0008137662566699594,5.6363997775878496e-05
2020-08-24,0.0016311956538665427,0.0015321880179465582,0.001610230368035251,0.0026501755374377625,0.0051429022572021844,0.0029485899018312964
2020-08-25,-0.0006876857044051758,-0.0009388302114222586,-0.0007408624727280914,0.0007024067810241091,0.0017787780254198,0.0006205085039948125
2020-08-26,0.0012832889371902263,0.0010901321144662316,0.0012423984522279326,0.0011052414232333241,0.0017235795500969145,0.0004777727887751624
2020-08-27,-0.006194439599115446,-0.00634537152830909,-0.006226386393026235,-0.0017828301365412883,0.0022889789617385613,-0.00010796597454218026
2020-08-28,0.004504052423220411,0.004285612844994293,0.004457822253823204,0.0065608346575935115,0.006537082258720653,0.006338783075875077
2020-08-31,-0.00015981813890999635,1.098867271785394e-05,-0.0001236750823461876,-0.002159922755256969,-0.003870441448614546,-0.0024910453762836396
2020-09-01,0.00566321516752466,0.005371518674105236,0.005506073718262838,0.0045999353459187375,0.005351078772183326,0.004391013255452325
2020-09-02,0.0025813733460529984,0.003059750786957561,0.0030597378395911734,0.005595234833207223,0.007863771884050665,0.006990939379538253
2020-09-03,-0.006176584973789083,-0.007656149915779007,-0.007656109890200994,-0.01030908623737942,-0.01594013645050952,-0.013962222146307846
2020-09-04,-0.0072248171387301755,-0.006627093931218835,-0.0066271101250916144,-0.005664788714128724,-0.005402861417981391,-0.005286938744562079
2020-09-08,-0.0044294777027045875,-0.005856687264899516,-0.0058566486213544895,-0.008354662887143021,-0.012835241428650787,-0.01117908778884989
2020-09-09,0.0050472014434237026,0.006127154874856704,0.006127125591742654,0.008088153674804786,0.011249476139341302,0.010212566520176705
2020-09-10,-0.0031079605727213694,-0.004223875131910955,-0.004223844906182611,-0.006818680674046264,-0.009514582362584529,-0.008646570669218949
2020-09-11,0.002238754942241728,0.002234641297163402,0.0022346414087106993,-0.00019755170743768788,-1.2393335890876827e-05,-0.00023668545795287326
2020-09-14,0.003475608367893627,0.004170122958685269,0.00417010412586364,0.0099748567145738,0.009633695685299381,0.010410715654713645
2020-09-15,0.0016472629609953732,0.0023641105356480437,0.0023640911106773527,0.004784720313342558,0.004910168673195839,0.004921584243793183
2020-09-16,0.000987307198131473,0.0011312020235354262,0.0011311981270950304,0.0025976126723615232,0.00046974818054361226,0.0013786058308209446
2020-09-17,-0.0006100767154923189,-0.0012041355572872557,-0.0012041194734414883,-0.006422854437827696,-0.007149118990793476,-0.007368397418951416
2020-09-18,-0.0031385653311140583,-0.003786164270881173,-0.0037861467270358983,-0.008031679921612815,-0.008937315108735952,-0.008928015347986634
2020-09-21,-0.006956736401434734,-0.008258079774937912,-0.008258044497845517,-0.015162138347635443,-0.013967012210563148,-0.015191979271253504
2020-09-22,0.00029421476596301393,0.0008582821228734309,0.0008582668119519843,0.0036202113892394297,0.005865924746394503,0.004982106475702491
2020-09-23,-0.008210938031725455,-0.00953624441404758,-0.00953620846049358,-0.01738421254713086,-0.018443833029269517,-0.018645236889220602
2020-09-24,0.0013065560469143482,0.001084510563600992,0.001084516595418472,0.0015583832092365048,0.002078297316961392,0.0021334066464736134
2020-09-25,0.0016039658453945464,0.0021318129801227003,0.0021317986380892276,0.0061342148509084,0.008091937409775967,0.007750677121939209
2020-09-28,0.005355030662759046,0.006536213528162217,0.006536181451372713,0.011635023199171632,0.012487195309665616,0.012463494207194344
2020-09-29,-0.0005150655801825569,-0.0009443314481995249,-0.0009443198045217482,-0.0023054212657443035,-0.0025605071734803395,-0.0023462985308914846
2020-09-30,-0.0005810431053851198,0.00048689936233455933,0.00048687038234422825,0.0019587649192235445,0.0037199832108898464,0.002752344134825885
2020-10-01,0.00285192783243593,0.0033570897198260674,0.0033570136507516946,0.007931728748235667,0.007846063736066666,0.007390661812233912
2020-10-02,-0.0022796985628395377,-0.0020662897226943052,-0.002066455651390801,0.0027273849155389747,0.0005403613560495363,0.00048431742588862185
2020-10-05,0.0006931569399277371,0.0021088362561827068,0.002107735778674057,0.005751410151136038,0.009113338064598617,0.00901149682560868
2020-10-06,-0.0013808196128535033,-0.0018933509128751997,-0.0018929530593669172,-0.005103875203449537,-0.007369677129038014,-0.007365678180901984
2020-10-07,0.0008348554616994413,0.0016485933162350367,0.0016479613263895344,0.0030489961848899055,0.006603582562503848,0.006547156527035155
2020-10-08,0.004908159498161073,0.005082005183322137,0.005081870275600711,0.007688201426676844,0.007644990168500152,0.0077987737724462495
2020-10-09,0.0033550788399985434,0.0033875959893114598,0.0033875707597158396,0.003497647463722423,0.004313112023128604,0.004375263309070854
2020-10-12,0.0028472831359528427,0.003363634138600712,0.003363233522143951,0.004342753273078774,0.007516294181189681,0.0074158341744706875
2020-10-13,-0.0021177277360953234,-0.0027561448269613365,-0.0027556497589277373,-0.008357026390836273,-0.008381501578907028,-0.008393166082942306
2020-10-14,-0.00017495544663604935,-0.0006315546802230423,-0.0006312003784864309,-0.003280982596238839,-0.004835129298553427,-0.004785484704067918
2020-10-15,-0.0009534496109782285,-0.001034447114589838,-0.0010343842352517605,0.001009989574987202,0.0006216080332769973,0.0005995391591852595
2020-10-16,-0.001718863086351371,-0.0016419925679403025,-0.0016420522482848553,-0.0032022775861806074,-0.0024941572846425607,-0.002514377683389875
2020-10-19,-0.003448621396658531,-0.003803745770927083,-0.0038034700824726374,-0.0065501994007585405,-0.00909232189197787,-0.00909238059860589
2020-10-20,0.0006445433535687207,0.001247347520618564,0.0012468793878817556,0.003719776391614353,0.004147059960109389,0.004136880808685514
2020-10-21,-0.0014141307179668988,-0.0014506895519911858,-0.0014506611777824682,-0.0010188771118153034,-0.0008564354147993187,-0.0009023190048667324
2020-10-22,-0.0028779833506492186,-0.0021783516653346214,-0.0021788946865286063,-0.0010967921273399267,0.0010669821326475667,0.0009182831238041912
2020-10-23,0.0021176829564216923,0.0021518054479484367,0.0021517789822313813,0.002537028945373564,0.0027877278399048083,0.0028297617077673795
2020-10-26,-0.002992000188814387,-0.004164750571516972,-0.004163841006522573,-0.007574650080365291,-0.011316351118318302,-0.01122070961252811
2020-10-27,0.0018529541821515297,0.001339245518519703,0.001339644410951002,-0.002693051178009167,-0.00361538076038782,-0.003618366900350848
2020-10-28,-0.01060730928471127,-0.011718384066009257,-0.011717520879252949,-0.016743989159426615,-0.020127824607363235,-0.020373634316914673
2020-10-29,-0.0021516278841561738,-0.0012028609414082084,-0.0012035988602918332,0.0030323054788738263,0.005930332582715448,0.005813600706837797
2020-10-30,-0.004056731667980607,-0.003993530671220763,-0.003993579780164345,-0.0037661709856107502,-0.004098346546444561,-0.004324713416076782
2020-11-02,0.007513577469543398,0.007487319375566681,0.0074873431780486666,0.011646176033769384,0.010221009933159664,0.010316410731677994
2020-11-03,0.003985023898072188,0.004355510847366744,0.004355504013920402,0.009873329677889902,0.01226540914733134,0.012265406623203415
2020-11-04,0.0125121770308765,0.012647728478809007,0.012647725979552653,0.00944023694357839,0.01166500890310484,0.011665008530837939
2020-11-05,0.006952046199667173,0.0069738311839047966,0.006973830782293646,0.00888247909991279,0.010714467746466337,0.010714475124353062
2020-11-06,-0.003668816712006297,-0.0035670544739575855,-0.0035670563499270403,-0.002977093392028938,-0.002537870914743165,-0.0025378691163744486
2020-11-09,-0.004282440334389769,-0.003229932445314282,-0.003229951846135703,0.004973069043715377,0.007897123429682656,0.007897113787821597
2020-11-10,0.000338816620243523,0.00030893443293409815,0.00030893498316924585,0.004484989863415627,0.0021123665160519686,0.0021123933670421135
2020-11-11,0.0020954298767920493,0.0021886231024436592,0.0021886213863805217,0.0020342469183365144,0.002807221860112716,0.0028072281021151915
2020-11-12,0.0013223921005686104,0.0008319492100655765,0.000831958240257393,-0.004430485592536134,-0.006697148398020476,-0.006697136009538864
2020-11-13,0.003747139570804385,0.0040384281510826995,0.004038422785155766,0.010623610851991244,0.011132613922666382,0.011132631978337693
2020-11-16,0.0035757624979807067,0.0038597291642644984,0.0038597239347346445,0.006902062651477225,0.008151175843975981,0.008151180334607962
2020-11-17,0.0015643401565366686,0.0015040442200762916,0.0015040453301720985,0.0003782355308430683,-0.001384740164231645,-0.0013847339838026695
2020-11-18,-0.002048073763970343,-0.0021636317120644474,-0.00216362958442328,-0.006939994411510506,-0.008328498490718038,-0.008328506916607584
2020-11-19,0.0028797380250261723,0.0030201873973616537,0.0030201848111226517,0.003439737174011072,0.0034296626058567432,0.003429667939070225
2020-11-20,0.0019019731158166063,0.0016220205754997876,0.0016220257298325263,-0.0016330621763111363,-0.0032948335996338778,-0.003294838474326152
2020-11-23,-0.001869762060720485,-0.0015040611185773742,-0.001504067853544548,-0.000698002702208687,0.0009817799981723214,0.0009817800110618854
2020-11-24,0.0011487877077013423,0.0015069748578692558,0.0015069682636965334,0.0027675893135897254,0.005732381212512872,0.005732376780440069
2020-11-25,-0.00011385539095485875,-0.00013154499791203609,-0.0001315446723654455,0.00041315869667593873,-0.00045515228043112814,-0.00045514232877035107
2020-11-27,0.002603326416870491,0.002662026402605426,0.002662025322314704,-0.0006508225793698695,9.786788898581028e-05,9.785750611234693e-05
2020-11-30,-0.004183198125178809,-0.004172916849819999,-0.00417291703902134,-0.004896559415797044,-0.0043906196429416,-0.004390614190502743
2020-12-01,0.0010999605507060473,0.0012303871689676171,0.001230385176918647,0.0072456662581337206,0.008182724449984802,0.00818272986028834
2020-12-02,-0.000934176198865437,-0.0010572047145790252,-0.001057203909978201,-0.0013605072965698344,0.00048176683394613546,0.00048175843798054603
2020-12-03,0.004228095025113668,0.004192882727195755,0.004192882957510923,0.0048843878304502125,0.0028946369802096052,0.0028946424415655144
2020-12-04,-0.0014809464098995669,-0.0014250592976586588,-0.0014250596632156287,0.004108606154291492,0.005763092421872668,0.005763091160357133
2020-12-07,0.002706674355474784,0.0024878359591493904,0.0024878373904887604,-0.0006432236823495849,-0.0007479817087854921,-0.0007479854796002615
2020-12-08,0.001435710220998772,0.0013396237885216417,0.0013396244171239278,-0.00046653018751620134,0.00037789563381918783,0.00037789280633318523
2020-12-09,-0.004160979037587428,-0.004072902027634391,-0.0040729026038939225,-0.006091683989314603,-0.0063238201265972335,-0.006323824902346796
2020-12-10,0.0041595211985817945,0.0041413081968242615,0.004141308315975531,0.0013514704199118648,0.0003743863538458093,0.00037438593402465035
2020-12-11,0.0004647881133370326,0.0004367268865224674,0.0004367270701051364,-0.00034816713336695585,-0.0006409634264573953,-0.0006409621098317427
2020-12-14,-0.0015926979734267354,-0.0015723463233523534,-0.0015723464565010243,-0.002427214548166942,-0.002667785434276729,-0.0026677877045144928
2020-12-15,0.004339243876536371,0.00429097420147146,0.004290974517264628,0.010437035690298607,0.010315777193779551,0.010315786937959773
2020-12-16,0.0006110557346884506,0.000518299680460293,0.0005183002873244593,0.0013278587907976662,0.0008561129586430482,0.0008561158371949701
2020-12-17,0.0030430047876810057,0.002940988627281068,0.002940989294792123,0.006125605545630993,0.005243323460609156,0.005243329953501481
2020-12-18,-0.0019885228989939534,-0.0020349214255816015,-0.002034921121956376,-0.006150214901703998,-0.00476081394788555,-0.0047608242065800555
2020-12-21,-0.0026875494113194,-0.0026962733886376484,-0.002696273331546553,-0.004540021683373545,-0.003970952770765018,-0.003970953978028627
2020-12-22,-0.00018173597216234204,7.953632777131308e-06,7.952391407308021e-06,0.000716994365136249,0.0003140200713626594,0.00031402227791774834
2020-12-23,0.0012550908870637082,0.0011767346781405585,0.0011767351908232786,0.0010509693134869169,0.0014514679203573113,0.001451461899913547
2020-12-24,0.002657911486382146,0.0026686779441878637,0.002668677873737685,0.004506190409997056,0.004014914560212619,0.004014919762284428
2020-12-28,0.0008047882215786805,0.0009320022673266282,0.0009320014349120978,0.002151198694268412,0.003703317295016854,0.00370331770092165
2020-12-29,0.000718731881543427,0.0006649926395689151,0.0006649929911624855,-0.0013098822829616032,-0.001768001818790641,-0.0017680041817580935
2020-12-30,0.0030325231677069435,0.0029610764406493286,0.002961076908120733,0.003934647453705907,0.003097036282179151,0.0030970374262626332
2020-12-31,0.0014607243803750549,0.0014134146064838484,0.0014134149160507494,0.00366903255401438,0.003785529222802088,0.0037855336759705554
2021-01-04,-0.0008553378344254847,-0.002847012617864575,-0.0028470095069589307,-0.009027904179409685,-0.009266561968447662,-0.009266562608541307
2021-01-05,0.0022072591802640984,0.0029392968971742456,0.0029392961638937593,0.0027622874454984146,0.0030218143034729276,0.003021812898988906
2021-01-06,-0.0066780148976827965,-0.005227654030372255,-0.005227655482134977,-0.003433694967444426,-0.0004225467354922722,-0.00042254657803645056
2021-01-07,-0.0005325188071820865,0.00048469002107095083,0.00048468900436343865,0.0012719534792801383,0.004921909465083975,0.004921909576741915
2021-01-08,-0.0012978718411728665,0.00010751889634523829,0.00010751749307530477,8.930160541173416e-05,0.0021199202451690586,0.0021199190593241706
2021-01-11,-0.004832014907011604,-0.0054755220706947,-0.005475521429061537,-0.007457848967855223,-0.007083125522862624,-0.007083125455209273
2021-01-12,0.0030877502372820354,0.0032568206547717348,0.003256820486084601,0.003609244999118884,0.0019258428178673273,0.0019258425619712578
2021-01-13,0.0040192771434452695,0.003928784672432975,0.003928784762705084,0.005515131684135215,0.004488985118910643,0.004488985865070771
2021-01-14,-0.0011052068709610642,-0.00048519330778474585,-0.00048519392634423946,0.000920028231814742,-0.00023923149394983038,-0.00023923197281188217
2021-01-15,-0.002354178724355376,-0.0026676413213192686,-0.002667641008785801,-0.000255744529937534,-0.001697235627939376,-0.0016972341566784373
2021-01-19,0.003641114880085905,0.0037394046146416253,0.003739404516612429,0.002509255777224223,0.003721726344808792,0.0037217254215084535
2021-01-20,0.004668544212128898,0.0051254007557425315,0.0051254003001415995,0.009338705183266658,0.00959801947641228,0.009598019440285956
2021-01-21,-0.0021496036396996174,-0.0018924109099677853,-0.0018924111663370733,-0.0025096016922156994,-0.0012464876552116164,-0.0012464880510163973
2021-01-22,-0.002225873698409058,-0.0025215087150013455,-0.0025215084203887845,-0.0023031060282245218,-0.0021594657581500178,-0.002159465385613131
2021-01-25,0.005144987077902816,0.0047031349674490335,0.004703135407903499,0.004558948448319598,0.0034916193798791646,0.003491619058699859
2021-01-26,-0.0006501918541566218,-0.0005129441168383942,-0.0005129442537121648,0.0013645445279237471,0.00022083476169257018,0.00022083537464732093
2021-01-27,-0.005313806876423911,-0.006649781213162394,-0.00664977988101122,-0.010288546750075806,-0.012809097855272428,-0.012809097274960834
2021-01-28,-0.00029998598501066674,0.0004968194246325781,0.0004968186290388184,0.0023785711646751983,0.004434600443271004,0.004434600495170038
2021-01-29,-0.00567677037109998,-0.006329910758476439,-0.006329910106848615,-0.006937439234152469,-0.00972761746164989,-0.009727616124087336
2021-02-01,0.007094586613234144,0.0077350116465872976,0.0077350104839879474,0.011876018686678869,0.011498946308445168,0.011498946978234281
2021-02-02,-7.243544428880413e-05,0.0006948987605395649,0.0006948968244753009,0.0018994040239960668,0.005166506440896254,0.005166505194553177
2021-02-03,-0.0015508238243751092,-0.0011874264336478764,-0.0011874273498343412,-0.0008712231872824202,-0.00020723492230654222,-0.00020723543339275588
2021-02-04,-0.0005286179941362491,0.00012876132761382596,0.00012875967085204253,0.0013558007632229016,0.003953802330470169,0.003953803904498996
2021-02-05,0.00032200380248057327,0.0006557671643773189,0.000655766323762314,0.002587335468974316,0.0028916696639645248,0.0028916691666881593
2021-02-08,0.004932558500458774,0.004958934029992824,0.004958933963585683,0.00606603498543956,0.005575921333748403,0.005575921687468764
2021-02-09,0.0013334811883420204,0.001262655053612694,0.001262655231930922,0.001259940983294117,0.00020239366066691602,0.00020239179331618142
2021-02-10,0.002282831051932591,0.002030963935058844,0.002030964569226938,0.0024709315468682148,0.0012910061634135576,0.001291006480730975
2021-02-11,-0.0012644091620342317,-0.0008589774028884363,-0.0008589784239685822,-0.0006839170408068263,0.00023888915868913407,0.00023888779268799496
2021-02-12,-0.0016238147629439189,-0.001042619461962343,-0.0010426209251091264,0.00024582956966485764,0.0016554974848653583,0.0016554975618847936
2021-02-16,-0.005253901004681112,-0.004603495672771144,-0.004603497309200077,-0.0052099470148001615,-0.003662211946802844,-0.003662213744260133
2021-02-17,0.0006518751572538232,0.0006214682131514757,0.000621468289605785,-0.0003182036600796948,-0.000559058075874121,-0.0005590571253398448
2021-02-18,-0.0026671235330845942,-0.002782143478359442,-0.0027821431891479507,-0.0029728951464880666,-0.00295415198887894,-0.0029541507778916487
2021-02-19,-0.00305635992223309,-0.0026264558494353664,-0.0026264569305308083,0.00013594158085702274,0.00011202894860433779,0.0001120286813487306
2021-02-22,-0.0010654523332894635,-0.0013914633631373313,-0.001391462543658887,0.001874241832391977,-0.0013237739329885543,-0.0013237713064319404
2021-02-23,0.0008737492671286706,0.0011370399531014594,0.0011370392910641047,0.002512212544514436,0.002249306538947688,0.0022493072384290247
2021-02-24,0.0011575748268847527,0.0016187443351222846,0.0016187431758289135,0.004488440543033616,0.005334582918947937,0.005334585336432033
2021-02-25,-0.01529391233550177,-0.015334243330421351,-0.015334243229083501,-0.016923833890861887,-0.017256139812641406,-0.017256140044646442
2021-02-26,0.0022279094939044322,0.0011512540923497895,0.0011512567977235585,-0.0061438786346493975,-0.005994458679788017,-0.005994458468024291
2021-03-01,0.0020153151440618355,0.0029349677280094966,0.0029349653641821405,0.005527212060213893,0.011247379538424696,0.011247380898485648
2021-03-02,-0.00038429488944121407,-0.0003081522189497809,-0.0003081531261037188,-0.0031802003135485983,-0.003886680830822154,-0.003886689327375374
2021-03-03,-0.00636379206914244,-0.006514167954449833,-0.006514166163027422,-0.006592707772759471,-0.007782973363413345,-0.007782974485216807
2021-03-04,-0.006071860186089798,-0.006108423422081911,-0.006108422986439493,-0.00822500261356285,-0.0085865944853827,-0.008586595463769478
2021-03-05,0.00413498345201332,0.003894018561321691,0.003894021432467719,0.006189010925234818,0.008685578802807278,0.00868557280226288
2021-03-08,-0.0074100184433917885,-0.007392450570901236,-0.007392450780276278,-0.0043870535514178455,-0.004674327539907987,-0.004674313104246795
2021-03-09,0.009136842679062196,0.009256411455168322,0.009256410030165125,0.008942207040662276,0.009207976752253082,0.009207960481221553
2021-03-10,0.00357282446445251,0.00350631239126349,0.0035063131838507493,0.006048089736653674,0.005527430013454512,0.005527440916031965
2021-03-11,0.0029663009910500244,0.0025562289788282322,0.0025562338657514378,0.006266323420983919,0.006605226644149808,0.006605223683709778
2021-03-12,-0.007065359369039409,-0.007526001537474276,-0.007525996045649444,0.0005857476465240454,0.0012218604339080338,0.0012218752178500404
2021-03-15,0.0029561868237607033,0.0030284204266198596,0.003028419565043481,0.006146284431495562,0.005130531852332875,0.005130541873827125
2021-03-16,-0.001239703504040931,-0.0012868342154041831,-0.0012868336532865293,-0.0017040866723700746,-0.0017450681332036974,-0.0017450720599595754
2021-03-17,-3.664735265581507e-05,-0.00025904607416035963,-0.0002590434215344296,0.0020679104769768487,0.002494848555557289,0.002494850794105431
2021-03-18,-0.011482346646464517,-0.011269923843598066,-0.011269926377801408,-0.010608269334746892,-0.010576239896478138,-0.010576227056474636
2021-03-19,0.0033953977487595714,0.0033943817574928906,0.003394381769611059,-0.001181765191982678,-0.0006871898678568204,-0.0006872114557250908
2021-03-22,0.0038470317995157517,0.004029238857483255,0.004029236684218459,0.0038199324481437724,0.00480401009143611,0.004804014848794232
2021-03-23,-0.0018084107159404145,-0.0013378003549212921,-0.0013378059670821907,-0.0033532237788629466,-0.0036327989496707166,-0.0036327821734677503
2021-03-24,0.0021796058997429284,0.0022642772627402188,0.002264276253486224,5.263359472302068e-05,-0.001546084621249918,-0.0015460804581348482
2021-03-25,-0.002259650399578153,-0.0024169973611758732,-0.0024169954858117796,0.001887248215141783,0.0031683618277381876,0.0031683726719092236
2021-03-26,0.004571769532744519,0.004125040885319094,0.004125046210563362,0.010173542415940507,0.01041284446878148,0.010412842108363355
2021-03-29,-0.004181958850842458,-0.004333781914748569,-0.00433378010413133,-0.003993309913870556,-0.00265039678115064,-0.0026503885484274775
2021-03-30,-0.0020964526712989764,-0.0018701902195472284,-0.0018701929183279878,-0.0022052037128227264,-0.0032124644908838713,-0.003212451123894993
2021-03-31,0.0013680632195182385,0.0011676512790669345,0.0011676536689698047,0.0020535329970948167,0.0035145670309136203,0.0035145643050775543
2021-04-01,0.009686181854511755,0.00960353382036594,0.009603534031134453,0.011054874109812651,0.00945764054415954,0.00945763321689852
2021-04-05,-0.0011500008112378442,-0.000690347237140164,-0.0006903493543344445,0.0006226530582572891,0.004590573072159161,0.00459057035946202
2021-04-06,0.004035962647500656,0.0037177818591488465,0.0037177833240361544,0.0037966513470760648,0.0020912354653144583,0.002091237954371151
2021-04-07,-0.0019813763179914066,-0.0017887003633735657,-0.0017887012507245433,-0.0007681640102936731,-0.00015024837803116284,-0.0001502454999085754
2021-04-08,0.0048269921561862284,0.0044748185104132995,0.0044748201320028245,0.0024934815524861077,0.002345672280839389,0.0023456684358516824
2021-04-09,-0.002286966858896426,-0.0019980008183326536,-0.0019980021493481827,-0.0016086923350712495,0.0008707880475223622,0.0008707891842593828
2021-04-12,-0.0011281774961201829,-0.001049299209434055,-0.001049299572652604,0.0004337547149448589,0.0002448567540761275,0.00024485991183611437
2021-04-13,0.005174022204384543,0.004936173315988984,0.004936174411148504,0.004744690659473757,0.0033044466723406926,0.0033044456353981144
2021-04-14,0.00011512135617187488,0.00016036897681682435,0.00016036876842783035,-0.0013924293278710696,-0.002220217373157399,-0.0022202203252483918
2021-04-15,0.009632496762049516,0.009274499647169357,0.009274501295859003,0.010885670240825717,0.009864141365758557,0.009864140181240676
2021-04-16,-0.0017763699978088794,-0.0016077095788706286,-0.001607710355880576,-0.0003229248960508872,0.0006620921058714862,0.00066208936307042
2021-04-19,-0.001847896615232656,-0.0018448669079868074,-0.0018448669219421553,-0.0012285784855260514,-0.0021333201638077852,-0.002133319618666245
2021-04-20,0.0003187675487141212,-0.00011323549161673706,-0.0001132335017430131,0.0016482507871976452,-0.0010581666466330853,-0.0010581614231123641
2021-04-21,0.0035052342249076015,0.0037126686396111498,0.0037126676837229053,0.005528280744018552,0.0062785939291747205,0.006278594662772384
2021-04-22,-0.0002863706489801091,-0.0005892894940948922,-0.0005892880984888548,-0.002835407886197537,-0.004642329112187456,-0.004642330305613776
2021-04-23,0.00199529134229092,0.0025242345929466837,0.00252423215526362,0.003700531992168473,0.00526457065365433,0.005264569116879775
2021-04-26,0.00054310386198926,0.0006082611293136966,0.0006082608291889381,0.0016090346817021106,0.0013179262474514808,0.0013179265892695395
2021-04-27,-0.002835779744822549,-0.002581765001875689,-0.0025817661718318917,-0.0014277951644903536,-0.0010913307541754967,-0.0010913302931141208
2021-04-28,0.0013655583122573207,0.001339153359457705,0.0013391534810442347,0.00033559217577267615,0.0004708073070480522,0.00047080471231703735
2021-04-29,-7.440351774917037e-05,0.00025555929570584564,0.00025555777629047814,0.002580504920687493,0.003474500125287947,0.003474502433725192
2021-04-30,-0.001807337522692771,-0.0019952591268620284,-0.0019952582618046,-0.0005889453411610675,-0.0019100277496332959,-0.0019100211000991603
2021-05-03,0.003570723823020927,0.003353592912170855,0.003353593004353561,0.0029690269778648304,0.0019111720422477774,0.001911171875900397
2021-05-04,4.8381867305294975e-05,-0.0006538105990598899,-0.0006538098967618967,-0.0030302505689335435,-0.0036429570538253357,-0.0036429570739549017
2021-05-05,0.0018221692931833806,0.0016254822507097216,0.0016254824475645463,-0.0028331038725244355,-0.001740340743126922,-0.0017403421011032837
2021-05-06,0.004014354429864444,0.004017540754781441,0.0040175407515917715,0.005608000338269392,0.004868658824142665,0.004868658745896761
2021-05-07,0.002988517527333058,0.0035776178943720516,0.003577617304655251,0.006728163373975355,0.005807591495396532,0.005807591628179273
2021-05-10,-0.0049352618932165925,-0.0049533327520811035,-0.004953332734001953,-0.003285512596908808,-0.0044896989913041935,-0.004489698067454427
2021-05-11,-0.0028991502735251327,-0.003186319970058362,-0.003186319682751698,-0.00528092209617894,-0.005735157544560389,-0.0057351577815726845
2021-05-12,-0.00933094524643924,-0.009826264457208815,-0.009826263961510599,-0.013383307760641568,-0.014262468366780561,-0.014262467908599426
2021-05-13,0.0016778040767931402,0.0020981419778267805,0.002098141556956817,0.005236753894899304,0.007318480854863448,0.007318481880721423
2021-05-14,0.007560917261625456,0.007814469609945904,0.007814469356179101,0.009057993317517308,0.00946027721148431,0.009460276622158781
2021-05-17,0.0009069814853883286,0.0006865262037284452,0.0006865264243146793,0.0016749432310261872,-0.00031701209203636473,-0.0003170119228279337
2021-05-18,-0.001150856053959174,-0.0012588945731132246,-0.001258894464986714,-0.0015540321075074505,-0.0033767875707978903,-0.003376788373531195
2021-05-19,-0.004009440447941702,-0.004093047933717628,-0.0040930478500329995,-0.003270988214302288,-0.0027948361957609853,-0.002794835604159632
2021-05-20,0.005303708306091194,0.005504710014598197,0.0055047098133941316,0.0070250057040966655,0.007676389153689633,0.007676389427555667
2021-05-21,0.0011127112041887251,0.0009151102940990678,0.0009151104918593688,0.00036294931937242586,0.0001807925398152382,0.00018079268056326008
2021-05-24,0.004303357903047521,0.0046174344255367405,0.00461743411114482,0.006589164508278264,0.006482790397751803,0.006482790406717469
2021-05-25,0.0037233833734515386,0.0030849747271184122,0.0030849753659683648,0.0020466202151908355,0.0004298997348067262,0.00042989928268600885
2021-05-26,-5.350399411033457e-05,0.0002498837173094197,0.00024988341351876486,0.0012944942161146437,0.0014265228256764664,0.0014265228067474433
2021-05-27,-0.00020908593454732762,-6.366118450710327e-05,-6.366133008082941e-05,-0.000550245518626962,-0.0004459504198772983,-0.00044595087026761575
2021-05-28,0.0006542379011402022,0.0008638206605409174,0.0008638204507739656,0.00257840770831791,0.0019269660355830083,0.0019269662827366813
2021-06-01,0.0031239604383153097,0.0037252167197376895,0.0037252161180767462,0.0064503381724694275,0.004548758043129597,0.004548757298576511
2021-06-02,0.0026644350272015905,0.0027591938334394616,0.002759193738679665,0.005047635208969911,0.0038351839944191233,0.003835184760759149
2021-06-03,-0.005447182722408484,-0.005222066663615501,-0.00522206688871264,-0.006081827975993337,-0.004419925169283486,-0.004419926219451096
2021-06-04,0.007900940138329869,0.007343663524313182,0.007343664081416859,0.005637333399357904,0.005251951485524037,0.005251952200243879
2021-06-07,0.00013367899770924484,0.0004218076439794842,0.0004218073557809042,0.00359445734005867,0.002395454464979545,0.0023954551907597946
2021-06-08,0.0030193075303550886,0.0028107283746525696,0.002810728583222264,0.003546814086805435,0.0022674458250823227,0.0022674465755765276
2021-06-09,0.0019202098045593015,0.0014602598578253093,0.0014602603178500559,0.000733404662754618,0.00023177078594205407,0.00023177083904253395
2021-06-10,0.004330179950419296,0.004250332850726773,0.004250332930623536,0.004925313266029652,0.00430344851458371,0.004303449138916847
2021-06-11,-0.001809150019602455,-0.0014818729899805875,-0.0014818733174872141,-0.002313552462950789,-0.0009618743868192263,-0.0009618748963197206
2021-06-14,-0.0030312847105857326,-0.0024032528515300247,-0.002403253479796482,-0.0007990682144433034,0.00039210832810476667,0.00039210804486123735
2021-06-15,-0.0015111885119023921,-0.001619767820192083,-0.001619767711640596,-0.0038189609861069757,-0.0030972791747306003,-0.0030972797015366253
2021-06-16,-0.00572501242024818,-0.005552210957342013,-0.005552211130117988,-0.006201409949839328,-0.0050653691920596045,-0.005065370093131186
2021-06-17,-0.0007576314607316875,-0.0010267830848832656,-0.0010267828158181049,-0.00398488389024645,-0.001839810375176801,-0.0018398118166296621
2021-06-18,0.0025152741824456216,0.0007660066685512472,0.0007660084177279647,-0.005378109446133739,-0.007513770065091969,-0.0075137705551890695
2021-06-21,0.0003531337416631447,0.0017902313084497024,0.0017902298689149176,0.008124557137543046,0.009466970534269464,0.00946697136686966
2021-06-22,0.0008305046120085719,0.0007280227613114339,0.000728022863819824,-0.0009704298922257589,0.0006244979109101783,0.0006244975752701962
2021-06-23,-0.0010421953789247187,-0.0009716855448299157,-0.0009716856153652325,-0.0009548610582742243,-0.0011641734082530643,-0.001164173364044136
2021-06-24,0.0021603273000673066,0.00247073778332497,0.002470737472824219,0.00143437253827665,0.002623682819856291,0.0026236822794347267
2021-06-25,-0.001555122365268001,-0.0007747392628478821,-0.0007747400432162065,0.001971260724254612,0.0026719321049742148,0.0026719321236280827
2021-06-28,0.0026609218818555358,0.0020386516966912197,0.002038652318463645,0.0003784669820108173,0.0003800688800212772,0.00038006909922364473
2021-06-29,6.0062450722527154e-05,0.00015135101392096451,0.00015135092264877825,-0.001238039546060197,-0.00048254927822607307,-0.00048254983069783596
2021-06-30,0.0015782983813461744,0.0010444750414626781,0.0010444755751415325,-0.0003405547690431155,-0.0003646004291970071,-0.0003646002706747117
2021-07-01,0.0009051588927131426,0.0010838445173593225,0.001083844338640061,0.0022101014423889787,0.002975098647414187,0.0029750983693739297
2021-07-02,0.00442199725881045,0.004172366326903429,0.004172366576505076,0.003924909726868262,0.004572007362136463,0.004572007862101506
2021-07-06,0.001109075973824379,0.0002263151932325859,0.0002263160761092232,0.001448477798793902,0.0014238354604042807,0.0014238355613352665
2021-07-07,0.002691180014300145,0.0023283364378973164,0.002328336801108786,0.002290625473942926,0.0027225571978125177,0.0027225574236654474
2021-07-08,-0.0004567648121858984,-0.0012653206673020284,-0.001265319857633367,-0.002058716374513602,-0.003920800978583616,-0.0039208003810707204
2021-07-09,0.00015256479297810744,0.0016801924324341437,0.0016801909014656112,0.0064412592443716995,0.00886238469882051,0.008862384370160743
2021-07-12,0.00041624796248960854,0.0007413679466741835,0.0007413676213400811,0.002633963755103861,0.0036009713373178886,0.0036009713297912335
2021-07-13,-0.0030898073318751415,-0.003145948397818879,-0.00314594834165909,-0.005205937773552427,-0.006010872035122045,-0.006010871640670267
2021-07-14,0.004569229272070539,0.00401365343368083,0.004013653989473246,0.004624450093241347,0.0041030712348899346,0.0041030716810147045
2021-07-15,0.002086948630615265,0.0012835183201530792,0.0012835191243413435,0.00021997128161322673,-0.00046772796562486536,-0.00046772790840030585
2021-07-16,-0.0027801945421308764,-0.0028592424783415193,-0.0028592423991555213,-0.00305929660983634,-0.003877872106585018,-0.003877872478998846
2021-07-19,-0.00023002049446840768,-0.00258805908612447,-0.00258805672378018,-0.008010925176471926,-0.01131212156178174,-0.011312120317177403
2021-07-20,0.0017031564292460065,0.0031203965039778127,0.0031203950807932126,0.008916612700100135,0.012296159524070833,0.012296158703890751
2021-07-21,-0.0011050962156564225,0.00015036934259565944,0.00015036808364532914,0.0010339279183679622,0.0026979970310984014,0.00269799655188476
2021-07-22,0.003339931355737141,0.002771916404944873,0.002771916973821458,-0.00013235696676706498,-0.0008206952626505781,-0.0008206946344783044
2021-07-23,-0.00044851228372489815,0.00033674403182184284,0.00033674324492887603,0.003095932561187228,0.005508562985132201,0.005508562725529244
2021-07-26,-0.0012478154770127834,-0.0012054238662596542,-0.0012054239087062708,-0.0007225367751688916,0.0001268043611270159,0.0001268044571170782
2021-07-27,0.0019008056314211471,0.0010727158967431508,0.0010727167258722215,0.0016683501605497491,0.0003418216545356004,0.00034182239879352173
2021-07-28,0.002378318195803252,0.0024586801226840213,0.0024586800421546725,0.0011211474516400052,7.189288477647718e-05,7.189327037702194e-05
2021-07-29,0.0013428895021274942,0.001740014020836511,0.0017400136229165494,0.0024934719327956646,0.0026405544517576784,0.0026405545684117624
2021-07-30,-0.0006241420388306709,-0.0010403723800664294,-0.0010403719631677131,-0.0016339547128617058,-0.0020284472546688234,-0.002028447464525692
2021-08-02,0.0019742458915685823,0.0013701945517499148,0.001370195155426801,-0.0005950265244426545,-0.0011776205774041149,-0.0011776207073846967
2021-08-03,0.0010804520929719049,0.0013728758833740163,0.0013728755906830148,0.0014103125981589147,0.0031127431780098025,0.0031127429817361905
2021-08-04,-0.0014643864678078504,-0.001732892805743206,-0.0017328925370699933,-0.0022492331736828,-0.0029450010232620425,-0.002945001075510029
2021-08-05,-0.00019082128821399757,0.0005982647477358868,0.0005982639579470677,0.003144162948004126,0.005254241004624516,0.005254240535146274
2021-08-06,-0.008699479347404199,-0.007528642315777074,-0.007528643486732726,-0.0069056329786782306,-0.003965027628460625,-0.003965027881412525
2021-08-09,-0.004718159665256791,-0.004413369372598016,-0.004413369677059585,-0.006042379422915788,-0.004398439196492151,-0.0043984399102146
2021-08-10,-0.0004978750208855683,-0.0004614909240358259,-0.00046149096036955596,-0.0022030858090043496,-0.002441069090011646,-0.0024410692027091547
2021-08-11,0.003321975288251296,0.003384045354790445,0.0033840452928085604,0.00498573771889395,0.004442128063337613,0.004442128221579367
2021-08-12,-0.0005253514027812102,-0.0002820083180384987,-0.0002820085610208372,0.0010281953368256058,0.0015194314220287439,0.001519432038996664
2021-08-13,0.006403440254151865,0.005556912710683379,0.0055569135557502316,0.005457677309334597,0.0045472589370669746,0.004547259097924902
2021-08-16,0.0007430330947903041,0.0003804658960815009,0.00038046625832778753,0.00020439559045702942,0.0005354625496323067,0.0005354628872284356
2021-08-17,-0.0033130696259406835,-0.0036967341727366944,-0.0036967337892728058,-0.0031698038920864547,-0.0038058092706122083,-0.0038058087000971395
2021-08-18,-0.0019246502919732136,-0.002521661299960526,-0.0025216607030319766,-0.004490191491111833,-0.006626497453267271,-0.0066264975609071596
2021-08-19,-0.00018083566357972766,-0.0006307198429227713,-0.0006307193928314994,0.0002088739190565566,0.001048083543754691,0.0010480841546863311
2021-08-20,-0.000545747634609503,-0.00016985957853921704,-0.00016985995476958968,0.0013816816782335523,0.0036986874579789924,0.003698687501564344
2021-08-23,0.005615147440652402,0.005839273416675155,0.005839273192429402,0.004999645697447439,0.005033472804727922,0.005033472344705523
2021-08-24,0.00034234672322727147,0.0009511500149390499,0.00095114940594614,0.00013621962107752202,-1.2263363411301256e-05,-1.226400132295271e-05
2021-08-25,-0.0022992824638464592,-0.0015965590205067363,-0.0015965597230215018,-0.0009952579225381835,-0.00021113734562770332,-0.00021113736701434672
2021-08-26,-0.0011655617749838391,-0.0015381743192552433,-0.0015381739470155332,-0.0012566689201417756,-0.0021987629514202117,-0.002198762684597541
2021-08-27,0.007186896773962841,0.007162327780566409,0.007162327805119977,0.008770340620453503,0.008955461165674673,0.008955461157732512
2021-08-30,0.0018308993396991635,0.0020281615168503153,0.0020281613197071667,0.003292404900548705,0.004434776826288347,0.004434776698659084
2021-08-31,-0.0013486389090368218,-0.0008724903260499432,-0.0008724908018175378,0.0008165083250092297,0.0009421009100077457,0.0009421006146008216
2021-09-01,0.0019841769026018863,0.002383334984451535,0.0023833345853705445,0.005082834366365363,0.005575029507178142,0.005575029036898771
2021-09-02,0.0024271334654945606,0.0024317079598653916,0.0024317079552928895,0.00265838381861075,0.0030115140802536855,0.0030115140474226273
2021-09-03,-0.0009868001976423635,-0.000627541142268119,-0.0006275415013690698,0.0007335628297675827,0.0006092049788384881,0.0006092048523439551
2021-09-07,-0.00627673219477797,-0.005765337789781713,-0.0057653383007673035,-0.008077447420244235,-0.007354112613958735,-0.007354113134688773
2021-09-08,0.001720851249827317,0.0013188073289730619,0.0013188077304889549,0.0017706059986911248,0.0012397759148692683,0.0012397764993941963
2021-09-09,0.0020859670978645673,0.0010842651862323393,0.0010842661870203267,-0.003735522278373515,-0.006343504151345,-0.006343503705860126
2021-09-10,-0.003420956818501696,-0.003294980811959417,-0.0032949809379464266,-0.005496290124655492,-0.007528084245325311,-0.007528084086826663
2021-09-13,0.003704841475693319,0.0036957664305679308,0.0036957664396426227,0.004202486331225934,0.0041827750050345905,0.004182774754744487
2021-09-14,0.002771662394057601,0.0017699905673840427,0.0017699915690257897,0.0003993405743564156,-0.0013262374458807877,-0.0013262373139426306
2021-09-15,0.0005595730769526698,0.00112029938942632,0.0011202988281561925,0.0016503920784678371,0.003407388723744679,0.003407388594814584
2021-09-16,-0.004913691165027045,-0.004319498211236445,-0.0043194988056725414,-0.004105231749600413,-0.0030268948495139137,-0.003026894603634189
2021-09-17,-0.0045063864548624336,-0.0046561565340281314,-0.004656156384286181,-0.00517850550323158,-0.0068657527828317536,-0.006865752305044071
2021-09-20,-0.00035368604041028127,-0.0020418614346058416,-0.0020418597464935393,-0.0035096328410361075,-0.0072859765927008185,-0.007285975574893355
2021-09-21,0.0013182962093912659,0.001478941677588827,0.0014789415166776205,0.0016399848767261365,0.0010054751853045797,0.0010054748643492748
2021-09-22,0.004040315069350389,0.004325105509620908,0.004325105224405127,0.005023362229901868,0.006792124368966583,0.006792123884792996
2021-09-23,-0.005021501249409078,-0.003192598029385166,-0.0031925998605005007,-0.0015350879703577205,0.001643925671182029,0.001643925490755422
2021-09-24,-0.003781413998569787,-0.0035819394990296615,-0.0035819396983790015,-0.003919689530573832,-0.003745360393692966,-0.00374535953882917
2021-09-27,-0.0006181617753945155,-0.0006402658999373111,-0.0006402658778514776,-0.002724254154355046,-0.004372481140582394,-0.004372481054738787
2021-09-28,-0.009951702635299412,-0.01000698959994659,-0.010006989544704154,-0.009888287464149745,-0.011862108364969705,-0.011862108252855547
2021-09-29,0.00029143244460424995,0.00036584827905516916,0.0003658482046951176,0.001388448568289089,0.0023094957848588593,0.00230949582991044
2021-09-30,0.0006213666699688083,-0.00026061870016763546,-0.00026061781890897166,-0.003388087225054316,-0.007074135492566247,-0.007074135847269845
2021-10-01,0.006154924375564752,0.006096919926797284,0.006096919751562124,0.008213213955837295,0.009562918940493548,0.009562920137269115
2021-10-04,-0.00156155686255413,-0.0018371042093363588,-0.0018371027497580325,-0.0010493754258661106,-0.0039170320262190824,-0.0039170293054523655
2021-10-05,-0.0013287425585344213,-0.0011253538440888237,-0.0011253549217392252,-0.0016615528568310813,0.00036746843179079336,0.00036746728688858343
2021-10-06,-5.237148858759579e-05,-8.712641412273348e-05,-8.71262300120601e-05,0.0018663368821156465,0.0038431957693354835,0.003843195495090281
2021-10-07,-0.0008417932701341338,-0.0005200895409696938,-0.0005200912452216265,0.000953970391194158,0.002918496389773059,0.002918493763259703
2021-10-08,-0.0025987961495216715,-0.0026389057183180153,-0.002638905505902672,-0.003969387353344598,-0.00411510384187278,-0.0041151054721659894
2021-10-11,-0.001800223482358398,-0.0018419278932811601,-0.0018419276724108466,-0.0008492585385829294,-0.0021265347512974637,-0.002126534128382821
2021-10-12,0.0054130413021002315,0.005173384118213606,0.00517338538751265,0.005776059713671487,0.004789228412378017,0.004789228503768301
2021-10-13,0.006629200662308389,0.006467007244870037,0.006467008104101673,0.007345826061994283,0.006752449467094178,0.006752447027922581
2021-10-14,0.005615455285390878,0.005811708233236048,0.005811707193403984,0.007997483281065624,0.010588615603096091,0.010588616322997263
2021-10-15,-0.002151774476363702,-0.0018126639226407212,-0.0018126657190429077,-0.0017984265844149846,0.0001872269666914061,0.00018722546391426842
2021-10-18,-0.0004823132234647777,-0.0005035727213744042,-0.0005035726087927289,-0.0002489838611152449,0.0010398027744830658,0.0010398021353261973
2021-10-19,-0.0018048017156621007,-0.0015316939359447488,-0.0015316953822435038,0.00038746731973035814,0.002435226721005212,0.002435224307855769
2021-10-20,0.0013761327750614004,0.0014384289416227557,0.001438428611810753,0.005848778459210127,0.006920869934377773,0.006920869351058739
2021-10-21,-0.0029449771927149834,-0.0028918388296148546,-0.002891839110925578,-0.0016441888078031174,5.0338323514661056e-05,5.033874393934451e-05
2021-10-22,0.003888254434994983,0.0036351212026343245,0.003635122542632285,0.0032809843508160757,0.0023860172085329533,0.002386016674684279
2021-10-25,0.0019338396641882488,0.0019279530415930548,0.0019279530727626152,0.0029421437829176894,0.00373105799773649,0.003731057676291574
2021-10-26,0.0016496092536529784,0.0016579844805535296,0.0016579844362065936,0.0011035981317967154,0.0009157617046570623,0.0009157635202342951
2021-10-27,0.0024206543774658285,0.0020398189527065266,0.0020398209692182607,-0.0021737462204155997,-0.003420783637598228,-0.0034207837109561626
2021-10-28,0.0010907746600133973,0.001356828791334442,0.0013568273820506829,0.005084318521048209,0.007472756651087323,0.0074727559761204685
2021-10-29,-0.002211390518636845,-0.0023190009800918413,-0.002319000410232686,-0.005292359585597576,-0.004469429862872085,-0.00446942833524049
2021-11-01,0.0007277055071406302,0.000596086034362564,0.000596085323046891,0.0024952698730105194,0.0026264130514799255,0.0026264118371701617
2021-11-02,0.002039798862073676,0.0019952805933593967,0.0019952806378881914,0.0026309720836695115,0.003077326331446563,0.0030773267958724335
2021-11-03,-0.004096322553755346,-0.003022133894337703,-0.0030221349688280674,-0.0012190598097353911,0.001486164833568498,0.001486164574762406
2021-11-04,0.0042728239894278194,0.003475270138726673,0.0034752709356449707,0.0006385554848544394,0.0002900496627075153,0.0002900499897275188
2021-11-05,0.0077477512131504615,0.007019411832633881,0.007019412560971277,0.006709191998126916,0.005506460428948005,0.00550646074516881
2021-11-08,-0.0006030874638648698,-0.0004313239816915136,-0.0004313241535787581,5.605878742029726e-05,0.00018071532268570148,0.00018071509576090498
2021-11-09,0.004274455111910347,0.003382573536147362,0.003382574428518205,0.0019740414587844776,0.000668463232260933,0.0006684630302438
2021-11-10,-0.008370861094456889,-0.008084182524954776,-0.008084182812045572,-0.0052913290035561614,-0.005821403719093377,-0.005821403212152716
2021-11-11,0.00046745825847665314,0.0006226439541269752,0.0006226437987630473,0.0011051811732975243,0.0011379437543164016,0.0011379431085257476
2021-11-12,0.0006017602303007046,0.0008492102543766575,0.0008492100066808558,0.0005895174563237853,0.0022373367899331943,0.0022373365671030576
2021-11-15,-0.004073299646374021,-0.003420747859739708,-0.003420748512778139,-0.000681293088656945,0.0007924511796416577,0.0007924509094401197
2021-11-16,-0.0016590127619785875,-0.001450264744884239,-0.0014502649536511435,-0.002970708890631413,-0.001601324307111792,-0.0016013245665691155
2021-11-17,0.002407342895996294,0.0017431373174501565,0.0017431379815769656,0.002223219824621026,0.0010044584889996795,0.001004459003324166
2021-11-18,0.0006676402740321933,0.0005194834596645859,0.0005194836079020533,0.00039864409394374636,0.0008750176014858899,0.0008750180282021654
2021-11-19,-5.355090436816063e-05,-0.0006826294621882876,-0.0006826288326740695,-0.0029778201883318665,-0.003072799036587591,-0.0030727989518776434
2021-11-22,-0.007761230789711441,-0.007084163281144476,-0.007084163959107394,-0.00747448701202546,-0.005856409557968045,-0.005856410045453933
2021-11-23,-0.0035004128416122196,-0.0025890820083208053,-0.002589082920234601,-6.718799159231197e-05,0.0013986778221154518,0.0013986774614855222
2021-11-24,0.003799786122746477,0.0031918172010937445,0.003191817808895719,0.004354693902228699,0.0048772858118172665,0.00487728583847211
2021-11-26,-0.0025495463686096157,-0.005605921817686338,-0.005605918760298405,-0.013260404825774844,-0.017625845560706274,-0.017625844270556093
2021-11-29,0.00021120927042586146,0.0013701677659464996,0.0013701666030407188,0.00404094511067554,0.006577250003269261,0.006577250186206744
2021-11-30,-0.001283246813793585,-0.0029615313247992026,-0.002961529642747653,-0.009339387648379851,-0.012905227033599902,-0.01290522746071604
2021-12-01,-0.000521013000701509,0.0008906484792010616,0.0008906452202570581,-0.005310786052892702,-0.007610245935860904,-0.007610227118217017
2021-12-02,0.00421704159813863,0.004197920054742955,0.004197920159278087,0.01104196359829295,0.014178636952571549,0.014178624786674672
2021-12-03,0.003797395497753133,0.003975405489975363,0.003975404516798037,0.001515334763322702,-0.001532158556482822,-0.0015321427727980098
2021-12-06,-0.00029098263351885073,-0.0006555717614457596,-0.000655569768597159,0.005760561780054345,0.008549825739338051,0.008549813546109925
2021-12-07,0.003511379629148761,0.0032112876459847546,0.0032112892868896054,0.008694601105860048,0.011973312823987042,0.011973296260923597
2021-12-08,-0.0025759052367735425,-0.0029712597413684987,-0.002971257578920925,0.0011971970647014119,0.002321355680663818,0.0023213511658405532
2021-12-09,-0.0025460286541212325,-0.002303745240835321,-0.0023037465665643212,-0.0072745150087540605,-0.008030352545517793,-0.008030350562192154
2021-12-10,0.002315898133554493,0.002148917549361452,0.0021489184628257366,0.003527893629476058,0.0047356176504577225,0.00473561099989383
2021-12-13,0.002587605965242956,0.0028559432245722875,0.0028559417563935423,0.0023863102022655246,0.0008675650602805378,0.0008675756264784821
2021-12-14,-0.00444761187928999,-0.0043592094808919445,-0.004359209964446835,-0.007470478529045578,-0.008012305672575479,-0.008012304402144566
2021-12-15,0.0016268903611963907,0.0014256921491623508,0.0014256932496046774,0.007087947313343057,0.009881082777352161,0.009881069772295453
2021-12-16,0.0017155070632678146,0.001571977456209107,0.0015719782413939568,0.0010003313109746676,-0.0011115375074922987,-0.001111526368249377
2021-12-17,-0.00017741051177669716,0.00012963549955082075,0.0001296338196017838,-0.002171737175490151,-0.003834482871897195,-0.0038344734000527567
2021-12-20,-0.004778685481874781,-0.004793322143042509,-0.004793322062985139,-0.005834691583800872,-0.007078902471353281,-0.007078896059821139
2021-12-21,0.003667039065474296,0.003438730239212235,0.0034387314879992816,0.0076128055659047565,0.009931123448800056,0.00993111159102841
2021-12-22,0.0049732556324055405,0.004827202548696199,0.004827203347748519,0.006689768797620434,0.008067090446432558,0.008067083790127097
2021-12-23,-0.00026182428378743373,-0.00045758748798823475,-0.0004575864168175708,0.0010591947783294775,0.001962074779202432,0.0019620692476796345
2021-12-27,0.004390802689001784,0.004292907280806838,0.004292907816572624,0.008151782325274207,0.010449775911083625,0.010449765825802818
2021-12-28,-0.0014183382939276861,-0.0014211791920898675,-0.001421179176540574,-0.00022683440263503315,7.960313520803306e-05,7.960261986690435e-05
2021-12-29,-0.003253841568549202,-0.003463911697106819,-0.0034639105473115352,0.0003273229416046828,0.0014613454754875295,0.0014613412395608585
2021-12-30,0.0031523528327079167,0.003273068889992627,0.0032730682291275486,0.00286074693721756,0.001973165940424509,0.00197317116301623
2021-12-31,-0.0002157191997577897,-0.00021763308084281238,-0.0002176330703664517,0.0005447481572207525,0.000565102330352394,0.0005651029824134304
2022-01-03,-0.008254775620402666,-0.0076960720975916,-0.007696072323905456,-0.006123926281596304,-0.0037467575152091426,-0.0037467656775432845
2022-01-04,0.0007431960801779071,0.0007446975716594329,0.0007446975701590357,0.001361479403809049,0.0003229660817361499,0.00032296653513679593
2022-01-05,-0.007582101220243895,-0.008477285863813848,-0.008477284969282971,-0.013145015106095405,-0.016819626253066634,-0.016819625902513076
2022-01-06,-0.0009129506131775695,-0.0007668808472078763,-0.0007668809933027468,-0.0013822499740758633,-0.000977854398854786,-0.0009778548179292094
2022-01-07,-0.002169596081600166,-0.0020326970427361544,-0.0020326971796387062,-0.002593141346260949,-0.003287819302948972,-0.0032878197132042704
2022-01-10,-0.0005705342904331954,-0.0009088500406086973,-0.0009088497023306773,-0.0019382134705818255,-0.002120888952288709,-0.002120888955293596
2022-01-11,0.007304412607315813,0.0073450712030264835,0.007345071162358656,0.00626527598848733,0.006604177085497525,0.006604176192267041
2022-01-12,0.0018255613013066032,0.0022685758573514386,0.002268575414254176,0.002076964019548416,0.002299429072435325,0.002299428385630947
2022-01-13,-0.0009222095696846902,-0.001900960556734564,-0.0019009595782335537,-0.0028746031064284827,-0.005722282988996103,-0.005722282412142905
2022-01-14,-0.004901934378453286,-0.0042274580364417185,-0.00422745871140703,-0.0046300683772931206,-0.0037916012289325863,-0.003791601594540616
2022-01-18,-0.008299026993630582,-0.008394676368727892,-0.008394676273074012,-0.008190631844839915,-0.010907557173012016,-0.010907556707926064
2022-01-19,0.002646750203313199,0.0015910947794670997,0.0015910958352741093,-0.0014291784333203099,-0.005093890212059181,-0.005093890308049392
2022-01-20,-0.0005139175446413901,-0.0013028553270668973,-0.0013028545371841858,-0.005132977190659464,-0.007398158982183994,-0.007398159543384269
2022-01-21,0.0012861610191183671,0.00010605437363793104,0.00010605555609137588,-0.0015039990976306265,-0.006462798547989406,-0.006462797643188932
2022-01-24,-0.002469901046651933,-0.002358946231122368,-0.0023589463424290164,-0.0002674428754936912,0.001036063206245161,0.001036063936784569
2022-01-25,-0.0014512140252342083,-0.0018749054869751222,-0.0018749050619874235,-0.0023769186788906585,-0.004966085887277519,-0.004966085918650595
2022-01-26,-0.007670061839014948,-0.007204227168270597,-0.007204227635728784,-0.009062867403637043,-0.008486812525929673,-0.00848681236162675
2022-01-27,0.0012846831622926843,-0.00011827054183719259,-0.00011826913465452717,-0.006265640980143688,-0.007400072438111888,-0.007400072844698388
2022-01-28,0.0038875803364547927,0.004867966140927615,0.0048679651562068636,0.010575789183855476,0.016867177571285398,0.016867177287006693
2022-01-31,0.003720051445720798,0.004705931226648557,0.00470593023737565,0.007052501210210985,0.010603664583795865,0.010603663672543048
2022-02-01,0.001145220091034016,0.0011270951415043307,0.001127095457686078,0.0013828694766955252,0.001721334795547813,0.0017213315730109091
2022-02-02,0.003309073222996616,0.0032479411522821047,0.0032479414730132296,0.0052120293039956385,0.00742129119459524,0.007421281745857843
2022-02-03,-0.007410347472404837,-0.007530967244959033,-0.00753096661208545,-0.008982946751434736,-0.012366506822154068,-0.012366489550079579
2022-02-04,-0.005015304373118756,-0.005371061313544361,-0.005371059446715,-0.004685037434045845,-0.0030643921033882697,-0.0030644024451269938
2022-02-07,0.0009274458428085805,0.0008830062001044872,0.0008830064333842737,0.0009426828299331346,-0.00018965473974576273,-0.00018964933526676754
2022-02-08,-0.0018348017259988893,-0.0019211798278304516,-0.0019211793743803647,-0.0014166760512367925,0.0006870581281425531,0.0006870459624876057
2022-02-09,0.006094141055557216,0.005997060126349806,0.005997060636029511,0.010598531502424232,0.01298727419955822,0.01298726499247358
2022-02-10,-0.011660248092561415,-0.011861535583880957,-0.01186153452700964,-0.014478510147727719,-0.01622571498246741,-0.016225708752160187
2022-02-11,0.005236461473125056,0.005210106805402711,0.005210106943807565,0.0003415817762591881,-0.005170380788486129,-0.0051703543292183456
2022-02-14,-0.005198521151595936,-0.0055004365806280335,-0.005500434995039572,-0.004685553077893081,-0.00450111115091441,-0.00450111329503837
2022-02-15,-0.0019453829228400854,-0.0019510369273702999,-0.0019510368976677895,0.0011564700675884441,0.005587341454116835,0.005587319893434103
2022-02-16,0.00404085200341468,0.004002325657868355,0.004002325860262185,0.004142707410525729,0.004029486433104058,0.00402948709570106
2022-02-17,0.0009025671609591031,0.0008274573956807358,0.0008274577902765947,-0.0032086851941221543,-0.0077974388112084896,-0.0077974167348960725
2022-02-18,0.001823158212734183,0.0019387061337105688,0.0019387055266236904,-0.0014544855305454944,-0.003234325224932711,-0.003234317228810262
2022-02-22,-0.0006734517103923805,-0.0007705305790677215,-0.0007705300690757624,-0.001997215463390802,-0.004209817690594025,-0.004209806347191851
2022-02-23,-0.006191452658644269,-0.00652595108952304,-0.006525949332105737,-0.007765173105151481,-0.010770743795731709,-0.010770730376056243
2022-02-24,0.001776813545225135,0.001879461579586624,0.0018794610401037639,0.0059789586761801565,0.008934642580852331,0.008934630925929483
2022-02-25,0.00390764585296938,0.004079947260207611,0.004079946354743295,0.00948528178680803,0.01411601054248316,0.014115990194713587
2022-02-28,0.007639916308097819,0.0077507647385121154,0.007750764156090436,0.0007521702099021806,-0.0021614332335417813,-0.002161422268830292
2022-03-01,0.006303604986621858,0.006011686219749235,0.006011687615558703,0.0018454803451606328,-0.002823545859694687,-0.002823526161662704
2022-03-02,-0.006602196744387671,-0.007416672599120181,-0.007416669209780156,0.0031646900332153484,0.008143971648177557,0.008143954243855268
2022-03-03,0.0026117367480350748,0.0026749854016890483,0.0026749851382716666,0.0028982687957430464,0.0018126425376868338,0.0018126485837950796
2022-03-04,0.00677899148778907,0.006519471138244171,0.006519472219023838,0.003367109060254833,0.0010189109298793415,0.001018920996811617
2022-03-07,-0.0071640652880354695,-0.007609986098427895,-0.007609984240899541,-0.010617771826244045,-0.015031906302310556,-0.015031889636168836
2022-03-08,-0.00031652827650898856,-0.0008921219000808191,-0.0008921195013098361,0.0012099415501727663,-0.00045323505979670575,-0.0004532294377395129
2022-03-09,-0.006440522755944152,-0.005604014130407347,-0.005604017618542974,-3.479581244637299e-05,0.007902479078296165,0.007902449211393828
2022-03-10,-0.00787072671639817,-0.00805903731177584,-0.008059036527204922,-0.005084892720246561,-0.0030094595662292474,-0.0030094661934362867
2022-03-11,-0.0021469076950779726,-0.00214947923477859,-0.0021494792240625803,-0.0048355311677443,-0.007802017691127803,-0.007802006033346541
2022-03-14,-0.014876741596215975,-0.01489026085139088,-0.014890260795053874,-0.01234015519423351,-0.010412521147467112,-0.010412528017398876
2022-03-15,-0.0001955644112046108,0.00022443581651406658,0.00022443406627854962,0.002954502721501299,0.006860159034483291,0.006860143953345787
2022-03-16,0.010522274144148195,0.010626005678493545,0.010626005246402406,0.01238486101543408,0.014485864111773765,0.01448585437508278
2022-03-17,0.006292397886817037,0.005866057923669795,0.00586605969939611,0.01240132619436704,0.011482227717784009,0.011482232699945558
2022-03-18,0.004506004527167031,0.00464079151321911,0.004640790951586924,0.0016587866855273606,0.003017502215164931,0.003017495625064464
2022-03-21,-0.007116899087470173,-0.007908811526355908,-0.00790880822704746,-0.004181185421728375,-0.0036483455583336214,-0.0036483481589076557
2022-03-22,-0.001739520530322723,-0.0018716962334656543,-0.0018716956823485245,0.0012306878149825266,0.0035875540331842255,0.0035875444555891157
2022-03-23,0.005913117896651688,0.005879525194029259,0.005879525334115258,-0.0008903675263062676,-0.004912749767555964,-0.004912735784463565
2022-03-24,-0.00041482222392268196,-0.0004899695895673833,-0.0004899692761824938,0.0040883627141126335,0.0073282916980033416,0.007328279076982124
2022-03-25,-0.005408519549768042,-0.005678131277763108,-0.005678130153324574,0.00045680021733176743,0.0028482628371752612,0.0028482558152512845
2022-03-28,-0.001428500333353258,-0.0007001661666024195,-0.0007001692050053558,0.00044412829558799355,0.0034098476913982157,0.003409838062189637
2022-03-29,0.009092007717499918,0.00917145685268001,0.009171456521482386,0.014178195051512854,0.015563438669504347,0.015563436374518019
2022-03-30,0.003192501838766547,0.0030892429556238278,0.0030892433860426616,-0.00028334854471646106,-0.0027577599503867574,-0.0027577515275873194
2022-03-31,-0.004492558370821595,-0.0042690691564092244,-0.004269070088085673,-0.0077399425113900515,-0.009487274321106954,-0.009487267936708772
2022-04-01,0.0017415350344318625,0.0011171048967133501,0.0011171185889973234,0.0065655519611813595,0.005284208272366753,0.005284217567484317
2022-04-04,0.0031493319566762005,0.003781933563400463,0.0037819156922662086,0.0037152393912407372,0.0045838622773223744,0.004583852349060392
2022-04-05,-0.013734983535391704,-0.013559130013526767,-0.013559134978296588,-0.011245357354892113,-0.010940474953534078,-0.010940512895063327
2022-04-06,-0.005386505260622573,-0.0054861209958112995,-0.005486118183919755,-0.0013486846159477405,-0.0031034362033625813,-0.0031034589041935225
2022-04-07,-0.0022399378788899903,-0.0021749936823455968,-0.0021749955157339467,-0.003100723768977023,-0.0013110715170665766,-0.0013110898975784084
2022-04-08,-0.003012376968867159,-0.002907168567526551,-0.0029071715373885816,-0.0011878918248155858,-0.0019058820662852592,-0.0019059297539483423
2022-04-11,-0.0083462086945322,-0.008537901483227979,-0.00853789607262332,-0.008346726392556852,-0.009909187004250183,-0.009909197481822837
2022-04-12,0.00412946603695037,0.003975530576229466,0.003975534921958664,0.002913829025515053,0.0018402939061991288,0.0018402637645253317
2022-04-13,0.006495698185490941,0.006878616670288952,0.006878605858516479,0.0076670595776599905,0.007950469857842389,0.007950448000947193
2022-04-14,-0.008782718520233646,-0.00846845586671764,-0.008468464736605905,-0.006729732238579959,-0.007771574302040436,-0.007771608416185903
2022-04-18,-0.001907289196656634,-0.0020033607064362355,-0.0020033579957308076,-0.0024937697913864484,-0.0014774859092888492,-0.0014775262864197532
2022-04-19,-0.005444938643539713,-0.0044736737105470275,-0.004473701117908183,0.0008589721216925861,0.006299362257881202,0.006299341533497031
2022-04-20,0.00785323007607519,0.007334029995770812,0.007334044632376032,0.008379260263861085,0.0058861534532223675,0.005886168862576483
2022-04-21,-0.007546492644967525,-0.007881230356945872,-0.007881220915597308,-0.00828257787878844,-0.009215261635109022,-0.009215279297104284
2022-04-22,-0.007873280232271285,-0.008362622341137157,-0.008362608534481985,-0.01123679004676369,-0.014934996986143749,-0.014934935133155944
2022-04-25,0.0027192946494054315,0.0028618478048081934,0.002861843780724769,0.0007469855380297786,0.002194509238022971,0.0021945759459297024
2022-04-26,-0.0011126877398395653,-0.0027072119486481723,-0.0027071669437770795,-0.00789665982257714,-0.01332560561470604,-0.01332558661178278
2022-04-27,-0.004649721489617599,-0.004215788814661149,-0.004215801081836045,-0.004992181311860473,-0.003370468893713347,-0.0033704987141234587
2022-04-28,0.005666975422221675,0.006443875574375245,0.006443853621160697,0.010416656021911996,0.013757734022306296,0.013757694584240565
2022-04-29,-0.011365444455548782,-0.012288534120381854,-0.01228850805635943,-0.020464936762799736,-0.025027564921337387,-0.02502752450722205
2022-05-02,-0.006710383734800818,-0.005450083242316439,-0.0054497537966011755,-0.009283511307861314,-0.005285943860935727,-0.005290205503255541
2022-05-03,0.003376861651629669,0.0036960789208077853,0.003695613975776351,0.005999617303865825,0.005727534803505609,0.005728890302003534
2022-05-04,0.011859499908433838,0.013028052770364397,0.013028134955004921,0.013625286545880619,0.016180313185073104,0.01617173815944406
2022-05-05,-0.017940415780605658,-0.017323457587889023,-0.01732201381041851,-0.0192923393575393,-0.021765205118562142,-0.021757294487440525
2022-05-06,-0.007039216765161524,-0.006016565314033077,-0.0060159514027099785,-0.00704733638489412,-0.005633733843716524,-0.005636446296000553
2022-05-09,-0.009146220723078836,-0.013504323436768266,-0.013503853364748034,-0.020565847522876414,-0.022983124017217617,-0.02297287601489676
2022-05-10,0.0021340712022225724,0.0005374013521072998,0.0005371941155820777,-0.003536282521415408,-0.002098529965254296,-0.0020993696170696083
2022-05-11,0.005493767331103631,0.004059284404475398,0.004057891541447046,0.001014927287751051,-0.004605002021727041,-0.00459547096303023
2022-05-12,-0.0006752742287233738,-0.00235041782070638,-0.0023494354506193305,-0.00011364689516341845,-0.001876098589782586,-0.0018712454857315994
2022-05-13,0.0011174276403881649,0.002715247907627008,0.0027162573041322044,0.008379729662656434,0.010051826574804704,0.010043826570081196
2022-05-16,0.0024365878847651345,0.002771768982628776,0.002772086402252325,0.0005055856699942086,-0.0007008540262023321,-0.0006994518221800708
2022-05-17,-0.0022615911624154685,-0.0008367030733815563,-0.0008362855274054454,0.003024234649094339,0.00638618049713398,0.006375597058932699
2022-05-18,-0.0030144234135001478,-0.006493496977445982,-0.006494722258717598,-0.013322300603790325,-0.018927996666352875,-0.018912259413770817
2022-05-19,0.0052405779916769495,0.00633967707082663,0.006339461217353229,0.003391357699671649,0.002687102695379708,0.002689331406662588
2022-05-20,0.004474847523503929,0.0034889641983221562,0.0034884069656855206,0.003512396315033737,0.0014556833611936355,0.0014584134742625203
2022-05-23,-0.0003606586403614538,0.0024499757333462475,0.0024507725394008156,0.005634616811513659,0.009112046903647482,0.009103057391490818
2022-05-24,0.007227685869902253,0.006247715583235785,0.006246773037867176,0.006523861897423545,0.003110213280916439,0.003120074172832548
2022-05-25,0.005129164984174131,0.00538736625876171,0.005387605273650771,0.007443556234537256,0.007923745840242412,0.007927638782424824
2022-05-26,0.003823059224686007,0.00484131990976782,0.004841758201294204,0.004842225396768762,0.00978033314619202,0.009771719565276034
2022-05-27,0.007027123253599744,0.007967376272284157,0.007967368800500625,0.012824073904491308,0.014620373207781407,0.014615041840390499
2022-05-31,-0.009731827722565615,-0.008522919114801466,-0.008521784797696833,-0.008315850280127645,-0.008481715391981772,-0.008481916371650217
2022-06-01,-0.0034220852047492922,-0.003213567594825939,-0.003213811821297319,-0.004335374329817787,-0.004531510639145142,-0.004530851372920308
2022-06-02,0.007400918084295113,0.008012454963782438,0.008013064047036996,0.009854455608384488,0.011094229248975216,0.011086282914033085
2022-06-03,-0.0052444390611747944,-0.005644522374566654,-0.005644366607497681,-0.008240927503340077,-0.010924692149015775,-0.010916744804631801
2022-06-06,-0.00595801922214379,-0.005329487782687207,-0.005329010854217433,-0.003511976736593054,-0.003190079736325965,-0.003193700768303482
2022-06-07,0.006174275698270837,0.006135586595847074,0.006135470742121103,0.007590078629164229,0.007381154599199713,0.007379235840822208
2022-06-08,-0.005463900027926483,-0.005574462499925356,-0.005573978462573082,-0.009311747303527284,-0.010599439874152985,-0.010597177665102098
2022-06-09,-0.00612441713703853,-0.007007524031278692,-0.007007348186286133,-0.012435353841695564,-0.014533709184920945,-0.01452603141183213
2022-06-10,-0.01030088627829283,-0.010644917138771026,-0.010644632966556418,-0.012617583443221484,-0.01633307263799523,-0.016324926992391832
2022-06-13,-0.026542771928817606,-0.027025122708298963,-0.02702461599858865,-0.032402617206330295,-0.03573353209938684,-0.03572601175724016
2022-06-14,-0.005976284723563048,-0.005534559601449892,-0.005534612447253035,-0.004693356868523235,-0.0019717442217979265,-0.001973058229163615
2022-06-15,0.014905300598585441,0.014897546814507143,0.014897101947389921,0.016570743697746,0.017447929709878074,0.017448109320459756
2022-06-16,-0.002706736383932322,-0.003929593265581097,-0.003929355985932197,-0.010233913005400738,-0.016910772968332505,-0.01689505832956542
2022-06-17,-0.00219438271840657,-0.002413083709376844,-0.002414070360939832,-0.0006306668512705478,0.0015387445072555471,0.0015360505985427889
2022-06-21,-0.0024543838219086844,-0.001624999593595952,-0.001624512631249478,0.0024689632279188,0.007565135084371794,0.007547882108751996
2022-06-22,0.006566237682235195,0.005327662988103251,0.005326825060950634,0.003813384562113848,0.0028240578746579616,0.0028256714468782715
2022-06-23,0.0035108678648225894,0.0033529835248877577,0.003352124281718414,0.006350354271776234,0.007926425930465962,0.007924363897228129
2022-06-24,0.003643071296267085,0.00499763815470314,0.004997935410814765,0.011037817006656464,0.014785729589637059,0.014772768683350215
2022-06-27,-0.0052713157519942485,-0.005155341343391866,-0.005155014003758081,-0.004505887839445509,-0.004091902036134641,-0.004094344583722081
2022-06-28,-0.0017558359856167873,-0.0023181416799527383,-0.0023180023664410433,-0.005980844782858671,-0.011226994056818245,-0.011215793281120132
2022-06-29,0.0029775560305576126,0.002125518505825746,0.0021248195109885744,-0.0013958930156264303,-0.0016444138189987407,-0.001644337729689657
2022-06-30,-0.0003300025342206061,-0.0011757894677869335,-0.0011765665040292094,-0.0033103727467432417,-0.0035458505993788522,-0.0035432272019101335
2022-07-01,0.008561437372074154,0.007955288972185892,0.007955082615152653,0.009370109754490041,0.010328542535069873,0.010332462218692884
2022-07-05,-0.006669268600506958,-0.006146750926443885,-0.006146994861515818,-0.006518513907144515,-0.004125585708968943,-0.004121335991026597
2022-07-06,-0.008324644173985948,-0.008257261788719342,-0.008257293229357891,-0.006615952612748621,-0.003430673142378206,-0.0034330443419652483
2022-07-07,0.004652536971325063,0.004403914942837699,0.004404030942062829,0.005774393130681953,0.009820619422261527,0.009816189575421576
2022-07-08,-0.0021490099650499934,-0.0022929567996086797,-0.002292889621922693,-0.0021834240921088815,-0.0010222536964760733,-0.0010246058290661855
2022-07-11,0.000740041007640552,0.0008494613609849027,0.0008494102888915619,-0.0010099421299794333,-0.005874049785703487,-0.005868591008010256
2022-07-12,-0.002559982503231142,-0.002234221988580847,-0.002234374021112643,-0.0031823107345936496,-0.0026548719174248636,-0.002651825738873386
2022-07-13,0.00385143220547799,0.003917072765956621,0.003917042141484155,0.0020571947237288855,-0.0014510644822699906,-0.0014485642679732103
2022-07-14,-0.007251518152422184,-0.007216167330156006,-0.007216183821933699,-0.007686266389614407,-0.005695007788243172,-0.00569499626900489
2022-07-15,0.007898712576526535,0.007932436003015467,0.007932420271006345,0.010806190737435002,0.01280976627814377,0.012808503473494753
2022-07-18,-0.0031978815221097817,-0.0034244298936409426,-0.003424324212153998,-0.005047673824121159,-0.006786824117864312,-0.006788427093636404
2022-07-19,0.0053839204737074,0.005380642962758357,0.005380644492016462,0.011757078959869372,0.01718630939153635,0.017181390787576148
2022-07-20,-0.0006231505283836459,-0.0005759884538301452,-0.0005760104593156895,-0.0006534448287238352,0.0010722559196586845,0.001072845377885163
2022-07-21,0.010517731267604361,0.010723140800723589,0.010723044962630119,0.010417395264259654,0.010831921502941547,0.0108333779366916
2022-07-22,0.00460810447135201,0.004780308885227279,0.004780228555994421,0.0035546884327138295,-0.000987641596137555,-0.0009831330740512835
2022-07-25,-0.0017681113139870238,-0.0019860611686875365,-0.001985959517718969,-0.0015158655049383363,-0.00022286807165624575,-0.00022518452600676518
2022-07-26,-0.0023608852329427355,-0.002349194873588547,-0.0023492003271170436,-0.0021398232547172706,-0.0052773691347023696,-0.005275661509193346
2022-07-27,0.008226206682948822,0.008059071141783619,0.00805914910925521,0.008872966123599235,0.013579755111929024,0.01357453065971609
2022-07-28,0.009629935471338004,0.009661784381568977,0.009661769521829967,0.014712026515749363,0.015533173135227132,0.015532482699057371
2022-07-29,0.0026596315585780865,0.002610731661822495,0.0026107544763171696,0.0038792759657621688,0.006507012619487859,0.006504649553016172
2022-08-01,0.003565917031226551,0.003729993181838198,0.0037298776110807896,0.002612173614553459,-0.0017115300802830191,-0.0016997883300636785
2022-08-02,-0.011627539375684217,-0.011715180015938,-0.011715028740016696,-0.013284868623220945,-0.00775859352984965,-0.007771949021412015
2022-08-03,0.007082624911302793,0.007287919681728131,0.007287565292431832,0.00926008751529712,0.008655645773813763,0.008659009017299392
2022-08-04,0.0028106783743271422,0.0027704207670010785,0.002770490247399426,0.0008089685371181056,0.0025602471038818544,0.002556905368857734
2022-08-05,-0.011096320364350504,-0.011163548095749837,-0.011163432063102387,-0.009706480622048295,-0.0038357815842947956,-0.003851718581496112
2022-08-08,0.006699465604476087,0.006661949648049599,0.0066620144036362555,0.008499547379002012,0.0034060795459650212,0.00341758113794286
2022-08-09,-0.002206899653986048,-0.0023211313283657635,-0.0023209341478859866,-0.001115300170289678,-0.001813264890851769,-0.0018130959506546522
2022-08-10,0.006460254802515342,0.006515176756784455,0.0065150819426694935,0.007619880504224078,0.013927764110112604,0.013910486517754875
2022-08-11,-0.005672241936976769,-0.005933037873572273,-0.005932587674934953,-0.008579636032853947,-0.0029822458277900883,-0.002998300045497976
2022-08-12,0.008063831744589252,0.008225099858330013,0.0082248213965541,0.01205948527231607,0.013203125431458722,0.01320069498655642
2022-08-15,-0.0019396666993154598,-0.0018327905770565312,-0.001832975090671792,-0.0004953730271111804,-0.00031155347694317105,-0.00031008158971131746
2022-08-16,-0.0016986434095349716,-0.0016615880009564158,-0.001661651967504257,-0.0007021017807618068,-0.0018620234059350243,-0.0018581201132232739
2022-08-17,-0.00712406272924525,-0.007234250618989952,-0.007234060415237546,-0.007900198074438158,-0.007718284846854327,-0.007719749685839309
2022-08-18,0.0015947662596806295,0.001529337263645731,0.0015294502181588772,-0.0005057054411894781,-0.000334122314773916,-0.00033401877216538757
2022-08-19,-0.010449026439045987,-0.01057486078274895,-0.010574643532220181,-0.012208306243141325,-0.010894441642907078,-0.010897921695580706
2022-08-22,-0.007124285354673319,-0.0072371390399433334,-0.007236944175530222,-0.011245748429893981,-0.015366700978863643,-0.015357427344374577
2022-08-23,0.0005269704217552569,0.00039227722992755173,0.00039250983100046785,-0.0036988630263184675,-0.0017198315510627102,-0.00172574894108833
2022-08-24,-0.00048532627013046407,-0.0006000560719547119,-0.0005998579189413196,-7.263762990492853e-05,0.0027814187446992696,0.002773365132405321
2022-08-25,0.008080783146017867,0.00832237754901962,0.00832196023682664,0.011853215385922782,0.011045977574355567,0.011048503258653657
2022-08-26,-0.007805144462131598,-0.007839600083503389,-0.007839540581662564,-0.011378738179929161,-0.02204179020568442,-0.022016516218173368
2022-08-29,-0.0038699332627369224,-0.004062529665079748,-0.004062197056428178,-0.006292822895329998,-0.005268953277189967,-0.005272700567402507
2022-08-30,-0.005635783071320562,-0.005416547631726045,-0.005416926318347582,-0.006234944686275451,-0.009593491006180536,-0.009583046639295352
2022-08-31,-0.007705199470122111,-0.007675399941359768,-0.0076754514029287145,-0.007806564337153225,-0.006671792709846516,-0.006673581829604104
2022-09-01,-0.008508266937568787,-0.008468100067313244,-0.008474356188755139,-0.006799403659537795,0.00022622361632085308,-0.0002910714027817285
2022-09-02,0.0015648708381718565,0.001524278123424533,0.0015317317004360429,-0.0029817310050475436,-0.00502550570902415,-0.004682022671422379
2022-09-06,-0.010032322905643137,-0.010257624864120548,-0.01021625386751602,-0.006323296779052945,-0.0018284354736305755,-0.0022056141473571827
2022-09-07,0.009209297067557036,0.009523522307823223,0.00946581208114044,0.01404708534748842,0.015642975670268382,0.015065858754038198
2022-09-08,-0.0022055727451771277,-0.0023164647411309347,-0.0022961036268625847,-0.0009038945354178861,0.00286304239677288,0.002411550636443291
2022-09-09,0.007181587033159132,0.0069686244090610356,0.007007730475701176,0.007998141473733109,0.009141598338470416,0.009097402944354424
2022-09-12,0.0022632598049112137,0.0020377270611882554,0.002079148513589717,0.0038054173122280335,0.0067594222958363166,0.006533747807420495
2022-09-13,-0.0137110557108117,-0.01352889445074542,-0.01356235642237177,-0.02054989439820263,-0.02987501396589511,-0.02849922868470183
2022-09-14,0.001521064230028909,0.0015732569113097287,0.001563670862387561,-0.0007930889130390627,-0.0008988433766263014,-0.0009249609020081291
2022-09-15,-0.008690112971693573,-0.008425095843161725,-0.008473768550238965,-0.010807600540759969,-0.011935254719652132,-0.012072813257577971
2022-09-16,-0.0019887606994930637,-0.0020777400818988412,-0.0020614018079415874,-0.002177593169019625,-0.0007874353333930012,-0.0007970494015623009
2022-09-19,0.001374604679219981,0.0013787302939413705,0.0013779726989990753,0.0017589739623508445,0.0033630454417162437,0.0030625214374134483
2022-09-20,-0.008926342203758826,-0.009022124288665792,-0.009004535690619786,-0.013150646976920703,-0.012783440726655323,-0.01276747076938781
2022-09-21,0.0005104072530796942,0.000730637066670707,0.0006901927674054795,-0.003030054335164204,-0.00847405922996183,-0.007882270782655354
2022-09-22,-0.011284274249284949,-0.011581745033000168,-0.011527125562112453,-0.01179617481299915,-0.007813938570446646,-0.007991526908796962
2022-09-23,-0.009414933482685114,-0.009046788245905463,-0.009114401064774603,-0.010396229712525339,-0.01417225438347977,-0.014001107891087085
2022-09-26,-0.016410009623627576,-0.016448937639166303,-0.016441790365988303,-0.018562430907175454,-0.014882895273183015,-0.015463078521292752
2022-09-27,-0.008021837641997888,-0.00845748651388997,-0.008377497794609955,-0.01096181813070298,-0.004708818886797084,-0.005210834101971835
2022-09-28,0.0228995562743282,0.022942696567654172,0.022934772813701654,0.02210369174128955,0.019561038079416657,0.01971033224399051
2022-09-29,-0.008377616872472375,-0.008398445744410909,-0.008394620152100307,-0.013552960082714314,-0.015305503679372664,-0.01497104780106124
2022-09-30,-0.005254506172851148,-0.005250367575160039,-0.005251127715173163,-0.002240379410538251,-0.004070611091210834,-0.00349900760939309
2022-10-03,0.017245716740422967,0.01722794952493456,0.01721937041643251,0.017586420946816395,0.019836498505605427,0.020158763854943862
2022-10-04,0.012813295436459964,0.012621511302964837,0.012621894132980921,0.013160554853125452,0.022155033764094143,0.022126453116075098
2022-10-05,-0.005716928595934645,-0.0058651986206084234,-0.005864902595364631,-0.009142516861485251,-0.007054659118632111,-0.007061713643234236
2022-10-06,-0.005425525197315035,-0.005487800979629083,-0.0054876766257840855,-0.010340855412652446,-0.01001438831505697,-0.010014988967700578
2022-10-07,-0.009977444711821153,-0.010109247567964205,-0.010108984364265612,-0.01481409399763189,-0.018846913324718065,-0.01883733968305929
2022-10-10,-0.01034888254046729,-0.010385267099905542,-0.010385194432108679,-0.011662845380343154,-0.01049627865099274,-0.010499064742535268
2022-10-11,-0.0013450819780850332,-0.0012769509350594255,-0.0012770870124102429,0.0016495634180694633,0.0005178480436456732,0.0005242020081699832
2022-10-12,0.00127398375119132,0.0012415619173908056,0.001241626668738904,-0.0010822283565139934,-0.001952355943258083,-0.001948589815365487
2022-10-13,0.0021527805932550557,0.0020700969780752493,0.0020702621152048255,0.005031354800618103,0.011386896039435029,0.011367412253626596
2022-10-14,-0.01091276563208277,-0.01088114681172121,-0.010881209966569957,-0.014309064684009415,-0.015239303712564023,-0.015234497675919119
2022-10-17,0.007249320604799056,0.007281520439951654,0.007281456126646519,0.013053748371035817,0.019625632597741673,0.01960564694695658
2022-10-18,0.003428364382512024,0.003515129708563936,0.003514956416159247,0.005778450760314176,0.008377288775321803,0.008371861490597078
2022-10-19,-0.012236893965582573,-0.012393966447537248,-0.012393652760945914,-0.01629116009629046,-0.012728895695505898,-0.012737437666023858
2022-10-20,-0.006649620301817971,-0.006761128613212109,-0.006760905886648589,-0.008345998437854892,-0.005727692057105385,-0.005737325727902568
2022-10-21,0.0047087970011590215,0.004517081819752327,0.004517464794323839,0.0024685629108150203,0.014325816550378345,0.014293677582770158
2022-10-24,-0.002392285574669958,-0.0025183910568085306,-0.00251813909767048,-0.002257287582122972,0.003323808217710487,0.0033123348943109544
2022-10-25,0.014841003864509452,0.01504226154203563,0.015041859377846764,0.02301324389318311,0.016798083733898406,0.0168142116133769
2022-10-26,0.006949440877764339,0.006959844067821247,0.006959823283706783,0.005768518648585272,-0.0003342548031777413,-0.0003212592089588917
2022-10-27,0.0033683465738486664,0.003419077414706732,0.003418976062647801,0.0035215327934148633,0.0008538688597101208,0.0008631689793087851
2022-10-28,-0.00016752637317870916,-9.07074460586646e-05,-9.0860910173417e-05,0.005734924646525246,0.012636111576231646,0.012619372700519434
2022-10-31,-0.006967040017799175,-0.006938889197617112,-0.006938945431277553,-0.0061447886451248945,-0.008231213308838232,-0.008226584885165313
2022-11-01,0.006019687245124139,0.006064833977498019,0.006064780946342108,0.0051813082243421515,0.002516381455481387,0.002519971180977576
2022-11-02,-0.006502843002249759,-0.006573849583816032,-0.006573844931758732,-0.011859563480194468,-0.016473185893330775,-0.016472827656384123
2022-11-03,-0.004396870507411748,-0.004381741108155633,-0.004381742099442089,-0.004366584025389662,-0.00600042432292163,-0.0060003884119118915
2022-11-04,0.008891457840330371,0.008578183814106473,0.008578204339678937,0.002952805970838018,0.013803241203638131,0.013802024309818615
2022-11-07,-0.0031281704719121196,-0.003158713369202249,-0.0031587113674239,-0.0032332260168403603,0.0016289717430558982,0.0016286032697719038
2022-11-08,0.006283467314669433,0.006325519102895634,0.006325516346741313,0.006548045840127573,0.005326671243338368,0.005326676895151211
2022-11-09,-0.005883001055891203,-0.0057663570720635805,-0.005766364716813067,-0.005115598424552331,-0.012418755606982974,-0.012418192084504925
2022-11-10,0.03353488905138674,0.03379519170529069,0.03379517464727306,0.04481788929478356,0.04605765793016753,0.04605744659457649
2022-11-11,0.004695279422050848,0.004612376507387568,0.004612381938770255,0.0013941459650371054,0.00511487737603152,0.005114430501947373
2022-11-14,-0.005761989262405091,-0.005761265939324679,-0.005761265986717085,-0.009185583184078529,-0.009766623207248335,-0.009766523601423832
2022-11-15,0.010544613155015533,0.010684466182533617,0.010684457019316107,0.011962103733423908,0.008795004461341545,0.00879521853663734
2022-11-16,0.0031148399699280436,0.0033268207476493095,0.0033268068605190578,0.004715912422447562,-0.004473964180764255,-0.004473152697783705
2022-11-17,-0.006764705614110357,-0.00672260403378642,-0.006722606791331781,-0.0072303470235008365,-0.005046575378782585,-0.005046738005404465
2022-11-18,-0.002212675320456348,-0.0021734002514013752,-0.0021734028237084787,0.0006353386338994972,0.0033523455912738372,0.0033521639495227773
2022-11-21,-0.0015401581048594755,-0.0014905290034082207,-0.0014905322537211753,0.0013393852618559885,-0.0010378078765062347,-0.0010375433407739704
2022-11-22,0.008301926945345895,0.008358934219128521,0.00835893048578929,0.009307863204937546,0.00786497560349101,0.007865110067542237
2022-11-23,0.006843856189068758,0.00704965102763031,0.007049637551130544,0.008444056207826813,0.005088071303347706,0.005088402372020741
2022-11-25,-0.0009021695009366815,-0.0008691271429309755,-0.0008691293062716166,0.00033659043520845966,0.00077205261995788,0.0007719702090116839
2022-11-28,-0.005800029973232828,-0.005798518228643415,-0.00579851832761669,-0.009131995407369831,-0.014674228877304468,-0.014673775779205136
2022-11-29,8.578373695372751e-05,-3.860987476942584e-05,-3.8601730785045953e-05,0.00022407839143881664,0.004757421342045199,0.004756967068944692
2022-11-30,0.014525095976945346,0.014467407210352485,0.014467410987675514,0.015293893537918123,0.02069472181426863,0.020694204757182817
2022-12-01,0.011135389165331633,0.011334275676542882,0.011334040390837519,0.012515208623523622,0.0037581817911895854,0.003768598492957409
2022-12-02,0.0019442457652999686,0.0021411470246450698,0.0021409498060094264,0.003634593585630537,-0.0012176904941593888,-0.001211541800810556
2022-12-05,-0.013375895525274909,-0.013282905208745638,-0.01328299833066717,-0.014284910373741225,-0.014874085291517824,-0.014874289828540894
2022-12-06,0.0009986385054031282,0.0011549792753222398,0.0011548227280302433,0.001003963006975556,-0.0068604697165939805,-0.006853430023820319
2022-12-07,0.008121311674138165,0.008306824440959985,0.008306638712114615,0.010442972058670508,0.0032962428303745183,0.0033045575955217028
2022-12-08,-0.0006297726046557329,-0.0006276476829289127,-0.0006276498099346561,0.0007972716170751101,0.003915320819013926,0.00391289486750081
2022-12-09,-0.007336815200561948,-0.007546049420323852,-0.00754583998134263,-0.010792214153780661,-0.0028422511066327647,-0.002853981940022186
2022-12-12,0.0016574209864576989,0.0016263507829043368,0.001626381890064136,0.003832248545739203,0.006002430175966195,0.006003206229917016
2022-12-13,0.011045492675042984,0.010991954618330392,0.010992008221728638,0.011925474099162225,0.011903713836353953,0.01190234308502295
2022-12-14,0.0004841826769268583,0.0004875939719390568,0.0004875905562999777,-0.000851997622450239,-0.005024225371169418,-0.005020749441045325
2022-12-15,-0.006036054894119097,-0.005888902043000034,-0.005889049382739076,-0.00545998229280068,-0.013328614316575461,-0.013321829117020524
2022-12-16,-0.005808409685256116,-0.005871769989988121,-0.005871706558595553,-0.011764051725009765,-0.009767236296589453,-0.009771086230869284
2022-12-19,-0.008044066473875582,-0.008169274330010287,-0.008169148973694718,-0.011506665596746596,-0.007633489353221655,-0.007639326991395764
2022-12-20,-0.004296830680223437,-0.004562137186417235,-0.004561871531837897,-0.007612065543511861,0.00030581924247801513,0.0002961731340792367
2022-12-21,0.005462477305652067,0.005464230823165342,0.005464229066879777,0.005964017114666853,0.009080109415287339,0.009078225459863825
2022-12-22,-0.004762777533633411,-0.00464161320756814,-0.004641734562949252,-0.0036073926796170667,-0.008530083083754157,-0.008526103461958092
2022-12-23,-0.0010317364257968777,-0.001227971326255574,-0.0012277748058280935,-0.002162215411274926,0.004473947883919319,0.004465919792016803
2022-12-27,-0.005915710652479316,-0.006145533946253802,-0.006145303743385791,-0.008851168259094735,-0.003996445776871363,-0.004004209511403323
2022-12-28,-0.007281974297021669,-0.007257935752504532,-0.007257959836313291,-0.009212731936173162,-0.012038087777067843,-0.01203551646918169
2022-12-29,0.009205298247528283,0.009292815630035232,0.009292727949979759,0.01311301297214421,0.01480856967442694,0.014808609610637648
2022-12-30,-0.0039021308992415803,-0.004086801613527195,-0.004086616615582937,-0.006494855650326708,-0.0019784789522291086,-0.001983602296898657
2023-01-03,0.005414604846812887,0.005634271220876785,0.005634194439205986,0.007522671813144699,0.0008500363613141992,0.0008540524187794496
2023-01-04,0.009040340589403945,0.009221319306429025,0.009220498834911394,0.013750023815132462,0.01191254274404875,0.011919943075413067
2023-01-05,-0.0041680763269826915,-0.004189645623904961,-0.004189547856416384,-0.007927810482574963,-0.010931108814209035,-0.010911420198682346
2023-01-06,0.01659427624104818,0.01670043148790119,0.016699950305983112,0.019904861659478367,0.01999039480635109,0.019990524954384165
2023-01-09,0.003966367063422343,0.003956935279238644,0.003956978027312101,0.0029679690399634297,0.0017002251703178196,0.0016998409641359974
2023-01-10,-0.003235512152179524,-0.0031753975301587628,-0.0031756699927449165,-0.004720162362976743,0.002344409498674448,0.0023131738831679567
2023-01-11,0.010073018181221357,0.010148668365997147,0.010148325510849644,0.017902401642533775,0.013723543725241526,0.01373955781548538
2023-01-12,0.010711708176041855,0.010711008391824607,0.010711011563088966,0.012894565047990929,0.007601176506579628,0.00761512839879337
2023-01-13,-0.0006712640083870461,-0.0007233798037446447,-0.0007231436265431445,-0.004434854180530953,0.0010880437153378657,0.0010593131539415193
2023-01-17,-0.0027011111225605624,-0.002704827955700774,-0.0027048111109645875,-0.0024084657248725403,-0.0018727377982428336,-0.0018796189547299344
2023-01-18,0.005197023248257292,0.0051463836137547025,0.005146613114089089,0.00434699513946881,-0.006981247351115575,-0.006936133937031448
2023-01-19,-0.0004638327113953919,-0.0005796620661892634,-0.0005791370977706967,-0.004050360198425828,-0.003358515907194327,-0.0033832093353372643
2023-01-20,-0.0015383679282646142,-0.0014245668192868835,-0.0014250826546795842,-0.001144763154428281,0.007949199471722224,0.007916814344214616
2023-01-23,2.636263231738724e-05,5.2543624086143497e-05,5.2424964872878235e-05,0.00036641290581984187,0.0045647103458966685,0.004552182830071137
2023-01-24,0.00417734463866791,0.004167952827060968,0.004167995392138079,0.00612063732512824,0.0010933309904451517,0.0011145213136859939
2023-01-25,0.001351395188862311,0.0013412710747583803,0.001341316959165746,0.0012467804812247357,0.0007288215637340161,0.0007281475057418736
2023-01-26,-0.00019537013865289922,-6.689726601016724e-05,-6.747953532221284e-05,0.0021647793552941963,0.005392906279027495,0.005386933228074821
2023-01-27,-0.0021012034646161084,-0.0020571343438892287,-0.002057334049976386,0.0015562975937848593,0.0015817816889181898,0.0015843379863996155
2023-01-30,-0.006253578666240338,-0.006307172013643057,-0.006306929157715092,-0.0072832060961439465,-0.00887291155032897,-0.008864994314994261
2023-01-31,0.007911438457233947,0.007927343131010412,0.007927271055801963,0.01153485880122294,0.012100765962413896,0.012104352264970364
2023-02-01,0.00758363101255366,0.0077270533900171134,0.007726967747185176,0.00902998959280965,0.009341166707980797,0.009350954442412185
2023-02-02,-7.072439398920203e-05,0.00023545578249567522,0.0002354546560833442,0.007262133144758033,0.008486970920255365,0.008486979174899994
2023-02-03,-0.014465274947294944,-0.014353783602836371,-0.014353784012878538,-0.01491153514669125,-0.013867188226188563,-0.013867187472663795
2023-02-06,-0.0063266565843224255,-0.006422898437060295,-0.006422898083142651,-0.0070248346329477565,-0.005822716192624409,-0.005822720683601146
2023-02-07,0.0010839659263117178,0.0011499846186071513,0.001149984375807969,-0.001869386507216728,0.004772137235707356,0.0047721183456563175
2023-02-08,0.00033474907672622885,0.00015047868655445034,0.00015047936420722224,-0.0005630605945246653,-0.005211550781980206,-0.005211540819560762
2023-02-09,-0.0063714304944820655,-0.006355125909783433,-0.00635512596975445,-0.008608558220002175,-0.008097283082726553,-0.008097288876886249
2023-02-10,-0.003613450164055599,-0.003674836914897852,-0.0036748366891107163,-0.003939041913943482,-0.0012060331999454756,-0.0012060418170537672
2023-02-13,0.003987629815653029,0.004100324905052497,0.0041003244905221834,0.006695933364678753,0.006086410950128983,0.006086420809325304
2023-02-14,-0.001721903748932087,-0.0017217735340289008,-0.001721773534507821,-0.0035103438028400834,-0.0017212861562582195,-0.001721292144489059
2023-02-15,-0.004766622680213354,-0.004627688716209224,-0.004627689227197492,-0.002858093288910779,-0.00020534186882991648,-0.00020534602224758476
2023-02-16,-0.006703500720594197,-0.00676578095456481,-0.006765780725534945,-0.009871290960670258,-0.009300061571349156,-0.009300072966283822
2023-02-17,0.0017516542669031997,0.0016850315551943476,0.0016850318002086377,0.0019318082941098312,1.4804316122016899e-05,1.481159612338502e-05
2023-02-21,-0.012543466746258638,-0.012691503582237276,-0.012691503037775007,-0.016960878217243913,-0.016293864120071642,-0.016293875769542623
2023-02-22,0.00027667692950261795,0.0002695431576515394,0.0002695431838926571,0.0006415317235065558,-0.0008331377181527794,-0.0008331281608874535
2023-02-23,0.006168181777219148,0.00625157004739587,0.0062515697406553385,0.007505383962319347,0.006759400205957138,0.0067594033427682085
2023-02-24,-0.009262511566210668,-0.00935483121396599,-0.009354830874399873,-0.012006327125430797,-0.010173246415219505,-0.010173253425573568
2023-02-27,0.003486149447884778,0.003500778062016952,0.003500778008205604,0.0026690225385234546,0.003950325060377319,0.0039503194711191895
2023-02-28,0.0005608647518494421,0.00040746486068146936,0.00040746542495464166,0.0007712967957555685,-0.0015723243732783361,-0.0015723168920386192
2023-03-01,-0.0023279640789998224,-0.002333491751991268,-0.0023334907914528413,-0.007864866179877694,-0.004105944822144325,-0.004105981269275194
2023-03-02,-0.0011647554894479851,-0.00022140620020793373,-0.00022141728343384411,0.0007441633358376272,0.005192695643951989,0.005192654805800884
2023-03-03,0.013253647658767857,0.012953619938568816,0.012953623460209725,0.016195695113560435,0.013329245923492645,0.013329290187955084
2023-03-06,-0.0032470821691091985,-0.0028935645251331075,-0.0028935686758527084,-0.004101635126615241,-0.0013651437982112038,-0.0013651575233150216
2023-03-07,-0.0071093674000062435,-0.008138202163661306,-0.008138190088194445,-0.007637803794079327,-0.013829813451451088,-0.013829716757124662
2023-03-08,-3.278506859529255e-05,2.0483347418661507e-05,2.0482721557030974e-05,0.00286410988494859,0.0014171461138763085,0.0014171441068479519
2023-03-09,-0.002446861525894342,-0.003987088258082811,-0.003987070162604492,-0.00671183572666478,-0.011860296024544557,-0.01186025605310475
2023-03-10,0.011315566169436015,0.00816653203185213,0.008166569085745062,0.005188754734673373,-0.00851453088401085,-0.008514402741107825
2023-03-13,0.004640800825957563,0.00359199466485213,0.003592007044437624,0.005501183372953742,0.002519238674214805,0.002519225459655226
2023-03-14,-0.003927588378367784,-0.002009467132354852,-0.0020094897965628614,-0.002537210398658741,0.008305109594721239,0.008305040673265898
2023-03-15,0.0035659848085572154,0.0016871198878701868,0.001687142045563631,0.0070556728046877945,-0.002178671122026708,-0.002178545359819159
2023-03-16,-8.852511410214499e-05,0.0012130001684281348,0.0012129847905847323,-0.0018138563291097668,0.006976308772387134,0.00697624411264723
2023-03-17,0.0052928632452419865,0.0028738713226327747,0.002873899866467784,0.00033681128675575826,-0.007440325104671281,-0.0074402757305548056
2023-03-20,-0.0006972571673467274,0.00011819399834770631,0.00011818435290573178,0.00010841100357530465,0.004394449142444591,0.004394388710173627
2023-03-21,-0.0015347397332113415,0.0003481641746539766,0.0003481419211662057,-0.0027296830625222223,0.0052196139485484625,0.00521957987826798
2023-03-22,0.0053227287060492075,0.0032621624060678936,0.003262186713456962,-0.003582056811438082,-0.010690734560554555,-0.01069068906397276
2023-03-23,0.0028943147410728553,0.002374683956345366,0.0023746900987390664,2.6089574862415673e-05,-0.0002848269678430136,-0.0002848501864647294
2023-03-24,0.0012913775792251206,0.0017111406564456343,0.0017111356919847947,0.007700035877243106,0.005821068578495967,0.005821093198599666
2023-03-27,-0.007676244096055314,-0.006343785747514197,-0.0063438014996508646,-0.010434682402831092,-0.0019694507318107424,-0.001969553515755302
2023-03-28,0.001423976313840567,0.0011684141630229324,0.0011684171801917159,4.980450817223723e-05,-0.000624139561080805,-0.0006241572916696749
2023-03-29,0.002732525956100584,0.004219238374374055,0.004219220817755056,0.00700057833372196,0.012659526726843638,0.01265950871206466
2023-03-30,0.00526603361745246,0.005516934977968074,0.005516932019454919,0.0065223787609223465,0.0073717739929692015,0.00737175323387939
2023-03-31,0.008081921890795513,0.008477021608147147,0.00847701695047594,0.013347570393975092,0.012415548029820239,0.012415597249221217
2023-04-03,0.004845153987095285,0.004741520605085592,0.004741496333543482,0.0013965283257990624,0.0003526743050805692,0.0003538214484650748
2023-04-04,0.003385293971616275,0.0033029266288185487,0.0033030007951661508,0.0019735896232453984,-0.0001978556085807537,-0.00019679441709881726
2023-04-05,0.0015063691120843865,0.0014920515509965436,0.0014920644440713263,0.0018460998815609114,-0.0034762065394309564,-0.003471347833003886
2023-04-06,0.0008651739434942945,0.0009109733623566961,0.0009109321190357819,0.0028533155207189995,0.0028832244619905233,0.0028840150409708346
2023-04-10,-0.005917667544180513,-0.005881932671478725,-0.005881964849997166,-0.0055214733909806375,-0.0002804986544442615,-0.00028611130023035547
2023-04-11,0.0020946161796340725,0.0020868182995265085,0.0020868253211051005,0.0022335755468674483,0.0025262549643986863,0.00252570660233456
2023-04-12,0.0008865092892965203,0.000777875424469156,0.0007779732442790949,-0.0015499468756560641,-0.0016503263452390593,-0.0016505146773839077
2023-04-13,0.002280375049498636,0.002280084571162526,0.0022800848327533037,-0.0008793686443267676,0.007015602642665677,0.007007568843607067
2023-04-14,-0.00605336868715111,-0.006054857580820802,-0.006054856239994593,-0.008676425788529264,-0.007139318102415816,-0.00713992111428068
2023-04-17,-0.0039008992332172335,-0.003860876987120473,-0.003860913029289196,0.0002521954460469886,0.003610801334309766,0.003606177809560767
2023-04-18,0.002133595142655081,0.0021363420326155802,0.0021363395589938596,0.0013468116634720406,0.0006302274405631483,0.0006307864175863048
2023-04-19,-0.003649845800192167,-0.0036300517375700923,-0.0036300695624155986,-0.0003963921373651776,-0.0010537632064716023,-0.0010528944279265117
2023-04-20,0.00183468993905385,0.0018396870623595594,0.0018396825624655956,0.0004763488900286078,-0.003261592321898775,-0.0032574024536639427
2023-04-21,-0.002196683686637023,-0.0021663486439217425,-0.0021663759603970534,-0.0019966078778593612,-0.00013515093688022415,-0.00013598233353701117
2023-04-24,0.004316332055455698,0.004290952093607405,0.004290974947375901,0.0034231547572986572,0.0010579711380030036,0.0010607538188687944
2023-04-25,0.0012409357176575582,0.0012087927143779923,0.0012088216587596906,0.0015039012249600304,-0.006316153259951101,-0.006306489328230911
2023-04-26,-0.005702262383700075,-0.005672639816428274,-0.005672666492043744,-0.007520440468980122,-0.005477062798024276,-0.0054791834145170235
2023-04-27,0.0004412475989596324,0.0004955901277693375,0.000495541192873137,0.0038196172778747124,0.011193198412192316,0.011184378170869074
2023-04-28,0.007669870096353639,0.007713136201012863,0.007713097242438573,0.010811659077758913,0.006895701053757123,0.006899515793660424
2023-05-01,-0.011398322695118535,-0.010717607102574522,-0.010717577119012889,-0.014388056569498708,-0.004861697187337977,-0.004865141133483353
2023-05-02,0.00577051622456283,0.0038206447953495863,0.0038206531037872247,0.004927989142164833,-0.005363230654559605,-0.005363186445845237
2023-05-03,0.0018303972455383573,0.0011723980979007416,0.0011724009070931962,0.0011482169421898152,-0.0023389340928401093,-0.002338923770244281
2023-05-04,-0.0010878370069041174,-0.0009401900577278479,-0.0009401906884905073,-0.001633659914757717,-0.0005590497509535945,-0.0005590675751188225
2023-05-05,0.001746002318789035,0.0030201520409510836,0.0030201465984593906,0.004094670602407463,0.009707221120912645,0.009707205672349296
2023-05-08,-0.004473969764615195,-0.0040713051022176015,-0.004071306820002541,-0.007178002762681862,-0.002504825129686068,-0.002504847287378033
2023-05-09,-0.001166506210053864,-0.0013929606944420472,-0.0013929597287679705,-0.002667404717610831,-0.0025073014707125956,-0.0025073061529385476
2023-05-10,0.005045001490184331,0.004976191374660323,0.004976191668155125,0.007676123393237854,0.005682630297720899,0.00568264270005083
2023-05-11,-0.000302718222412702,-0.0008202041507838859,-0.0008202019434074548,0.00026561535941180877,-0.004106422635255793,-0.004106396132554261
2023-05-12,-0.0053323483347540316,-0.005096025648486436,-0.005096026657061296,-0.004586824160727551,-0.0023670804688129187,-0.0023670878324632645
2023-05-15,-0.00034218247688759616,0.00012894602900281093,0.00012894401880435963,-0.003537215262482061,0.0007428467237777994,0.0007428232988138064
2023-05-16,-0.007013761995091218,-0.007411457304038646,-0.007411455607962327,-0.010056552365984425,-0.011373612059264187,-0.011373600942110833
2023-05-17,0.0014904446030480846,0.002222305159152495,0.0022223020366899733,0.0035024750161233597,0.007379748493604314,0.007379737584250585
2023-05-18,-0.0049165417427492406,-0.004228501759600473,-0.004228504692960146,-0.004451800164442586,0.0002335665398858315,0.00023356027748553765
2023-05-19,-0.0009472228645181768,-0.0006921200281950608,-0.0006921211150378903,-0.0026522805953018854,0.00013160465041289385,0.00013158755228848324
2023-05-22,-1.2672614104744084e-05,0.0004942664952314488,0.0004942643360140336,0.0006246216335620499,0.0024785627097831924,0.0024785516064477382
2023-05-23,-0.001713431466007433,-0.0025198208937737853,-0.002519817460841039,-0.0027404703358420803,-0.006924052273341673,-0.00692403853723528
2023-05-24,-0.005859899701070325,-0.006297107535901429,-0.006297105673130901,-0.00930179001591801,-0.010142617438098396,-0.010142612052070194
2023-05-25,-0.004131804655593431,-0.003613154327949007,-0.0036131565386861896,-0.001794438483085861,0.0010248911241235049,0.0010248929337327228
2023-05-26,0.007146484616533504,0.007450528560093315,0.007450527264786369,0.008217805938169086,0.009435682551726447,0.009435681027233947
2023-05-30,0.002594168440766561,0.0021042598030482575,0.002104261889557662,0.005526456487683874,0.002620479192509678,0.0026204975784109834
2023-05-31,0.0004395243175506267,-0.0001931920949211189,-0.00019318939887935568,0.0035980262375630645,-0.0013081390552639447,-0.0013081174592104844
2023-06-01,0.006514036442337945,0.006704969358063417,0.006704969785352732,0.003991221041742765,0.005975887265956326,0.005975889016363034
2023-06-02,-0.0001915287994146927,0.0016072319825622661,0.001607230184585968,0.003391649187276209,0.010420577439025028,0.010420570938193643
2023-06-05,-0.0011285616712590806,-0.0013857289126630134,-0.001385728656069567,-0.0027575377092495627,-0.002263339585731888,-0.0022633401521408173
2023-06-06,0.0030868173100315607,0.003195433827444633,0.0031954337190425526,0.005101429812718733,0.003847376929733407,0.003847377856100431
2023-06-07,-0.006516134472399981,-0.005720610015192708,-0.005720610809060627,-0.002551340999186946,9.174239971878641e-05,9.17387313451477e-05
2023-06-08,0.007207562931660453,0.00674091657121206,0.006740917036514128,0.004855821841801903,0.0037874672679219174,0.003787468872913968
2023-06-09,-0.0021223213436986728,-0.0019615458935803355,-0.001961546053966939,-0.0025792175010046444,-0.0012816837927544765,-0.0012816841299505568
2023-06-12,0.0008422563407719107,0.0009209465924037514,0.000920946513916465,0.00198413631280481,0.0025953069699527383,0.0025953087653053054
2023-06-13,-0.0014522692166606408,-0.0004519439653442153,-0.00045194496301091626,-0.001632586919078826,0.0032474752548903784,0.003247470272584203
2023-06-14,0.002966307528160124,0.002810662449286766,0.002810662604362837,0.004140485260024395,0.0018598932872896585,0.0018598955599237418
2023-06-15,0.00928662307424331,0.009159478570431624,0.009159478697130975,0.008174166099799957,0.008117140813307253,0.008117141572979438
2023-06-16,-0.0017024850758282433,-0.0016260958423935275,-0.0016260959185249012,-0.0023593779083144026,-0.0020330732135377338,-0.002033074458964411
2023-06-20,-0.002372876307103845,-0.0030290538807075454,-0.0030290532267950084,-0.0019622028621446427,-0.006073598535891414,-0.00607359278798048
2023-06-21,0.0004980369504851898,7.179315147542265e-05,7.179357652745697e-05,-0.0013601759717493404,-0.003619071448276649,-0.003619070209275867
2023-06-22,-0.007479262416196354,-0.007010089906853624,-0.007010090374913748,-0.009149030544691284,-0.004733940230678822,-0.004733942236495134
2023-06-23,-0.0006908187359755297,-0.0017572367000181631,-0.0017572356366312913,-0.0011206955703906515,-0.006026063162294032,-0.00602605739900514
2023-06-26,0.002164616279824568,0.0023420385519355496,0.002342038374828566,0.006446851988443347,0.004595623117802285,0.004595622785841838
2023-06-27,-0.0005210262730470673,0.0003850572440509335,0.0003850563397376751,0.0029214188345604466,0.006623327405133205,0.006623325579902305
2023-06-28,0.0021349451997507048,0.0021521302066411087,0.0021521301895052122,0.0027659701000706106,0.0020528342435643145,0.0020528352181203124
2023-06-29,-0.005946022210382946,-0.004917250403201534,-0.004917251429015817,-0.004288787547476554,0.002281470573627514,0.002281464098462744
2023-06-30,0.007106136944832277,0.007120661870188316,0.007120661855720121,0.007918658312712809,0.007667598085548442,0.007667599803510955
2023-07-03,-0.0013427070076650338,-0.0008744208517371677,-0.0008744233862867379,0.00025716393309549446,0.0027221314794705354,0.0027221219823625464
2023-07-05,-0.004503568038987979,-0.004273276429222009,-0.004273277462982257,-0.004112488221141824,-0.001541293076034437,-0.0015413022512470792
2023-07-06,-0.00922738679762593,-0.009247830872196659,-0.009247830780446102,-0.00993458561527991,-0.0080128050110649,-0.008012812552652869
2023-07-07,0.0008280948109257427,0.0010265443366616381,0.0010265434460255578,-0.0021515599938499216,-0.00023792644008662785,-0.0002379462224828834
2023-07-10,0.003388771457874905,0.003522408125284258,0.0035224075256454247,0.0033032558332423676,0.003404602013586136,0.0034046006904703556
2023-07-11,0.005737250258122485,0.006068862220601127,0.006068860732828836,0.007495094845665256,0.00850227455493863,0.00850227062195523
2023-07-12,0.010545905739760265,0.010413984969782533,0.010413985561448081,0.008971400955440125,0.008415592814947356,0.008415589130468012
2023-07-13,0.00848592992819394,0.00847386860828642,0.008473868662388586,0.008085304800488718,0.007142127977153471,0.007142130619611069
2023-07-14,-0.005327633091213032,-0.00535490702495762,-0.005354906902616409,-0.004524387348669826,-0.00320477088533065,-0.0032047709257073
2023-07-17,0.0001861974441204219,0.00016106179038063696,0.00016106190313337353,-0.0009328636481275268,-0.0007369180094007513,-0.0007369159607834206
2023-07-18,0.00400049524340264,0.0037171794384934205,0.0037171807094146156,0.001645254939609726,0.00254311352049563,0.002543110970201854
2023-07-19,0.00425678313033312,0.003989526121758889,0.003989527320980627,0.007604221692340738,0.0050351243111142205,0.005035140206368097
2023-07-20,-0.006376493880432727,-0.006040010245741795,-0.0060400117559955575,-0.007150693804841529,-0.0050654924918653085,-0.005065505359018171
2023-07-21,0.001140620119915514,0.0013322756072693955,0.001332274747345152,0.0017652218407795167,0.0017826019958536335,0.0017826011255348822
2023-07-24,0.0007833903487461869,0.0011874043950123212,0.0011874025826197725,0.0012443088573609185,0.003884907070052231,0.003884896078153623
2023-07-25,0.00015245563652561804,0.0001210048100770467,0.00012100495110739409,-0.0023055233815038666,-0.00083147954134299,-0.0008314880970389711
2023-07-26,0.0026219358179431877,0.002737709699768414,0.002737709180604178,0.002863344956187454,0.0027909723011378456,0.0027909697040665433
2023-07-27,-0.011558914708675271,-0.011137365300748301,-0.011137367190881936,-0.01586240554426723,-0.01280855521953187,-0.012808571237416756
2023-07-28,0.0063136250830801675,0.006482946165939068,0.006482945407064694,0.004298993865250037,0.005681462013186219,0.005681454374970922
2023-07-31,0.0023044635539533767,0.0023650330138189663,0.002365032742400443,0.00336136304443262,0.0034580102434714896,0.003458010589044458
2023-08-01,-0.008552042971674667,-0.008101662656118558,-0.008101664061498814,-0.008335436406084806,-0.004865407287420909,-0.004865411382852458
2023-08-02,-0.008194536279893187,-0.008419674900012145,-0.008419674674911542,-0.007904719455904836,-0.00900806775744032,-0.009008067212915891
2023-08-03,-0.00660329147674204,-0.005916091321619779,-0.005916092008859897,-0.01188259764141973,-0.005616981838230579,-0.0056169900314956105
2023-08-04,0.006991299614040683,0.006050464221305026,0.006050465161544702,0.005489720433143069,-0.0012635941512099404,-0.0012635891736982867
2023-08-07,-0.0008419305977566149,8.261968314689032e-05,8.261875831794079e-05,0.0007157914392399147,0.006113246278247872,0.006113242538247635
2023-08-08,0.0015133344132917952,0.0008449846996266988,0.0008449853675598011,0.0020114357035715966,-0.003261855300064653,-0.0032618499058460772
2023-08-09,0.0008253023464575685,0.0005962801315193584,0.0005962803605516562,0.0011102198531547475,-0.0019434650169998428,-0.0019434634048268319
2023-08-10,-0.0055776160126985936,-0.004737232617308446,-0.0047372334579212,-0.007558553779614511,-0.0022652271974074913,-0.002265232832984311
2023-08-11,-0.003274273165373206,-0.0032206399452503406,-0.0032206399988528992,-0.0016164834397510608,-0.0008803609475449734,-0.0008803604223058637
2023-08-14,-0.0018400326640280388,-0.0017230230496632403,-0.0017230231665996691,-0.002481659613508445,-0.0010498325736331574,-0.001049832278411431
2023-08-15,-0.005990897637667048,-0.006314618006902658,-0.006314617683422684,-0.007291747682595338,-0.008961319319965414,-0.008961318786740724
2023-08-16,-0.005690877957489954,-0.005727391773164986,-0.005727391736666398,-0.007771432500888609,-0.007837338982009072,-0.007837339688533673
2023-08-17,-0.0027982396055353086,-0.0030431900205551998,-0.0030431897756979533,-0.004816246355400618,-0.005686156081282236,-0.005686156869826702
2023-08-18,0.0022587286408428937,0.002086371121319015,0.002086371293653308,0.0027261026176971445,0.0016774111935326727,0.0016774122824781104
2023-08-21,-0.0038611512731339757,-0.0032579266714555734,-0.003257927274702627,-0.0070817181896394,-0.0014286131463683979,-0.0014286181610444896
2023-08-22,0.0016429069447536028,0.0013494937804617315,0.0013494940737082373,0.003254343018307885,0.0005744518915595416,0.0005744543906606313
2023-08-23,0.012682445476230729,0.012239776351918226,0.01223977679446555,0.016379154165534246,0.012388554724204033,0.012388559938952404
2023-08-24,-0.004785395639751049,-0.005040393767146691,-0.005040393512107241,-0.0054492895986202475,-0.006867928665087616,-0.006867929510247063
2023-08-25,0.0024932802588663655,0.0027074774209199987,0.0027074772066332208,0.002234677195403707,0.0033140288505566456,0.0033140286095641063
2023-08-28,0.003540234257857548,0.003921450768198161,0.003921450386903627,0.0045141073988291015,0.006131189945338355,0.0061311887233761915
2023-08-29,0.008805165893658252,0.008880178931703286,0.008880178856703388,0.010215668709238785,0.011188975464211059,0.011188976027972709
2023-08-30,0.00018459743563889317,0.0002287800945901778,0.00022878005041854148,0.0008478984830765021,0.002262591758739659,0.0022625913955416654
2023-08-31,0.00030061600738653585,-0.00016832154542806326,-0.00016832107662820712,-0.0005797339126651663,-0.0028111455094852727,-0.0028111431225272465
2023-09-01,-0.0028442268940598314,-0.0019810328471853156,-0.001981033710646951,-0.005086026286901357,0.0008769857343060572,0.0008769787990063893
2023-09-05,-0.0071400751815358906,-0.006951487822393098,-0.006951488010926123,-0.00994001273499103,-0.007465832442106768,-0.007465835280154121
2023-09-06,-0.001729103425698745,-0.0019420207772868907,-0.001942020564471305,-0.0011152039848599908,-0.003481736677182721,-0.003481735033065072
2023-09-07,0.0014641138902553815,0.001366968640019799,0.001366968737139332,0.0031744204727062277,0.001560792092747523,0.0015607935878249651
2023-09-08,0.0008099940844331718,0.0005954093709083833,0.0005954095854571012,0.00032835566906704093,-0.0005361840778378053,-0.0005361829355050817
2023-09-11,0.0006454562313988314,0.0012377230342594994,0.0012377224419650517,-0.0014614358945227654,0.00271878633898766,0.002718781921482213
2023-09-12,4.565464475694211e-05,-0.0003628991428274254,-0.000362898734496253,0.0009374731082994087,-0.00233472390559221,-0.0023347211353548737
2023-09-13,0.0002185963475218963,0.00016571375978700182,0.00016571381266237593,-0.002457646507320875,-0.002547607637219923,-0.0025476077523367583
2023-09-14,0.0013665385816289482,0.002270235030908092,0.0022702341272871373,0.0033828471877398627,0.008516463423452091,0.008516459176203403
2023-09-15,-0.003016636050053904,-0.003200674511544743,-0.0032006743276875816,-0.004422692153430761,-0.00524562955576246,-0.005245631413195201
2023-09-18,0.001311093414398986,0.0008351006882404127,0.000835101163852028,-0.0001941389579037875,-0.001808809123220009,-0.0018088075187783956
2023-09-19,-0.0032697606280142656,-0.003123203059637167,-0.0031232032061470384,-0.004623851330793613,-0.0030307592520644683,-0.0030307611994146904
2023-09-20,-0.0012174602877524253,-0.0014827176555642862,-0.0014827173904322312,0.00016973085662179158,-0.002857738052640239,-0.002857736179324819
2023-09-21,-0.012763187174601528,-0.012765613499395935,-0.012765613496970111,-0.021190312598192138,-0.01891571964210277,-0.01891572508117409
2023-09-22,0.003540005039179306,0.0031239490392934418,0.0031239494552643843,0.0016790650268200709,-0.001342690845374364,-0.001342689362934574
2023-09-25,-0.00785689104491856,-0.0067449929134914335,-0.006744994025623327,-0.009564623237790403,-0.0014048401494333568,-0.0014048471814090372
2023-09-26,-0.005321568556532866,-0.005912110320428546,-0.005912109730423845,-0.008316924983008213,-0.011882133534547996,-0.011882132117763566
2023-09-27,-0.0035723534630816758,-0.0032301903515005994,-0.0032301906935556105,-0.004718974279075675,-0.0034016212821339,-0.0034016222473944287
2023-09-28,0.002571702927905303,0.002960174111630441,0.0029601737234152977,0.004650062665730051,0.005237262506546617,0.0052372630901020975
2023-09-29,-0.0024123236891634247,-0.002311187920712194,-0.0023111880217421576,-0.00025167724774187645,-0.0014129666207294894,-0.001412964712887323
2023-10-02,-0.00968388224588157,-0.00934128809679946,-0.009341288439174145,-0.012886807915970855,-0.009095244898071675,-0.00909524764843328
2023-10-03,-0.011318861801147214,-0.011325412292714592,-0.011325412286164878,-0.015972498855837132,-0.013606918550261467,-0.013606922934133707
2023-10-04,0.003921589506527094,0.0037892053311421917,0.0037892054635115732,0.009611776571812912,0.006827700059387152,0.006827706052820857
2023-10-05,-0.000127251446752789,0.0002439357056336088,0.00024393533443898706,8.350775048984499e-05,0.0015094270648024623,0.0015094251797426075
2023-10-06,-0.000471319655241334,0.0005709749943967747,0.0005709739524679511,-0.0022590795378151633,0.005063120983301852,0.005063114541137656
2023-10-09,0.012822433225539488,0.011713194715058727,0.011713195822752832,0.014415926630390052,0.009613696263872018,0.009613701191371877
2023-10-10,0.0009376819150492975,0.001473006826448507,0.0014730062912828253,0.0013376215809434654,0.0033424228289140254,0.0033424211001078516
2023-10-11,0.006939551132932785,0.0062798483953696365,0.006279849054523617,0.012686406884270892,0.007956806537079574,0.007956812811724414
2023-10-12,-0.010523999078193118,-0.009823562433834027,-0.009823563134146847,-0.015339997835309063,-0.009084711310059012,-0.009084718734186554
2023-10-13,0.00884995251163348,0.007111163438807013,0.00711116517605892,0.006749492218991154,0.0012904270709675448,0.0012904297655606614
2023-10-16,-0.0034842923203636965,-0.0021754159087782033,-0.0021754172187552997,-0.002244146007504263,0.005613068547892227,0.005613062867051757
2023-10-17,-0.005119324804751309,-0.004663004539457974,-0.0046630049955629065,-0.0057675650286405245,-0.0018980098304363013,-0.0018980134433617874
2023-10-18,-0.005189056587491537,-0.006032773944372877,-0.00603277310144029,-0.010839771039415625,-0.011282836601926485,-0.011282839160576472
2023-10-19,-0.005769519597806333,-0.0058968243880549685,-0.005896824260760627,-0.014281832013616906,-0.010328052608106476,-0.010328060042925928
2023-10-20,0.0004298362248946359,-0.0003610741418456968,-0.0003610733508989773,-0.00018406941813369588,-0.005319632798248507,-0.005319629824634466
2023-10-23,0.0028222368388298334,0.0023399311466555444,0.00233993162936502,0.00223782186614652,-0.0023707597978781456,-0.002370755616947178
2023-10-24,0.004591947447816348,0.004749446046405922,0.004749445888699618,0.009080130701648195,0.007526830080992539,0.007526833606584683
2023-10-25,-0.008798312817351585,-0.008700862990833991,-0.008700863088397038,-0.015670257033172652,-0.01251421523295986,-0.01251422213346069
2023-10-26,0.004198420256365507,0.0035574460972275946,0.0035574467388833648,0.010172674854740075,0.00305626099575826,0.003056266921552563
2023-10-27,0.00047077890076392974,-8.588793368811596e-05,-8.588737607340081e-05,-0.005370248201990527,-0.0052081554938932535,-0.005208158393750545
2023-10-30,-0.0015426399168915461,-0.0006923484329973272,-0.0006923492852108457,0.00040652614064152505,0.004629904186919601,0.004629902866322547
2023-10-31,-0.0008914015616439112,-8.665277263732282e-05,-8.665357851890651e-05,0.0030039467487217512,0.006392054067896663,0.0063920530181494715
2023-11-01,0.010391932287337369,0.010103903517729718,0.010103903633488232,0.012465732584591382,0.008507250503688057,0.008507323317763715
2023-11-02,0.013349621125933218,0.013784279286837078,0.013784271492247105,0.020294027878545236,0.017972604081002267,0.017972657858890243
2023-11-03,0.0075664831478951255,0.008096558873045463,0.008096549371437379,0.011363935589836642,0.011815244350891785,0.011815232703932626
2023-11-06,-0.0047621479678491944,-0.0044508840778913995,-0.004450889654363343,-0.008095151905980714,-0.004683951849719241,-0.004683996443643748
2023-11-07,0.0018924779274789388,0.0011757074033239504,0.0011757202406660569,0.003455823063983192,-0.0009747893006437062,-0.0009746481050102425
2023-11-08,0.0022852359724987864,0.001728939017714253,0.001728948988111618,0.006459360636433841,0.0005961484353556118,0.0005962968988048929
2023-11-09,-0.009298114445035146,-0.008837716005561666,-0.008837724261771762,-0.014267256694796738,-0.008350552009700769,-0.008350681292291755
2023-11-10,0.0036535024583310553,0.004249432456304375,0.004249421774604633,0.006201106074085104,0.007927049651920884,0.007927076996823953
2023-11-13,0.0007573724358328411,0.000604589962390789,0.0006045926993030128,-0.0025466173131925215,-0.001793525626855471,-0.0017935645125376827
2023-11-14,0.017103888081074558,0.017613601006026318,0.01761359187374492,0.027510815999987233,0.02344678926299861,0.023446814394420017
2023-11-15,-0.0051268551228597645,-0.004283848198645656,-0.004283863294830196,-0.00498595048669129,-0.0003043961394017527,-0.0003044846072073891
2023-11-16,0.003529579491287008,0.0027074345349290376,0.0027074492450625213,0.004950442981628025,0.0013582221790637062,0.0013583206286379023
2023-11-17,0.0034060662935510395,0.0034253368225235824,0.0034253364774451704,0.0022728462507324186,0.001397524420041548,0.001397519888600793
2023-11-20,0.004311845537818687,0.004455047736927657,0.00445504517264733,0.0053903435806371275,0.00479933389728993,0.004799335205387011
2023-11-21,0.0008531895543688547,0.0004755001371617247,0.0004755068993725975,-0.0015684496239232798,-0.001080243173806855,-0.0010802551619769375
2023-11-22,0.0006523820091185316,0.0008702288232087503,0.000870224921372645,0.0029306496105547504,0.0026397668334137265,0.00263980130345663
2023-11-24,-0.003168852993872952,-0.0025548566294053693,-0.0025548676242494214,-0.003730947605203677,0.0004923446735092766,0.0004922546821245578
2023-11-27,0.005291334636994601,0.004390782160108708,0.004390798276391655,0.007630486439456786,0.0017030252941874534,0.0017031321360831226
2023-11-28,0.005200455373378059,0.0051135348653092725,0.005113536422232966,0.004324994092259359,0.004572696303993096,0.004572653818364043
2023-11-29,0.005564132076591253,0.005218032764875022,0.005218038964756148,0.007447139119764461,0.003705785506629153,0.0037058528752288715
2023-11-30,-0.004796782656022074,-0.004014180587610339,-0.004014194611649592,-0.002878680523987598,0.0013667199445839223,0.0013666654102985013
2023-12-01,0.010931526833310334,0.01062157438341682,0.010621576956851397,0.016216943355615188,0.01192181817616933,0.011921831883254574
2023-12-04,-0.005964240445216518,-0.005539769994157374,-0.005539770418711077,-0.0018663127406725716,-0.0030022423135689195,-0.003002240728636238
2023-12-05,0.004151925933846773,0.0030687408493694055,0.003068741932304509,0.005911228651383686,-0.0010287895686956331,-0.0010287804702155603
2023-12-06,0.001665495466749476,0.0009238867719415557,0.0009238875141797551,0.003597442887099911,-0.0014893380892921529,-0.001489332254362998
2023-12-07,0.0003343697412150829,0.0008920545130188227,0.0008920539544471154,-0.00022641304817741948,0.003592569380758711,0.00359256607498419
2023-12-08,-0.0044207300809970314,-0.003752370486740305,-0.003752371155789858,-0.0043894348618161326,-0.0010740896560033901,-0.0010740917747442836
2023-12-11,-0.0009468854041636273,-0.000549331897695217,-0.0005493322953921398,1.4425740791260892e-05,0.0007929505726259173,0.0007929506075395916
2023-12-12,0.0010806658730867268,0.0011614031354368459,0.0011614030547025843,0.001905824787499427,0.002055492959337399,0.002055494167649336
2023-12-13,0.017708930030190244,0.017609067393423463,0.017609067493274337,0.02401930838344144,0.020500261937599754,0.020500264963463043
2023-12-14,0.01218466783686266,0.011666986585727861,0.011666987103398923,0.018920581558625724,0.010650888531726986,0.010650896069206089
2023-12-15,-0.002721683115700613,-0.0030800956388919633,-0.003080095280303095,-0.004484865292425498,-0.0052527811398183025,-0.005252779036771224
2023-12-18,-0.00090833634851461,-0.0005576186065579138,-0.0005576189575743664,-0.0029841726836032077,0.0014259485614840526,0.0014259444396201339
2023-12-19,0.004532579489366003,0.004576796538175906,0.004576796493936727,0.005237048635073595,0.005301457382550089,0.005301457404209949
2023-12-20,-0.0016506190444092067,-0.002574119008163043,-0.0025741180842415367,-0.0022265235313543635,-0.007503635986490813,-0.007503631235615131
2023-12-21,0.0025670997335841606,0.003480349962516211,0.00348034904800317,0.0019543389919545193,0.00695537294587239,0.006955367303922695
2023-12-22,-0.0008455387274583597,-0.0006850319720264823,-0.0006850321326089052,-0.00046170979883668954,0.0012443338149719376,0.001244332176237387
2023-12-26,0.0037333711515399326,0.0038283595444729176,0.0038283594494550087,0.004167206716242583,0.004500475642824112,0.004500474901159763
2023-12-27,0.00716860883270982,0.006555530408513823,0.006555531021724721,0.009157074651234994,0.004044972763305819,0.004044978366697693
2023-12-28,-0.003329588501430388,-0.0027769226698803754,-0.0027769232230023195,-0.0013959255097340513,7.332297181632925e-05,7.332135716530243e-05
2023-12-29,-0.004131712449181627,-0.004051768088308424,-0.00405176816827442,-0.0072283822570442125,-0.0051869698861016405,-0.005186972245225133
2024-01-02,-0.005047566463481479,-0.00496231710319317,-0.004962317188405341,-0.001684660639644453,-0.0019250073411655189,-0.0019250073212734309
2024-01-03,-0.0014703596502275902,-0.0023596543763100787,-0.0023596534871932746,-0.006469773449360802,-0.009090594826704433,-0.009090592368879723
2024-01-04,-0.005429445499714458,-0.004892331640689457,-0.004892332178174542,-0.006853116732845099,-0.00307428106625095,-0.003074285881943001
2024-01-05,-0.002131749904859289,-0.0016528260862124365,-0.0016528265652085835,-0.004047915859360568,-0.0001604163596055343,-0.00016042059846474785
2024-01-08,0.004124575898407091,0.004624011028552714,0.004624010529281783,0.009223943911859017,0.008963282195141467,0.008963285528735437
2024-01-09,-0.0015470535047126892,-0.0015188111311140434,-0.0015188111593330963,-0.0037905522276728354,-0.001576824166099605,-0.0015768264663388752
2024-01-10,-0.0011074167861074356,-0.0006223101202517472,-0.0006223106049441309,-0.0009065767286591134,0.002107106151118845,0.0021071042285541915
2024-01-11,0.0036860788936689147,0.0032874080593011893,0.003287408457438205,0.0007088121865014467,-0.00040013047220203513,-0.00040012973334872153
2024-01-12,0.0026626133664769368,0.0027043312142345623,0.0027043311725560193,0.0021684929915989056,0.002794695784926373,0.002794693955576979
2024-01-16,-0.010600312014621669,-0.010279768839725013,-0.01027976915995286,-0.010832581218259956,-0.006742565626297704,-0.006742568450658709
2024-01-17,-0.005238151831946942,-0.005601081014100081,-0.00560108065164535,-0.007460026928335519,-0.008110488570030187,-0.008110486905406292
2024-01-18,0.0006250844642241935,0.0011559265779536154,0.0011559260476119724,-0.0031825472883282397,0.0028248500607535422,0.002824844527001238
2024-01-19,0.0028659428658628673,0.0032256393038215068,0.003225638944654729,0.005679748018907799,0.0072435827676150776,0.007243583192431932
2024-01-22,0.002157583785737119,0.00202451407150774,0.002024514204333867,0.00406278746808239,0.0021299790850692326,0.0021299816074383713
2024-01-23,-0.001392436055441055,-0.001189223538265247,-0.001189223741132716,-0.004404274591098756,-0.0007948175430215546,-0.0007948210304974023
2024-01-24,-0.0015295489326602996,-0.0011829266386239009,-0.0011829269845872394,-0.005964427335716174,-0.003232630873683114,-0.003232633691508343
2024-01-25,0.0057662811489917806,0.005946864577373788,0.005946864397196211,0.007812082788257841,0.007529656347606736,0.007529656560473252
2024-01-26,-0.0007555927479381775,-0.000696295094693375,-0.0006962951538471389,-0.0018642777214335367,-0.001326638065477085,-0.0013266390411540564
2024-01-29,0.004923965140832132,0.004558983701412266,0.004558984065486449,0.00723633962635979,0.005325950237699033,0.005325953832184378
2024-01-30,0.0016848305667198694,0.0010263020919727755,0.0010263027491029723,0.000517609363542578,-0.0021560212686193426,-0.002156017905829031
2024-01-31,0.00036700896865939737,-0.0008497438486015133,-0.0008497426336335276,-0.00041917061186926095,-0.007878656767939292,-0.007878651526123475
2024-02-01,0.008550961772299637,0.008241163360251269,0.008241163673927465,0.014267057735515953,0.011018976991303164,0.011018982463638638
2024-02-02,-0.01017782555080405,-0.009397753262299392,-0.009397754042291852,-0.012397471150377013,-0.0028047124376582877,-0.0028047186474661006
2024-02-05,-0.008543663675986923,-0.008170260369820947,-0.008170260742892026,-0.014633689267948485,-0.008208157461048908,-0.008208164107463474
2024-02-06,0.0067308593654962865,0.006736079128033564,0.006736079122820409,0.008797925379232328,0.006094148280785304,0.006094149847442583
2024-02-07,-0.00044492215088894874,-0.0001994413606983179,-0.00019944160586709048,-0.0014681035480491448,0.0025076267946639295,0.0025076243977319264
2024-02-08,-0.0018989668192853663,-0.0016856613762020536,-0.0016856615891840687,-0.0003610652307099414,0.001210075558533996,0.0012100738688019487
2024-02-09,5.430409927487658e-05,0.0003496683956302813,0.00034966810077684946,0.00013676724936984513,0.002382514517484056,0.0023825132146896456
2024-02-12,0.00037943886941299755,0.0003569678410252093,0.0003569678634507483,0.0003559350002354242,-0.0007304803397193959,-0.0007304795329933126
2024-02-13,-0.012637616759930274,-0.012574532969664624,-0.012574533032622124,-0.015709302051738747,-0.013445659463029795,-0.013445662085137663
2024-02-14,0.004010092985390601,0.004264401056111068,0.004264400802328321,0.00573498641435989,0.006044148411952564,0.006044149177223378
2024-02-15,0.005428975750743262,0.005662854073257302,0.005662853839921205,0.009979127997653887,0.009111471401550825,0.009111472013346118
2024-02-16,-0.0025611152179945114,-0.002563285496310766,-0.002563285494146023,-0.005809474069067817,-0.004470322930206763,-0.00447032538209453
2024-02-20,0.0011539004526624841,0.0010760862998124687,0.0010760863774283305,0.00015707468837240085,-0.0007987417882413482,-0.0007987424448743527
2024-02-21,-0.0014719174132429977,-0.0011892426807601681,-0.0011892429627364891,-0.001028683561110422,0.0008174960328109089,0.0008174938112895058
2024-02-22,0.004305836248359671,0.004642513794972984,0.004642513459222324,0.004483597989414981,0.008572604511711638,0.008572604251148466
2024-02-23,0.002822833509649567,0.0023456812924995836,0.0023456817681787186,0.00461546488919622,0.0008638569533093573,0.0008638615880816334
2024-02-26,-0.0020360601380178724,-0.002198799431716589,-0.0021987992694024795,-0.004996841901712509,-0.004682974543655035,-0.0046829751909283875
2024-02-27,-0.0005960559182940002,-0.00026854153224995555,-0.00026854185896193144,-0.0017270232792140378,0.0011119981972493324,0.0011119950359342059
2024-02-28,0.0009511936609249256,0.000631865801163716,0.0006318661196048668,0.00469617316446398,0.001594325438713189,0.0015943288374450667
2024-02-29,0.0029758203996844428,0.002860867061590153,0.0028608671762608714,0.005373615592667118,0.003985400254320427,0.003985402121482478
2024-03-01,0.007662265480650188,0.007557406311699877,0.007557406432597391,0.008251572987213907,0.009725790227476327,0.009725789472352142
2024-03-04,0.0005776951337232996,0.0006126101959268916,0.000612610161003297,0.001367373302101237,0.003478906777134471,0.0034789039915849463
2024-03-05,0.0024094352031491743,0.0011502788280217588,0.0011502800874418878,0.001265097378506538,-0.005926309383281238,-0.005926303519699408
2024-03-06,0.005341662880075651,0.005348835858772329,0.0053488358515888235,0.004933028634695235,0.005212321079802516,0.005212320842617743
2024-03-07,0.003018561185092041,0.0032632001282709294,0.003263199883274742,0.0014112692874108344,0.004204035240740657,0.0042040335008946255
2024-03-08,0.0006065380566462448,0.0006034298554091105,0.0006034298585210912,0.0025586383730458718,0.002288410983772919,0.002288409909346723
2024-03-11,3.078727591562558e-05,-7.402019342358216e-05,-7.402008848833119e-05,-0.0015136220428553745,-0.0014298892735552708,-0.0014298898628964363
2024-03-12,-0.002296984386970613,-0.0013620349218445914,-0.001362035858032069,-0.003165643105458153,0.001616481760711576,0.0016164785929708308
2024-03-13,5.9677849607769315e-05,7.051971313742282e-05,7.051970229136591e-05,-0.00285713158095551,-0.0012448899730848986,-0.0012448929512087366
2024-03-14,-0.0069793882776566256,-0.006669657914583052,-0.006669658224429826,-0.010947533277703727,-0.007238370714858079,-0.007238374941517666
2024-03-15,-0.0012903581580203758,-0.0013545309297499702,-0.0013545308655730974,-0.001570255799699491,-0.0031205385836299434,-0.0031205383350433645
2024-03-18,0.0007246670291504294,0.0010042158601910156,0.0010042155806063522,-0.0002359220782203917,0.0024516638235004243,0.0024516615871750793
2024-03-19,0.0019264291740446996,0.001969273463260439,0.001969273420422625,0.0019793486488091133,0.002229106332888906,0.0022291068332823878
2024-03-20,0.004045196410472299,0.004328597252383104,0.004328596969037208,0.0037573182884931993,0.006771991122981459,0.006771988773729996
2024-03-21,0.0008158872802185909,0.0009191150559630234,0.0009191149527843848,0.0029596676445622075,0.0031162140450713156,0.0031162150933746286
2024-03-22,0.00030036668234517054,-0.0003934929127703893,-0.0003934922193125992,-0.0004579746251192605,-0.004996175119888918,-0.004996170006315441
2024-03-25,-0.0014574563051866572,-0.0014859114314506694,-0.001485911402992282,-0.003905543071390803,-0.0027798446945563214,-0.0027798468656527473
2024-03-26,-1.3251881347206248e-05,-0.0003522407638780783,-0.0003522404248406714,-0.0003509592372036689,-0.001788979552753654,-0.0017889781938678364
2024-03-27,0.006506106228662655,0.006733589547796918,0.006733589320203884,0.012406021222755291,0.012347927908777695,0.012347929738870125
2024-03-28,0.0019335738545416198,0.001784856785620513,0.0017848569343756875,0.0019618749636973005,0.003116675690228056,0.00311667424843896
2024-04-01,-0.006021530783907658,-0.005716297708318385,-0.005716298010368104,-0.012018442376413696,-0.006389838832269068,-0.006389846172443203
2024-04-02,-0.0006977004369715429,-0.0010452314040357508,-0.001045231022609026,-0.005442838978870344,-0.004812484794906055,-0.004812488444301507
2024-04-03,0.002729757057827666,0.0026698064621911133,0.002669806528011764,0.0010913186821476272,0.0020402560696032718,0.002040253910335214
2024-04-04,-0.0001773969520609687,-0.0008952959677873831,-0.0008952951795482425,-0.0004189914467154865,-0.006039170121891044,-0.006039166229214559
2024-04-05,-0.0009283976652073901,-0.00021549500236210737,-0.000215495785677791,-0.0025278591351321007,0.005412172681947405,0.00541216515090062
2024-04-08,0.001372074268425031,0.0017079022549253099,0.0017079018861908858,0.0031049691317388637,0.004329923431108915,0.004329921788620555
2024-04-09,0.0041716548572391845,0.003979823611600389,0.003979823822157794,0.007727904656392126,0.0056408017069111025,0.005640804398484998
2024-04-10,-0.01328485737634632,-0.013276350019205643,-0.013276350028545254,-0.022504599068484888,-0.019498597499751934,-0.019498602683736377
2024-04-11,0.0015466200210086944,0.0016239764855707228,0.001623976400647392,0.0004910681007676376,0.004607371777280206,0.004607367936494636
2024-04-12,-0.0026681461914508575,-0.0034920439410817653,-0.0034920430366617247,-0.002929270405515748,-0.009342417627266782,-0.009342412009552895
2024-04-15,-0.005667694309151562,-0.005997906709907321,-0.005997906347122457,-0.011801992422282944,-0.009388341015362626,-0.009388347594715477
2024-04-16,-0.0044662233372684485,-0.004660008866702094,-0.0046600086537306505,-0.007021721997246018,-0.00601294865179554,-0.006012949472889113
2024-04-17,0.0010545778343037263,0.00044656006415614457,0.0004465607325013694,0.0018246960677158906,-0.0040634384768718605,-0.004063432659373893
2024-04-18,-0.001464156465840045,-0.0012161649897579076,-0.0012161652625207395,-0.0020580471035672714,-0.0005069550238161614,-0.0005069574776248293
2024-04-19,0.0013716031235858404,0.0011282557512990667,0.001128256018887448,0.0021406682725811916,-0.0004888755271408504,-0.0004888748298841209
2024-04-22,0.00015281627843888898,0.0013103236030917698,0.0013103223299701552,0.0024931468389693266,0.00459950276306249,0.004599502760093217
2024-04-23,0.0032132812176593212,0.003818619759598933,0.003818619094567552,0.004221826696561728,0.0072825685386344865,0.007282567116969502
2024-04-24,-0.0026439430754570015,-0.002325910318021515,-0.0023259106672049988,-0.0026545962447521764,-0.0005563986823879458,-0.0005564008795222421
2024-04-25,-0.0020297990952972676,-0.001994423626929486,-0.0019944236657575354,-0.0044998480451921745,-0.0029005643017035714,-0.002900567581467451
2024-04-26,0.0041853427764264005,0.004285125514871459,0.004285125405353991,0.003747675924325678,0.00463116840543249,0.004631168466815423
2024-04-29,0.003995105070138104,0.004021138487388923,0.004021138458818544,0.00660227211887392,0.0051067500566798485,0.0051067523300602855
2024-04-30,-0.009956310456584202,-0.010132675120871884,-0.010132674927325464,-0.011067248749600534,-0.013983840528408415,-0.013983838612124195
2024-05-01,0.002464333629343507,0.0020550579836191574,0.002055058372790297,0.0033952657548135257,0.0009169157009101259,0.0009169174721825879
2024-05-02,0.006280929384435608,0.006846538893412669,0.006846537915463442,0.007747797245566254,0.009067235005324109,0.00906723321802511
2024-05-03,0.00619788039479374,0.00626720636244461,0.006267206242646076,0.007666577182072467,0.007381518541501556,0.0073815222680057154
2024-05-06,0.0043107307302689924,0.004269192097554163,0.004269192169329931,0.0033259185404175655,0.004968929712157516,0.004968928593029318
2024-05-07,0.001434769078373336,0.0013312950783884885,0.0013312952571915063,0.004556711750026865,0.0029114203584187136,0.0029114251295117937
2024-05-08,-0.0032332768675126388,-0.003104459353175076,-0.0031044595757946758,-0.004951873197529461,-0.0035382456098488856,-0.003538247818916375
2024-05-09,0.005341934662709873,0.005301555508955968,0.005301555578729318,0.008606606856750167,0.009615928159658942,0.009615927608873304
2024-05-10,-0.0013290483324781815,-0.0012185157184862318,-0.0012185159094892566,-0.002801220925481444,-0.00038118606695092423,-0.00038119060936041776
2024-05-13,0.000584798623760073,0.000698895669785136,0.0006988954726445053,0.0015634504178090153,0.0003981539002902853,0.0003981560828806379
2024-05-14,0.0038247859239105672,0.0037569307742683035,0.003756930891497296,0.005244862209593731,0.005066525509302314,0.005066526659837528
2024-05-15,0.00954394966071642,0.009422642829717864,0.009422643039306067,0.011704250649029921,0.011212600823143121,0.011212603866161743
2024-05-16,-0.001582166938340545,-0.0015848721198133047,-0.0015848721151388583,-0.0013228400337708833,-0.0016959849352449984,-0.0016959844006736791
2024-05-17,0.0009303743405076176,0.0010770817277374436,0.001077081474232214,-0.0017023924075457737,0.0017524988797985824,0.001752490666966819
2024-05-20,1.587956459611243e-05,3.26589195773648e-05,3.265889058747651e-05,-0.002324494671361462,-0.0009975549191541277,-0.000997558006887199
2024-05-21,0.0007483466285144818,0.0004832932715345929,0.00048329372946271374,0.0018420907057699614,0.00038135093589756493,0.0003813555643569622
2024-05-22,-0.004803071280477291,-0.004870719260474782,-0.004870719143569571,-0.003728746550336899,-0.006020063307510724,-0.0060200570892401896
2024-05-23,-0.00713723233026765,-0.007139451524713243,-0.007139451520877902,-0.010285845350893608,-0.011611297672380646,-0.011611296294180975
2024-05-24,0.003160474246533579,0.003312302306619047,0.003312302044220406,0.002562796350414424,0.00347035359749017,0.0034703528708755573
2024-05-28,-0.002458265918730128,-0.0022149795202637936,-0.0022149799406627597,-0.006938846191399121,-0.0019716222491599814,-0.0019716330079955005
2024-05-29,-0.00812120349297515,-0.008006027648967897,-0.008006027847943261,-0.008890790048600284,-0.007522523024068119,-0.007522524845472695
2024-05-30,0.00342300888741929,0.0032651824060901218,0.003265182678716174,0.007629302259982727,0.00359348989495639,0.00359349523792821
2024-05-31,0.0035955258327716195,0.003822248337433669,0.003822247945736506,0.008735455511970198,0.008908557882329875,0.008908562596206338
2024-06-03,0.005376673847311331,0.004986191133018014,0.004986191734816625,0.0062407086761644415,0.002416022199865031,0.002416028718513541
2024-06-04,0.0014712741626383208,0.001236050307823895,0.001236050662449817,0.006031335000766004,0.0009629804988399857,0.0009629904686630228
2024-06-05,0.005936877558578742,0.005866257582448403,0.005866257688940825,0.004537963983617724,0.005958490443416403,0.005958490373786499
2024-06-06,0.0016701105235095014,0.0016483734283436913,0.0016483734611247617,0.00031712927056710424,0.0007603769687579574,0.0007603747106284394
2024-06-07,-0.012811155716990291,-0.01218930339239248,-0.012189304330209934,-0.012079046916405697,-0.00737108025347979,-0.007371084003650146
2024-06-10,0.0009638036322489969,0.001109328494063803,0.0011093282747354593,-0.0007218885231971514,0.002700059854154442,0.0027000536335115765
2024-06-11,0.0028129094711499053,0.0024452512462518144,0.0024452518002887444,0.003384116079815153,0.0008638272042103348,0.0008638329944659916
2024-06-12,0.006177514022602851,0.006245187175456269,0.006245187073439845,0.007210395287921285,0.006477154628185218,0.006477156364667485
2024-06-13,0.0030048278898165567,0.0026413354126854647,0.002641335960608929,0.006434285374391195,0.0009798821189375008,0.0009798927450469664
2024-06-14,0.0018912726518200515,0.0014448058799093663,0.001444806553151105,0.002898706662947681,2.1019115406846497e-05,2.1024523681931018e-05
2024-06-17,-0.0024874464100018267,-0.002104551344214332,-0.00210455192185164,-0.004404643419092657,0.0011689343729002217,0.0011689278615998023
2024-06-18,0.0053151209978151495,0.005200152464177954,0.0052001526375534774,0.005595742686086315,0.0035129789782506115,0.00351298162145356
2024-06-20,-0.0010610637080356196,-0.0010795564284422166,-0.0010795564005515255,-0.0032498868886282686,-0.0008168579706830778,-0.0008168633681366715
2024-06-21,-0.0024594959739238473,-0.0023316006944366485,-0.0023316008873316696,-7.021071071497333e-05,-0.0011454311590802621,-0.0011454284261646554
2024-06-24,0.0024152337048381095,0.0023376341786845553,0.002337634295707196,0.0034503157512428924,0.0008744436337349529,0.0008744453324129847
2024-06-25,-0.0009696727305391992,-0.001018361370553749,-0.001018361297123993,-0.0025488176692065024,-0.0013913221194438033,-0.00139132113958036
2024-06-26,-0.005761299410339673,-0.005409038555908893,-0.00540903908719688,-0.006862521519452535,-0.0022648149970190823,-0.00226482106490738
2024-06-27,0.003585542893626169,0.003476757133197391,0.0034767572972124877,0.004874571178768012,0.0039035067280148664,0.0039035073298356896
2024-06-28,-0.0051849331451274015,-0.0047440721643007095,-0.004744072829054022,-0.0053328359649182115,-0.0010644325511390002,-0.0010644415739922148
2024-07-01,-0.0038232685454103743,-0.003483605873147888,-0.0034836064396354116,-0.008691529263991526,-0.0015670466682680129,-0.0015670569700682035
2024-07-02,0.00413104570287278,0.004077710685209553,0.004077710738545947,0.005495873153977666,0.004418568426366775,0.004418570633421593
2024-07-03,0.007857211180935636,0.007411781532479976,0.00741178197794479,0.006553814622781861,0.004108499002475408,0.004108501181365209
2024-07-05,0.0061484169597153335,0.005802583102750142,0.005802583448764225,0.005696749199251244,0.004845427647173217,0.004845428726119192
2024-07-08,-0.0020270999030413393,-0.0019280112993829168,-0.0019280113985572465,0.0009281696590175248,-0.00025473716090480987,-0.00025473457695704513
2024-07-09,-0.0017059475456024898,-0.001571513864536718,-0.0015715139990733463,-0.001780731803696256,-0.0002744185859702299,-0.00027441984483468054
2024-07-10,0.0036103455079961053,0.0039176519670939035,0.003917651659593521,0.004617608436847472,0.005951383196414237,0.00595138293121578
2024-07-11,0.007100210685133253,0.006781737143982567,0.006781737462559533,0.012117574047107336,0.006371558538119903,0.006371560378108101
2024-07-12,0.003016916489523217,0.00324063887696019,0.0032406386530943565,0.004748985703098943,0.004641944055007988,0.0046419448859566555
2024-07-15,-0.003864655716683815,-0.0034467530431456905,-0.003446753461223059,-0.002528678502185177,0.001623884571085059,0.0016238810974153217
2024-07-16,0.007474501434858569,0.007023717624205793,0.007023718074988929,0.010181517149670557,0.007613247997944533,0.00761325085966328
2024-07-17,-0.0019274397386671127,-0.002176252781440663,-0.002176252532516613,0.00045800788181483846,-0.0036415702870922,-0.003641568525801323
2024-07-18,-0.005638391356878644,-0.005661244418690827,-0.005661244395821867,-0.0067674150346578935,-0.006030897165782064,-0.006030898274079651
2024-07-19,-0.0062790468501735764,-0.005980245637308821,-0.005980245936324753,-0.004542647088441707,-0.00467325373932597,-0.004673253431526457
2024-07-22,0.0020236624546205507,0.0027249990700788885,0.0027249983684492574,0.0031753883611527617,0.006625287439746025,0.006625284753475015
2024-07-23,-0.0013409459808807142,-0.0015178778316250374,-0.0015178776547430676,-0.0009201308200104119,-0.0007612716510367953,-0.0007612715257175134
2024-07-24,-0.00710788565132048,-0.007492215483660867,-0.007492215099371301,-0.010667194175042822,-0.012006227733884335,-0.01200622995978478
2024-07-25,-0.00014969919431476555,-0.00044947776545163653,-0.00044947746558840306,0.0011322571106640333,-0.003089598348719202,-0.0030895939159475963
2024-07-26,0.006211283174781769,0.006356338754924707,0.006356338609784643,0.009851652224436604,0.009408435119285807,0.009408436547547524
2024-07-29,0.0007661126355602242,0.0005440327038800064,0.0005440329260572507,0.003228512774511305,0.000973577045972932,0.0009735799950608274
2024-07-30,0.0019277182345555617,0.0016213572815467182,0.001621357588109944,0.0035440656055106567,0.0011370837988471886,0.00113708482885492
2024-07-31,0.010473058365037804,0.010165222185862369,0.01016522249399601,0.00623892194632836,0.0077089390897445475,0.007708938640803502
2024-08-01,-0.001586829088662256,-0.001940407729513871,-0.0019404073098509,0.004051607009319502,-0.0035420469158993217,-0.0035420375346819633
2024-08-02,0.004620000329384817,0.004321277044293983,0.004321277579772425,0.00946483357246474,-0.005882663385150105,-0.005882637106388936
2024-08-05,-0.00683628078919507,-0.007121822153389194,-0.007121821641387846,-0.009958813170160787,-0.020378812247518367,-0.020378799755156565
2024-08-06,-0.005600726661269892,-0.005265927659972268,-0.005265928260469633,-0.0027409541101983525,0.0072421211693946335,0.0072421057179514
2024-08-07,-0.0018067940257002618,-0.001794221631033502,-0.001794221653575829,-0.005039661487942876,-0.003950167506850099,-0.0039501743193159616
2024-08-08,0.004888448169368887,0.0050350503785177424,0.00503505011566301,0.0036823226816854603,0.01266376688830823,0.012663754248269602
2024-08-09,0.004692196998974059,0.00466395166475239,0.004663951715388302,0.0058215411329978735,0.003839460935683309,0.0038394657846721686
2024-08-12,0.004115518369885432,0.003937987999395106,0.003937988317665911,0.0005093305340357164,0.00038268352948374286,0.0003826812130771698
2024-08-13,0.005371336419744466,0.005538776607771944,0.005538776307537414,0.007425309840794441,0.008925300900855781,0.008925303198838278
2024-08-14,0.000980630883727511,0.0010587218463643838,0.0010587217063639481,0.003221398310503114,0.0014129896219907648,0.0014129955148269482
2024-08-15,0.00022315285424536006,0.00035239403914108606,0.00035239380745728983,-0.0017259984664074772,0.00544740296723445,0.005447393691151324
2024-08-16,0.004295837725673706,0.004239399685178436,0.0042393997863388365,0.0027241074951523435,0.0036680559194288264,0.00366805233811574
2024-08-19,0.0029700042853780307,0.003083619809616405,0.0030836196059587677,0.0050413119798844,0.005937274614460709,0.005937276165133542
2024-08-20,0.001684306147204755,0.001572830694499073,0.0015728308942979648,0.0025354180775738803,-0.0005053813635025598,-0.0005053751829520175
2024-08-21,0.001716103111593667,0.0017992605816206297,0.0017992604325598343,0.002539007445750519,0.0031296194134627633,0.0031296189085407602
2024-08-22,-0.0056976033934162335,-0.005621552471035406,-0.0056215526073463105,-0.004504391786578356,-0.0037542178473821833,-0.003754220312672969
2024-08-23,0.009321703713058344,0.009381648099043844,0.009381647991609926,0.011294591935634778,0.013328990779785372,0.01332898714054186
2024-08-26,-0.0007053508530766035,-0.0007866299153952988,-0.0007866297697334588,-0.0013681128259506062,-0.0009317389423874752,-0.0009317405452635517
2024-08-27,-3.5088873176678274e-05,-8.21906025641082e-06,-8.219108414259202e-06,1.1790263481092163e-05,0.0011216973621843494,0.0011216954842074923
2024-08-28,-0.0032989264756918568,-0.0032852027500916274,-0.0032852027746875312,-0.002733389246378759,-0.004329352365283239,-0.004329349828237063
2024-08-29,0.0005135631997656144,0.000476349787046981,0.00047634985374059996,-0.001729249038967914,-0.00011343256334267395,-0.00011343731737083619
2024-08-30,-0.0030654877848016225,-0.002869937255537593,-0.002869937606014922,-0.0007868230858074305,0.004449869843485838,0.004449864814847574
2024-09-03,-0.0012939834028186104,-0.0020186385923043337,-0.002018637810122792,0.002899269751125866,-0.007982459849226187,-0.007982444240986264
2024-09-04,0.0036191341581376293,0.0030456574699544913,0.003045658043755777,0.005831874070585006,0.0012334033892402712,0.0012334083472058353
2024-09-05,0.003152669792938802,0.0028162149917507246,0.0028162153285884372,0.0019755803586643853,4.0041839933351595e-05,4.0042526991479e-05
2024-09-06,-0.004640997162579407,-0.005194373779210779,-0.005194373225018503,-0.0025266917867392425,-0.007450849102555967,-0.007450845179648754
2024-09-09,0.0042618783947934264,0.004570091787585282,0.004570091478745891,0.006163118474178323,0.008169833972185049,0.008169833572825596
2024-09-10,0.0019267498983376512,0.0015938773601573242,0.0015938776936036071,0.00684537800136215,0.005614856132399219,0.0056148598448929506
2024-09-11,0.001699232464902259,0.002069439252306787,0.0020694388813386586,0.0003315931713964602,0.003075018867954523,0.0030750171932973263
2024-09-12,0.003768829121009706,0.004116191580183155,0.004116191232234928,0.0013345847431359245,0.006231328422173861,0.006231322733510139
2024-09-13,0.0038107699723008174,0.003908380210579195,0.003908380112838178,0.005261388759327136,0.006452919850660719,0.006452919065920078
2024-09-16,0.004212407243898759,0.004062929469032891,0.004062929618696386,0.004938020221067534,0.002866082925586577,0.002866084810437799
2024-09-17,-0.0016287982412195243,-0.0014113957248132675,-0.0014113959425183008,-0.003656293051092087,-0.0024977656152599197,-0.0024977670286934817
2024-09-18,-0.005114210938058532,-0.0044614400858931785,-0.0044614407394300525,-0.005577942555984761,-0.0028745391821382677,-0.002874542170412606
2024-09-19,0.005859814662809113,0.006482346761493209,0.006482346138639243,0.0019458490924577064,0.008362677938838745,0.0083626714893151
2024-09-20,-4.668932349228866e-05,-0.0002235170519563462,-0.0002235168751466207,-0.0019235742975011972,-0.000869009475765553,-0.0008690114166128473
2024-09-23,0.0005675161094187871,0.0008456174171138785,0.000845617138991703,0.002176174053768508,0.00385918490019507,0.0038591834588224327
2024-09-24,0.005339684624287154,0.00547052322248883,0.005470523091676773,0.0021065738559538317,0.004230482876981809,0.004230478085741666
2024-09-25,-0.005061198892806835,-0.0049372549278195775,-0.0049372550517222755,-0.005968449699213193,-0.004342721387449413,-0.004342722579777587
2024-09-26,0.0028611251120492123,0.0031571840804158332,0.003157183784492302,-0.0006341094401580191,0.00037995743422163065,0.00037995464830391495
2024-09-27,0.001549396608370385,0.0013862264250316127,0.0013862265880790175,0.0024197722074045785,-2.3151346874726e-05,-2.314880474569745e-05
2024-09-30,-0.00303383142964609,-0.002637561500011975,-0.0026375618960482487,-0.00010963485331602586,0.001820492807629056,0.001820493339519447
2024-10-01,0.003958595422723921,0.0031742694378198433,0.003174270222316311,0.001073266752652069,-0.0026487731101844103,-0.0026487726295656433
2024-10-02,-0.0007722191395448408,-0.00029602303702470705,-0.00029602351334405907,-0.003648675236191324,-0.0005660781052092671,-0.0005660826441670803
2024-10-03,-0.004025887057025614,-0.003957864430416397,-0.003957864498424216,-0.006896183038554075,-0.004478668210976411,-0.004478670920126653
2024-10-04,-0.003623936624097026,-0.002703584399005445,-0.0027035853190945265,-0.00572224606199263,0.0006062153595242691,0.0006062102101932788
2024-10-07,-0.003044187004249955,-0.0030262251605184306,-0.0030262251784585682,-0.006475890324169401,-0.006182886385648548,-0.006182889416575108
2024-10-08,-0.0023855396026521785,-0.0022935557437305746,-0.0022935558356016153,0.00136823353008425,0.0017749422487180087,0.001774946481271329
2024-10-09,-0.0029888141120689663,-0.002521319195734904,-0.002521319662613393,-0.0018269689470544353,0.0011105787334757988,0.00111057820644938
2024-10-10,0.0011528267665968884,0.0010046211660244223,0.0010046213139652343,-0.0033349996763281696,-0.002083084868199914,-0.0020830881272289204
2024-10-11,0.00241032287501472,0.002810338793515356,0.002810338394155001,0.003103416555682696,0.006605585946885824,0.006605582726571246
2024-10-14,-0.0009609869046833984,-0.0006775786123260323,-0.0006775788951569985,0.0021193336252993164,0.0036088249373581373,0.003608826395979185
2024-10-15,0.0002574386944115014,-0.0006057074807005014,-0.0006057066195569151,0.006608662748782282,0.0004999122286162309,0.0004999194317806578
2024-10-16,0.0030854161528368405,0.0031934815197559863,0.003193481411848227,0.005495507354104067,0.005741079019790192,0.0057410794385188545
2024-10-17,-0.004251172486366372,-0.003830325235791841,-0.0038303256559800427,-0.008032510664674369,-0.0029962102459364513,-0.0029962159558549386
2024-10-18,0.0024897945973817166,0.002606596213475451,0.002606596096906014,0.003243458767367509,0.0047558803300157895,0.0047558788797517244
2024-10-21,-0.007653248251747985,-0.0074494083576873175,-0.007449408561098318,-0.012981095501940428,-0.008479472847120695,-0.008479477491841619
2024-10-22,0.0019512542021912502,0.001678672690528557,0.0016786729624806752,0.0009846593830164633,0.00139020296290881,0.0013902017233389892
2024-10-23,-0.0044801226647522225,-0.004386221857520447,-0.00438622195122993,-0.0010578954846097595,-0.0029703826753867115,-0.0029703809512388224
2024-10-24,0.00331314274362668,0.00310686264126554,0.0031068628471059285,0.003703240369074942,0.0027791326733793836,0.002779133624333253
2024-10-25,-0.0015471062065101075,-0.0015380518219413608,-0.0015380518309783026,-0.004689281961866273,-0.0030605195351865308,-0.003060521755497646
2024-10-28,-0.002055196914993955,-0.001601455202086407,-0.00160145565494991,-3.943224861445004e-05,0.0014156590463636782,0.0014156589478499307
2024-10-29,0.0008955785595843548,0.0005318446826057426,0.000531845045470632,-0.0009349598317454041,-0.0007810031590292971,-0.0007810032601826698
2024-10-30,0.0005559831966910003,0.0002378387916875123,0.00023783910918722875,0.0015889693404817328,0.0005792661528249909,0.0005792668181297577
2024-10-31,-0.004193513407763766,-0.004723385016373665,-0.004723384487407598,-0.006957506057963135,-0.012876273528963183,-0.012876271274312515
2024-11-01,-0.00544350849785491,-0.005178362850305596,-0.0051783631462938295,-0.008289232876732888,-0.0035400149424399396,-0.0035400199408290867
2024-11-04,0.006894905694718147,0.0068247931867412796,0.006824793284966191,0.009293941217998692,0.004637944708908186,0.004637949724370594
2024-11-05,0.0050864637715504315,0.005220529623927394,0.005220529436093236,0.007345764502515168,0.009324668523028753,0.00932466798300546
2024-11-06,-0.012014480590388793,-0.011700468379031576,-0.011700468818922508,-0.015494620994518551,-0.004392795176713855,-0.004392800780241975
2024-11-07,0.010889819585698443,0.010902626142234821,0.010902626124300173,0.01110864889644845,0.010472398982531463,0.010472398356021395
2024-11-08,7.741475880672019e-05,4.763538938760666e-05,4.763543109091012e-05,0.00799874981156375,0.004482252302171767,0.004482263282716284
2024-11-11,-0.005713484323816771,-0.005532864075533843,-0.005532864328483636,-0.004351018405249946,-0.004615333765103624,-0.004615330501558683
2024-11-12,-0.0091824679697706,-0.009218681824966782,-0.009218681774260266,-0.011152669175118425,-0.00845554563373869,-0.008455547707628863
2024-11-13,-0.00350248129676097,-0.0034189543846630042,-0.0034189545016213743,-0.0022521487007311834,-3.630021704887493e-05,-3.630187020450316e-05
2024-11-14,-0.0007630244344674674,-0.0008544474402194753,-0.0008544473122153475,-0.0016086580132090465,-0.005193372182337206,-0.005193368553188173
2024-11-15,-0.0018613040518978493,-0.0018540033600068797,-0.0018540033702297363,-0.0018195402158140096,-0.00424677947081212,-0.004246779705033992
2024-11-18,0.006231604687844776,0.006134113458342531,0.006134113594854457,0.004488762360021442,0.006743233952072105,0.006743228653764428
2024-11-19,0.003123916077288358,0.0030549936229206215,0.003054993719438519,0.0040054689437568946,0.003995916268219629,0.003995917020889734
2024-11-20,-0.0008841145297700107,-0.000917496634672339,-0.0009174965879213629,-0.0015592286335306478,-9.782023499942572e-05,-9.782226928779677e-05
2024-11-21,0.0016491865582934802,0.0016134742728353259,0.001613474322851345,0.0024238022737741614,0.004798838696186253,0.004798836547304914
2024-11-22,0.0023905268135518657,0.002352679492839493,0.0023526795458475762,0.003125469388095437,0.0047321237268909185,0.004732121636868735
2024-11-25,0.005374342723971121,0.005513121141054919,0.005513120946677733,0.013324032488076402,0.0039344114751275125,0.003934428548204141
2024-11-26,-0.001364957755238446,-0.0013630105562645548,-0.0013630105589914827,-0.0002828629952144363,0.002302332789090814,0.0023023315151958247
2024-11-27,0.002950693883480167,0.002946233943662305,0.0029462339499081542,0.004657582902246695,0.0020377387773417082,0.0020377413633160925
2024-11-29,0.00538160599860604,0.005320005390548928,0.005320005476816881,0.0040491011578614525,0.0027226162530435112,0.002722618422050665
2024-12-02,-0.0011569256301234843,-0.0016255227655516125,-0.0016255223486975057,-0.0032390732938019084,-0.004669117627733921,-0.004669116114582539
2024-12-03,-0.0010250900248020309,-0.0006566418885092048,-0.0006566422571563991,-0.0042554865541660205,-0.001159768499594762,-0.0011597729095393042
2024-12-04,0.003588436421034894,0.0031869892131950787,0.003186989614711083,0.004182106858266086,0.0021811978613260974,0.0021812012974006395
2024-12-05,-0.000325725170651559,-0.00028901074802502715,-0.0002890107847604359,-0.00038666415801361266,-0.0016396284177166848,-0.0016396275438192685
2024-12-06,0.0007850508489846721,0.0006741471181580442,0.0006741472291210935,0.0007864790080115453,0.0003566389074306075,0.00035663989722670804
2024-12-09,-0.00018654375031340256,0.00019982611982616416,0.00019982573320679453,-0.002480421488332343,0.00024700069223348574,0.00024699483667958374
2024-12-10,-0.0018603519644742393,-0.002280738240214918,-0.0022807378197196738,-0.005610634911916903,-0.004921115017698591,-0.004921116599367031
2024-12-11,0.0005541720261890187,0.0010224608356430825,0.001022460367035524,-0.0027489390513401636,0.002672758994119575,0.0026727533302451246
2024-12-12,-0.00654481695445442,-0.006075626875776071,-0.006075627345065869,-0.006464808633146343,-0.004809496928107598,-0.004809498507659411
2024-12-13,-0.005030689485717021,-0.004501671423023932,-0.004501671951904652,-0.005577738120940277,-0.0030273843327760183,-0.0030273864066138923
2024-12-16,0.000342989617246999,0.00019670515391361258,0.00019670530008238107,0.0005291026073512276,0.0004735418633898753,0.0004735433263904649
2024-12-17,-0.0014957705870904461,-0.0017648377614051564,-0.0017648374925114635,-0.0012984445087625546,-0.003497452765187331,-0.0034974507456243375
2024-12-18,-0.015074516599538103,-0.015946360502897806,-0.01594635963138118,-0.021269785740412692,-0.026778250708658843,-0.026778249179638648
2024-12-19,-0.004579061882829174,-0.004183694432895575,-0.004183694828464763,-0.00962470777403643,-0.005345950814900294,-0.005345956241763022
2024-12-20,0.0059256104644009044,0.006089594024916851,0.006089593860914757,0.0087280105524312,0.010841932789330011,0.010841932847848892
2024-12-23,-0.0022045484676946215,-0.0014941501384470827,-0.001494150848809904,-0.0022086718201550616,0.0020612661318470675,0.0020612628614507925
2024-12-24,0.0035016977212398515,0.003750640467197865,0.003750640218444667,0.00477369605076137,0.006562490683024987,0.006562490931324751
2024-12-26,0.0011322038986005807,0.001176779376763412,0.0011767793322329204,0.0011086150230188124,0.0016740101396214926,0.001674009227147474
2024-12-27,-0.004346942870829971,-0.00434209427624866,-0.004342094281092146,-0.007145481225067521,-0.007642263862929903,-0.007642265759332416
2024-12-30,0.0019298002744065584,0.0011980514886584413,0.0011980522196326153,0.0011461312887347788,-0.004494003060691881,-0.004493999858695361
2024-12-31,-0.0004792630512972521,-0.00028498376034316207,-0.0002849839545586366,0.00010320772231408887,0.0016191744812753947,0.0016191719428050783
2025-01-02,0.0021164712053329815,0.0016477236780878535,0.001647724146807139,-0.0009252462140111328,-0.0017071051579818919,-0.0017071060306379504
2025-01-03,-9.490914096072444e-05,0.0007355239322407055,0.0007355231015758807,0.0030025258895374847,0.007143308946837625,0.007143307877028686
2025-01-06,-0.0004756150977443446,-0.00022158044605848526,-0.0002215806999531693,-0.004382671685217074,-0.0019080146483876096,-0.0019080171507462312
2025-01-07,-0.00421031611609069,-0.004215914970449485,-0.004215914964855137,-0.007834133527501539,-0.006929461663443384,-0.006929465648258999
2025-01-08,0.0011932959540650251,0.0010668562595904287,0.0010668563859290586,0.0017228664039811543,0.001764094236137294,0.0017640946171599255
2025-01-10,-0.004441229985680074,-0.005162611386187778,-0.005162610665291943,-0.011063633468447156,-0.012408527800879525,-0.012408530487970913
2025-01-13,-0.0010301266386674062,-0.0006960502885792389,-0.000696050622672803,0.0023086366710468155,0.00295679651573065,0.0029567974200434537
2025-01-14,0.0018000042020093923,0.002105919228964904,0.002105918923136389,0.0026315385237765275,0.004113113974172366,0.004113112016276238
2025-01-15,0.012179196646150893,0.011995041096707779,0.011995041280755046,0.011956304050466873,0.011472230233205729,0.011472232312438798
2025-01-16,0.0026962026551110665,0.0027671380049466994,0.002767137934040158,0.007010697313352709,0.0064633520797182835,0.006463352623533534
2025-01-17,0.0009158038314788333,0.0011691339282813942,0.0011691336750720926,0.001276240156634073,0.0027483445780711563,0.002748345193394455
2025-01-21,0.007221871384079863,0.007354371340215033,0.007354371207811767,0.010437525398890785,0.011232996587980278,0.011232996632589467
2025-01-22,-0.001972776379932407,-0.0020535387635665756,-0.002053538682873743,-0.0062861894918526135,-0.003760667817345704,-0.0037606698577917538
2025-01-23,-0.000910285556447854,-0.00016408205235330102,-0.00016408279797452827,-0.00020258035258855747,0.0037276205262554455,0.0037276174777368535
2025-01-24,0.002705669320573388,0.002526525837657558,0.0025265260165276563,0.0028827695303948256,0.001376676273321916,0.0013766764190766498
2025-01-27,0.0005976137212716694,3.7859003101002966e-05,3.785956210137099e-05,0.0064900634262791326,-0.0011362777986466642,-0.0011362707760802305
2025-01-28,0.0009007595203154512,0.000719564936308757,0.0007195651173604401,-0.00250467631793699,-0.00037101797011718186,-0.0003710193461334355
2025-01-29,-0.0019126230389537777,-0.002037170695470294,-0.002037170570998329,-0.004909664535689871,-0.005797250601674181,-0.005797251076007412
2025-01-30,0.005409230000737733,0.005535819620373052,0.0055358194938445755,0.006434257392557019,0.007900213641171728,0.00790021174770551
2025-01-31,-0.003389803743798937,-0.00349719445985002,-0.0034971943525246886,-0.0038506946916530057,-0.0033352964485282434,-0.0033352973680006674
2025-02-03,0.0010171220082431098,0.00027247200325697385,0.00027247274813579914,0.0015608890979033063,-0.0023384561430653816,-0.0023384530814383186
2025-02-04,0.004714960431845728,0.004825328992102099,0.004825328881803966,0.0030829542211426382,0.0044361410106331595,0.0044361391388970965
2025-02-05,0.006280494730844806,0.005832496083104012,0.00583249653076761,0.010808500948893763,0.007155919577703675,0.007155924531777846
2025-02-06,-0.00015002189796562527,4.5661782006721485e-05,4.566158638229687e-05,0.0004401643010920503,0.0014259728925766998,0.0014259726118861452
2025-02-07,-0.003704161746446465,-0.0037883025716371603,-0.0037883024875382735,-0.004645669968243917,-0.004740530557100102,-0.004740532115062069
2025-02-10,0.003972273302320754,0.00415566504006587,0.00415566485675006,0.0006950654311026881,0.0043059584155938,0.00430595377358205
2025-02-11,-0.0012179463590204218,-0.0007456779354437465,-0.0007456784074304305,-0.001187246657305949,0.0011142685807879074,0.0011142662179065349
2025-02-12,-0.005396296031298309,-0.004865797619062352,-0.004865798148993713,-0.008226625975813702,-0.0047859186188015075,-0.004785923179043845
2025-02-13,0.009051871355504658,0.008674828622211582,0.008674828998650507,0.01105386052918864,0.00910796587902107,0.009107969063590304
2025-02-14,0.0011068717293043243,0.0010574680245196543,0.0010574680738626796,0.0008083423168124492,-0.001795490105024925,-0.0017954875198828728
2025-02-18,0.00043936444610900903,0.0010087619331742535,0.001008761364448049,-0.0021139592261944793,0.0035504958383269962,0.0035504887235199203
2025-02-19,0.0009256342404004063,0.0007716618307029446,0.0007716619844063512,0.0010136525584403184,0.0011220068162025524,0.0011220073660236972
2025-02-20,0.0021646575707897895,0.00211300337753595,0.0021130034291078313,0.002778948773907915,0.0009053039319760571,0.0009053042988183223
2025-02-21,-6.0733117540294056e-05,-0.0012628932313379405,-0.0012628920310316053,-5.295210760937474e-05,-0.008500526752589313,-0.008500520976446165
2025-02-24,0.0007274054080436444,0.0003920155066222255,0.00039201584189802174,0.002092521327690302,0.00025949434456107464,0.0002594958727949705
2025-02-25,0.00405839672506374,0.003677144612022569,0.003677144993272747,0.009373609877322584,0.0023902552358957417,0.0023902624384403814
2025-02-26,0.0017301165738133485,0.0014591544122475827,0.0014591546833112954,0.0013402383715064642,-0.00048692705838131265,-0.0004869253564917656
2025-02-27,-0.005810427100111115,-0.005776725912976824,-0.005776725946699763,-0.003921056874935397,-0.0060785088434373805,-0.00607850809112693
2025-02-28,0.0035299041618588097,0.00333572664986133,0.003335726844157588,0.007995465008331318,0.007223603614238594,0.007223609372633668
2025-03-03,0.0017388160428253308,0.002282255949396683,0.002282255400263944,0.0022602445835708806,-0.0025864376026887292,-0.0025864346456559995
2025-03-04,-0.0027666069519653408,-0.002850848121902605,-0.002850848003752538,-0.008066631976096791,-0.006311096666167639,-0.006311104925638854
2025-03-05,0.0010305168167415151,0.0011112910964507208,0.0011112909831534708,0.0011865767841730069,0.007329420447171591,0.007329412258278458
2025-03-06,-0.005485946348190186,-0.005529375669701637,-0.005529375608790841,-0.010473180340318496,-0.014752057911795078,-0.014752056617202618
2025-03-07,0.001426467675081536,0.0014009544384923293,0.0014009544742768954,0.0011998105780779522,0.004024231021543869,0.004024227361658351
2025-03-10,-0.002833365426409406,-0.0028335795803376244,-0.002833579580037246,-0.0016868007295109137,-0.012729151923141101,-0.01272914076352013
2025-03-11,-0.0023323087834266174,-0.0024580293049808392,-0.0024580291286421807,-0.0067483623613503255,-0.005474082384161588,-0.005474088287081069
2025-03-12,-0.0005269312453977532,-0.0005574731705130421,-0.0005574731276687969,-0.0024810370354724546,0.0011243641046348,0.0011243592528594293
2025-03-13,0.0012038855086782896,0.0011247259152040285,0.0011247260262525847,-0.0027895267598264835,-0.00820056978236327,-0.008200566760889542
2025-03-14,0.003336614907326983,0.003393269595075146,0.003393269515591177,0.0056097261608558015,0.013149328678775288,0.013149322139213484
2025-03-17,0.005189023081742224,0.005229141079655681,0.005229141023375119,0.007716681970430555,0.009220764144379374,0.009220762724258716
2025-03-18,0.00037112723074081427,0.00033095209751515787,0.000330952153873625,-0.0013549533608526176,-0.003486980836772598,-0.003486981639928828
2025-03-19,0.004853663954929412,0.004862686438520093,0.004862686425862669,0.004444621763918502,0.005633058627013798,0.00563305878789661
2025-03-20,-0.001006422859854067,-0.00105699853409239,-0.0010569984631416277,-0.0005335163839604978,-0.001748344741462673,-0.0017483427414538707
2025-03-21,-0.0037267480449894434,-0.0037210382342820415,-0.003721038242292531,-0.0055352920458787876,-0.004908855458152705,-0.004908855452595703
2025-03-24,-0.0012109340375178218,-0.0012042073834520597,-0.0012042073928890602,0.0014212474195338756,0.009143114776722243,0.009143109518485555
2025-03-25,0.0008329860648044666,0.0007846247324985971,0.0007846248003455296,-0.0023782067476144347,-0.0019718555733939528,-0.0019718565732331993
2025-03-26,-0.004210295959911524,-0.004250993788827866,-0.004250993731729434,-0.0031331497255551975,-0.0038331508648204275,-0.0038331519156311945
2025-03-27,0.0006995402951577287,0.0006249238770831613,0.0006249239817731359,-0.0015152968762253702,-0.0001237774174030049,-0.0001237817005802918
2025-03-28,0.002189593800444844,0.0021611495478290996,0.0021611495877405596,0.0034661242950901954,-0.005415739966580358,-0.0054157320494464456
2025-03-31,0.005358273110505055,0.005261302950062404,0.005261303086129625,0.007138649718288163,0.0070394048418253195,0.007039406695543928
2025-04-01,0.0030413849142654215,0.0030110671726970573,0.0030110671960505986,0.003880835010082073,0.0017470788864675235,0.0017470824080247915
2025-04-02,0.001802739688016757,0.002027999454294485,0.002027999229037084,0.0024289442725168716,0.0042826198327261785,0.004282618584364119
2025-04-03,-0.009217013734398403,-0.010790087128008635,-0.010790085555305385,-0.01281267897665853,-0.027559584264663838,-0.027559575743035705
2025-04-04,-0.016378272076264255,-0.018418430932300636,-0.01841842888937827,-0.016080836442800128,-0.03534461400147512,-0.035344598369953954
2025-04-07,-0.01824746756472723,-0.017956992905667754,-0.01795699319714043,-0.021878878970725043,-0.013680426686362716,-0.013680431808087857
2025-04-08,-0.010287054182252665,-0.010449204870637533,-0.010449204707977854,-0.016446271718746592,-0.01311402558795459,-0.013114030682468773
2025-04-09,0.02757307743598509,0.030158135457394188,0.030158132863796712,0.0316647843593378,0.05800444583902658,0.0580044310217656
2025-04-10,-0.013710208711330031,-0.014459111867085933,-0.014459111117594353,-0.021302844318686946,-0.0225524270725184,-0.022552434025470244
2025-04-11,0.007254518184901879,0.007702230807846079,0.007702230359441202,0.007290117863587955,0.011669323691437746,0.01166932013577596
2025-04-14,0.006155552384220371,0.006396858553167153,0.006396858311595251,0.010183516941412434,0.009074542862954206,0.009074544660019895
2025-04-15,0.0029380343254189413,0.002893928231358979,0.0028939282755030566,0.0029852182764337877,0.0015091154750539193,0.0015091156607211225
2025-04-16,0.004436759061563303,0.003582406091276621,0.0035824069464029562,0.0017433331302303045,-0.0034063250003437567,-0.0034063257075419816
2025-04-17,0.0005876390510445719,0.0013037727508469984,0.00130377203345485,0.0014630666776546493,0.005050364379659647,0.0050503592605753884
2025-04-21,-0.005893296702053876,-0.0063503603558890875,-0.006350359898349715,-0.013813335785114171,-0.011409818069678081,-0.011409825809091105
2025-04-22,0.004794787091578553,0.005521417900012417,0.005521417172290729,0.009337327189942554,0.01230756547595582,0.012307566713813322
2025-04-23,0.0013611844770316777,0.001767318941842983,0.001767318535392726,0.004733078097937388,0.004364606680989621,0.0043646111140446114
2025-04-24,0.010028029856668856,0.010130710565160846,0.01013071046244196,0.009086601521051669,0.012033927515361543,0.012033927090030733
2025-04-25,0.002211725848780962,0.002197918265667818,0.0021979182794791318,0.0030401274997833762,0.001505887574842225,0.0015058910508478102
2025-04-28,0.003932648305568365,0.0036584282162511203,0.0036584284905490662,0.0047905818595821124,0.0032598465448140687,0.0032598474302717112
2025-04-29,0.0014333718525124438,0.0014559193837653855,0.0014559193612052903,0.004770025249147519,0.002947248963939787,0.0029472527578982568
2025-04-30,-0.003964717506374334,-0.003842110357913739,-0.0038421104805864453,-0.002683438907478351,-0.0017855526951455645,-0.0017855529668670835
2025-05-01,-0.00333184660169894,-0.002838575860032,-0.002838576490207023,-0.001588505924905892,0.0010735295522756871,0.0010735266846670921
2025-05-02,0.0013632338006267569,0.0021737649577147434,0.0021737633002645823,0.0012307879438717576,0.00846922991472545,0.00846921508584144
2025-05-05,0.000971351495705597,0.0008186725617404979,0.0008186728737002,-0.0019598974701669587,0.0007050486670131426,0.0007050376755362208
2025-05-06,0.004104807623432727,0.0035675293661766873,0.003567530464132574,-9.78754972909984e-05,-0.0011777982377914483,-0.0011778017443322122
2025-05-07,-0.0014372021293571305,-0.001424876302722402,-0.0014248763279243518,0.0014792563129663078,-2.5772637097653953e-05,-2.5764219536118023e-05
2025-05-08,-0.004854289509607366,-0.00433973274852107,-0.004339733800594369,-0.005649982366024176,-0.001266800968681157,-0.0012668066044495673
2025-05-09,0.002571763907877289,0.002555177991227158,0.0025551780251215376,0.0026383614256664783,0.0022288280600807186,0.0022288259559976355
2025-05-12,-0.00024167197167018588,0.0009120962606178394,0.0009120939027797972,0.0009134823121903533,0.010962111136522883,0.010962102685903545
2025-05-13,0.0013389738959393572,0.001388439605617555,0.001388439504646074,-0.0032400517105260315,0.00033617531304413594,0.0003361694794598992
2025-05-14,-0.005565546470047149,-0.0053149237484169795,-0.005314924259973324,-0.006334197889011768,-0.0053376978493467194,-0.005337696907280687
2025-05-15,0.006226801253255326,0.006101486431826393,0.00610148668754718,0.009799330558248914,0.008097705613610954,0.008097708855012684
2025-05-16,0.00041203234959838166,0.0006555977728928805,0.0006555972758048332,0.00438656308810713,0.0038622756402801974,0.0038622798291660845
2025-05-19,0.0012796227371389243,0.001294120432703769,0.0012941204031228992,-0.00014528131589956677,0.0016284879117917403,0.001628482672799583
2025-05-20,0.0009644439635745132,0.0008665997771325786,0.0008665999767694251,-0.0034146244829136915,-0.0005598578751461391,-0.0005598681631744607
2025-05-21,-0.008261867117967881,-0.008435076966259824,-0.008435076612815742,-0.01560949408848938,-0.01294222050116228,-0.01294223205629914
2025-05-22,0.0007203846879017644,0.00066735703024253,0.0006673571384672399,0.0010175683040149022,-0.001054761312524773,-0.0010547552426086618
2025-05-23,0.0034500673307922853,0.0031287183868194757,0.003128719042698704,0.0014456782175381946,0.0005399160863984876,0.0005399122099148411
2025-05-27,0.005072150636092969,0.005417240540278451,0.0054172398357178455,0.01162841964944131,0.010577716229722716,0.010577728257634079
2025-05-28,-0.003419023419264072,-0.0034158725448108136,-0.00341587255124166,-0.0030083459181924543,-0.0027425728962543316,-0.0027425745234624104
2025-05-29,0.0041849368112284015,0.004066930203021502,0.004066930443868903,0.006623953079728647,0.00454433000383184,0.004544335301647353
2025-05-30,-0.000523510614153247,-0.0005611193716799698,-0.0005611192949127763,0.0005078417371908803,-0.0007880021609061289,-0.0007879983996403797
2025-06-02,0.0032675601189255943,0.003524539808583249,0.0035245396011944763,-0.0010019665824916313,0.004460865096315159,0.004460851358881968
2025-06-03,-0.0005583487987552726,-0.0002440022493434244,-0.0002440025635760238,-0.0007950665780239284,0.0012834901177380038,0.0012834903609428422
2025-06-04,0.006370933210168787,0.005669885822831154,0.005669886523404067,0.0076043555266415,0.0023359074229048872,0.002335911012465192
2025-06-05,-0.0014532563921694922,-0.0014445164739698953,-0.0014445164827099858,-0.001245077633228956,-0.002668917174889306,-0.002668917093092256
2025-06-06,-0.003838506260357795,-0.0026142545318936297,-0.0026142557561589013,-0.003440735772591765,0.002772777826466343,0.0027727739370830653
2025-06-09,0.0020368660640945543,0.002005491436468796,0.0020054914678052584,0.0015628997096987648,0.001353983079772711,0.0013539822447783893
2025-06-10,0.0026380719918721648,0.0027451060932137776,0.0027451059863065263,0.004980717614232234,0.004479449911663792,0.004479451137385787
2025-06-11,0.003280992863667984,0.0028438726449271936,0.0028438730814827613,0.00036669383353918816,-0.001106893985318511,-0.0011068948796659045
2025-06-12,0.005718422103553018,0.0052093811927236555,0.0052093817013286045,0.006884073492829659,0.004025308452545603,0.004025310319734066
2025-06-13,-0.002096137663691549,-0.002477176331832767,-0.0024771759509276403,-0.007145347354754956,-0.005701431059804684,-0.005701435666927318
2025-06-16,-0.0022608108065505475,-0.0012140799822952515,-0.0012140810290589279,-0.002713098134219579,0.002556259449596355,0.0025562567140677574
2025-06-17,0.003027032717937164,0.0019763509070951,0.0019763519567087364,0.0027485337658839032,-0.0032046533057236057,-0.0032046492662640706
2025-06-18,0.0005919968067238506,0.0007098426295863295,0.0007098425117368662,0.001549335321153074,0.0008769644333753276,0.0008769652250744188
2025-06-20,-0.00019646180407730408,-0.00018625287488184067,-0.00018625288508988168,-0.0006762385685226077,-8.46450764854071e-06,-8.464418072858443e-06
2025-06-23,0.0008780526453238036,0.0011414379408051056,0.00114143767744538,0.00632559839463631,0.0065472068358984345,0.00654720932741384
2025-06-24,0.0018604525533024436,0.002313600403767172,0.002313599950782518,0.004423560875384814,0.004071629650713502,0.004071632686957262
2025-06-25,-0.0010587365570019192,-0.0016170784492326867,-0.0016170778913442137,-0.006142183411590188,-0.004812932504072995,-0.0048129318003229905
2025-06-26,0.003929670704324109,0.003999778582701994,0.003999778512611873,0.0031148617040070723,0.0036045048554626054,0.0036045050582270235
2025-06-27,-0.0031529308495275763,-0.0024058023647971403,-0.0024058031116842276,-0.0019385219367806605,0.0004423611705978263,0.00044236092216191447
2025-06-30,0.005396913938522871,0.005070359642517797,0.005070359968722097,0.006798752973693151,0.005247187457981415,0.0052471890720276965
2025-07-01,0.001535679529784284,0.0014730888205503057,0.0014730888830343236,0.0029557891658451574,0.0017900157705321718,0.0017900152132517277
2025-07-02,0.0014553992109058763,0.0019456198443900986,0.0019456193543126157,-0.0005224470825160605,0.0030951663742032356,0.003095162053135569
2025-07-03,-0.0019340907645505505,-0.0012545340834738147,-0.0012545347624996683,-0.001876074517046478,0.002119428395666754,0.002119426617411584
2025-07-07,-0.005338699871801327,-0.00549592135292623,-0.0054959211959344535,-0.007257968353944865,-0.005791745299214941,-0.005791746486355014
2025-07-08,-0.0011931893583478645,-0.0009161817536029967,-0.0009161820302496164,-0.0015497748831597377,-0.0015675701577276416,-0.001567570641194332
2025-07-09,0.004739312873209008,0.004375236357586816,0.00437523672108807,0.005330984345166284,0.0036395899934001533,0.003639592503884226
2025-07-10,0.00039525472329040597,0.000474726967798566,0.00047472688842312963,0.0021224987191632064,0.0019871714199469342,0.0019871714884644146
2025-07-11,-0.0028069932500115417,-0.002504045399730439,-0.0025040457022852216,-0.005211495108424193,-0.0012107796275914915,-0.0012107849298765702
2025-07-14,-0.000937227060154784,-0.0006243182295480585,-0.000624318541955987,0.0010984980093409714,0.001710191553113667,0.001710191837438604
2025-07-15,-0.00443417733971334,-0.004429533326776121,-0.0044295333314112485,-0.007723911272812678,-0.005949903127432658,-0.005949904536366469
2025-07-16,0.003012016384897941,0.003148681460585978,0.0031486813241830337,0.004224084672987044,0.004372208062378048,0.004372207332515295
2025-07-17,0.0015513562895224148,0.001819036000745469,0.0018190357336155788,0.0005444399133313783,0.002155943138789915,0.002155942086341364
2025-07-18,0.0014173959227845622,0.001255915908103226,0.0012559160692084989,0.001601925190063181,0.0009200382942860874,0.0009200387457693748
2025-07-21,0.004893323176513282,0.004450185751562647,0.004450186193742998,0.005400560468988876,0.0033640062081110225,0.003364006694780881
2025-07-22,0.0038985302691478163,0.003817767595182058,0.003817767675805857,0.0076036030469564045,0.005071817005654162,0.005071817624065386
2025-07-23,-0.0006865458183177997,0.0003301969928067674,0.0003301959777306323,-0.0009389077047979548,0.0024877059319480064,0.0024877032921121404
2025-07-24,-0.0022367389054802796,-0.0022338940786321925,-0.00223389408146947,-0.0021921105560662587,-0.0016969560967204766,-0.0016969551726865192
2025-07-25,0.00018377350947960906,7.763120426170579e-05,7.763131012201092e-05,0.002344484519696491,0.0008692438963811872,0.000869247805147087
2025-07-28,-0.003456821624009025,-0.0035107279142578334,-0.0035107278604890567,-0.007236809502086435,-0.004349244586047194,-0.0043492450860999525
2025-07-29,0.006599077688313809,0.005952276767263638,0.0059522774124494944,0.010854130879425853,0.0037092318437728575,0.003709235862516448
2025-07-30,-0.005541000067530548,-0.00541908679691623,-0.005419086918603272,-0.007246492654918219,-0.00569765913073381,-0.005697657811818364
2025-07-31,-0.0014709240553205153,-0.0020336790732142685,-0.002033678511572372,-0.00396080383277273,-0.0037759174081821788,-0.0037759161204501297
2025-08-01,0.004698624675107954,0.003108995906260459,0.0031089975473104214,0.004759049242300861,-0.003873338562986106,-0.0038733339315186743
2025-08-04,0.004208397299472315,0.004665657790193672,0.004665657286578979,0.005753347868125436,0.008519941707758933,0.008519940368682088
2025-08-05,-0.00030552969277750086,-0.0004039649417429276,-0.000403964833378273,0.0016701959029998532,-0.0006840559128251924,-0.0006840546175538036
2025-08-06,-0.0005908997576046695,-0.00019083360173970093,-0.0001908340422048842,-0.0032464087289826304,0.0007934488187549863,0.0007934465221540589
2025-08-07,0.001397497242275002,0.0014980389251641048,0.001498038814513929,0.00043834141865926255,0.0008124658129850902,0.0008124627354808111
2025-08-08,-0.001116354646626887,-0.0008537200945326481,-0.0008537203835435447,-0.0034231972014969973,0.00041242041326914475,0.0004124186855224321
2025-08-11,-0.0016624566019928216,-0.0016635657037925935,-0.0016635657025724252,-0.0019465967260903355,-0.002948702810458882,-0.002948700367037281
2025-08-12,0.0013856102045736564,0.002133140736140069,0.002133139913750485,0.0012782886133519992,0.005292438818441887,0.005292435617544644
2025-08-13,0.0046920187759830765,0.004678414617745038,0.004678414632700378,0.00666624808364466,0.004615098753795422,0.004615099802981649
2025-08-14,-0.0036863081009437105,-0.003501420880707815,-0.0035014210839610016,-0.005307399072989894,-0.003051904589934108,-0.0030519056998338074
2025-08-15,-0.0012468775482578514,-0.0007769196637556924,-0.0007769201803014796,-0.0010128669914682732,0.0006635568548758503,0.000663554028632222
2025-08-18,-0.0012061662063035297,-0.0011801204768715173,-0.0011801205054857494,-0.0035269612807552033,-0.00229205599944798,-0.002292057105913876
2025-08-19,0.00044116952492824523,0.0003284989701960305,0.00032849909397437873,0.0059797193228826396,0.0015233644162487969,0.0015233679448524553
2025-08-20,0.002618483823881795,0.002350621520800485,0.0023506218151035357,0.0018780758112088103,0.0006303034585454768,0.0006303021049620973
2025-08-21,-0.002789488457310791,-0.002715212553605599,-0.0027152126352351026,-0.0036051009732131697,-0.002947387585173493,-0.0029473886364553207
2025-08-22,0.009264349628566211,0.009780821399635504,0.009780820832073319,0.01150214493192939,0.013029390441004023,0.013029388620670976
2025-08-25,-0.002838069048045185,-0.0030297269872401945,-0.003029726776730797,-0.0036471420896896116,-0.0036833372804738274,-0.003683336849472217
2025-08-26,0.0008961004234421239,0.0007669627499071511,0.0007669628917740636,8.119918300433088e-05,0.0017354967256309859,0.0017354967386771546
2025-08-27,0.0007316708031901298,0.0007758433106391563,0.0007758432621062558,0.0018732627862681824,0.002501040054668065,0.002501040021809242
2025-08-28,0.0034372683107334718,0.0030934621174513125,0.003093462495178914,0.0023468999154265683,0.001488251005282869,0.0014882513880253322
2025-08-29,-0.0015141602994654558,-0.0015627751551241858,-0.001562775101694472,-0.0014796195957740158,-0.0009109909723137629,-0.0009109936746943921
2025-09-02,-0.0005241044258920136,-0.0010183838554547187,-0.001018383322672456,-0.007229230138442677,-0.00553718252218538,-0.005537187213490724
2025-09-03,0.0040838404149370015,0.0036869006653954994,0.0036869010623894905,0.0052960464008797664,0.003311611525220061,0.0033116145231845027
2025-09-04,0.003405088691124785,0.003452391555575447,0.0034523915082474094,0.0061987448641490275,0.005455454496932779,0.005455457364684444
2025-09-05,0.005965857602302795,0.005320446745347159,0.005320447391071052,0.00918855518388687,0.004178086429932158,0.00417809038171676
2025-09-08,0.005636209953595749,0.004965625819467075,0.004965626490807173,0.004045709738557338,0.0005669595652014342,0.0005669622181484826
2025-09-09,-0.0016198922094394935,-0.0013132964794123664,-0.0013132967865585414,-0.002712066426470889,-0.00048494006906136427,-0.00048494202004930784
2025-09-10,0.0032214127867479614,0.0029687461813524617,0.002968746434394984,0.002460379165944909,0.0012767399462154643,0.0012767410172997956
2025-09-11,0.004042499134504387,0.004492735844023441,0.00449273539300328,0.008536809561336099,0.008885290682140518,0.008885291914788658
2025-09-12,-0.0014356986609652528,-0.0013486512992531032,-0.0013486513864128505,-0.003053304273363241,-0.0016755580310722665,-0.0016755597120493339
2025-09-15,0.004156988915126397,0.004153470689668828,0.004153470693191289,0.002024169678837919,0.0030323879650589612,0.003032386466330409
2025-09-16,0.001143988018364724,0.0009066673799265332,0.0009066676175336927,-0.0007326730939921137,-0.001765227343131406,-0.0017652273202848024
2025-09-17,-0.0029646047467096594,-0.002762330939746629,-0.0027623311423126623,-0.002103496185920077,-0.0018643400549932547,-0.0018643397811051966
2025-09-18,-0.0025366102212124935,-0.0017676636072317428,-0.0017676643771330667,-0.002790201296256345,0.0018952368985519848,0.0018952332266208758
2025-09-19,-0.00032661096203178124,-0.0004910751474468866,-0.0004910749829053508,-0.001817175387625771,9.638038360552481e-05,9.637947746757216e-05
2025-09-22,0.0013589087622771236,0.001428176896046475,0.0014281768267343595,-0.00031209416022146734,0.0028197048335288767,0.00281970162764996
2025-09-23,0.0028556629199623317,0.002402894385367743,0.00240289483839242,0.0038285742755699414,0.0004681958956352598,0.0004681977830563095
2025-09-24,-0.003326183514523089,-0.003293501543825793,-0.0032935015765410245,-0.005196732504547755,-0.005114403839206612,-0.005114404213544687
2025-09-25,-0.0011314746274409654,-0.0014509932770054752,-0.001450992957172151,-0.001685223171163899,-0.002731879554030274,-0.0027318792516773565
2025-09-26,0.0019073933483985794,0.00224851028682292,0.0022485099452607764,0.003327968456959752,0.005619835691445972,0.005619834268094625
2025-09-29,0.004289825580380224,0.003830126215700903,0.0038301266758435774,0.004218849572710368,0.002838069685557233,0.002838070804889809
2025-09-30,0.0007170058903867285,0.0008647091257704416,0.000864708977857064,0.0006812547243016119,0.0028436642826473596,0.002843662443940115
2025-10-01,0.002990738033077589,0.003063265796790837,0.0030632657247811057,0.002594498151582858,0.0023806523874407848,0.002380652428800367
2025-10-02,5.891556863353746e-05,-6.250316711543818e-05,-6.250304574510767e-05,-0.0003493711262387595,-0.0014042079220387155,-0.0014042065536969523
2025-10-03,0.0008042313276379089,0.0009446478468260594,0.0009446477064484756,0.00046746118011953774,0.0018618856324763662,0.0018618834883816307
2025-10-06,0.0006544315160207836,0.0007363295772396221,0.0007363294953757549,-0.004439814782674842,-0.00011629279690123472,-0.00011629819804348344
2025-10-07,0.0010901861664594265,0.0004166402563495656,0.0004166409295591502,0.000860278315463394,-0.0019036285088422158,-0.0019036262501201573
2025-10-08,0.0022632628091701205,0.001988623841370481,0.001988624116057123,-0.00019389440314305844,0.0017257852210832217,0.0017257834095150057
2025-10-09,-0.004834993885323751,-0.004897709020117865,-0.00489770895737465,-0.0033983252534238806,-0.0053522357710926085,-0.005352232450907441
2025-10-10,-0.002393543664360484,-0.004707776232593964,-0.004707773917179318,-0.0007319404481575609,-0.013320575752843273,-0.013320566158436754
2025-10-13,0.007618927674564655,0.008135594093272094,0.008135593575139814,0.004983028342700736,0.01091096947306034,0.010910963470310942
2025-10-14,0.001609268891316112,0.00143541285898191,0.0014354130332418454,0.004385275022479554,0.0032541776433860897,0.0032541789814846465
2025-10-15,0.0037718924031499707,0.004201196299609611,0.0042011958692336525,0.00455190019388299,0.008083854784767629,0.008083850622383591
2025-10-16,0.004370228004754629,0.0033449851023404395,0.0033449861297041943,0.002270297630781756,-0.0007297022491494719,-0.0007297021172125984
2025-10-17,-0.0018912326519725175,-0.0011806875434093975,-0.0011806882561519179,0.0008271758192123765,0.0020349965436636157,0.0020349975603832404
2025-10-20,0.008245938802118527,0.008051846320974734,0.008051846515528961,0.00700324455415199,0.010753016160741525,0.01075301192123272
2025-10-21,-0.007783864972758504,-0.007216607684353902,-0.00721660825307017,-0.0019314801270965568,-0.00745147513575899,-0.007451465353477922
2025-10-22,0.0011895627107844104,0.0011268980720006286,0.0011268981347905423,0.001157197917264504,0.000140895533192539,0.000140894996605306
2025-10-23,0.0011558602057354875,0.001777645182325,0.0017776445592579907,-0.001611128374380195,0.002778853462391802,0.002778848667206986
2025-10-24,0.0015222025013823773,0.0018712865784944505,0.0018712862289077283,0.002012356776667145,0.0037323949684478367,0.003732394708046407
2025-10-27,-0.00023745394210879757,0.0005552480816097773,0.0005552472880429442,0.002261680186172413,0.002931579829145172,0.0029315823638149372
2025-10-28,-0.0017356423399384913,-0.0020881264272388234,-0.0020881260746497526,-0.004660875782187894,-0.0059863200673799,-0.00598631782510316
2025-10-29,-0.005070280197580368,-0.004911640347692748,-0.0049116405064358985,-0.0114772356331975,-0.008677185163382915,-0.008677188411748596
2025-10-30,-0.0013516587514544134,-0.0017210092263579397,-0.0017210088568258791,-0.0017671757597113762,-0.0015653214418419516,-0.0015653241238561067
2025-10-31,-0.0007058803154083141,-0.000508446131113071,-0.0005084463287174056,-0.0004985384944995698,0.0010737395963028463,0.0010737389735469682
2025-11-03,4.8041929128661565e-05,7.357048526279719e-05,7.357071647473568e-05,-0.0012724146265364888,0.0002494732255098331,0.0002494750276822444
2025-11-04,-0.0035716362589365666,-0.003799052360521257,-0.0037990508527782456,-0.0005565743334723708,-0.005274850987961663,-0.005274821336920848
2025-11-05,-0.0010659801133647237,-0.00045494530868256286,-0.00045494936069894625,-0.002973881174168401,0.00210310971247116,0.0021030724546874263
2025-11-06,0.0017862609907986601,0.0010432876512168148,0.0010432925751585477,0.0014866658758746084,-0.004232197348844019,-0.004232173045254074
2025-11-07,0.0012495277129767077,0.0014894474023071506,0.0014894458110961345,0.003786964680855386,0.005536384529420782,0.005536374406410584
2025-11-10,0.005983445183177697,0.006198314816018454,0.00619831339128745,0.00255384090837201,0.008162468333063074,0.008162433552159117
2025-11-11,0.004041162065072291,0.004057572917499788,0.004057572808707972,0.005759454540407151,0.005436411103162883,0.005436412752683551
2025-11-12,0.0006420043085163096,0.00017110490007605172,0.00017110802173985813,-0.0012113428488338455,-0.001218936378332981,-0.0012189389215621575
2025-11-13,-0.006896419051843165,-0.007153528414948089,-0.007153526709728546,-0.008856459749635275,-0.011149228360977497,-0.01114922877422965
2025-11-14,-0.003184919132989524,-0.0026373550173787947,-0.002637358649914051,-0.0022287822417580076,-0.0012725067043392263,-0.0012725083243770555
2025-11-17,-0.002957670621775435,-0.003427172882885689,-0.0034271697699220323,-0.002892988718560132,-0.006991971551769959,-0.006991947914343299
2025-11-18,0.0005351486300900746,0.00019050272016843828,0.00019050500636751626,0.0007201550052374664,-0.0007289664193557608,-0.0007289680136299606
2025-11-19,-0.0015047084342875443,-0.0015414434558184377,-0.0015414432120537257,-0.0026135001576621073,-0.0016372065937832899,-0.0016372058017394575
2025-11-20,-0.0021280851566151215,-0.0028813310131767973,-0.0028813260146356877,-0.0012571881910807573,-0.006631716371531965,-0.00663169215639589
2025-11-21,0.003504679937356256,0.003947493630639419,0.003947490689907003,0.007082830830280428,0.008679317132566951,0.008679320305939072
2025-11-24,0.005494440073128784,0.005451347451418675,0.005451347737471201,0.005107429119279765,0.007657427579512613,0.007657422461472581
2025-11-25,0.0030532677432571625,0.0034060749654944854,0.0034060726234294517,0.0049315513351813126,0.006497934304129775,0.006497934796420035
2025-11-26,0.004593499151730754,0.00467651653937694,0.00467651598847054,0.004224782415398877,0.005348092951996076,0.005348085909294299
2025-11-28,0.0018239426954447908,0.002063149171820551,0.0020631475845688486,0.00024802134022300023,0.004019111643336734,0.004019085552341639
2025-12-01,-0.004294733301183573,-0.0040982419550184,-0.004098242808919905,-0.008337528008977912,-0.0054638193056715245,-0.005463846585844756
2025-12-02,-0.0002808596488816514,-0.00015966244104224586,-0.0001596625622215916,-0.0006211646938872389,-0.0007834645929586618,-0.0007834639521366977
2025-12-03,0.0022396950066025526,0.002269887783024834,0.0022698877528401665,0.0024330607413398115,0.0024270180426978305,0.002427018378974171
2025-12-04,-0.0012652506881469096,-0.0009297022477971959,-0.0009297025832454093,-0.0025906303548421704,-0.0005299601701945469,-0.0005299624892869867
2025-12-05,-0.0005060204958134483,-0.00014534475094914526,-0.00014534511139605754,-0.0017530713855643673,0.0002818057012562975,0.0002818034419059223
2025-12-08,-0.0035944131848113948,-0.003679387656050013,-0.003679387571160088,-0.0042120171953250775,-0.004524199776518103,-0.0045241993614487
2025-12-09,-0.0005393941489361395,-0.0007546737296815453,-0.0007546735145978153,-0.0010343223246100286,-0.0013603592241126687,-0.0013603589826387788
2025-12-10,0.004896415362523391,0.005072481512900584,0.005072481336956713,0.0042133292089170625,0.0051083819374714515,0.005108380921012128
2025-12-11,0.001060153898936869,0.0010375244669406625,0.0010375244895504167,0.0011756187187666675,0.0027398182038100892,0.0027398168121090683
2025-12-12,-0.004690956672893937,-0.004761120197356018,-0.00476112012725192,-0.005266557098328087,-0.0048144441265033045,-0.00481444617571743
2025-12-15,0.0004390795438223029,0.00045010328556817055,0.00045010327455298905,0.0011833844483671147,0.0006561017134611805,0.0006561019528992639
2025-12-16,-0.0001002975018886242,-0.0006461247058682691,-0.0006461241604709283,-0.00023411198110090945,-0.003210164312677604,-0.003210161257341617
2025-12-17,3.707121160209518e-05,-0.00033073434996940416,-0.0003307339822527773,-0.00012945734472351918,-0.0017712163849172191,-0.0017712172065658172
2025-12-18,0.0024595681348083425,0.0025089733748280747,0.002508973325416608,0.001554668609465224,0.0015504377008912858,0.0015504386246541328
2025-12-19,0.0004984461414769502,0.0008924150315945196,0.0008924146375953904,-0.0016341080499264987,0.001991022854270336,0.0019910200814291018
2025-12-22,0.003893367849598608,0.003934736867941599,0.003934736826585689,0.002237171937674298,0.005986230325090547,0.005986226132572924
2025-12-23,0.003477119226158851,0.00342923050303696,0.0034292305509085346,0.0015539748812472224,0.0031860325833137377,0.00318603040104449
2025-12-24,0.002363839146799256,0.00238467471008523,0.0023846746892561338,0.004547062519934499,0.003390967923180547,0.0033909700614207865
2025-12-26,0.0015762992487014502,0.0015453450055821724,0.0015453450365261647,-7.927992140363592e-05,0.001518217404781075,0.0015182146239817122
2025-12-29,-0.004582527277435779,-0.004120269737313095,-0.004120270199431838,-0.00010621261083041311,-0.004445219263625252,-0.004445213043331146
2025-12-30,0.0003053505618093443,0.0005198180098952379,0.0005198177955917057,-0.0002654020022055418,0.0006231834689352693,0.0006231817436656148
2025-12-31,-0.005431377019511654,-0.005286441881357955,-0.005286442026151277,-0.006525071836897169,-0.006478232880783591,-0.006478233717555348
2026-01-02,0.0022481895508681404,0.002605934502365237,0.0026059341445672235,0.0003397198803096746,0.002159870810474418,0.002159867431935858
2026-01-05,0.00779620517627669,0.007566599002278784,0.007566599231803685,0.004803709300979533,0.006728419802907187,0.006728416427690743
2026-01-06,0.001724272577433037,0.001936670600070539,0.001936670387699313,0.0022542657935375157,0.00507191483175915,0.005071912645568638
2026-01-07,-0.001608104716031282,-0.00205515026364421,-0.002055149816749818,-0.0014874175523856186,-0.005112454237725382,-0.005112450170936124
2026-01-08,0.0003541599945264593,0.000731659943468418,0.0007316595659270599,0.0006882741528196636,0.0032559800552047014,0.003255976911180224
2026-01-09,0.003764765641997836,0.003665556521750188,0.0036655566209327626,0.004044235362396198,0.004090451794025217,0.004090452412362997
2026-01-12,0.003255640460912755,0.0033610576251083164,0.003361057519708941,0.00041785216529058083,0.0032906212508647713,0.0032906165124883028
2026-01-13,0.0007761396153603693,0.0006727420141024216,0.0006727421174717125,0.002131906935332076,0.0010730354233974338,0.0010730364365648588
2026-01-14,0.0032345383997654646,0.002944642655687733,0.0029446429455340503,0.0046521311603223425,0.0026173588520627187,0.002617359289810396
2026-01-15,-0.0012249180750906403,-0.0008889550106799832,-0.0008889553466828574,0.00143055479359002,0.002109204034258873,0.0021092046790393963
2026-01-16,-0.0021191526115220067,-0.0015215546546094483,-0.0015215552520772453,0.000717899404174261,0.002644424944744115,0.0026444235371109377
2026-01-20,-0.002344772384351332,-0.0031799311407313567,-0.0031799303062542425,-0.010659673163078373,-0.009774724240465962,-0.009774731361334475
2026-01-21,0.007486430857815562,0.007492728919076733,0.007492728912778538,0.0063545768484857415,0.007946842187283747,0.007946840823007418
2026-01-22,0.0032420969326088923,0.00284860228916164,0.002848602682662069,4.2785513206934026e-05,0.0007935893741675883,0.0007935882384354003
2026-01-23,0.004551740377520411,0.004321900931791142,0.004321901161724152,0.0024874146623227364,0.0029821674222643823,0.0029821651893740704
2026-01-26,0.0037250766879337854,0.003394636823370401,0.0033946371540204356,0.002434398166242415,0.0030242141324028156,0.0030242135630049014
2026-01-27,0.004623799167014486,0.004851610844702637,0.004851610616670994,-0.00032910465457280214,0.004544883920766637,0.004544876482265647
2026-01-28,0.0038180362856006307,0.003040143796398331,0.0030401445748653943,-0.002146795263860965,0.0006060958169256071,0.0006060905348802522
2026-01-29,0.0025035653586546304,0.0026376764869285078,0.002637676352614236,0.004132455383268345,0.00436819493676207,0.004368193863667004
2026-01-30,-0.017424325409299182,-0.015745343268405466,-0.015745344949705906,-0.006817289705420507,-0.012847098221425105,-0.012847085239843417
2026-02-02,-0.007868023299324234,-0.007726264218903656,-0.007726266187510933,-0.005336915566763412,-0.007412961556058417,-0.007412955780278785
2026-02-03,0.008356669390364758,0.009802800962519797,0.009802804747115633,0.002003677487230646,0.006978285049359876,0.006978274274156473
2026-02-04,-0.0007404460322230642,-0.00045111793785563886,-0.0004511181624854769,0.0023170392427681813,0.0023266182122602492,0.0023266180000601107
2026-02-05,-0.0026805653982150406,-0.0045234354714181555,-0.004523434884590625,0.0015331154752854996,-0.008741433881726579,-0.008741423686603831
2026-02-06,0.0088002260072903,0.00995606188254968,0.009956060963296652,0.00795746614490515,0.016618133723322284,0.016618125778631906
2026-02-09,0.0051234608549357505,0.006014918367662387,0.0060149188016759055,0.0028099691580730055,0.007410002576076444,0.007409996736777169
2026-02-10,0.002063454666943737,0.0007413009087605272,0.0007413010390945162,0.007117229471057286,0.0017705091642698126,0.001770515035052351
2026-02-11,0.0012329560277259412,0.0021683668695427183,0.0021683664114468485,-0.0027888194582595623,0.000435482949450543,0.0004354776186731822
2026-02-12,-0.0036842976634428996,-0.006098313887694584,-0.0060983134439197935,0.0017778979538141833,-0.01087815596241672,-0.01087814335051262
2026-02-13,0.005863354992397913,0.006210257700793739,0.006210258956255059,0.007365234345031168,0.008988891926216177,0.008988889439124655
2026-02-17,-0.0034910766578388945,-0.00453793438047134,-0.004537936159870507,0.0020229207556548565,-0.0018989306949075751,-0.0018989240380104457
2026-02-18,0.0034025961558831414,0.0044585630049724725,0.0044585638201080965,-0.003067948441842144,0.001996410454068012,0.001996403667191242
2026-02-19,0.0009988352969809518,0.0010259822411766211,0.0010259827768678603,-0.0001269676146904529,-0.0007555990167085291,-0.0007555993378820065
2026-02-20,0.004428523131943625,0.005511836234210272,0.005511835676750551,0.0029463167844135207,0.008141822437468114,0.008141816558847811
2026-02-23,0.003155189726820542,0.0035475018731954623,0.003547504590721791,0.0015585379092930688,0.0012267983320653731,0.0012267957628863662
2026-02-24,-4.198803122853497e-05,-0.0004960836811841032,-0.0004960851481328037,0.0013620046433287574,0.0007369450417611912,0.0007369473245197962
2026-02-25,0.0012451642312230988,0.001245531269531629,0.0012455302868654827,8.12229503199944e-05,0.0016924559471385094,0.0016924552178485092
2026-02-26,0.001530775907131818,0.0013857079159862338,0.001385709118472734,0.0031069950953755395,0.00169208454153694,0.001692085133789681
2026-02-27,0.003638364958178006,0.003549452165629879,0.0035494537605539867,0.00278923394534591,0.0014217929452395076,0.0014217925547143598
2026-03-02,-0.0012539649599305758,-1.5742251847972177e-05,-1.5740817390197392e-05,-0.0028504016308360525,0.0024750058877718306,0.002474999969205305
2026-03-03,-0.009635857577278617,-0.009889240975128163,-0.009889239736540878,-0.005311624806134844,-0.009790726205069631,-0.009790716838742818
2026-03-04,0.002756265656207779,0.0033208350472898763,0.0033208343262924253,0.0007239562942125636,0.0045630240992622015,0.004563020010831147
2026-03-05,-0.00523096633899813,-0.005429759217799804,-0.005429758501241014,-0.006099847142572398,-0.006714883167562054,-0.006714881097692092
2026-03-06,0.0009631582215602005,0.0006605548800865439,0.0006605555126909066,-0.005130238176935432,-0.005813986329908212,-0.005813990315236695
2026-03-09,0.0038997936524561615,0.003939135563547886,0.003939135036737215,0.005367773893757222,0.005004928089609062,0.005004930450479722
2026-03-10,-0.0006517614521428657,-0.00021083912846120366,-0.00021083956694251663,-0.004312721659379867,-0.00021330203107920031,-0.0002133084085449057
2026-03-11,-0.003317563459827292,-0.0027548148773771717,-0.0027548154956394885,-0.008153940730022844,-0.003722324051888461,-0.0037223288286114876
2026-03-12,-0.0054501507131585625,-0.005738458545107087,-0.005738457512629717,-0.005869592651665404,-0.010006416471540646,-0.010006413283250037
2026-03-13,-0.004354200615359409,-0.004261152775947125,-0.004261152941519386,-0.002805330083663255,-0.0036292633206543375,-0.003629262264536149
2026-03-16,0.004913107480153685,0.005044234959917023,0.005044234171173931,0.0068493646475491134,0.006361872511840236,0.006361873696276193
2026-03-17,0.00405421531326118,0.004362887903815758,0.00436288755977612,0.0035849993781661,0.0035714046886211456,0.0035714042581258595
2026-03-18,-0.007698776029683463,-0.0076941180479299055,-0.007694117720222628,-0.009385219682489586,-0.012187962789955794,-0.012187959257690006
2026-03-19,-0.003689324704918525,-0.00358182046670923,-0.0035818208697970615,-0.00021900509185410688,-0.004524651865472171,-0.004524643710413778
2026-03-20,-0.015121574185062199,-0.015130409721897801,-0.015130409210021963,-0.019645501710632847,-0.01808042849186481,-0.018080427052394585
2026-03-23,0.000952223319931255,0.0013347945301838908,0.0013347931915082718,0.0057363270586136775,0.004911578450885018,0.004911582862921885
2026-03-24,-0.001839906345461713,-0.0018089622563702468,-0.001808961902050558,-0.004120617536639516,-0.0034097456709181965,-0.003409746934493788
2026-03-25,0.007466553028290032,0.007004773937674401,0.007004774206338367,0.005457442613613696,0.0055794034822719005,0.005579401855883978
2026-03-26,-0.01088773722661888,-0.010739300853960729,-0.010739300413955141,-0.008068940020378716,-0.011729767445271367,-0.011729763489085332
2026-03-27,0.0015805002527753062,0.0011752864715088049,0.0011752872102401717,-0.0045138548884085476,-0.004561245039594137,-0.004561251325375415
2026-03-30,0.004753251542593048,0.004065939643183313,0.00406594062732012,0.006310926764361085,0.000750250510895642,0.0007502552013666111
2026-03-31,0.01011310407422336,0.011023343898344426,0.011023342348840927,0.009394597313355693,0.018943908552666595,0.01894389959972044
2026-04-01,0.002546305120085135,0.0026108864337863746,0.0026108862443960934,0.002139176806698284,0.005407064541797846,0.005407060577620637
2026-04-02,0.0021423985077541254,0.002167524872582418,0.0021675248420802607,0.00587822483564591,0.0018776938934628965,0.001877699531748484
2026-04-06,0.0002835254775419066,0.0002268670230509393,0.00022686709182976095,6.015376407541217e-05,0.0017315403008035537,0.0017315378970312629
2026-04-07,0.0014708988521186304,0.0014637047998226835,0.001463704808556181,0.0010658149135352422,0.0016572538867070045,0.0016572526517905821
2026-04-08,0.0074621255861484085,0.007472878883777323,0.007472878870722848,0.009843080710979994,0.013916403016072769,0.013916394670670755
2026-04-09,0.0013002883041319027,0.0012157873250376594,0.0012157874276205259,0.0019834004384307264,0.004306818530272326,0.0043068149854011036
2026-04-10,-0.0018695942846393874,-0.001859007638736331,-0.0018590076515894386,-0.0009962624387333543,-0.001344274069302784,-0.0013442747206554933
2026-04-13,0.004365182335877573,0.0043133992120181356,0.004313399274886676,0.003881322907779701,0.004759816136117894,0.004759814319804725
2026-04-14,0.006587454576004585,0.006574135170003285,0.006574135186174865,0.007069391311765152,0.009276487111561243,0.009276482449925131
2026-04-15,-0.0016869961482819152,-0.0017361789363739325,-0.0017361788766585234,-0.0010557919276121025,0.0009263917717794166,0.0009263892325337203
2026-04-16,-0.0008585119032577295,-0.0009779396189852744,-0.0009779394739746585,0.00017207849964772032,0.001889585483648406,0.001889582052386587
2026-04-17,0.005756629342028918,0.0058868662693737665,0.005886866111219568,0.00998199270357928,0.009661695884479928,0.009661695467539965
2026-04-20,-0.0006132704691760591,-0.000634590502066172,-0.0006345904761793808,0.00036305282443740907,-0.00099875727045782,-0.0009987556042760103
2026-04-21,-0.006906816731364228,-0.006934682887669156,-0.006934682853833339,-0.009251374401859178,-0.009955534720993246,-0.009955531561072154
2026-04-22,0.0043584965059171995,0.004295157323658313,0.004295157400568568,0.0003659868282909402,0.003602753512489447,0.003602748055324437
2026-04-23,-0.001968401271704961,-0.0020160912302264306,-0.002016091172314754,0.0008570435415803726,-0.0008028891641968881,-0.0008028869522793618
2026-04-24,0.0031369657406773027,0.003123818267547112,0.003123818283513338,0.0014835269203182474,0.00308994523519538,0.0030899420471189078
2026-04-27,-0.0020179711511379744,-0.0020986044504955562,-0.0020986043525736036,-0.0035267207238146104,-0.0015480693269966442,-0.0015480713351252282
2026-04-28,-0.001752826882764838,-0.0017161867125382,-0.001716186757038015,0.001628786616269685,-0.0019846821046329557,-0.001984677218755093
2026-04-29,-0.00325375307764066,-0.003404403299041594,-0.0034044031160822648,-0.005944340501675142,-0.0040121375696031,-0.004012140550459563
2026-04-30,0.005910934634191296,0.005805230318997321,0.005805230447390854,0.006277340950104205,0.009058426577125548,0.009058420269973786
2026-05-01,0.000147131367014941,-1.9377525395380957e-07,-1.9361124758976445e-07,0.0007101969512759432,0.0002633215831349123,0.00026332270982498684
2026-05-04,-0.004477787740387834,-0.004232174569887021,-0.004232174815537196,-0.005843521106721275,-0.005055050171933783,-0.005055050604042003
2026-05-05,0.004536285198940549,0.0046450663920284,0.004645066283257653,0.0043966325877716345,0.004781543905750745,0.004781542641569287
2026-05-06,0.007843799118015684,0.007928563729969768,0.007928563645222474,0.009662670160263117,0.010797195215191692,0.010797192530535155
2026-05-07,-0.004285033499739389,-0.00452366857669991,-0.0045236683381336545,-0.005004074213096124,-0.004091751796598511,-0.004091751409690344
2026-05-08,0.005030654988322684,0.0051958624507427225,0.005195862285543314,0.0043007013201985245,0.005144189942063344,0.0051441886737864165
2026-05-11,0.00010325260120429329,0.0003169588590192936,0.00031695864535857224,-0.0018442681845007788,0.0005627445825512281,0.0005627409096466184
2026-05-12,-0.002859822348027674,-0.0028239088545670915,-0.0028239088904652614,-0.0031757934748493973,-0.0015782949946168878,-0.0015782954531445154
2026-05-13,-0.00024393787219681467,3.930873866579839e-05,3.930845555023891e-05,-0.002407355586039261,-6.87214393974493e-05,-6.87227483761549e-05
2026-05-14,-0.0012544249090216844,-0.001214621102198347,-0.0012146211419724689,-0.0010780641825787257,0.0002429939951882128,0.0002429958202400807
2026-05-15,-0.011379179529406522,-0.011255122435329104,-0.011255122559288736,-0.0125658562272502,-0.011090451614747044,-0.011090450230532692
2026-05-18,0.0013004839364995297,0.0014981105355042598,0.0014981103380576936,0.0028255088242735674,0.002706221821160965,0.002706220271671868
2026-05-19,-0.004838099643610378,-0.004619811863207534,-0.004619812081253423,-0.0034450356241501542,-0.003918588661292388,-0.003918588105729826
2026-05-20,0.007127262916695419,0.007155154020557948,0.007155153992703862,0.010039931961454415,0.009321574235927485,0.00932157533147605
2026-05-21,0.0013395223361137923,0.0013871743482592866,0.001387174300671836,0.0021412828511355774,0.001298895182041928,0.001298895818537481
2026-05-22,0.00016783770683207304,0.00010743506678306488,0.00010743512710099896,0.002180322942580413,0.0009022420420206081,0.0009022451814587982
2026-05-26,0.004262531416142565,0.004528186580870086,0.004528186315571445,0.004694410012931437,0.004661374424432933,0.00466137365061038
2026-05-27,-0.002497744149302792,-0.0025101908831788385,-0.002510190870752096,-0.0006837027552428287,-0.00209075925790288,-0.0020907556641200004
2026-05-28,0.0036819514884358175,0.0034484443270664453,0.0034484445602014674,0.0020504033071410454,0.0024682709437638555,0.002468270688044603
2026-05-29,0.0006570333196095461,0.00047034466174584403,0.00047034484818035075,-0.0015836496534249308,1.3549881760389817e-05,1.3549304293605357e-05
2026-06-01,-0.00011576599311136082,-8.78909463154498e-05,-8.789096694949983e-05,-0.004546731702304907,-0.003450955433824565,-0.003450956247581294
2026-06-02,0.0021352760341270486,0.002243438822855264,0.002243438714656505,0.0023649828514161297,0.0020095112785639972,0.0020095103371470364
2026-06-03,-0.003822753033847469,-0.0038374821363804136,-0.0038374821216480017,-0.0033073017570013625,-0.004265326660674122,-0.004265325816720162
2026-06-04,0.0016893834477604269,0.0018163075613284278,0.0018163074343739312,0.006430856642249124,0.005846181192101009,0.005846182284039067
2026-06-05,-0.014255622060742112,-0.014575512152465664,-0.014575511832539531,-0.005559067390213298,-0.01230057804482472,-0.012300568007694471
2026-06-08,0.0005455360409212566,0.0007966684837363694,0.0007966682324941007,-0.004896928111709041,-0.0013243607412077483,-0.0013243647779155755
2026-06-09,0.00033844446656958486,0.0005877477154111149,0.0005877474660614267,0.007940434225479734,0.0032430922194537463,0.003243096553171399
2026-06-10,-0.00708295625771332,-0.00693968026975817,-0.006939680413025142,-0.004093655737835724,-0.008434428534603142,-0.008434423399398525
2026-06-11,0.011746436913629869,0.011655153127001884,0.011655153218266755,0.00858284106116955,0.010078019173887415,0.010078015836688466
2026-06-12,-0.0004372983272131933,-2.0894857791809622e-05,-2.0895274146568018e-05,0.002005780293910006,0.0034582779034211227,0.003458277153314812
2026-06-15,0.0042878841222328745,0.004390960668817144,0.004390960565795572,0.00045609870868328463,0.0060479931887391074,0.006047988533098757
2026-06-16,-5.231902468207875e-06,-0.0004986942014379749,-0.0004986937082894754,0.002056272336761374,-0.001337531784495476,-0.0013375285709041301
2026-06-17,-0.0067358353210244075,-0.007074275976916853,-0.007074275638524433,-0.009466946288222186,-0.012124468833459318,-0.012124465090246775
2026-06-18,0.0041992691197532276,0.004486297301905004,0.004486297014819908,0.0032867142978479564,0.004494844691148973,0.004494844050867729
2026-06-22,-0.002973525767533353,-0.0023304653237731744,-0.0023304659667773373,-0.000564075883119733,0.0003336625181918978,0.00033366068497409
2026-06-23,-0.006106165282594429,-0.006603311439706634,-0.006603310942924398,0.0015996643135717655,-0.004157737756995813,-0.004157729204287683
2026-06-24,-0.000522535548393886,-0.0009433051628936246,-0.0009433047422216051,0.004057337247102697,-0.002090156835580202,-0.0020901478358745294
2026-06-25,0.003572461440078644,0.0036896193256623798,0.0036896192084823367,0.0013627612450296265,0.0021541745972438603,0.002154171007809549
2026-06-26,-0.00010318635683953157,-0.0003798806095238129,-0.00037988033280953273,0.003943925719087816,0.0012514229398935275,0.0012514240284083292
2026-06-29,0.000976907866475119,0.0014303139810054547,0.0014303135274410111,0.00021285609842255373,0.003778675663548832,0.0037786762937979594
2026-06-30,-0.002992170669130578,-0.00241739489600107,-0.0024173954707172284,-0.008857723307566758,-0.0018937875827953327,-0.0018937927755416442
2026-07-01,-0.0036761610893714103,-0.003664924918304946,-0.0036649250873357353,-0.0018184822141676937,-0.00010153793996148242,-0.00010153258277889599
2026-07-02,0.003535052145803643,0.0035074302472347073,0.0035074303756315404,0.004391624786345413,0.00434502244171873,0.0043450098799417865
2026-07-06,0.004697844901200044,0.004932177923088309,0.004932176833791495,-0.0004948469793572185,0.00313879149885407,0.003138767154290185
2026-07-07,-0.005468897883529737,-0.005055263234001606,-0.0050552651563334945,-0.002333035331556052,-0.00113408351774306,-0.0011340841613916215
2026-07-08,-0.0015362205846590781,-0.0015964741536996948,-0.001596473873792767,-0.005999557957197394,-0.005152743870684785,-0.005152748834844694
2026-07-09,0.00245617647736407,0.002476271035110848,0.002476270941756288,0.0026748828325769947,0.0043212437154358085,0.004321239518709129
2026-07-10,-0.0003720160503744126,-0.0002069358845757904,-0.00020693665148379357,0.000495578313661873,0.0012980531054057683,0.001298053352009668
2026-07-13,-0.004846023367052243,-0.004623148221962036,-0.00462314925719549,-0.0029543726190588045,-0.004292820194894649,-0.004292810835153524
2026-07-14,0.004836648908610751,0.0048077356359287286,0.004807735770198007,0.0014600190527504628,0.0028007753440410397,0.002800758807325648
2026-07-15,0.0027042918564993894,0.002771320152468593,0.0027713198411894076,0.0026055234894263044,0.002748322363130076,0.002748321263115496
2026-07-16,-0.0038623695683609157,-0.0035756082635352267,-0.0035756095951647647,0.0044273506852487,0.0009022819193303957,0.0009023048899098611
2026-07-17,0.0016574184620249395,0.0010773320153663307,0.0010773347083305794,0.0005373693873125685,-0.0027459351922401484,-0.0027459353383470202
2026-07-20,-0.0025037304055494577,-0.002249781843670291,-0.0022497830232715015,-0.004589118398590676,-0.001928529033176169,-0.001928539775312617
2026-07-21,0.00438204996340922,0.004716638992796027,0.004716637439012194,0.0007092213830968996,0.0045020422679712185,0.004502009840160355
2026-07-22,0.00027881772337998026,0.00015052960428351016,0.00015053019983688246,-0.002303341940673028,-0.0010162801403419985,-0.0010162924866747032
2026-07-23,-0.004333804490631676,-0.0043517266815535525,-0.004351726598342492,-0.004502569306101307,-0.007192457044134765,-0.0071924515238835215
2026-07-24,0.00045124874010702874,0.0005421748205511383,0.0005421743983822353,0.006342711398304548,0.004600846487546056,0.004600855037438963
2026-07-27,-0.0006176505006289593,-0.0009863210483717596,-0.0009863193367935638,0.0013990894765194186,-0.00020491390255864385,-0.0002048980926649531
2026-07-28,-0.0010383156175571991,-0.001150474655046442,-0.0011504741341482937,0.0029530711661256634,0.000830135182435635,0.0008301622449319276
2026-07-29,-0.0034880968689561167,-0.003312445532749928,-0.003312446348615788,-0.007810148535819084,-0.005770752805500646,-0.005770781711375022
2026-07-30,0.005524608072925496,0.0059595939777915205,0.005959591957723727,-0.0004958114870798102,0.005387478457563114,0.005387449521123576
2026-07-31,-0.002521498837329342,-0.001996879695626344,-0.001996882130896013,-0.003730146394964027,-0.000168634801763987,-0.00016863870658876388
2026-08-03,0.0013288446543358035,0.0012819722467218853,0.0012819727501975908,0.0030014577210701887,0.005415320794090128,0.005415330182218403
2026-08-04,0.005223450165043267,0.005314002358594056,0.005314002268047597,0.005120624121904323,0.007209022235741712,0.007209022642322608
2026-08-05,0.004455166204958184,0.004172199132472307,0.004172199415395977,0.001964931198241122,0.003426324896313002,0.0034263199003744197
2026-08-06,-0.0021847055550010186,-0.002231107009338348,-0.0022311069629309377,-0.005029658040181233,-0.002614989591442221,-0.002614991688133626
2026-08-07,0.00535060369414505,0.0052659946690854775,0.005265994753709298,0.004083461696366903,0.005868236802181826,0.0058682331719606025
2026-08-10,-0.0004051323732667361,-0.0005671125788984749,-0.0005671124168763064,-0.006598455674879784,-0.0021172430638405266,-0.002117248903671415
2026-08-11,-3.102238819111658e-05,-4.4855532783723284e-05,-4.485551894475208e-05,-0.0016868368575310858,-0.0026193632509666034,-0.002619362634355012
2026-08-12,0.0032743861183856036,0.003299199500240779,0.003299199475416601,0.0034394727511685604,0.004330566007715768,0.004330562725548983
2026-08-13,0.0012936242542491065,0.0014488342568671252,0.001448834101593445,0.006113006927271167,0.0038973476650565895,0.0038973522310191033
2026-08-14,-0.001042659971541179,-0.001072735183669455,-0.001072735153586568,-0.0019526988424837517,5.319542680545694e-05,5.319198228401071e-05
2026-08-17,-3.5241306935207756e-05,-0.00012171814149188374,-0.00012171805499037471,-0.005209728092526346,-0.002366157695829564,-0.002366163789287264
2026-08-18,-0.0037208487374695786,-0.00375045267953971,-0.00375045264992476,-0.0014105563611133548,-0.005185050236267274,-0.005185043733162297
2026-08-19,0.010466392246767521,0.010235400624002525,0.010235400855086911,0.010961552298353426,0.008081918536311688,0.008081916905544226
2026-08-20,-0.0019034866032228994,-0.0019164159425665856,-0.001916415929629097,-0.0038857206882783255,-0.002873786785983566,-0.002873791164679371
2026-08-21,0.002403063515643849,0.0023409453487797036,0.002340945410937829,-0.00027303753685801866,0.00345405857789305,0.0034540532007913687
2026-08-24,0.0009433855451023226,0.0008619631560172961,0.0008619632374971119,0.0037366176424288708,0.0013745713943621061,0.0013745741846410925
2026-08-25,0.0042127841801343395,0.004250669369530764,0.004250669331615769,0.005550912081196867,0.0028619405759488913,0.002861943273031273
2026-08-26,-0.0029094686104899114,-0.002821357515936136,-0.0028213576041132226,-0.0032671736819905044,-0.003103220409258038,-0.0031032185628456174
2026-08-27,0.0008848816900679992,0.0008517857651042413,0.000851785798222027,-0.002505054549618053,0.00047327198928344655,0.0004732697051579532
2026-08-28,-0.006302290029870722,-0.006115911843103561,-0.006115912029611022,-0.004503354907409069,-0.0059078008805533745,-0.0059077963663350256
2026-08-31,-0.00040125536173069536,-0.00043749517977986313,-0.0004374951435217094,-0.0037912749015741954,-0.002243141045622867,-0.0022431432683591625
