floor,epochs,variant,seed,date,HHI,max_budget,min_budget,dominant_asset,n_floor_hits,budget_SPY,budget_EFA,budget_EEM,budget_IEF,budget_TLT,budget_LQD,budget_HYG,budget_GLD,budget_DBC,budget_VNQ
0.05,200,baseline,0,2008-04-30,0.1721277476784308,0.3273079246346662,0.05,TLT,5,0.1699292897794782,0.05,0.05,0.1193739482572125,0.3273079246346662,0.082103444272083,0.05,0.0512853930565599,0.05,0.05
0.05,200,baseline,0,2008-05-30,0.325,0.55,0.05,GLD,9,0.05,0.05,0.05,0.05,0.05,0.05,0.05,0.55,0.05,0.05
0.05,200,baseline,0,2008-06-30,0.3137063410447168,0.5384390289410658,0.05,SPY,8,0.5384390289410658,0.05,0.05,0.05,0.0615609710589342,0.05,0.05,0.05,0.05,0.05
0.05,200,baseline,0,2008-07-31,0.1750805654913965,0.3434734697866707,0.0499999999999999,TLT,5,0.1271326305359401,0.0499999999999999,0.0499999999999999,0.1318723590760729,0.3434734697866707,0.0830401490010896,0.0499999999999999,0.0644813916002263,0.0499999999999999,0.0499999999999999
0.05,200,baseline,0,2008-08-29,0.3228313698884862,0.5478218814879814,0.05,GLD,8,0.05,0.05,0.05,0.05,0.0521781185120186,0.05,0.05,0.5478218814879814,0.05,0.05
0.05,200,baseline,0,2008-09-30,0.2165572448516159,0.4150213862183909,0.05,TLT,6,0.0983770731513217,0.05,0.05,0.1266652561373636,0.4150213862183909,0.0599362844929236,0.05,0.05,0.05,0.05
0.05,200,baseline,0,2008-10-31,0.223431104687752,0.4193106393802223,0.05,TLT,6,0.0580736607685197,0.05,0.05,0.1585215524128911,0.4193106393802223,0.0640941474383667,0.05,0.05,0.05,0.05
0.05,200,baseline,0,2008-11-28,0.1999653383556863,0.3797676658765091,0.05,TLT,5,0.0545528707054263,0.05,0.05,0.1737624182901069,0.3797676658765091,0.069900045063019,0.05,0.0720170000649385,0.05,0.05
0.05,200,baseline,0,2008-12-31,0.325,0.55,0.05,GLD,9,0.05,0.05,0.05,0.05,0.05,0.05,0.05,0.55,0.05,0.05
0.05,200,baseline,0,2009-01-30,0.325,0.55,0.05,GLD,9,0.05,0.05,0.05,0.05,0.05,0.05,0.05,0.55,0.05,0.05
0.05,200,baseline,0,2009-02-27,0.325,0.55,0.05,SPY,9,0.55,0.05,0.05,0.05,0.05,0.05,0.05,0.05,0.05,0.05
0.05,200,baseline,0,2009-03-31,0.325,0.55,0.05,SPY,9,0.55,0.05,0.05,0.05,0.05,0.05,0.05,0.05,0.05,0.05
0.05,200,baseline,0,2009-04-30,0.325,0.55,0.05,GLD,9,0.05,0.05,0.05,0.05,0.05,0.05,0.05,0.55,0.05,0.05
0.05,200,baseline,0,2009-05-29,0.325,0.55,0.05,SPY,9,0.55,0.05,0.05,0.05,0.05,0.05,0.05,0.05,0.05,0.05
0.05,200,baseline,0,2009-06-30,0.325,0.55,0.05,SPY,9,0.55,0.05,0.05,0.05,0.05,0.05,0.05,0.05,0.05,0.05
0.05,200,baseline,0,2009-07-31,0.325,0.55,0.05,SPY,9,0.55,0.05,0.05,0.05,0.05,0.05,0.05,0.05,0.05,0.05
0.05,200,baseline,0,2009-08-31,0.325,0.55,0.05,SPY,9,0.55,0.05,0.05,0.05,0.05,0.05,0.05,0.05,0.05,0.05
0.05,200,baseline,0,2009-09-30,0.325,0.55,0.05,SPY,9,0.55,0.05,0.05,0.05,0.05,0.05,0.05,0.05,0.05,0.05
0.05,200,baseline,0,2009-10-30,0.325,0.55,0.05,SPY,9,0.55,0.05,0.05,0.05,0.05,0.05,0.05,0.05,0.05,0.05
0.05,200,baseline,0,2009-11-30,0.325,0.55,0.05,SPY,9,0.55,0.05,0.05,0.05,0.05,0.05,0.05,0.05,0.05,0.05
0.05,200,baseline,0,2009-12-31,0.1708029087391705,0.3182684062417157,0.05,TLT,5,0.1879298196460097,0.05,0.05,0.1116387941114071,0.3182684062417157,0.0817940044927574,0.05,0.0503689755081101,0.05,0.05
0.05,200,baseline,0,2010-01-29,0.325,0.55,0.05,GLD,9,0.05,0.05,0.05,0.05,0.05,0.05,0.05,0.55,0.05,0.05
0.05,200,baseline,0,2010-02-26,0.174621073092916,0.3247512469072964,0.05,TLT,6,0.1909862921586199,0.05,0.05,0.1109143302888516,0.3247512469072964,0.073348130645232,0.05,0.05,0.05,0.05
0.05,200,baseline,0,2010-03-31,0.1720114337387706,0.2833966491485889,0.05,TLT,6,0.2495346658689702,0.05,0.05,0.0989332185687557,0.2833966491485889,0.0681354664136851,0.05,0.05,0.05,0.05
0.05,200,baseline,0,2010-04-30,0.325,0.55,0.05,GLD,9,0.05,0.05,0.05,0.05,0.05,0.05,0.05,0.55,0.05,0.05
0.05,200,baseline,0,2010-05-28,0.1869291490724927,0.361450487481332,0.05,TLT,6,0.1486890677487116,0.05,0.05,0.1189173132871319,0.361450487481332,0.0709431314828243,0.05,0.05,0.05,0.05
0.05,200,baseline,0,2010-06-30,0.1885006433583704,0.366819378523901,0.05,TLT,6,0.1306705089218349,0.05,0.05,0.1273724082911451,0.366819378523901,0.0751377042631188,0.05,0.05,0.05,0.05
0.05,200,baseline,0,2010-07-30,0.3143457663595452,0.5391085175809774,0.05,GLD,8,0.05,0.05,0.05,0.05,0.0608914824190225,0.05,0.05,0.5391085175809774,0.05,0.05
0.05,200,baseline,0,2010-08-31,0.320486894022676,0.5454454053579696,0.05,SPY,8,0.5454454053579696,0.05,0.05,0.05,0.0545545946420304,0.05,0.05,0.05,0.05,0.05
0.05,200,baseline,0,2010-09-30,0.325,0.55,0.05,SPY,9,0.55,0.05,0.05,0.05,0.05,0.05,0.05,0.05,0.05,0.05
0.05,200,baseline,0,2010-10-29,0.1728870210533442,0.3210293504889368,0.05,TLT,6,0.1920003269218383,0.05,0.05,0.109043131524424,0.3210293504889368,0.0779271910648008,0.05,0.05,0.05,0.05
0.05,200,baseline,0,2010-11-30,0.2529125365584002,0.4626538295866412,0.05,SPY,8,0.4626538295866412,0.05,0.05,0.05,0.1373461704133588,0.05,0.05,0.05,0.05,0.05
0.05,200,baseline,0,2010-12-31,0.325,0.55,0.05,SPY,9,0.55,0.05,0.05,0.05,0.05,0.05,0.05,0.05,0.05,0.05
0.05,200,baseline,0,2011-01-31,0.325,0.55,0.05,SPY,9,0.55,0.05,0.05,0.05,0.05,0.05,0.05,0.05,0.05,0.05
0.05,200,baseline,0,2011-02-28,0.325,0.55,0.05,SPY,9,0.55,0.05,0.05,0.05,0.05,0.05,0.05,0.05,0.05,0.05
0.05,200,baseline,0,2011-03-31,0.325,0.55,0.05,SPY,9,0.55,0.05,0.05,0.05,0.05,0.05,0.05,0.05,0.05,0.05
0.05,200,baseline,0,2011-04-29,0.1716437125479537,0.2910723140008399,0.05,TLT,6,0.2384007094996824,0.05,0.05,0.1017861609023612,0.2910723140008399,0.0687408155971164,0.05,0.05,0.05,0.05
0.05,200,baseline,0,2011-05-31,0.1681926254343564,0.3323999254008172,0.05,TLT,5,0.1250382038716854,0.05,0.05,0.1238149428381037,0.3323999254008172,0.0838940401377152,0.05,0.0848528877516782,0.05,0.05
0.05,200,baseline,0,2011-06-30,0.153952646568355,0.2453383054373164,0.05,GLD,5,0.0816672579438813,0.05,0.05,0.1105091100564432,0.2385725435482169,0.0739127830141421,0.05,0.2453383054373164,0.05,0.05
0.05,200,baseline,0,2011-07-29,0.3135721372842474,0.5382982766243258,0.05,GLD,8,0.05,0.05,0.05,0.05,0.0617017233756741,0.05,0.05,0.5382982766243258,0.05,0.05
0.05,200,baseline,0,2011-08-31,0.1972328198673031,0.3828975430478263,0.05,TLT,6,0.116627315413986,0.05,0.05,0.1312635236729898,0.3828975430478263,0.0692116178651977,0.05,0.05,0.05,0.05
0.05,200,baseline,0,2011-09-30,0.199836306320683,0.3879551329908294,0.05,TLT,6,0.1115364227802572,0.05,0.05,0.1301283697724655,0.3879551329908294,0.0703800744564478,0.05,0.05,0.05,0.05
0.05,200,baseline,0,2011-10-31,0.196478093126891,0.3818919017152557,0.05,TLT,6,0.1153247237730961,0.05,0.05,0.1311937687996517,0.3818919017152557,0.0715896057119964,0.05,0.05,0.05,0.05
0.05,200,baseline,0,2011-11-30,0.1864879290828777,0.3629375407516627,0.05,TLT,6,0.1309295222514558,0.05,0.05,0.1292994338430061,0.3629375407516627,0.0768335031538752,0.05,0.05,0.05,0.05
0.05,200,baseline,0,2011-12-30,0.325,0.55,0.05,GLD,9,0.05,0.05,0.05,0.05,0.05,0.05,0.05,0.55,0.05,0.05
0.05,200,baseline,0,2012-01-31,0.307013906361092,0.5313157002465375,0.05,SPY,8,0.5313157002465375,0.05,0.05,0.05,0.0686842997534625,0.05,0.05,0.05,0.05,0.05
0.05,200,baseline,0,2012-02-29,0.325,0.55,0.05,SPY,9,0.55,0.05,0.05,0.05,0.05,0.05,0.05,0.05,0.05,0.05
0.05,200,baseline,0,2012-03-30,0.2204182386835458,0.4099974485061975,0.05,SPY,7,0.4099974485061975,0.05,0.05,0.065139091411122,0.1748634600826804,0.05,0.05,0.05,0.05,0.05
0.05,200,baseline,0,2012-04-30,0.325,0.55,0.05,SPY,9,0.55,0.05,0.05,0.05,0.05,0.05,0.05,0.05,0.05,0.05
0.05,200,baseline,0,2012-05-31,0.325,0.55,0.05,SPY,9,0.55,0.05,0.05,0.05,0.05,0.05,0.05,0.05,0.05,0.05
0.05,200,baseline,0,2012-06-29,0.1833198306799471,0.3558692773515309,0.05,TLT,6,0.1408650611692168,0.05,0.05,0.1258759544115066,0.3558692773515309,0.0773897070677456,0.05,0.05,0.05,0.05
0.05,200,baseline,0,2012-07-31,0.3165764505703111,0.5414295451786205,0.05,GLD,8,0.05,0.05,0.05,0.05,0.0585704548213794,0.05,0.05,0.5414295451786205,0.05,0.05
0.05,200,baseline,0,2012-08-31,0.325,0.55,0.05,SPY,9,0.55,0.05,0.05,0.05,0.05,0.05,0.05,0.05,0.05,0.05
0.05,200,baseline,0,2012-09-28,0.325,0.55,0.05,SPY,9,0.55,0.05,0.05,0.05,0.05,0.05,0.05,0.05,0.05,0.05
0.05,200,baseline,0,2012-10-31,0.215778661488729,0.4014054125284124,0.05,SPY,7,0.4014054125284124,0.05,0.05,0.0683834232672792,0.1802111642043083,0.05,0.05,0.05,0.05,0.05
0.05,200,baseline,0,2012-11-30,0.325,0.55,0.05,SPY,9,0.55,0.05,0.05,0.05,0.05,0.05,0.05,0.05,0.05,0.05
0.05,200,baseline,0,2012-12-31,0.325,0.55,0.05,SPY,9,0.55,0.05,0.05,0.05,0.05,0.05,0.05,0.05,0.05,0.05
0.05,200,baseline,0,2013-01-31,0.2111407419675442,0.392205395497248,0.05,SPY,6,0.392205395497248,0.05,0.05,0.070782895608349,0.1863961200350103,0.0506155888593926,0.05,0.05,0.05,0.05
0.05,200,baseline,0,2013-02-28,0.325,0.55,0.05,SPY,9,0.55,0.05,0.05,0.05,0.05,0.05,0.05,0.05,0.05,0.05
0.05,200,baseline,0,2013-03-28,0.325,0.55,0.05,SPY,9,0.55,0.05,0.05,0.05,0.05,0.05,0.05,0.05,0.05,0.05
0.05,200,baseline,0,2013-04-30,0.325,0.55,0.05,SPY,9,0.55,0.05,0.05,0.05,0.05,0.05,0.05,0.05,0.05,0.05
0.05,200,baseline,0,2013-05-31,0.3203639058685284,0.5453201029966036,0.05,SPY,8,0.5453201029966036,0.05,0.05,0.05,0.0546798970033964,0.05,0.05,0.05,0.05,0.05
0.05,200,baseline,0,2013-06-28,0.2212751707923496,0.4119477065528253,0.05,SPY,7,0.4119477065528253,0.05,0.05,0.065454649402311,0.1725976440448637,0.05,0.05,0.05,0.05,0.05
0.05,200,baseline,0,2013-07-31,0.2496212426030035,0.4579818047179644,0.05,SPY,7,0.4579818047179644,0.05,0.05,0.051633341362421,0.1403848539196145,0.05,0.05,0.05,0.05,0.05
0.05,200,baseline,0,2013-08-30,0.2315949285554854,0.429799552009475,0.05,SPY,7,0.429799552009475,0.05,0.05,0.0594881947910997,0.1607122531994252,0.05,0.05,0.05,0.05,0.05
0.05,200,baseline,0,2013-09-30,0.325,0.55,0.05,SPY,9,0.55,0.05,0.05,0.05,0.05,0.05,0.05,0.05,0.05,0.05
0.05,200,baseline,0,2013-10-31,0.325,0.55,0.05,SPY,9,0.55,0.05,0.05,0.05,0.05,0.05,0.05,0.05,0.05,0.05
0.05,200,baseline,0,2013-11-29,0.325,0.55,0.05,SPY,9,0.55,0.05,0.05,0.05,0.05,0.05,0.05,0.05,0.05,0.05
0.05,200,baseline,0,2013-12-31,0.325,0.55,0.05,SPY,9,0.55,0.05,0.05,0.05,0.05,0.05,0.05,0.05,0.05,0.05
0.05,200,baseline,0,2014-01-31,0.325,0.55,0.05,SPY,9,0.55,0.05,0.05,0.05,0.05,0.05,0.05,0.05,0.05,0.05
0.05,200,baseline,0,2014-02-28,0.325,0.55,0.05,SPY,9,0.55,0.05,0.05,0.05,0.05,0.05,0.05,0.05,0.05,0.05
0.05,200,baseline,0,2014-03-31,0.1760612355439968,0.2876738049448056,0.05,SPY,6,0.2876738049448056,0.05,0.05,0.0936433715276287,0.2561829458691514,0.0624998776584142,0.05,0.05,0.05,0.05
0.05,200,baseline,0,2014-04-30,0.1548925672126447,0.3006520128792714,0.05,TLT,5,0.1390765865264678,0.05,0.05,0.1138641591555808,0.3006520128792714,0.0839612813846359,0.05,0.1124459600540439,0.05,0.05
0.05,200,baseline,0,2014-05-30,0.1703618263136617,0.3194061152543713,0.05,GLD,5,0.0835435422863377,0.05,0.05,0.089207459689039,0.1908188946130875,0.0670239881571644,0.05,0.3194061152543713,0.05,0.05
0.05,200,baseline,0,2014-06-30,0.1665642989869448,0.3006323838436822,0.0499999999999999,TLT,5,0.2061596528060492,0.0499999999999999,0.0499999999999999,0.1085936760666442,0.3006323838436822,0.0801441346091813,0.0499999999999999,0.0544701526744429,0.0499999999999999,0.0499999999999999
0.05,200,baseline,0,2014-07-31,0.1792427881765835,0.3060888830181439,0.05,SPY,6,0.3060888830181439,0.05,0.05,0.0900307857033951,0.242148850437215,0.0617314808412458,0.05,0.05,0.05,0.05
0.05,200,baseline,0,2014-08-29,0.2152065096561149,0.3998236143468586,0.05,SPY,7,0.3998236143468586,0.05,0.05,0.0678453980944179,0.1823309875587234,0.05,0.05,0.05,0.05,0.05
0.05,200,baseline,0,2014-09-30,0.1692786693207066,0.3020108908899929,0.05,TLT,6,0.2131115398820652,0.05,0.05,0.1091974371823922,0.3020108908899929,0.0756801320455496,0.05,0.05,0.05,0.05
0.05,200,baseline,0,2014-10-31,0.1683546757575885,0.3291689213857237,0.05,TLT,5,0.1426683538545368,0.05,0.05,0.1221707130664122,0.3291689213857237,0.08327808747057,0.05,0.0727139242227572,0.05,0.05
0.05,200,baseline,0,2014-11-28,0.1496240244083708,0.2695103412738672,0.05,TLT,5,0.0985810549243659,0.05,0.05,0.1159884350437,0.2695103412738672,0.0783712081093776,0.05,0.1875489606486892,0.05,0.05
0.05,200,baseline,1,2008-04-30 00:00:00,0.2241781954357583,0.4099504330045097,0.05,SPY,8,0.4099504330045097,0.05,0.05,0.05,0.05,0.05,0.05,0.05,0.05,0.1900495669954903
0.05,200,baseline,1,2008-05-30 00:00:00,0.1682827829782633,0.266672217507763,0.05,GLD,5,0.05,0.05,0.05,0.0737353469219122,0.2588942563282063,0.0547262451411974,0.05,0.266672217507763,0.05,0.0959719341009209
0.05,200,baseline,1,2008-06-30 00:00:00,0.1857219527099126,0.2915463062217864,0.05,VNQ,6,0.2772171084863091,0.05,0.05,0.05,0.0541758684863784,0.05,0.05,0.0770607168055261,0.05,0.2915463062217864
0.05,200,baseline,1,2008-07-31 00:00:00,0.225299788879585,0.4275902473095598,0.05,TLT,6,0.05,0.05,0.05,0.0736054540658329,0.4275902473095598,0.05,0.05,0.1332180615525942,0.05,0.0655862370720129
0.05,200,baseline,1,2008-08-29 00:00:00,0.198891275765528,0.3522025847540193,0.05,GLD,7,0.05,0.05,0.05,0.05,0.0682669372265691,0.05,0.05,0.3522025847540193,0.05,0.2295304780194115
0.05,200,baseline,1,2008-09-30 00:00:00,0.2344868231022928,0.4431765194712787,0.05,TLT,6,0.05,0.05,0.05,0.0927895533825372,0.4431765194712787,0.1045772145378494,0.05,0.0594567126083346,0.05,0.05
0.05,200,baseline,1,2008-10-31 00:00:00,0.1815190545252016,0.3553014365529718,0.05,TLT,6,0.05,0.05,0.05,0.1360091725734651,0.3553014365529718,0.1060502382958348,0.05,0.1026391525777282,0.05,0.05
0.05,200,baseline,1,2008-11-28 00:00:00,0.1574825875350078,0.28027405817444,0.05,GLD,6,0.05,0.05,0.05,0.1696575574651149,0.1690697154318428,0.080998668928602,0.05,0.28027405817444,0.05,0.05
0.05,200,baseline,1,2008-12-31 00:00:00,0.325,0.55,0.05,GLD,9,0.05,0.05,0.05,0.05,0.05,0.05,0.05,0.55,0.05,0.05
0.05,200,baseline,1,2009-01-30 00:00:00,0.325,0.55,0.05,GLD,9,0.05,0.05,0.05,0.05,0.05,0.05,0.05,0.55,0.05,0.05
0.05,200,baseline,1,2009-02-27 00:00:00,0.2974675500436669,0.5207572762602253,0.05,SPY,8,0.5207572762602253,0.05,0.05,0.05,0.05,0.05,0.05,0.05,0.05,0.0792427237397747
0.05,200,baseline,1,2009-03-31 00:00:00,0.1934756723359244,0.3585338469202512,0.05,VNQ,7,0.1954969879262216,0.05,0.05,0.05,0.05,0.05,0.05,0.0959691651535271,0.05,0.3585338469202512
0.05,200,baseline,1,2009-04-30 00:00:00,0.2446046577850598,0.449339642736046,0.05,SPY,8,0.449339642736046,0.05,0.05,0.05,0.05,0.05,0.05,0.05,0.05,0.150660357263954
0.05,200,baseline,1,2009-05-29 00:00:00,0.2601837186408117,0.4734700530939155,0.05,SPY,8,0.4734700530939155,0.05,0.05,0.05,0.05,0.05,0.05,0.05,0.05,0.1265299469060845
0.05,200,baseline,1,2009-06-30 00:00:00,0.2493979543400337,0.4571590823656618,0.05,SPY,8,0.4571590823656618,0.05,0.05,0.05,0.05,0.05,0.05,0.05,0.05,0.1428409176343381
0.05,200,baseline,1,2009-07-31 00:00:00,0.2270062709356815,0.4162029925081137,0.05,SPY,8,0.4162029925081137,0.05,0.05,0.05,0.05,0.05,0.05,0.05,0.05,0.1837970074918863
0.05,200,baseline,1,2009-08-31 00:00:00,0.1930010047529002,0.3252616996562765,0.05,SPY,6,0.3252616996562765,0.05,0.05,0.05,0.0553832845311747,0.05,0.05,0.064428596569103,0.05,0.2549264192434458
0.05,200,baseline,1,2009-09-30 00:00:00,0.2093423824583549,0.3683983577557044,0.05,SPY,7,0.3683983577557044,0.05,0.05,0.05,0.05,0.05,0.05,0.0500393480074148,0.05,0.2315622942368807
0.05,200,baseline,1,2009-10-30 00:00:00,0.1715663536423736,0.2673717494091983,0.05,VNQ,6,0.2671662315732299,0.05,0.05,0.05,0.080274782879163,0.05,0.05,0.0851872361384087,0.05,0.2673717494091983
0.05,200,baseline,1,2009-11-30 00:00:00,0.2063222515338475,0.3562238896459835,0.05,SPY,8,0.3562238896459835,0.05,0.05,0.05,0.05,0.05,0.05,0.05,0.05,0.2437761103540164
0.05,200,baseline,1,2009-12-31 00:00:00,0.1980499614025475,0.3326699458769444,0.05,SPY,6,0.3326699458769444,0.05,0.05,0.05,0.052378480730025,0.05,0.05,0.0573760452437522,0.05,0.2575755281492783
0.05,200,baseline,1,2010-01-29 00:00:00,0.1792998715139878,0.2839537832987005,0.05,SPY,6,0.2839537832987005,0.05,0.05,0.05,0.0699531516966258,0.05,0.05,0.0758702179758879,0.05,0.2702228470287857
0.05,200,baseline,1,2010-02-26 00:00:00,0.2124774168936608,0.3789854951673433,0.05,SPY,8,0.3789854951673433,0.05,0.05,0.05,0.05,0.05,0.05,0.05,0.05,0.2210145048326567
0.05,200,baseline,1,2010-03-31 00:00:00,0.2074358782454895,0.3609749056804906,0.05,SPY,8,0.3609749056804906,0.05,0.05,0.05,0.05,0.05,0.05,0.05,0.05,0.2390250943195094
0.05,200,baseline,1,2010-04-30 00:00:00,0.1897384044022886,0.3167595938018589,0.05,SPY,6,0.3167595938018589,0.05,0.05,0.05,0.0612002310462354,0.05,0.05,0.0640629871378662,0.05,0.2579771880140393
0.05,200,baseline,1,2010-05-28 00:00:00,0.2821701082119635,0.5042156184796655,0.05,TLT,6,0.05,0.05,0.05,0.067033748545921,0.5042156184796655,0.0731739556819375,0.05,0.0555766772924759,0.05,0.05
0.05,200,baseline,1,2010-06-30 00:00:00,0.2035237293316233,0.3419745716572743,0.05,SPY,8,0.3419745716572743,0.05,0.05,0.05,0.05,0.05,0.05,0.05,0.05,0.2580254283427258
0.05,200,baseline,1,2010-07-30 00:00:00,0.155381363449252,0.2741899992271425,0.05,GLD,5,0.05,0.05,0.05,0.0846950084767768,0.2037440870200302,0.0666449067431899,0.05,0.2741899992271425,0.05,0.1207259985328605
0.05,200,baseline,1,2010-08-31 00:00:00,0.1967786839009726,0.3250915821830656,0.05,SPY,6,0.3250915821830656,0.05,0.05,0.05,0.0522633606463466,0.05,0.05,0.0580927563044064,0.05,0.2645523008661812
0.05,200,baseline,1,2010-09-30 00:00:00,0.2113152407933929,0.3752171549362009,0.05,SPY,8,0.3752171549362009,0.05,0.05,0.05,0.05,0.05,0.05,0.05,0.05,0.2247828450637991
0.05,200,baseline,1,2010-10-29 00:00:00,0.1733295251568433,0.2704017553459552,0.05,VNQ,6,0.2688687074145759,0.05,0.05,0.05,0.0787770083611084,0.05,0.05,0.0819525288783605,0.05,0.2704017553459552
0.05,200,baseline,1,2010-11-30 00:00:00,0.2084222621265175,0.3648932281772045,0.05,SPY,8,0.3648932281772045,0.05,0.05,0.05,0.05,0.05,0.05,0.05,0.05,0.2351067718227956
0.05,200,baseline,1,2010-12-31 00:00:00,0.2081042434674631,0.3636562780386314,0.05,SPY,8,0.3636562780386314,0.05,0.05,0.05,0.05,0.05,0.05,0.05,0.05,0.2363437219613686
0.05,200,baseline,1,2011-01-31 00:00:00,0.2079273778932852,0.3629578346724422,0.05,SPY,8,0.3629578346724422,0.05,0.05,0.05,0.05,0.05,0.05,0.05,0.05,0.2370421653275577
0.05,200,baseline,1,2011-02-28 00:00:00,0.2023164924007506,0.3457747682192615,0.05,SPY,6,0.3457747682192615,0.05,0.05,0.05,0.0508560579183492,0.05,0.05,0.0538236253282707,0.05,0.2495455485341184
0.05,200,baseline,1,2011-03-31 00:00:00,0.1597904097058732,0.2617051994840736,0.05,VNQ,5,0.237268079699064,0.05,0.05,0.0520825821104762,0.1006288110455437,0.05,0.05,0.0983153276608423,0.05,0.2617051994840736
0.05,200,baseline,1,2011-04-29 00:00:00,0.1616451413279168,0.2756046478696386,0.05,VNQ,5,0.2266597264320682,0.05,0.05,0.0534614954444521,0.0906858064819397,0.05,0.05,0.1035883237719013,0.05,0.2756046478696386
0.05,200,baseline,1,2011-05-31 00:00:00,0.2143493003181598,0.4111742494384077,0.05,TLT,5,0.05,0.05,0.05,0.0762301031745209,0.4111742494384077,0.0520371406419514,0.05,0.1376729402526157,0.05,0.0728855664925041
0.05,200,baseline,1,2011-06-30 00:00:00,0.195452675076533,0.369835087962419,0.05,GLD,6,0.05,0.05,0.05,0.0532440016817456,0.1031251769341791,0.05,0.05,0.369835087962419,0.05,0.1737957334216561
0.05,200,baseline,1,2011-07-29 00:00:00,0.1824245747181593,0.3493789266769537,0.05,GLD,6,0.05,0.05,0.05,0.0628808834073893,0.1419045965762147,0.05,0.05,0.3493789266769537,0.05,0.145835593339442
0.05,200,baseline,1,2011-08-31 00:00:00,0.3066774920006394,0.5310340320756378,0.05,TLT,7,0.05,0.05,0.05,0.0522754179361337,0.5310340320756378,0.0666905499882283,0.05,0.05,0.05,0.05
0.05,200,baseline,1,2011-09-30 00:00:00,0.1946877122218109,0.2977392590851311,0.05,SPY,6,0.2977392590851311,0.05,0.05,0.05,0.0550975957019224,0.05,0.05,0.0558059892454835,0.05,0.291357155967463
0.05,200,baseline,1,2011-10-31 00:00:00,0.1843668220295768,0.3301988533723549,0.05,SPY,7,0.3301988533723549,0.05,0.05,0.05,0.2177760973675217,0.05,0.05,0.05,0.05,0.1020250492601233
0.05,200,baseline,1,2011-11-30 00:00:00,0.2235704988813182,0.4085598887281074,0.05,SPY,8,0.4085598887281074,0.05,0.05,0.05,0.05,0.05,0.05,0.05,0.05,0.1914401112718926
0.05,200,baseline,1,2011-12-30 00:00:00,0.2367929236602209,0.4356335571682407,0.05,SPY,8,0.4356335571682407,0.05,0.05,0.05,0.05,0.05,0.05,0.05,0.05,0.1643664428317592
0.05,200,baseline,1,2012-01-31 00:00:00,0.1882672899967179,0.3114032108109842,0.05,SPY,6,0.3114032108109842,0.05,0.05,0.05,0.0638174684273579,0.05,0.05,0.0636935170426801,0.05,0.2610858037189778
0.05,200,baseline,1,2012-02-29 00:00:00,0.2147650550281536,0.3859216358903669,0.05,SPY,8,0.3859216358903669,0.05,0.05,0.05,0.05,0.05,0.05,0.05,0.05,0.2140783641096332
0.05,200,baseline,1,2012-03-30 00:00:00,0.2085379861029842,0.3653375317217607,0.05,SPY,8,0.3653375317217607,0.05,0.05,0.05,0.05,0.05,0.05,0.05,0.05,0.2346624682782394
0.05,200,baseline,1,2012-04-30 00:00:00,0.194003306606186,0.3321908799000289,0.05,SPY,6,0.3321908799000289,0.05,0.05,0.05,0.0608313193724874,0.05,0.05,0.0590579959121489,0.05,0.2479198048153346
0.05,200,baseline,1,2012-05-31 00:00:00,0.1680304413836108,0.2667433154659792,0.05,SPY,6,0.2667433154659792,0.05,0.05,0.05,0.0875217454463547,0.05,0.05,0.0878613960582422,0.05,0.2578735430294238
0.05,200,baseline,1,2012-06-29 00:00:00,0.2137400550365982,0.4088363065094771,0.05,TLT,6,0.05,0.05,0.05,0.080222508053971,0.4088363065094771,0.05,0.05,0.143609725253828,0.05,0.0673314601827238
0.05,200,baseline,1,2012-07-31 00:00:00,0.1734993265811934,0.3116471517079242,0.05,GLD,5,0.0557028822730342,0.05,0.05,0.051199092509259,0.1255920312736873,0.05,0.05,0.3116471517079242,0.05,0.2058588422360951
0.05,200,baseline,1,2012-08-31 00:00:00,0.1837093600889265,0.3117389855653008,0.05,GLD,6,0.0774478197271376,0.05,0.05,0.05,0.0625960936782908,0.05,0.05,0.3117389855653008,0.05,0.2482171010292707
0.05,200,baseline,1,2012-09-28 00:00:00,0.1906429625559476,0.3114807208733824,0.05,SPY,6,0.3114807208733824,0.05,0.05,0.05,0.0585280245032531,0.05,0.05,0.0631376885834194,0.05,0.266853566039945
0.05,200,baseline,1,2012-10-31 00:00:00,0.199381597159225,0.3373031882904282,0.05,SPY,6,0.3373031882904282,0.05,0.05,0.05,0.0528272220967598,0.05,0.05,0.0554163049402751,0.05,0.2544532846725367
0.05,200,baseline,1,2012-11-30 00:00:00,0.1815002837290281,0.2963096900784241,0.05,SPY,6,0.2963096900784241,0.05,0.05,0.05,0.0695841381182942,0.05,0.05,0.0720651077189556,0.05,0.262041064084326
0.05,200,baseline,1,2012-12-31 00:00:00,0.2109769674865518,0.3740843015980841,0.05,SPY,8,0.3740843015980841,0.05,0.05,0.05,0.05,0.05,0.05,0.05,0.05,0.2259156984019159
0.05,200,baseline,1,2013-01-31 00:00:00,0.2158470364985374,0.3890141463435374,0.05,SPY,8,0.3890141463435374,0.05,0.05,0.05,0.05,0.05,0.05,0.05,0.05,0.2109858536564626
0.05,200,baseline,1,2013-02-28 00:00:00,0.2189177893264134,0.3972568489269866,0.05,SPY,8,0.3972568489269866,0.05,0.05,0.05,0.05,0.05,0.05,0.05,0.05,0.2027431510730134
0.05,200,baseline,1,2013-03-28 00:00:00,0.2133404476513592,0.3816714382491186,0.05,SPY,8,0.3816714382491186,0.05,0.05,0.05,0.05,0.05,0.05,0.05,0.05,0.2183285617508814
0.05,200,baseline,1,2013-04-30 00:00:00,0.2217291282440521,0.4042332198582873,0.05,SPY,8,0.4042332198582873,0.05,0.05,0.05,0.05,0.05,0.05,0.05,0.05,0.1957667801417127
0.05,200,baseline,1,2013-05-31 00:00:00,0.2350671982944616,0.4324144974964252,0.05,SPY,8,0.4324144974964252,0.05,0.05,0.05,0.05,0.05,0.05,0.05,0.05,0.1675855025035748
0.05,200,baseline,1,2013-06-28 00:00:00,0.2530221153533462,0.4628221658026729,0.05,SPY,8,0.4628221658026729,0.05,0.05,0.05,0.05,0.05,0.05,0.05,0.05,0.1371778341973271
0.05,200,baseline,1,2013-07-31 00:00:00,0.2604334173259501,0.4738295390978617,0.05,SPY,8,0.4738295390978617,0.05,0.05,0.05,0.05,0.05,0.05,0.05,0.05,0.1261704609021383
0.05,200,baseline,1,2013-08-30 00:00:00,0.2514839678812621,0.4604430862973878,0.05,SPY,8,0.4604430862973878,0.05,0.05,0.05,0.05,0.05,0.05,0.05,0.05,0.1395569137026121
0.05,200,baseline,1,2013-09-30 00:00:00,0.2524526611388075,0.4619454555379796,0.05,SPY,8,0.4619454555379796,0.05,0.05,0.05,0.05,0.05,0.05,0.05,0.05,0.1380545444620204
0.05,200,baseline,1,2013-10-31 00:00:00,0.2368984117541274,0.4358278538336804,0.05,SPY,8,0.4358278538336804,0.05,0.05,0.05,0.05,0.05,0.05,0.05,0.05,0.1641721461663196
0.05,200,baseline,1,2013-11-29 00:00:00,0.2419046881192875,0.4447492454544884,0.05,SPY,8,0.4447492454544884,0.05,0.05,0.05,0.05,0.05,0.05,0.05,0.05,0.1552507545455116
0.05,200,baseline,1,2013-12-31 00:00:00,0.2527618291197158,0.4624220260920849,0.05,SPY,8,0.4624220260920849,0.05,0.05,0.05,0.05,0.05,0.05,0.05,0.05,0.137577973907915
0.05,200,baseline,1,2014-01-31 00:00:00,0.2397988585742244,0.4410653369439572,0.05,SPY,8,0.4410653369439572,0.05,0.05,0.05,0.05,0.05,0.05,0.05,0.05,0.1589346630560428
0.05,200,baseline,1,2014-02-28 00:00:00,0.1962038381395614,0.3308631972715203,0.05,SPY,6,0.3308631972715203,0.05,0.05,0.05,0.0572857029150514,0.05,0.05,0.0563610561226987,0.05,0.2554900436907295
0.05,200,baseline,1,2014-03-31 00:00:00,0.1516887362061356,0.2501437637632571,0.05,VNQ,5,0.2217832033186208,0.05,0.05,0.0597634724966282,0.1128857084900491,0.05,0.05,0.1054238519314446,0.05,0.2501437637632571
0.05,200,baseline,1,2014-04-30 00:00:00,0.150688350608379,0.2547933742920656,0.05,VNQ,5,0.2102578336198318,0.05,0.05,0.0592696473628205,0.1064403088793574,0.05,0.05,0.1192388358459244,0.05,0.2547933742920656
0.05,200,baseline,1,2014-05-30 00:00:00,0.1857448016553392,0.313797127269123,0.05,SPY,6,0.313797127269123,0.05,0.05,0.05,0.0671976458264068,0.05,0.05,0.0676372947182657,0.05,0.2513679321862043
0.05,200,baseline,1,2014-06-30 00:00:00,0.1970035730609018,0.335297827975044,0.05,SPY,6,0.335297827975044,0.05,0.05,0.05,0.0560569405644779,0.05,0.05,0.0573545292815929,0.05,0.2512907021788851
0.05,200,baseline,1,2014-07-31 00:00:00,0.186582964126694,0.3142032745746578,0.05,SPY,6,0.3142032745746578,0.05,0.05,0.05,0.0675857281416358,0.05,0.05,0.0651312566159778,0.05,0.2530797406677285
0.05,200,baseline,1,2014-08-29 00:00:00,0.191784011850249,0.3244335398598039,0.05,SPY,6,0.3244335398598039,0.05,0.05,0.05,0.0618167023796929,0.05,0.05,0.0607340183583088,0.05,0.2530157394021944
0.05,200,baseline,1,2014-09-30 00:00:00,0.208027162018242,0.3650564701508532,0.05,SPY,7,0.3650564701508532,0.05,0.05,0.05,0.0511905291260933,0.05,0.05,0.05,0.05,0.2337530007230534
0.05,200,baseline,1,2014-10-31 00:00:00,0.1949469869904322,0.3398335611681207,0.05,SPY,6,0.3398335611681207,0.05,0.05,0.05,0.0630504859043509,0.05,0.05,0.0581538029444128,0.05,0.2389621499831155
0.05,200,baseline,1,2014-11-28 00:00:00,0.2168606108669181,0.3918166947426177,0.05,SPY,8,0.3918166947426177,0.05,0.05,0.05,0.05,0.05,0.05,0.05,0.05,0.2081833052573822
0.05,200,baseline,2,2008-04-30 00:00:00,0.2012577154199571,0.3439366541122771,0.05,SPY,7,0.3439366541122771,0.05,0.05,0.05,0.0565228455496404,0.05,0.05,0.05,0.05,0.2495405003380824
0.05,200,baseline,2,2008-05-30 00:00:00,0.2036619513931963,0.3490733243313681,0.05,SPY,7,0.3490733243313681,0.05,0.05,0.05,0.0529150585851236,0.05,0.05,0.05,0.05,0.2480116170835082
0.05,200,baseline,2,2008-06-30 00:00:00,0.2028692772645809,0.3478650070501003,0.05,SPY,7,0.3478650070501003,0.05,0.05,0.05,0.0543296105351675,0.05,0.05,0.05,0.05,0.2478053824147321
0.05,200,baseline,2,2008-07-31 00:00:00,0.1752476642114388,0.2932262890126527,0.05,SPY,6,0.2932262890126527,0.05,0.05,0.05,0.078062020445144,0.05,0.05,0.0802528106713548,0.05,0.2484588798708484
0.05,200,baseline,2,2008-08-29 00:00:00,0.2205205514239776,0.4012930190683879,0.05,GLD,8,0.05,0.05,0.05,0.05,0.1987069809316122,0.05,0.05,0.4012930190683879,0.05,0.05
0.05,200,baseline,2,2008-09-30 00:00:00,0.3044719670781164,0.5287687300075029,0.05,TLT,7,0.05,0.05,0.05,0.05,0.5287687300075029,0.0569354969300845,0.05,0.0642957730624125,0.05,0.05
0.05,200,baseline,2,2008-10-31 00:00:00,0.1860100963074398,0.3533364117405524,0.05,TLT,5,0.05,0.05,0.05,0.0659335639088508,0.3533364117405524,0.0954740116325658,0.0562755046218424,0.1789805080961884,0.05,0.05
0.05,200,baseline,2,2008-11-28 00:00:00,0.1778599015441707,0.3104864127431979,0.05,TLT,6,0.05,0.05,0.05,0.0656194538564894,0.3104864127431979,0.0923106125398617,0.05,0.2315835208604509,0.05,0.05
0.05,200,baseline,2,2008-12-31 00:00:00,0.325,0.55,0.05,GLD,9,0.05,0.05,0.05,0.05,0.05,0.05,0.05,0.55,0.05,0.05
0.05,200,baseline,2,2009-01-30 00:00:00,0.325,0.55,0.05,GLD,9,0.05,0.05,0.05,0.05,0.05,0.05,0.05,0.55,0.05,0.05
0.05,200,baseline,2,2009-02-27 00:00:00,0.274656016436782,0.4933717427579341,0.05,GLD,7,0.05,0.05,0.05,0.05,0.0511651470431035,0.05,0.1054631101989621,0.4933717427579341,0.05,0.05
0.05,200,baseline,2,2009-03-31 00:00:00,0.2286393139985834,0.4340223959884182,0.05,HYG,6,0.0730466972333606,0.05,0.05,0.05,0.05,0.05,0.4340223959884182,0.1221256015494443,0.05,0.0708053052287768
0.05,200,baseline,2,2009-04-30 00:00:00,0.2183823021078957,0.4203669226034945,0.05,HYG,6,0.0876014577464051,0.05,0.05,0.05,0.05,0.05,0.4203669226034945,0.1127768601612869,0.05,0.0792547594888133
0.05,200,baseline,2,2009-05-29 00:00:00,0.205301740618038,0.3999209923188357,0.05,HYG,6,0.1151072976689711,0.05,0.05,0.05,0.05,0.05,0.3999209923188357,0.0904878820726915,0.05,0.0944838279395015
0.05,200,baseline,2,2009-06-30 00:00:00,0.1681839418760661,0.3099044103471064,0.05,HYG,6,0.1835841949850776,0.05,0.05,0.05,0.05,0.05,0.3099044103471064,0.0707244538029869,0.05,0.135786940864829
0.05,200,baseline,2,2009-07-31 00:00:00,0.2065588072523482,0.3572660774470721,0.05,SPY,8,0.3572660774470721,0.05,0.05,0.05,0.05,0.05,0.05,0.05,0.05,0.242733922552928
0.05,200,baseline,2,2009-08-31 00:00:00,0.1712968442808105,0.2940953385364423,0.05,SPY,6,0.2940953385364423,0.05,0.05,0.05,0.0754629849015321,0.05,0.05,0.0962488757268854,0.05,0.2341928008351401
0.05,200,baseline,2,2009-09-30 00:00:00,0.2934233102460567,0.5165443091798405,0.05,GLD,7,0.05,0.05,0.05,0.05,0.0567259407455921,0.05,0.0767297500745673,0.5165443091798405,0.05,0.05
0.05,200,baseline,2,2009-10-30 00:00:00,0.2604048343307149,0.473788426442492,0.05,GLD,8,0.05,0.05,0.05,0.05,0.05,0.05,0.1262115735575079,0.473788426442492,0.05,0.05
0.05,200,baseline,2,2009-11-30 00:00:00,0.2069059407148289,0.4029941431447851,0.05,HYG,6,0.1043743171909768,0.05,0.05,0.05,0.05,0.05,0.4029941431447851,0.1015219286867492,0.05,0.0911096109774886
0.05,200,baseline,2,2009-12-31 00:00:00,0.1983752388642276,0.3405764049716363,0.05,SPY,6,0.3405764049716363,0.05,0.05,0.05,0.0596369374712382,0.05,0.05,0.0527069951064907,0.05,0.2470796624506346
0.05,200,baseline,2,2010-01-29 00:00:00,0.2048081899824931,0.3515494341323923,0.05,SPY,7,0.3515494341323923,0.05,0.05,0.05,0.0512844456636939,0.05,0.05,0.05,0.05,0.2471661202039136
0.05,200,baseline,2,2010-02-26 00:00:00,0.2008058276528082,0.3478906157881654,0.05,SPY,7,0.3478906157881654,0.05,0.05,0.05,0.0598326906892844,0.05,0.05,0.05,0.05,0.2422766935225502
0.05,200,baseline,2,2010-03-31 00:00:00,0.2054455830378725,0.3521803748447272,0.05,SPY,8,0.3521803748447272,0.05,0.05,0.05,0.05,0.05,0.05,0.05,0.05,0.2478196251552729
0.05,200,baseline,2,2010-04-30 00:00:00,0.1983470574177349,0.3378615005690502,0.05,SPY,6,0.3378615005690502,0.05,0.05,0.05,0.0554497307897052,0.05,0.05,0.0556382156285372,0.05,0.2510505530127073
0.05,200,baseline,2,2010-05-28 00:00:00,0.2007413192347802,0.3319267696306274,0.05,GLD,7,0.05,0.05,0.05,0.05,0.2650570115680064,0.0530162188013662,0.05,0.3319267696306274,0.05,0.05
0.05,200,baseline,2,2010-06-30 00:00:00,0.1570763259307164,0.2347173981415746,0.05,HYG,5,0.2278171731913218,0.05,0.05,0.05,0.0507199436625017,0.05,0.2347173981415746,0.0592682607800075,0.05,0.1774772242245942
0.05,200,baseline,2,2010-07-30 00:00:00,0.2858987161592096,0.5073070989668846,0.05,GLD,7,0.05,0.05,0.05,0.05,0.0920538343975546,0.05,0.0506390666355606,0.5073070989668846,0.05,0.05
0.05,200,baseline,2,2010-08-31 00:00:00,0.2878649227654176,0.5096548724864151,0.05,GLD,7,0.05,0.05,0.05,0.05,0.0505708252130893,0.05,0.0897743023004954,0.5096548724864151,0.05,0.05
0.05,200,baseline,2,2010-09-30 00:00:00,0.2623590839594707,0.4795184590242093,0.05,GLD,7,0.05,0.05,0.05,0.05,0.0991898476576996,0.05,0.0712916933180909,0.4795184590242093,0.05,0.05
0.05,200,baseline,2,2010-10-29 00:00:00,0.1851198272111777,0.3140924469807595,0.05,SPY,6,0.3140924469807595,0.05,0.05,0.05,0.0638644308265586,0.05,0.05,0.0728988904598614,0.05,0.2491442317328203
0.05,200,baseline,2,2010-11-30 00:00:00,0.2071365164386787,0.3597348995089081,0.05,SPY,8,0.3597348995089081,0.05,0.05,0.05,0.05,0.05,0.05,0.05,0.05,0.240265100491092
0.05,200,baseline,2,2010-12-31 00:00:00,0.2072610998345906,0.3602540448210349,0.05,SPY,8,0.3602540448210349,0.05,0.05,0.05,0.05,0.05,0.05,0.05,0.05,0.2397459551789651
0.05,200,baseline,2,2011-01-31 00:00:00,0.207116719105385,0.3596519869970186,0.05,SPY,8,0.3596519869970186,0.05,0.05,0.05,0.05,0.05,0.05,0.05,0.05,0.2403480130029814
0.05,200,baseline,2,2011-02-28 00:00:00,0.2065152585014211,0.3570756449872495,0.05,SPY,8,0.3570756449872495,0.05,0.05,0.05,0.05,0.05,0.05,0.05,0.05,0.2429243550127505
0.05,200,baseline,2,2011-03-31 00:00:00,0.2023789816498325,0.3460366266166226,0.05,SPY,7,0.3460366266166226,0.05,0.05,0.05,0.054665787398923,0.05,0.05,0.05,0.05,0.2492975859844543
0.05,200,baseline,2,2011-04-29 00:00:00,0.2035544059344286,0.3448594404142664,0.05,SPY,7,0.3448594404142664,0.05,0.05,0.05,0.0511528460365338,0.05,0.05,0.05,0.05,0.2539877135491996
0.05,200,baseline,2,2011-05-31 00:00:00,0.1859518682709586,0.3125088536993037,0.05,SPY,6,0.3125088536993037,0.05,0.05,0.05,0.0619805624713045,0.05,0.05,0.0720085993750479,0.05,0.2535019844543438
0.05,200,baseline,2,2011-06-30 00:00:00,0.1536599801233084,0.2883865732123252,0.05,GLD,4,0.1119585969208832,0.05,0.05,0.05,0.1662004590971456,0.0533291103475463,0.0648704116303006,0.2883865732123252,0.05,0.115254848791799
0.05,200,baseline,2,2011-07-29 00:00:00,0.2294979655414726,0.4216845311637391,0.05,GLD,7,0.05,0.05,0.05,0.05,0.1778607369522706,0.05,0.0504547318839902,0.4216845311637391,0.05,0.05
0.05,200,baseline,2,2011-08-31 00:00:00,0.3096201567935133,0.5342427983911636,0.05,TLT,6,0.0608029606793493,0.05,0.05,0.05,0.5342427983911636,0.0522617269006694,0.05,0.05,0.05,0.0526925140288176
0.05,200,baseline,2,2011-09-30 00:00:00,0.2002623708666137,0.337567636634399,0.05,SPY,7,0.337567636634399,0.05,0.05,0.05,0.0562075052477717,0.05,0.05,0.05,0.05,0.2562248581178292
0.05,200,baseline,2,2011-10-31 00:00:00,0.1997285289843246,0.3906074165233615,0.05,HYG,6,0.0999589858714437,0.05,0.05,0.05,0.05,0.05,0.3906074165233615,0.1154722714071578,0.05,0.0939613261980369
0.05,200,baseline,2,2011-11-30 00:00:00,0.2669811264516761,0.4859164129192843,0.05,TLT,5,0.0637604247655101,0.05,0.05,0.05,0.4859164129192843,0.0542294566736115,0.05,0.0916002211927654,0.05,0.0544934844488285
0.05,200,baseline,2,2011-12-30 00:00:00,0.1962714449448183,0.3434338487182524,0.05,SPY,7,0.3434338487182524,0.05,0.05,0.05,0.0701168747431076,0.05,0.05,0.05,0.05,0.2364492765386399
0.05,200,baseline,2,2012-01-31 00:00:00,0.202363773632956,0.3455037431132732,0.05,SPY,7,0.3455037431132732,0.05,0.05,0.05,0.0544423211038719,0.05,0.05,0.05,0.05,0.250053935782855
0.05,200,baseline,2,2012-02-29 00:00:00,0.2059445305675572,0.354518485706947,0.05,SPY,8,0.354518485706947,0.05,0.05,0.05,0.05,0.05,0.05,0.05,0.05,0.2454815142930531
0.05,200,baseline,2,2012-03-30 00:00:00,0.2065675492330747,0.3573042286095655,0.05,SPY,8,0.3573042286095655,0.05,0.05,0.05,0.05,0.05,0.05,0.05,0.05,0.2426957713904345
0.05,200,baseline,2,2012-04-30 00:00:00,0.2049495869310857,0.3526928331072796,0.05,SPY,7,0.3526928331072796,0.05,0.05,0.05,0.0515413374035506,0.05,0.05,0.05,0.05,0.2457658294891697
0.05,200,baseline,2,2012-05-31 00:00:00,0.1985858154703734,0.3389551917655293,0.05,SPY,6,0.3389551917655293,0.05,0.05,0.05,0.0606090164754353,0.05,0.05,0.0504909985987243,0.05,0.249944793160311
0.05,200,baseline,2,2012-06-29 00:00:00,0.1380750191707765,0.1950809972036909,0.05,SPY,6,0.1950809972036909,0.05,0.05,0.05,0.1679236261433608,0.05,0.05,0.164188538704817,0.05,0.1728068379481311
0.05,200,baseline,2,2012-07-31 00:00:00,0.154462250883296,0.2790641787452942,0.05,TLT,6,0.1340141496444525,0.05,0.05,0.05,0.2790641787452942,0.05,0.05,0.1785579859727241,0.05,0.108363685637529
0.05,200,baseline,2,2012-08-31 00:00:00,0.205397014783541,0.3519471596121529,0.05,SPY,8,0.3519471596121529,0.05,0.05,0.05,0.05,0.05,0.05,0.05,0.05,0.2480528403878471
0.05,200,baseline,2,2012-09-28 00:00:00,0.2057621410433401,0.3536756045300847,0.05,SPY,8,0.3536756045300847,0.05,0.05,0.05,0.05,0.05,0.05,0.05,0.05,0.2463243954699153
0.05,200,baseline,2,2012-10-31 00:00:00,0.2057919335670343,0.3538141875671944,0.05,SPY,8,0.3538141875671944,0.05,0.05,0.05,0.05,0.05,0.05,0.05,0.05,0.2461858124328055
0.05,200,baseline,2,2012-11-30 00:00:00,0.2051132122090266,0.3505628925647388,0.05,SPY,8,0.3505628925647388,0.05,0.05,0.05,0.05,0.05,0.05,0.05,0.05,0.2494371074352612
0.05,200,baseline,2,2012-12-31 00:00:00,0.204862986441728,0.3493101736040748,0.05,SPY,8,0.3493101736040748,0.05,0.05,0.05,0.05,0.05,0.05,0.05,0.05,0.2506898263959252
0.05,200,baseline,2,2013-01-31 00:00:00,0.2059786667540712,0.354674796543157,0.05,SPY,8,0.354674796543157,0.05,0.05,0.05,0.05,0.05,0.05,0.05,0.05,0.245325203456843
0.05,200,baseline,2,2013-02-28 00:00:00,0.205986825020526,0.3547120874237401,0.05,SPY,8,0.3547120874237401,0.05,0.05,0.05,0.05,0.05,0.05,0.05,0.05,0.2452879125762599
0.05,200,baseline,2,2013-03-28 00:00:00,0.2056800022634576,0.3532916609961517,0.05,SPY,8,0.3532916609961517,0.05,0.05,0.05,0.05,0.05,0.05,0.05,0.05,0.2467083390038484
0.05,200,baseline,2,2013-04-30 00:00:00,0.2040733903055206,0.3519321211963208,0.05,SPY,7,0.3519321211963208,0.05,0.05,0.05,0.0533915267688543,0.05,0.05,0.05,0.05,0.2446763520348248
0.05,200,baseline,2,2013-05-31 00:00:00,0.2062857173208989,0.3560612045932786,0.05,SPY,8,0.3560612045932786,0.05,0.05,0.05,0.05,0.05,0.05,0.05,0.05,0.2439387954067214
0.05,200,baseline,2,2013-06-28 00:00:00,0.2059272847032584,0.3609561277523199,0.05,SPY,7,0.3609561277523199,0.05,0.05,0.05,0.0540653761092597,0.05,0.05,0.05,0.05,0.2349784961384203
0.05,200,baseline,2,2013-07-31 00:00:00,0.2080916857996077,0.3636069406574773,0.05,SPY,8,0.3636069406574773,0.05,0.05,0.05,0.05,0.05,0.05,0.05,0.05,0.2363930593425227
0.05,200,baseline,2,2013-08-30 00:00:00,0.2075747465515488,0.3615416385528887,0.05,SPY,8,0.3615416385528887,0.05,0.05,0.05,0.05,0.05,0.05,0.05,0.05,0.2384583614471113
0.05,200,baseline,2,2013-09-30 00:00:00,0.2073084219478454,0.3604500700903041,0.05,SPY,8,0.3604500700903041,0.05,0.05,0.05,0.05,0.05,0.05,0.05,0.05,0.2395499299096958
0.05,200,baseline,2,2013-10-31 00:00:00,0.2066692883115629,0.3577463778585413,0.05,SPY,8,0.3577463778585413,0.05,0.05,0.05,0.05,0.05,0.05,0.05,0.05,0.2422536221414587
0.05,200,baseline,2,2013-11-29 00:00:00,0.2075778468472247,0.3615542315654445,0.05,SPY,8,0.3615542315654445,0.05,0.05,0.05,0.05,0.05,0.05,0.05,0.05,0.2384457684345556
0.05,200,baseline,2,2013-12-31 00:00:00,0.2074642376983242,0.3610910701261819,0.05,SPY,8,0.3610910701261819,0.05,0.05,0.05,0.05,0.05,0.05,0.05,0.05,0.2389089298738181
0.05,200,baseline,2,2014-01-31 00:00:00,0.2066102935668634,0.3574904060120614,0.05,SPY,8,0.3574904060120614,0.05,0.05,0.05,0.05,0.05,0.05,0.05,0.05,0.2425095939879386
0.05,200,baseline,2,2014-02-28 00:00:00,0.2047952004950946,0.3512672473049587,0.05,SPY,7,0.3512672473049587,0.05,0.05,0.05,0.0511678715230752,0.05,0.05,0.05,0.05,0.247564881171966
0.05,200,baseline,2,2014-03-31 00:00:00,0.2006015068578731,0.3396545542136873,0.05,SPY,6,0.3396545542136873,0.05,0.05,0.05,0.0553182869169017,0.05,0.05,0.0508883021450929,0.05,0.2541388567243182
0.05,200,baseline,2,2014-04-30 00:00:00,0.2009743367804213,0.3401437468986816,0.05,SPY,6,0.3401437468986816,0.05,0.05,0.05,0.0527873285316268,0.05,0.05,0.0526771275132794,0.05,0.2543917970564121
0.05,200,baseline,2,2014-05-30 00:00:00,0.2031190178678789,0.3425827146918426,0.05,SPY,6,0.3425827146918426,0.05,0.05,0.05,0.0504688759402627,0.05,0.05,0.0507602060838721,0.05,0.2561882032840226
0.05,200,baseline,2,2014-06-30 00:00:00,0.2038231892658664,0.3437217867079241,0.05,SPY,8,0.3437217867079241,0.05,0.05,0.05,0.05,0.05,0.05,0.05,0.05,0.256278213292076
0.05,200,baseline,2,2014-07-31 00:00:00,0.2016685940872344,0.3404197927893136,0.05,SPY,6,0.3404197927893136,0.05,0.05,0.05,0.0522892164575874,0.05,0.05,0.0515795360469174,0.05,0.2557114547061815
0.05,200,baseline,2,2014-08-29 00:00:00,0.2030329791982386,0.3434030928594208,0.05,SPY,7,0.3434030928594208,0.05,0.05,0.05,0.0517936180235576,0.05,0.05,0.05,0.05,0.2548032891170216
0.05,200,baseline,2,2014-09-30 00:00:00,0.2031637805253637,0.3454370747251871,0.05,SPY,7,0.3454370747251871,0.05,0.05,0.05,0.0523872180467055,0.05,0.05,0.05,0.05,0.2521757072281074
0.05,200,baseline,2,2014-10-31 00:00:00,0.2004492737445364,0.3440528930871369,0.05,SPY,7,0.3440528930871369,0.05,0.05,0.05,0.0586998445320125,0.05,0.05,0.05,0.05,0.2472472623808505
0.05,200,baseline,2,2014-11-28 00:00:00,0.204262480216769,0.3498525671040546,0.05,SPY,7,0.3498525671040546,0.05,0.05,0.05,0.0517848036183482,0.05,0.05,0.05,0.05,0.2483626292775971
0.05,200,baseline,3,2008-04-30 00:00:00,0.1691163815218151,0.308977042542238,0.05,VNQ,5,0.1864307280360368,0.05,0.05,0.0599249962157457,0.1412339658847875,0.05,0.0534332673211918,0.05,0.05,0.308977042542238
0.05,200,baseline,3,2008-05-30 00:00:00,0.189510598763119,0.3464680999850244,0.05,VNQ,6,0.2076886139508574,0.05,0.05,0.05,0.0916401104648873,0.05,0.0542031755992308,0.05,0.05,0.3464680999850244
0.05,200,baseline,3,2008-06-30 00:00:00,0.1971142545927581,0.3612069132702334,0.05,VNQ,6,0.2062971592004857,0.05,0.05,0.05,0.0786519368868989,0.05,0.0538439906423818,0.05,0.05,0.3612069132702334
0.05,200,baseline,3,2008-07-31 00:00:00,0.1771698223847932,0.3288530951905982,0.0499999999999999,VNQ,5,0.1838050521072901,0.0499999999999999,0.0499999999999999,0.0549049040636214,0.1304931378040922,0.0499999999999999,0.0519438108343979,0.0499999999999999,0.0499999999999999,0.3288530951905982
0.05,200,baseline,3,2008-08-29 00:00:00,0.1677751028920156,0.3159988778046376,0.05,TLT,6,0.1058847840407104,0.05,0.05,0.1001102817623436,0.3159988778046376,0.05,0.05,0.05,0.05,0.1780060563923082
0.05,200,baseline,3,2008-09-30 00:00:00,0.2785461616613198,0.4981743697622371,0.05,TLT,8,0.05,0.05,0.05,0.1018256302377629,0.4981743697622371,0.05,0.05,0.05,0.05,0.05
0.05,200,baseline,3,2008-10-31 00:00:00,0.283851561573976,0.5047578589138596,0.05,TLT,8,0.05,0.05,0.05,0.0952421410861404,0.5047578589138596,0.05,0.05,0.05,0.05,0.05
0.05,200,baseline,3,2008-11-28 00:00:00,0.2773851203890172,0.4967042454918262,0.05,TLT,8,0.05,0.05,0.05,0.1032957545081737,0.4967042454918262,0.05,0.05,0.05,0.05,0.05
0.05,200,baseline,3,2008-12-31 00:00:00,0.325,0.55,0.05,GLD,9,0.05,0.05,0.05,0.05,0.05,0.05,0.05,0.55,0.05,0.05
0.05,200,baseline,3,2009-01-30 00:00:00,0.325,0.55,0.05,GLD,9,0.05,0.05,0.05,0.05,0.05,0.05,0.05,0.55,0.05,0.05
0.05,200,baseline,3,2009-02-27 00:00:00,0.325,0.55,0.05,GLD,9,0.05,0.05,0.05,0.05,0.05,0.05,0.05,0.55,0.05,0.05
0.05,200,baseline,3,2009-03-31 00:00:00,0.2000531303801123,0.3526710686999509,0.05,VNQ,6,0.2325655813423619,0.05,0.05,0.05,0.0559351601533464,0.05,0.0588281898043406,0.05,0.05,0.3526710686999509
0.05,200,baseline,3,2009-04-30 00:00:00,0.2026150126465342,0.3509337177675495,0.05,VNQ,7,0.2423776826795564,0.05,0.05,0.05,0.05,0.05,0.056688599552894,0.05,0.05,0.3509337177675495
0.05,200,baseline,3,2009-05-29 00:00:00,0.2019365618789232,0.3482167800590783,0.05,VNQ,7,0.2448199870597498,0.05,0.05,0.05,0.05,0.05,0.0569632328811718,0.05,0.05,0.3482167800590783
0.05,200,baseline,3,2009-06-30 00:00:00,0.2044650362726804,0.3560134807644094,0.05,VNQ,7,0.2392033486551691,0.05,0.05,0.05,0.05,0.05,0.0547831705804214,0.05,0.05,0.3560134807644094
0.05,200,baseline,3,2009-07-31 00:00:00,0.2049988476368631,0.3584062783916545,0.05,VNQ,7,0.2367098356911608,0.05,0.05,0.05,0.05,0.05,0.0548838859171845,0.05,0.05,0.3584062783916545
0.05,200,baseline,3,2009-08-31 00:00:00,0.2052850441827814,0.3630643169138293,0.05,VNQ,6,0.2295743156861421,0.05,0.05,0.05,0.0527458203641463,0.05,0.0546155470358822,0.05,0.05,0.3630643169138293
0.05,200,baseline,3,2009-09-30 00:00:00,0.2051904954939734,0.361074342742894,0.05,VNQ,7,0.2327147317129489,0.05,0.05,0.05,0.05,0.05,0.056210925544157,0.05,0.05,0.361074342742894
0.05,200,baseline,3,2009-10-30 00:00:00,0.2030137045772463,0.362260284146275,0.05,VNQ,6,0.2243942538163518,0.05,0.05,0.05,0.0582240336126765,0.05,0.0551214284246965,0.05,0.05,0.362260284146275
0.05,200,baseline,3,2009-11-30 00:00:00,0.2064832520547692,0.3668046381037553,0.05,VNQ,6,0.2263144788237573,0.05,0.05,0.05,0.0514904912937981,0.05,0.0553903917786891,0.05,0.05,0.3668046381037553
0.05,200,baseline,3,2009-12-31 00:00:00,0.2080671846202275,0.3706772873262419,0.05,VNQ,6,0.2238185904668538,0.05,0.05,0.05,0.0511377592741351,0.05,0.0543663629327692,0.05,0.05,0.3706772873262419
0.05,200,baseline,3,2010-01-29 00:00:00,0.2014883954343449,0.3634257729745398,0.05,VNQ,6,0.2173407796173573,0.05,0.05,0.05,0.0653079888143791,0.05,0.0539254585937237,0.05,0.05,0.3634257729745398
0.05,200,baseline,3,2010-02-26 00:00:00,0.1891511299808746,0.3455432693571127,0.05,VNQ,6,0.20790233323892,0.05,0.05,0.05,0.0931329676050694,0.05,0.0534214297988978,0.05,0.05,0.3455432693571127
0.05,200,baseline,3,2010-03-31 00:00:00,0.200593654803838,0.3624536102289977,0.05,VNQ,6,0.2162208483757617,0.05,0.05,0.05,0.0680667043158256,0.05,0.053258837079415,0.05,0.05,0.3624536102289977
0.05,200,baseline,3,2010-04-30 00:00:00,0.2019796899628332,0.3634028187549909,0.05,VNQ,6,0.2190329274793268,0.05,0.05,0.05,0.0627809443240106,0.05,0.0547833094416717,0.05,0.05,0.3634028187549909
0.05,200,baseline,3,2010-05-28 00:00:00,0.1579110898948038,0.2776851769119011,0.05,TLT,6,0.1261373301344695,0.05,0.05,0.0931758486357367,0.2776851769119011,0.05,0.05,0.05,0.05,0.2030016443178925
0.05,200,baseline,3,2010-06-30 00:00:00,0.1715132570776834,0.3271975069936727,0.05,TLT,5,0.101326206804383,0.05,0.05,0.1010635391045446,0.3271975069936727,0.05,0.05,0.0502759145499681,0.05,0.1701368325474314
0.05,200,baseline,3,2010-07-30 00:00:00,0.154826146686796,0.2439280420666421,0.05,TLT,5,0.1387313753253957,0.05,0.05,0.0846532448136888,0.2439280420666421,0.05,0.05,0.0506336221863076,0.05,0.2320537156079657
0.05,200,baseline,3,2010-08-31 00:00:00,0.1828117304748675,0.3365903786928303,0.05,VNQ,6,0.1969893447458307,0.05,0.05,0.05,0.1137551155888664,0.05,0.0526651609724724,0.05,0.05,0.3365903786928303
0.05,200,baseline,3,2010-09-30 00:00:00,0.2004077419621834,0.3609619976015979,0.05,VNQ,6,0.2186538911487183,0.05,0.05,0.05,0.0655997822490245,0.05,0.0547843290006591,0.05,0.05,0.3609619976015979
0.05,200,baseline,3,2010-10-29 00:00:00,0.2032886818718993,0.3665517371105429,0.05,VNQ,6,0.2171157041458302,0.05,0.05,0.05,0.0615311563742743,0.05,0.0548014023693525,0.05,0.05,0.3665517371105429
0.05,200,baseline,3,2010-11-30 00:00:00,0.2068153585650579,0.3650790391895217,0.05,VNQ,7,0.2303316268497077,0.05,0.05,0.05,0.05,0.05,0.0545893339607705,0.05,0.05,0.3650790391895217
0.05,200,baseline,3,2010-12-31 00:00:00,0.2090785637501169,0.371783928518419,0.05,VNQ,7,0.2247035468094378,0.05,0.05,0.05,0.05,0.05,0.053512524672143,0.05,0.05,0.371783928518419
0.05,200,baseline,3,2011-01-31 00:00:00,0.2097785035976592,0.3740508821278541,0.05,VNQ,7,0.2225040903136504,0.05,0.05,0.05,0.05,0.05,0.0534450275584953,0.05,0.05,0.3740508821278541
0.05,200,baseline,3,2011-02-28 00:00:00,0.2040652420940511,0.3697149542054757,0.05,VNQ,6,0.2133126853397096,0.05,0.05,0.05,0.0625189490572953,0.05,0.0544534113975193,0.05,0.05,0.3697149542054757
0.05,200,baseline,3,2011-03-31 00:00:00,0.19279743528613,0.3544122169061038,0.05,VNQ,6,0.2039796318431485,0.05,0.05,0.05,0.087466778536923,0.05,0.0541413727138246,0.05,0.05,0.3544122169061038
0.05,200,baseline,3,2011-04-29 00:00:00,0.1915415881220887,0.3532412918714301,0.05,VNQ,6,0.2012126048823179,0.05,0.05,0.05,0.091264014151882,0.05,0.0542820890943698,0.05,0.05,0.3532412918714301
0.05,200,baseline,3,2011-05-31 00:00:00,0.1752106537078543,0.3222913006770813,0.05,VNQ,5,0.1892644581300042,0.05,0.05,0.0545561419469146,0.1315303285476487,0.05,0.052357770698351,0.05,0.05,0.3222913006770813
0.05,200,baseline,3,2011-06-30 00:00:00,0.1664807936365462,0.3021490654664513,0.05,VNQ,5,0.1773071463828649,0.05,0.05,0.0623477014987673,0.1574312908601937,0.05,0.0507647957917225,0.05,0.05,0.3021490654664513
0.05,200,baseline,3,2011-07-29 00:00:00,0.1590838984866559,0.2769882515604698,0.05,VNQ,6,0.1631746838479162,0.05,0.05,0.0708517079886331,0.1889853566029807,0.05,0.05,0.05,0.05,0.2769882515604698
0.05,200,baseline,3,2011-08-31 00:00:00,0.256362856381012,0.4712560024276965,0.05,TLT,7,0.05,0.05,0.05,0.1094459647970702,0.4712560024276965,0.05,0.05,0.05,0.05,0.0692980327752331
0.05,200,baseline,3,2011-09-30 00:00:00,0.2324476346228233,0.4399100704239315,0.05,TLT,6,0.0577180763089022,0.05,0.05,0.1088737329605177,0.4399100704239315,0.05,0.05,0.05,0.05,0.0934981203066485
0.05,200,baseline,3,2011-10-31 00:00:00,0.2061520772942409,0.4001762162283657,0.05,TLT,5,0.0731940763826483,0.05,0.05,0.1087151782795753,0.4001762162283657,0.05,0.05,0.0505127888486717,0.05,0.1174017402607388
0.05,200,baseline,3,2011-11-30 00:00:00,0.1850466537888422,0.3607067117681281,0.05,TLT,6,0.0903766722701843,0.05,0.05,0.1045882534675153,0.3607067117681281,0.05,0.05,0.05,0.05,0.1443283624941723
0.05,200,baseline,3,2011-12-30 00:00:00,0.1553407608311444,0.2624813874335694,0.05,VNQ,5,0.1705988218707246,0.05,0.05,0.073872820756135,0.1916919095407498,0.05,0.051355060398821,0.05,0.05,0.2624813874335694
0.05,200,baseline,3,2012-01-31 00:00:00,0.1836426671897911,0.3375955233565558,0.05,VNQ,6,0.1991629487174951,0.05,0.05,0.05,0.1106220694315006,0.05,0.0526194584944484,0.05,0.05,0.3375955233565558
0.05,200,baseline,3,2012-02-29 00:00:00,0.2068091234994141,0.3664683217462726,0.05,VNQ,6,0.2278561144151957,0.05,0.05,0.05,0.0508351108032324,0.05,0.0548404530352992,0.05,0.05,0.3664683217462726
0.05,200,baseline,3,2012-03-30 00:00:00,0.206281496140406,0.3687048120254784,0.05,VNQ,6,0.2222430976062645,0.05,0.05,0.05,0.0543209973948526,0.05,0.0547310929734044,0.05,0.05,0.3687048120254784
0.05,200,baseline,3,2012-04-30 00:00:00,0.199794999446611,0.362820126807542,0.05,VNQ,6,0.2127394821821706,0.05,0.05,0.05,0.0710452250641732,0.05,0.053395165946114,0.05,0.05,0.362820126807542
0.05,200,baseline,3,2012-05-31 00:00:00,0.1599914307917518,0.2800512385605916,0.05,VNQ,6,0.1624068492153853,0.05,0.05,0.0695137556028821,0.1880281566211408,0.05,0.05,0.05,0.05,0.2800512385605916
0.05,200,baseline,3,2012-06-29 00:00:00,0.1685768764482033,0.3187613196448597,0.05,TLT,6,0.107388600148122,0.05,0.05,0.0985919415462409,0.3187613196448597,0.05,0.05,0.05,0.05,0.1752581386607772
0.05,200,baseline,3,2012-07-31 00:00:00,0.1570890887543912,0.2676596570831482,0.05,TLT,6,0.1292525101523415,0.05,0.05,0.0890536445037551,0.2676596570831482,0.05,0.05,0.05,0.05,0.214034188260755
0.05,200,baseline,3,2012-08-31 00:00:00,0.1953638502864834,0.356162524056515,0.05,VNQ,6,0.2104972024141231,0.05,0.05,0.05,0.0791845334253462,0.05,0.0541557401040157,0.05,0.05,0.356162524056515
0.05,200,baseline,3,2012-09-28 00:00:00,0.205543553720354,0.3699869380336348,0.05,VNQ,6,0.2175373294597977,0.05,0.05,0.05,0.0578710372339497,0.05,0.0546046952726176,0.05,0.05,0.3699869380336348
0.05,200,baseline,3,2012-10-31 00:00:00,0.2068055133261664,0.3718477786423542,0.05,VNQ,6,0.2178227448233343,0.05,0.05,0.05,0.056086146530136,0.05,0.0542433300041755,0.05,0.05,0.3718477786423542
0.05,200,baseline,3,2012-11-30 00:00:00,0.1983810525923253,0.3608306294463528,0.05,VNQ,6,0.2117904957678649,0.05,0.05,0.05,0.0740433370744151,0.05,0.0533355377113671,0.05,0.05,0.3608306294463528
0.05,200,baseline,3,2012-12-31 00:00:00,0.2015437976201066,0.3662276034894043,0.05,VNQ,6,0.2118304191746733,0.05,0.05,0.05,0.0685238244433232,0.05,0.0534181528925991,0.05,0.05,0.3662276034894043
0.05,200,baseline,3,2013-01-31 00:00:00,0.2040943383970999,0.367949145697845,0.05,VNQ,6,0.2169396390747067,0.05,0.05,0.05,0.0606910214533916,0.05,0.0544201937740566,0.05,0.05,0.367949145697845
0.05,200,baseline,3,2013-02-28 00:00:00,0.205315719848347,0.3698863813004678,0.05,VNQ,6,0.217015122294424,0.05,0.05,0.05,0.0586212674809414,0.05,0.0544772289241666,0.05,0.05,0.3698863813004678
0.05,200,baseline,3,2013-03-28 00:00:00,0.1992447620926338,0.3640743606711596,0.05,VNQ,6,0.2082028338653682,0.05,0.05,0.05,0.0735990730696592,0.05,0.0541237323938129,0.05,0.05,0.3640743606711596
0.05,200,baseline,3,2013-04-30 00:00:00,0.1703346116942777,0.3091719806515755,0.05,VNQ,5,0.1907649957499784,0.05,0.05,0.0573868979654358,0.1410634119945782,0.05,0.0516127136384319,0.05,0.05,0.3091719806515755
0.05,200,baseline,3,2013-05-31 00:00:00,0.1939564510892338,0.3514276609539873,0.05,VNQ,6,0.2146669983150296,0.05,0.05,0.05,0.0812321994529285,0.05,0.0526731412780545,0.05,0.05,0.3514276609539873
0.05,200,baseline,3,2013-06-28 00:00:00,0.198906314640012,0.3568415525177714,0.05,VNQ,6,0.2213101277611359,0.05,0.05,0.05,0.070109525330724,0.05,0.0517387943903686,0.05,0.05,0.3568415525177714
0.05,200,baseline,3,2013-07-31 00:00:00,0.2090672675672242,0.3697161095447392,0.05,VNQ,7,0.2284531457798773,0.05,0.05,0.05,0.05,0.05,0.0518307446753835,0.05,0.05,0.3697161095447392
0.05,200,baseline,3,2013-08-30 00:00:00,0.2101313594570305,0.3734198362963786,0.05,VNQ,7,0.2247212447511239,0.05,0.05,0.05,0.05,0.05,0.0518589189524974,0.05,0.05,0.3734198362963786
0.05,200,baseline,3,2013-09-30 00:00:00,0.2079769429147007,0.3672361530174816,0.05,VNQ,7,0.2298037936689619,0.05,0.05,0.05,0.05,0.05,0.0529600533135565,0.05,0.05,0.3672361530174816
0.05,200,baseline,3,2013-10-31 00:00:00,0.2083845449703213,0.3688841703152292,0.05,VNQ,7,0.2280106421054265,0.05,0.05,0.05,0.05,0.05,0.0531051875793442,0.05,0.05,0.3688841703152292
0.05,200,baseline,3,2013-11-29 00:00:00,0.2076803752630922,0.3658780774192327,0.05,VNQ,7,0.2313665442110568,0.05,0.05,0.05,0.05,0.05,0.0527553783697104,0.05,0.05,0.3658780774192327
0.05,200,baseline,3,2013-12-31 00:00:00,0.2095106927119962,0.3718444749282113,0.05,VNQ,7,0.225845069493578,0.05,0.05,0.05,0.05,0.05,0.0523104555782106,0.05,0.05,0.3718444749282113
0.05,200,baseline,3,2014-01-31 00:00:00,0.2027453715106166,0.3678714896538841,0.05,VNQ,6,0.2124223894235076,0.05,0.05,0.05,0.0678496031169628,0.05,0.0518565178056454,0.05,0.05,0.3678714896538841
0.05,200,baseline,3,2014-02-28 00:00:00,0.1915924846164473,0.3524201033919965,0.05,VNQ,6,0.2028260534930963,0.05,0.05,0.05,0.092091254132637,0.05,0.0526625889822701,0.05,0.05,0.3524201033919965
0.05,200,baseline,3,2014-03-31 00:00:00,0.1771705130505849,0.3268157845738014,0.05,VNQ,5,0.1883742401046537,0.05,0.05,0.053312362309137,0.1298908678303618,0.05,0.051606745182046,0.05,0.05,0.3268157845738014
0.05,200,baseline,3,2014-04-30 00:00:00,0.1893271903094729,0.3485689946739336,0.05,VNQ,6,0.2017221060536939,0.05,0.05,0.05,0.0964027782264247,0.05,0.0533061210459476,0.05,0.05,0.3485689946739336
0.05,200,baseline,3,2014-05-30 00:00:00,0.1953623396492094,0.358238699432594,0.05,VNQ,6,0.2057478153215299,0.05,0.05,0.05,0.08292948171644,0.05,0.053084003529436,0.05,0.05,0.358238699432594
0.05,200,baseline,3,2014-06-30 00:00:00,0.1994672255761984,0.3640960784491519,0.05,VNQ,6,0.2089322359626696,0.05,0.05,0.05,0.0731731421916296,0.05,0.0537985433965487,0.05,0.05,0.3640960784491519
0.05,200,baseline,3,2014-07-31 00:00:00,0.190192375001,0.3496593007776871,0.05,VNQ,6,0.2031154756374438,0.05,0.05,0.05,0.0940725568977695,0.05,0.0531526666870996,0.05,0.05,0.3496593007776871
0.05,200,baseline,3,2014-08-29 00:00:00,0.1926147626657552,0.3538391612709391,0.05,VNQ,6,0.2041731815314639,0.05,0.05,0.05,0.0889615101676915,0.05,0.0530261470299055,0.05,0.05,0.3538391612709391
0.05,200,baseline,3,2014-09-30 00:00:00,0.1932752574654797,0.3552339984159981,0.05,VNQ,6,0.2034452843771519,0.05,0.05,0.05,0.0894793323218952,0.05,0.0518413848849546,0.05,0.05,0.3552339984159981
0.05,200,baseline,3,2014-10-31 00:00:00,0.1612925908010609,0.2853739639678955,0.05,VNQ,6,0.1703059611194927,0.05,0.05,0.0673694287955832,0.1769506461170284,0.05,0.05,0.05,0.05,0.2853739639678955
0.05,200,baseline,3,2014-11-28 00:00:00,0.1664515198715379,0.3004572794067043,0.05,VNQ,6,0.1804389239343872,0.05,0.05,0.0615128465211295,0.1575909501377789,0.05,0.05,0.05,0.05,0.3004572794067043
0.05,200,baseline,4,2008-04-30 00:00:00,0.2065605925521156,0.3974556238075449,0.05,VNQ,5,0.0657426978975238,0.05,0.05,0.05,0.0893522373033127,0.05,0.0524075846605321,0.1450418563310862,0.05,0.3974556238075449
0.05,200,baseline,4,2008-05-30 00:00:00,0.2572297206466036,0.474676870643927,0.05,TLT,5,0.05,0.05,0.05,0.0745280677812901,0.474676870643927,0.055834504562278,0.05,0.0832710799286847,0.05,0.0616894770838199
0.05,200,baseline,4,2008-06-30 00:00:00,0.2087681073623019,0.3960693299997687,0.05,VNQ,6,0.0886584889000111,0.05,0.05,0.05,0.0534797909905027,0.05,0.05,0.1617923901097175,0.05,0.3960693299997687
0.05,200,baseline,4,2008-07-31 00:00:00,0.2889294880028226,0.5117289005158371,0.05,TLT,7,0.05,0.05,0.05,0.0677991547040179,0.5117289005158371,0.0704719447801449,0.05,0.05,0.05,0.05
0.05,200,baseline,4,2008-08-29 00:00:00,0.1865598211096114,0.3300461705451786,0.05,VNQ,6,0.0762318075165282,0.05,0.05,0.05,0.0641514442459504,0.05,0.05,0.2295705776923426,0.05,0.3300461705451786
0.05,200,baseline,4,2008-09-30 00:00:00,0.2213452310291415,0.4168121151220353,0.05,TLT,7,0.05,0.05,0.05,0.0783539313922576,0.4168121151220353,0.154833953485707,0.05,0.05,0.05,0.05
0.05,200,baseline,4,2008-10-31 00:00:00,0.1676544975228078,0.322001051521446,0.05,TLT,6,0.05,0.05,0.05,0.1433219283960886,0.322001051521446,0.1384571428725071,0.05,0.0962198772099582,0.05,0.05
0.05,200,baseline,4,2008-11-28 00:00:00,0.1520619647642553,0.2658220779735677,0.05,GLD,6,0.05,0.05,0.05,0.1786973543645701,0.1580114164721074,0.0974691511897547,0.05,0.2658220779735677,0.05,0.05
0.05,200,baseline,4,2008-12-31 00:00:00,0.3100142632946795,0.534568319559279,0.05,GLD,6,0.05,0.05,0.05,0.0500036501475698,0.05,0.0643771563535929,0.0510508739395582,0.534568319559279,0.05,0.05
0.05,200,baseline,4,2009-01-30 00:00:00,0.3207815097657787,0.5457453049050772,0.05,GLD,8,0.05,0.05,0.05,0.0542546950949227,0.05,0.05,0.05,0.5457453049050772,0.05,0.05
0.05,200,baseline,4,2009-02-27 00:00:00,0.1428765631731294,0.224573866006651,0.05,GLD,5,0.0614660750632953,0.1281685354312497,0.05,0.05,0.05,0.05,0.2088830548708931,0.224573866006651,0.05,0.1269084686279107
0.05,200,baseline,4,2009-03-31 00:00:00,0.1585276503579652,0.2719252431056704,0.05,HYG,6,0.05,0.1205684631667634,0.05,0.05,0.05,0.05,0.2719252431056704,0.2160728783637661,0.05,0.0914334153637999
0.05,200,baseline,4,2009-04-30 00:00:00,0.1495770291721982,0.2489272014727076,0.05,HYG,5,0.0570994394451411,0.1256274141383105,0.05,0.05,0.05,0.05,0.2489272014727076,0.2111230159754772,0.05,0.1072229289683633
0.05,200,baseline,4,2009-05-29 00:00:00,0.174492012038227,0.2848573180807656,0.05,SPY,5,0.2848573180807656,0.0504408481146119,0.05,0.05,0.05,0.05,0.1126774426246161,0.0510160239000609,0.05,0.2510083672799454
0.05,200,baseline,4,2009-06-30 00:00:00,0.2166233568664224,0.3911684069906412,0.05,SPY,8,0.3911684069906412,0.05,0.05,0.05,0.05,0.05,0.05,0.05,0.05,0.2088315930093588
0.05,200,baseline,4,2009-07-31 00:00:00,0.2183567309698462,0.3958037863809313,0.05,SPY,8,0.3958037863809313,0.05,0.05,0.05,0.05,0.05,0.05,0.05,0.05,0.2041962136190688
0.05,200,baseline,4,2009-08-31 00:00:00,0.2323563491758624,0.427193453400445,0.05,SPY,8,0.427193453400445,0.05,0.05,0.05,0.05,0.05,0.05,0.05,0.05,0.1728065465995549
0.05,200,baseline,4,2009-09-30 00:00:00,0.2366924969743847,0.435448324047189,0.05,SPY,8,0.435448324047189,0.05,0.05,0.05,0.05,0.05,0.05,0.05,0.05,0.164551675952811
0.05,200,baseline,4,2009-10-30 00:00:00,0.2377909556277602,0.4374608228328352,0.05,SPY,8,0.4374608228328352,0.05,0.05,0.05,0.05,0.05,0.05,0.05,0.05,0.1625391771671648
0.05,200,baseline,4,2009-11-30 00:00:00,0.2375083502952517,0.4369458840112614,0.05,SPY,8,0.4369458840112614,0.05,0.05,0.05,0.05,0.05,0.05,0.05,0.05,0.1630541159887386
0.05,200,baseline,4,2009-12-31 00:00:00,0.2342850218006253,0.4309294118993614,0.05,SPY,8,0.4309294118993614,0.05,0.05,0.05,0.05,0.05,0.05,0.05,0.05,0.1690705881006386
0.05,200,baseline,4,2010-01-29 00:00:00,0.1913984759702611,0.3739125867799694,0.05,SPY,6,0.3739125867799694,0.05,0.05,0.05,0.1111417762781931,0.05,0.05,0.0836553294834655,0.05,0.1312903074583719
0.05,200,baseline,4,2010-02-26 00:00:00,0.2234867169407369,0.4257775346095752,0.05,SPY,6,0.4257775346095752,0.05,0.05,0.05,0.0943880757729776,0.05,0.05,0.0573526798433223,0.05,0.1224817097741247
0.05,200,baseline,4,2010-03-31 00:00:00,0.2440241905840159,0.4483647373603578,0.05,SPY,8,0.4483647373603578,0.05,0.05,0.05,0.05,0.05,0.05,0.05,0.05,0.1516352626396422
0.05,200,baseline,4,2010-04-30 00:00:00,0.1800390311312759,0.331189465615136,0.05,TLT,6,0.05,0.05,0.05,0.0579403875779485,0.331189465615136,0.05,0.05,0.1125669244098456,0.05,0.1983032223970697
0.05,200,baseline,4,2010-05-28 00:00:00,0.2987861734277751,0.5225989924735124,0.05,TLT,7,0.05,0.05,0.05,0.058179718761871,0.5225989924735124,0.0692212887646165,0.05,0.05,0.05,0.05
0.05,200,baseline,4,2010-06-30 00:00:00,0.2186367286941583,0.4035511371842529,0.05,VNQ,7,0.0603170098271603,0.05,0.05,0.05,0.05,0.05,0.05,0.1861318529885867,0.05,0.4035511371842529
0.05,200,baseline,4,2010-07-30 00:00:00,0.158338183949012,0.254117330732257,0.05,TLT,6,0.05,0.05,0.05,0.057507880733937,0.254117330732257,0.05,0.05,0.198541796618359,0.05,0.1898329919154469
0.05,200,baseline,4,2010-08-31 00:00:00,0.1591483510955201,0.2431592888352808,0.05,VNQ,6,0.2178660962432753,0.05,0.05,0.05,0.0523984031324715,0.05,0.05,0.1865762117889723,0.05,0.2431592888352808
0.05,200,baseline,4,2010-09-30 00:00:00,0.1670301943311039,0.2880318999853779,0.05,SPY,6,0.2880318999853779,0.05,0.05,0.05,0.0552426808908794,0.05,0.05,0.143797171772039,0.05,0.2129282473517036
0.05,200,baseline,4,2010-10-29 00:00:00,0.2477516348563808,0.4551686203016839,0.05,SPY,7,0.4551686203016839,0.05,0.05,0.05,0.0521745100929468,0.05,0.05,0.05,0.05,0.1426568696053692
0.05,200,baseline,4,2010-11-30 00:00:00,0.2236913774617733,0.4088379011690626,0.05,SPY,8,0.4088379011690626,0.05,0.05,0.05,0.05,0.05,0.05,0.05,0.05,0.1911620988309374
0.05,200,baseline,4,2010-12-31 00:00:00,0.2241571115727543,0.4099024830764853,0.05,SPY,8,0.4099024830764853,0.05,0.05,0.05,0.05,0.05,0.05,0.05,0.05,0.1900975169235146
0.05,200,baseline,4,2011-01-31 00:00:00,0.2223927444963442,0.4058129115381109,0.05,SPY,8,0.4058129115381109,0.05,0.05,0.05,0.05,0.05,0.05,0.05,0.05,0.1941870884618891
0.05,200,baseline,4,2011-02-28 00:00:00,0.2300105554622713,0.4224960314913737,0.05,SPY,8,0.4224960314913737,0.05,0.05,0.05,0.05,0.05,0.05,0.05,0.05,0.1775039685086263
0.05,200,baseline,4,2011-03-31 00:00:00,0.2415658089115239,0.4441627706995185,0.05,SPY,8,0.4441627706995185,0.05,0.05,0.05,0.05,0.05,0.05,0.05,0.05,0.1558372293004815
0.05,200,baseline,4,2011-04-29 00:00:00,0.2364832388488489,0.4350615393975073,0.05,SPY,8,0.4350615393975073,0.05,0.05,0.05,0.05,0.05,0.05,0.05,0.05,0.1649384606024926
0.05,200,baseline,4,2011-05-31 00:00:00,0.235209342176894,0.43863680110063,0.05,SPY,6,0.43863680110063,0.05,0.05,0.05,0.0642460826175286,0.05,0.05,0.0524502020665195,0.05,0.1446669142153218
0.05,200,baseline,4,2011-06-30 00:00:00,0.2036479418372478,0.3931205586774848,0.05,SPY,6,0.3931205586774848,0.05,0.05,0.05,0.1117632749171163,0.05,0.05,0.061655580742694,0.05,0.1334605856627048
0.05,200,baseline,4,2011-07-29 00:00:00,0.2285349148388526,0.4349111708016625,0.05,TLT,6,0.05,0.05,0.05,0.068526057209249,0.4349111708016625,0.05,0.05,0.1119361684555954,0.05,0.084626603533493
0.05,200,baseline,4,2011-08-31 00:00:00,0.3178789237526624,0.5427745082918122,0.05,TLT,8,0.05,0.05,0.05,0.05,0.5427745082918122,0.0572254917081878,0.05,0.05,0.05,0.05
0.05,200,baseline,4,2011-09-30 00:00:00,0.2005103159018671,0.3582938411498019,0.05,VNQ,7,0.0681047748120108,0.05,0.05,0.05,0.05,0.05,0.05,0.2236013840381872,0.05,0.3582938411498019
0.05,200,baseline,4,2011-10-31 00:00:00,0.3123302619275162,0.5370596712535466,0.05,TLT,7,0.05,0.05,0.05,0.0595856508416815,0.5370596712535466,0.0533546779047717,0.05,0.05,0.05,0.05
0.05,200,baseline,4,2011-11-30 00:00:00,0.2138923854278704,0.402251055133343,0.05,TLT,6,0.05,0.05,0.05,0.0594246872667571,0.402251055133343,0.05,0.05,0.0683883425763528,0.05,0.1699359150235469
0.05,200,baseline,4,2011-12-30 00:00:00,0.2053731553354243,0.3814450668446102,0.05,VNQ,6,0.0733027471817435,0.05,0.05,0.05,0.0539776909350689,0.05,0.05,0.1912744950385773,0.05,0.3814450668446102
0.05,200,baseline,4,2012-01-31 00:00:00,0.1651994817320689,0.2689924621129709,0.05,SPY,7,0.2689924621129709,0.05,0.05,0.05,0.05,0.05,0.05,0.1533610368475655,0.05,0.2276465010394635
0.05,200,baseline,4,2012-02-29 00:00:00,0.1803502058024752,0.2997886744277338,0.05,VNQ,7,0.2514370790175757,0.05,0.05,0.05,0.05,0.05,0.05,0.0987742465546904,0.05,0.2997886744277338
0.05,200,baseline,4,2012-03-30 00:00:00,0.2282666166888665,0.4188835915693719,0.05,SPY,8,0.4188835915693719,0.05,0.05,0.05,0.05,0.05,0.05,0.05,0.05,0.1811164084306281
0.05,200,baseline,4,2012-04-30 00:00:00,0.2398067347664513,0.4410792946651833,0.05,SPY,8,0.4410792946651833,0.05,0.05,0.05,0.05,0.05,0.05,0.05,0.05,0.1589207053348167
0.05,200,baseline,4,2012-05-31 00:00:00,0.2467910690263978,0.4582432106948827,0.05,SPY,6,0.4582432106948827,0.05,0.05,0.05,0.0660883473561703,0.05,0.05,0.0561572697813108,0.05,0.1195111721676362
0.05,200,baseline,4,2012-06-29 00:00:00,0.2910730002406247,0.5141431186926483,0.05,TLT,7,0.05,0.05,0.05,0.0671198485617986,0.5141431186926483,0.0687370327455531,0.05,0.05,0.05,0.05
0.05,200,baseline,4,2012-07-31 00:00:00,0.155738441183668,0.2484050891942791,0.05,VNQ,6,0.1585617583200329,0.05,0.05,0.05,0.0724986479529374,0.05,0.05,0.2205345045327506,0.05,0.2484050891942791
0.05,200,baseline,4,2012-08-31 00:00:00,0.1715063045717431,0.2758986922711308,0.05,SPY,7,0.2758986922711308,0.05,0.05,0.05,0.05,0.05,0.05,0.1241605832944393,0.05,0.2499407244344298
0.05,200,baseline,4,2012-09-28 00:00:00,0.2331894847829673,0.4288205821733609,0.05,SPY,8,0.4288205821733609,0.05,0.05,0.05,0.05,0.05,0.05,0.05,0.05,0.1711794178266391
0.05,200,baseline,4,2012-10-31 00:00:00,0.2207175129701024,0.401777976424427,0.05,SPY,8,0.401777976424427,0.05,0.05,0.05,0.05,0.05,0.05,0.05,0.05,0.198222023575573
0.05,200,baseline,4,2012-11-30 00:00:00,0.2344385465535903,0.4312222285925488,0.05,SPY,8,0.4312222285925488,0.05,0.05,0.05,0.05,0.05,0.05,0.05,0.05,0.1687777714074512
0.05,200,baseline,4,2012-12-31 00:00:00,0.2300372475513637,0.4225504947998247,0.05,SPY,8,0.4225504947998247,0.05,0.05,0.05,0.05,0.05,0.05,0.05,0.05,0.1774495052001753
0.05,200,baseline,4,2013-01-31 00:00:00,0.2279162445660019,0.418144497472379,0.05,SPY,8,0.418144497472379,0.05,0.05,0.05,0.05,0.05,0.05,0.05,0.05,0.181855502527621
0.05,200,baseline,4,2013-02-28 00:00:00,0.2239565649070265,0.4094453400264865,0.05,SPY,8,0.4094453400264865,0.05,0.05,0.05,0.05,0.05,0.05,0.05,0.05,0.1905546599735135
0.05,200,baseline,4,2013-03-28 00:00:00,0.2278164888931301,0.4179332202840448,0.05,SPY,8,0.4179332202840448,0.05,0.05,0.05,0.05,0.05,0.05,0.05,0.05,0.1820667797159552
0.05,200,baseline,4,2013-04-30 00:00:00,0.2567470331998107,0.4684444021032024,0.05,SPY,8,0.4684444021032024,0.05,0.05,0.05,0.05,0.05,0.05,0.05,0.05,0.1315555978967976
0.05,200,baseline,4,2013-05-31 00:00:00,0.2486064908305289,0.4558949820079672,0.05,SPY,8,0.4558949820079672,0.05,0.05,0.05,0.05,0.05,0.05,0.05,0.05,0.1441050179920328
0.05,200,baseline,4,2013-06-28 00:00:00,0.2636337079540475,0.4783727949464933,0.05,SPY,8,0.4783727949464933,0.05,0.05,0.05,0.05,0.05,0.05,0.05,0.05,0.1216272050535067
0.05,200,baseline,4,2013-07-31 00:00:00,0.2538781222322099,0.4641312313854524,0.05,SPY,8,0.4641312313854524,0.05,0.05,0.05,0.05,0.05,0.05,0.05,0.05,0.1358687686145477
0.05,200,baseline,4,2013-08-30 00:00:00,0.2377189979577624,0.4373298910612005,0.05,SPY,8,0.4373298910612005,0.05,0.05,0.05,0.05,0.05,0.05,0.05,0.05,0.1626701089387996
0.05,200,baseline,4,2013-09-30 00:00:00,0.2334465841696498,0.4293185682136363,0.05,SPY,8,0.4293185682136363,0.05,0.05,0.05,0.05,0.05,0.05,0.05,0.05,0.1706814317863637
0.05,200,baseline,4,2013-10-31 00:00:00,0.2334315666229797,0.4292895328767562,0.05,SPY,8,0.4292895328767562,0.05,0.05,0.05,0.05,0.05,0.05,0.05,0.05,0.1707104671232439
0.05,200,baseline,4,2013-11-29 00:00:00,0.2310637979205988,0.424627039442889,0.05,SPY,8,0.424627039442889,0.05,0.05,0.05,0.05,0.05,0.05,0.05,0.05,0.175372960557111
0.05,200,baseline,4,2013-12-31 00:00:00,0.2336729964703294,0.4297555325801743,0.05,SPY,8,0.4297555325801743,0.05,0.05,0.05,0.05,0.05,0.05,0.05,0.05,0.1702444674198257
0.05,200,baseline,4,2014-01-31 00:00:00,0.2432406945516542,0.4470385911107254,0.05,SPY,8,0.4470385911107254,0.05,0.05,0.05,0.05,0.05,0.05,0.05,0.05,0.1529614088892746
0.05,200,baseline,4,2014-02-28 00:00:00,0.2524796871305601,0.4619871709898041,0.05,SPY,8,0.4619871709898041,0.05,0.05,0.05,0.05,0.05,0.05,0.05,0.05,0.138012829010196
0.05,200,baseline,4,2014-03-31 00:00:00,0.2487561195256312,0.4569365415446575,0.05,SPY,7,0.4569365415446575,0.05,0.05,0.05,0.0527803462125611,0.05,0.05,0.05,0.05,0.1402831122427812
0.05,200,baseline,4,2014-04-30 00:00:00,0.2412076914949292,0.4435403976149731,0.05,SPY,8,0.4435403976149731,0.05,0.05,0.05,0.05,0.05,0.05,0.05,0.05,0.1564596023850269
0.05,200,baseline,4,2014-05-30 00:00:00,0.2337976247096552,0.4299954320536979,0.05,SPY,8,0.4299954320536979,0.05,0.05,0.05,0.05,0.05,0.05,0.05,0.05,0.1700045679463021
0.05,200,baseline,4,2014-06-30 00:00:00,0.2306162711356292,0.4237260504817582,0.05,SPY,8,0.4237260504817582,0.05,0.05,0.05,0.05,0.05,0.05,0.05,0.05,0.1762739495182419
0.05,200,baseline,4,2014-07-31 00:00:00,0.2342033471186321,0.4307733671636394,0.05,SPY,8,0.4307733671636394,0.05,0.05,0.05,0.05,0.05,0.05,0.05,0.05,0.1692266328363606
0.05,200,baseline,4,2014-08-29 00:00:00,0.2382086278461843,0.4382183559556839,0.05,SPY,8,0.4382183559556839,0.05,0.05,0.05,0.05,0.05,0.05,0.05,0.05,0.1617816440443161
0.05,200,baseline,4,2014-09-30 00:00:00,0.2411858299008664,0.4435023168817604,0.05,SPY,8,0.4435023168817604,0.05,0.05,0.05,0.05,0.05,0.05,0.05,0.05,0.1564976831182397
0.05,200,baseline,4,2014-10-31 00:00:00,0.2345254680433061,0.4419550552191995,0.05,SPY,6,0.4419550552191995,0.05,0.05,0.05,0.081896782533714,0.05,0.05,0.0566096036242028,0.05,0.1195385586228835
0.05,200,baseline,4,2014-11-28 00:00:00,0.2511425372972344,0.4621876846258895,0.05,SPY,6,0.4621876846258895,0.05,0.05,0.05,0.0571120042888637,0.05,0.05,0.0520291480509744,0.05,0.1286711630342722
0.05,200,baseline,5,2008-04-30 00:00:00,0.3229661132664116,0.5479577718749824,0.05,TLT,8,0.05,0.05,0.05,0.0520422281250175,0.5479577718749824,0.05,0.05,0.05,0.05,0.05
0.05,200,baseline,5,2008-05-30 00:00:00,0.3158517403778803,0.5407212293753727,0.05,TLT,7,0.0538124554329011,0.05,0.05,0.0554663151917262,0.5407212293753727,0.05,0.05,0.05,0.05,0.05
0.05,200,baseline,5,2008-06-30 00:00:00,0.2112404186659861,0.3753415666726288,0.05,SPY,7,0.3753415666726288,0.05,0.05,0.05,0.0503220345038211,0.05,0.05,0.05,0.05,0.22433639882355
0.05,200,baseline,5,2008-07-31 00:00:00,0.3215643136062649,0.5465403756043469,0.05,TLT,8,0.05,0.05,0.05,0.0534596243956531,0.5465403756043469,0.05,0.05,0.05,0.05,0.05
0.05,200,baseline,5,2008-08-29 00:00:00,0.3172687130199151,0.5421453210573303,0.05,TLT,8,0.05,0.05,0.05,0.0578546789426697,0.5421453210573303,0.05,0.05,0.05,0.05,0.05
0.05,200,baseline,5,2008-09-30 00:00:00,0.2984158624141236,0.5218286077291696,0.05,TLT,8,0.05,0.05,0.05,0.0781713922708304,0.5218286077291696,0.05,0.05,0.05,0.05,0.05
0.05,200,baseline,5,2008-10-31 00:00:00,0.2902697954919767,0.5124497534618206,0.05,TLT,8,0.05,0.05,0.05,0.0875502465381793,0.5124497534618206,0.05,0.05,0.05,0.05,0.05
0.05,200,baseline,5,2008-11-28 00:00:00,0.2509092319650119,0.4623717376251899,0.05,TLT,7,0.05,0.05,0.05,0.1255901110273653,0.4623717376251899,0.05,0.05,0.0620381513474446,0.05,0.05
0.05,200,baseline,5,2008-12-31 00:00:00,0.325,0.55,0.05,GLD,9,0.05,0.05,0.05,0.05,0.05,0.05,0.05,0.55,0.05,0.05
0.05,200,baseline,5,2009-01-30 00:00:00,0.325,0.55,0.05,GLD,9,0.05,0.05,0.05,0.05,0.05,0.05,0.05,0.55,0.05,0.05
0.05,200,baseline,5,2009-02-27 00:00:00,0.2043551240094766,0.3845486716862201,0.05,HYG,7,0.05,0.05,0.05,0.05,0.05,0.0894518888301102,0.3845486716862201,0.1759994394836696,0.05,0.05
0.05,200,baseline,5,2009-03-31 00:00:00,0.2266481177537907,0.4286206536446461,0.05,HYG,7,0.05,0.05,0.05,0.05,0.05,0.0891484855750265,0.4286206536446461,0.1322308607803273,0.05,0.05
0.05,200,baseline,5,2009-04-30 00:00:00,0.2179297706735597,0.4154110786098391,0.05,HYG,7,0.05,0.05,0.05,0.05,0.05,0.1041144488917801,0.4154110786098391,0.1304744724983806,0.05,0.05
0.05,200,baseline,5,2009-05-29 00:00:00,0.1646092852873162,0.3141696693276469,0.05,HYG,5,0.1145887362136944,0.05,0.05,0.05,0.0800313902089863,0.1694923241718812,0.3141696693276469,0.05,0.05,0.0717178800777912
0.05,200,baseline,5,2009-06-30 00:00:00,0.2143325917753432,0.3846539773883755,0.05,SPY,8,0.3846539773883755,0.05,0.05,0.05,0.05,0.05,0.05,0.05,0.05,0.2153460226116245
0.05,200,baseline,5,2009-07-31 00:00:00,0.2143350279554127,0.3846611716060339,0.05,SPY,8,0.3846611716060339,0.05,0.05,0.05,0.05,0.05,0.05,0.05,0.05,0.2153388283939661
0.05,200,baseline,5,2009-08-31 00:00:00,0.2132243059059036,0.3813151459013127,0.05,SPY,8,0.3813151459013127,0.05,0.05,0.05,0.05,0.05,0.05,0.05,0.05,0.2186848540986873
0.05,200,baseline,5,2009-09-30 00:00:00,0.2133344063802265,0.3816529435483696,0.05,SPY,8,0.3816529435483696,0.05,0.05,0.05,0.05,0.05,0.05,0.05,0.05,0.2183470564516303
0.05,200,baseline,5,2009-10-30 00:00:00,0.2114505721324674,0.3756656201073758,0.05,SPY,8,0.3756656201073758,0.05,0.05,0.05,0.05,0.05,0.05,0.05,0.05,0.2243343798926241
0.05,200,baseline,5,2009-11-30 00:00:00,0.2118064460584771,0.3768324347475629,0.05,SPY,8,0.3768324347475629,0.05,0.05,0.05,0.05,0.05,0.05,0.05,0.05,0.2231675652524372
0.05,200,baseline,5,2009-12-31 00:00:00,0.3217140258987494,0.5466950842556629,0.05,TLT,7,0.0505215420992828,0.05,0.05,0.0527833736450542,0.5466950842556629,0.05,0.05,0.05,0.05,0.05
0.05,200,baseline,5,2010-01-29 00:00:00,0.2121346284501116,0.3778929664671706,0.05,SPY,8,0.3778929664671706,0.05,0.05,0.05,0.05,0.05,0.05,0.05,0.05,0.2221070335328294
0.05,200,baseline,5,2010-02-26 00:00:00,0.1739539506203288,0.3072215507992704,0.05,SPY,7,0.3072215507992704,0.05,0.05,0.05,0.1306440609205392,0.05,0.05,0.05,0.05,0.2121343882801904
0.05,200,baseline,5,2010-03-31 00:00:00,0.3212532509177615,0.5462247458296602,0.05,TLT,8,0.05,0.05,0.05,0.0537752541703397,0.5462247458296602,0.05,0.05,0.05,0.05,0.05
0.05,200,baseline,5,2010-04-30 00:00:00,0.309436645620215,0.5340865295894042,0.05,TLT,6,0.0581526399595505,0.05,0.05,0.054265582297664,0.5340865295894042,0.05,0.05,0.05,0.05,0.0534952481533811
0.05,200,baseline,5,2010-05-28 00:00:00,0.3207776113793812,0.5457413389922229,0.05,TLT,8,0.05,0.05,0.05,0.054258661007777,0.5457413389922229,0.05,0.05,0.05,0.05,0.05
0.05,200,baseline,5,2010-06-30 00:00:00,0.3234909995290888,0.5484864176661259,0.05,TLT,8,0.05,0.05,0.05,0.051513582333874,0.5484864176661259,0.05,0.05,0.05,0.05,0.05
0.05,200,baseline,5,2010-07-30 00:00:00,0.3207201579439011,0.5456828829445604,0.05,TLT,8,0.05,0.05,0.05,0.0543171170554396,0.5456828829445604,0.05,0.05,0.05,0.05,0.05
0.05,200,baseline,5,2010-08-31 00:00:00,0.3194246841588883,0.544373441710321,0.05,TLT,7,0.0514430216349862,0.05,0.05,0.0541835366546927,0.544373441710321,0.05,0.05,0.05,0.05,0.05
0.05,200,baseline,5,2010-09-30 00:00:00,0.2134308928858232,0.3819478275667611,0.05,SPY,8,0.3819478275667611,0.05,0.05,0.05,0.05,0.05,0.05,0.05,0.05,0.218052172433239
0.05,200,baseline,5,2010-10-29 00:00:00,0.2128511964826508,0.380159829349403,0.05,SPY,8,0.380159829349403,0.05,0.05,0.05,0.05,0.05,0.05,0.05,0.05,0.219840170650597
0.05,200,baseline,5,2010-11-30 00:00:00,0.2138630894149964,0.3832558989351397,0.05,SPY,8,0.3832558989351397,0.05,0.05,0.05,0.05,0.05,0.05,0.05,0.05,0.2167441010648603
0.05,200,baseline,5,2010-12-31 00:00:00,0.2131438016571922,0.3810672611391065,0.05,SPY,8,0.3810672611391065,0.05,0.05,0.05,0.05,0.05,0.05,0.05,0.05,0.2189327388608935
0.05,200,baseline,5,2011-01-31 00:00:00,0.212870035392047,0.3802185620416093,0.05,SPY,8,0.3802185620416093,0.05,0.05,0.05,0.05,0.05,0.05,0.05,0.05,0.2197814379583907
0.05,200,baseline,5,2011-02-28 00:00:00,0.2127327771566467,0.3797896520754623,0.05,SPY,8,0.3797896520754623,0.05,0.05,0.05,0.05,0.05,0.05,0.05,0.05,0.2202103479245377
0.05,200,baseline,5,2011-03-31 00:00:00,0.2125052828940362,0.3790736457172559,0.05,SPY,8,0.3790736457172559,0.05,0.05,0.05,0.05,0.05,0.05,0.05,0.05,0.2209263542827441
0.05,200,baseline,5,2011-04-29 00:00:00,0.2121178822708924,0.3778392005062114,0.05,SPY,8,0.3778392005062114,0.05,0.05,0.05,0.05,0.05,0.05,0.05,0.05,0.2221607994937886
0.05,200,baseline,5,2011-05-31 00:00:00,0.1983261811052054,0.3531807209935944,0.05,SPY,7,0.3531807209935944,0.05,0.05,0.05,0.0708251138917478,0.05,0.05,0.05,0.05,0.2259941651146577
0.05,200,baseline,5,2011-06-30 00:00:00,0.3168675098338063,0.5417343279616542,0.05,TLT,7,0.0502149366595738,0.05,0.05,0.0580507353787719,0.5417343279616542,0.05,0.05,0.05,0.05,0.05
0.05,200,baseline,5,2011-07-29 00:00:00,0.3220592483561251,0.5470417458205445,0.05,TLT,8,0.05,0.05,0.05,0.0529582541794555,0.5470417458205445,0.05,0.05,0.05,0.05,0.05
0.05,200,baseline,5,2011-08-31 00:00:00,0.3235234126858846,0.5485190261186099,0.05,TLT,8,0.05,0.05,0.05,0.0514809738813901,0.5485190261186099,0.05,0.05,0.05,0.05,0.05
0.05,200,baseline,5,2011-09-30 00:00:00,0.3246985728610478,0.5496983909249795,0.05,TLT,8,0.05,0.05,0.05,0.0503016090750204,0.5496983909249795,0.05,0.05,0.05,0.05,0.05
0.05,200,baseline,5,2011-10-31 00:00:00,0.3221451589182854,0.5471286698445623,0.05,TLT,8,0.05,0.05,0.05,0.0528713301554377,0.5471286698445623,0.05,0.05,0.05,0.05,0.05
0.05,200,baseline,5,2011-11-30 00:00:00,0.3218363449139708,0.5468160700946869,0.05,TLT,8,0.05,0.05,0.05,0.0531839299053131,0.5468160700946869,0.05,0.05,0.05,0.05,0.05
0.05,200,baseline,5,2011-12-30 00:00:00,0.3209051317673078,0.5458710350644295,0.05,TLT,8,0.05,0.05,0.05,0.0541289649355705,0.5458710350644295,0.05,0.05,0.05,0.05,0.05
0.05,200,baseline,5,2012-01-31 00:00:00,0.321202998288574,0.5461759629839888,0.05,TLT,7,0.0503150814498457,0.05,0.05,0.0535089555661654,0.5461759629839888,0.05,0.05,0.05,0.05,0.05
0.05,200,baseline,5,2012-02-29 00:00:00,0.2130419462748019,0.3807525426064155,0.05,SPY,8,0.3807525426064155,0.05,0.05,0.05,0.05,0.05,0.05,0.05,0.05,0.2192474573935845
0.05,200,baseline,5,2012-03-30 00:00:00,0.2130726782597733,0.3808476290925509,0.05,SPY,8,0.3808476290925509,0.05,0.05,0.05,0.05,0.05,0.05,0.05,0.05,0.2191523709074491
0.05,200,baseline,5,2012-04-30 00:00:00,0.2126110454744857,0.379407321685364,0.05,SPY,8,0.379407321685364,0.05,0.05,0.05,0.05,0.05,0.05,0.05,0.05,0.220592678314636
0.05,200,baseline,5,2012-05-31 00:00:00,0.1971104024820846,0.349513585515635,0.05,SPY,7,0.349513585515635,0.05,0.05,0.05,0.0718065660046374,0.05,0.05,0.05,0.05,0.2286798484797274
0.05,200,baseline,5,2012-06-29 00:00:00,0.3195203844767155,0.5444589786413208,0.05,TLT,8,0.05,0.05,0.05,0.0555410213586792,0.5444589786413208,0.05,0.05,0.05,0.05,0.05
0.05,200,baseline,5,2012-07-31 00:00:00,0.3210330211031624,0.5460010377042772,0.05,TLT,8,0.05,0.05,0.05,0.0539989622957228,0.5460010377042772,0.05,0.05,0.05,0.05,0.05
0.05,200,baseline,5,2012-08-31 00:00:00,0.1741435388474464,0.3118182778617538,0.05,SPY,7,0.3118182778617538,0.05,0.05,0.05,0.1357032747189426,0.05,0.05,0.05,0.05,0.2024784474193035
0.05,200,baseline,5,2012-09-28 00:00:00,0.2126789567259187,0.3796208412600581,0.05,SPY,8,0.3796208412600581,0.05,0.05,0.05,0.05,0.05,0.05,0.05,0.05,0.220379158739942
0.05,200,baseline,5,2012-10-31 00:00:00,0.2120645509227767,0.3776677247084549,0.05,SPY,8,0.3776677247084549,0.05,0.05,0.05,0.05,0.05,0.05,0.05,0.05,0.2223322752915451
0.05,200,baseline,5,2012-11-30 00:00:00,0.2124590178094167,0.3789272380405418,0.05,SPY,8,0.3789272380405418,0.05,0.05,0.05,0.05,0.05,0.05,0.05,0.05,0.2210727619594582
0.05,200,baseline,5,2012-12-31 00:00:00,0.2116680840093295,0.3763809007845857,0.05,SPY,8,0.3763809007845857,0.05,0.05,0.05,0.05,0.05,0.05,0.05,0.05,0.2236190992154143
0.05,200,baseline,5,2013-01-31 00:00:00,0.2120184787127491,0.3775192837710368,0.05,SPY,8,0.3775192837710368,0.05,0.05,0.05,0.05,0.05,0.05,0.05,0.05,0.2224807162289631
0.05,200,baseline,5,2013-02-28 00:00:00,0.2118038864335534,0.3768241057011188,0.05,SPY,8,0.3768241057011188,0.05,0.05,0.05,0.05,0.05,0.05,0.05,0.05,0.2231758942988812
0.05,200,baseline,5,2013-03-28 00:00:00,0.2115536725623802,0.3760055016508024,0.05,SPY,8,0.3760055016508024,0.05,0.05,0.05,0.05,0.05,0.05,0.05,0.05,0.2239944983491976
0.05,200,baseline,5,2013-04-30 00:00:00,0.2124286972764404,0.3788311400286725,0.05,SPY,8,0.3788311400286725,0.05,0.05,0.05,0.05,0.05,0.05,0.05,0.05,0.2211688599713275
0.05,200,baseline,5,2013-05-31 00:00:00,0.2024642545717691,0.3594664726482134,0.05,SPY,7,0.3594664726482134,0.05,0.05,0.05,0.0629768968760111,0.05,0.05,0.05,0.05,0.2275566304757753
0.05,200,baseline,5,2013-06-28 00:00:00,0.3219690808868238,0.546950481763879,0.05,TLT,8,0.05,0.05,0.05,0.053049518236121,0.546950481763879,0.05,0.05,0.05,0.05,0.05
0.05,200,baseline,5,2013-07-31 00:00:00,0.3246791487103858,0.5496789425546194,0.05,TLT,8,0.05,0.05,0.05,0.0503210574453806,0.5496789425546194,0.05,0.05,0.05,0.05,0.05
0.05,200,baseline,5,2013-08-30 00:00:00,0.1841372061372821,0.3297664752054887,0.05,SPY,7,0.3297664752054887,0.05,0.05,0.05,0.1025992747666595,0.05,0.05,0.05,0.05,0.2176342500278518
0.05,200,baseline,5,2013-09-30 00:00:00,0.2137625096444645,0.382953329181126,0.05,SPY,8,0.382953329181126,0.05,0.05,0.05,0.05,0.05,0.05,0.05,0.05,0.217046670818874
0.05,200,baseline,5,2013-10-31 00:00:00,0.2130773674862928,0.3808621279904653,0.05,SPY,8,0.3808621279904653,0.05,0.05,0.05,0.05,0.05,0.05,0.05,0.05,0.2191378720095347
0.05,200,baseline,5,2013-11-29 00:00:00,0.2129453757240852,0.3804530164881503,0.05,SPY,8,0.3804530164881503,0.05,0.05,0.05,0.05,0.05,0.05,0.05,0.05,0.2195469835118498
0.05,200,baseline,5,2013-12-31 00:00:00,0.2130033508563267,0.3806329673778867,0.05,SPY,8,0.3806329673778867,0.05,0.05,0.05,0.05,0.05,0.05,0.05,0.05,0.2193670326221132
0.05,200,baseline,5,2014-01-31 00:00:00,0.212366118168385,0.3786324302320136,0.05,SPY,8,0.3786324302320136,0.05,0.05,0.05,0.05,0.05,0.05,0.05,0.05,0.2213675697679863
0.05,200,baseline,5,2014-02-28 00:00:00,0.2119774286623707,0.3773867839568575,0.05,SPY,8,0.3773867839568575,0.05,0.05,0.05,0.05,0.05,0.05,0.05,0.05,0.2226132160431425
0.05,200,baseline,5,2014-03-31 00:00:00,0.1590338943818656,0.2359964128779605,0.05,SPY,6,0.2359964128779605,0.05,0.05,0.0562132615270687,0.2357791861843172,0.05,0.05,0.05,0.05,0.1720111394106533
0.05,200,baseline,5,2014-04-30 00:00:00,0.264672915320464,0.4835560447042492,0.05,TLT,6,0.0825175547309499,0.05,0.05,0.0610818854825838,0.4835560447042492,0.05,0.05,0.05,0.05,0.072844515082217
0.05,200,baseline,5,2014-05-30 00:00:00,0.1652515321052385,0.2810934825868543,0.05,SPY,7,0.2810934825868543,0.05,0.05,0.05,0.1658524945087695,0.05,0.05,0.05,0.05,0.2030540229043761
0.05,200,baseline,5,2014-06-30 00:00:00,0.2115788122166035,0.376088146963254,0.05,SPY,8,0.376088146963254,0.05,0.05,0.05,0.05,0.05,0.05,0.05,0.05,0.223911853036746
0.05,200,baseline,5,2014-07-31 00:00:00,0.2114576455383859,0.3756889871064011,0.05,SPY,8,0.3756889871064011,0.05,0.05,0.05,0.05,0.05,0.05,0.05,0.05,0.2243110128935989
0.05,200,baseline,5,2014-08-29 00:00:00,0.2114713341880159,0.3757341870888432,0.05,SPY,8,0.3757341870888432,0.05,0.05,0.05,0.05,0.05,0.05,0.05,0.05,0.2242658129111568
0.05,200,baseline,5,2014-09-30 00:00:00,0.2109916084908426,0.3741336917023647,0.05,SPY,8,0.3741336917023647,0.05,0.05,0.05,0.05,0.05,0.05,0.05,0.05,0.2258663082976353
0.05,200,baseline,5,2014-10-31 00:00:00,0.1916349882759634,0.3698361511679086,0.05,TLT,6,0.148073923886907,0.05,0.05,0.0650454216426627,0.3698361511679086,0.05,0.05,0.05,0.05,0.1170445033025216
0.05,200,baseline,5,2014-11-28 00:00:00,0.3185099878525571,0.5434234868008396,0.05,TLT,8,0.05,0.05,0.05,0.0565765131991603,0.5434234868008396,0.05,0.05,0.05,0.05,0.05
0.05,200,baseline,6,2008-04-30 00:00:00,0.1891953133253939,0.3414931010345479,0.05,SPY,6,0.3414931010345479,0.05,0.05,0.05,0.05,0.05,0.0761158268846879,0.0640210669025884,0.05,0.2183700051781757
0.05,200,baseline,6,2008-05-30 00:00:00,0.1854102888051103,0.3357855089925075,0.05,SPY,6,0.3357855089925075,0.05,0.05,0.05,0.05,0.05,0.0779897505716284,0.0702643141603427,0.05,0.2159604262755213
0.05,200,baseline,6,2008-06-30 00:00:00,0.1872216640539811,0.3371762437922064,0.05,SPY,6,0.3371762437922064,0.05,0.05,0.05,0.05,0.05,0.0761147951899719,0.0670676255947483,0.05,0.2196413354230733
0.05,200,baseline,6,2008-07-31 00:00:00,0.300818223404693,0.5245290607311109,0.05,TLT,7,0.05,0.05,0.05,0.05,0.5245290607311109,0.0501654745524458,0.05,0.05,0.05,0.0753054647164431
0.05,200,baseline,6,2008-08-29 00:00:00,0.252796160861132,0.4625731131899728,0.05,TLT,7,0.0503668353184565,0.05,0.05,0.05,0.4625731131899728,0.05,0.05,0.05,0.05,0.1370600514915706
0.05,200,baseline,6,2008-09-30 00:00:00,0.2362261191779235,0.434584767299133,0.05,TLT,8,0.05,0.05,0.05,0.05,0.434584767299133,0.165415232700867,0.05,0.05,0.05,0.05
0.05,200,baseline,6,2008-10-31 00:00:00,0.2280213893591943,0.4183667803042608,0.05,TLT,8,0.05,0.05,0.05,0.05,0.4183667803042608,0.1816332196957391,0.05,0.05,0.05,0.05
0.05,200,baseline,6,2008-11-28 00:00:00,0.2489136179087385,0.4563867288307075,0.05,TLT,8,0.05,0.05,0.05,0.05,0.4563867288307075,0.1436132711692925,0.05,0.05,0.05,0.05
0.05,200,baseline,6,2008-12-31 00:00:00,0.325,0.55,0.05,GLD,9,0.05,0.05,0.05,0.05,0.05,0.05,0.05,0.55,0.05,0.05
0.05,200,baseline,6,2009-01-30 00:00:00,0.325,0.55,0.05,GLD,9,0.05,0.05,0.05,0.05,0.05,0.05,0.05,0.55,0.05,0.05
0.05,200,baseline,6,2009-02-27 00:00:00,0.1830771928005792,0.3584766471703442,0.05,GLD,6,0.05,0.05,0.05,0.05,0.1026444295720413,0.05,0.1035612167075413,0.3584766471703442,0.05,0.135317706550073
0.05,200,baseline,6,2009-03-31 00:00:00,0.1698353987717707,0.3101511357313705,0.05,VNQ,6,0.1002507023536914,0.05,0.05,0.05,0.05,0.05,0.2024962245680845,0.0871019373468535,0.05,0.3101511357313705
0.05,200,baseline,6,2009-04-30 00:00:00,0.2742670966883756,0.4946561603041912,0.05,GLD,7,0.05,0.05,0.05,0.05,0.05,0.05,0.0805464194366461,0.4946561603041912,0.05,0.0747974202591625
0.05,200,baseline,6,2009-05-29 00:00:00,0.1413610828341205,0.2167980521246621,0.05,SPY,6,0.2167980521246621,0.05,0.05,0.05,0.05,0.05,0.1523071783205332,0.1388340741815142,0.05,0.1920606953732904
0.05,200,baseline,6,2009-06-30 00:00:00,0.1766905796939542,0.318576660190287,0.05,SPY,6,0.318576660190287,0.05,0.05,0.05,0.05,0.05,0.097807599542784,0.0696475601145351,0.05,0.2139681801523938
0.05,200,baseline,6,2009-07-31 00:00:00,0.1749358371547708,0.3115797037411693,0.05,SPY,6,0.3115797037411693,0.05,0.05,0.05,0.05,0.05,0.1004900181513336,0.0687861556283577,0.05,0.2191441224791393
0.05,200,baseline,6,2009-08-31 00:00:00,0.153775488546587,0.2713617266233111,0.05,SPY,6,0.2713617266233111,0.05,0.05,0.05,0.05,0.05,0.1107113587611146,0.1247396688458064,0.05,0.1931872457697679
0.05,200,baseline,6,2009-09-30 00:00:00,0.1491843618666201,0.2540218579284959,0.05,SPY,6,0.2540218579284959,0.05,0.05,0.05,0.05,0.05,0.1164563164547677,0.1347370294813503,0.05,0.1947847961353859
0.05,200,baseline,6,2009-10-30 00:00:00,0.1531456279435865,0.2649716259697007,0.05,SPY,6,0.2649716259697007,0.05,0.05,0.05,0.05,0.05,0.111295749327508,0.1221956972332194,0.05,0.2015369274695718
0.05,200,baseline,6,2009-11-30 00:00:00,0.152193691389363,0.2539739065405039,0.05,SPY,6,0.2539739065405039,0.05,0.05,0.05,0.05,0.05,0.1198330990204676,0.1124504719336184,0.05,0.2137425225054099
0.05,200,baseline,6,2009-12-31 00:00:00,0.1788143945264344,0.3126025377576065,0.05,SPY,6,0.3126025377576065,0.05,0.05,0.05,0.05,0.05,0.0859367929668383,0.0692759057573275,0.05,0.2321847635182275
0.05,200,baseline,6,2010-01-29 00:00:00,0.1786170273611962,0.3178447145755393,0.05,SPY,6,0.3178447145755393,0.05,0.05,0.05,0.05,0.05,0.0836687773213592,0.0749324112379089,0.05,0.2235540968651924
0.05,200,baseline,6,2010-02-26 00:00:00,0.1790751420464834,0.3240593969962635,0.05,SPY,6,0.3240593969962635,0.05,0.05,0.05,0.05,0.05,0.0818914336835705,0.0794894628151827,0.05,0.2145597065049831
0.05,200,baseline,6,2010-03-31 00:00:00,0.2450320063865707,0.4515041046427149,0.05,TLT,7,0.0546624139232538,0.05,0.05,0.05,0.4515041046427149,0.05,0.05,0.05,0.05,0.1438334814340312
0.05,200,baseline,6,2010-04-30 00:00:00,0.2806347231077341,0.5007918363725653,0.05,TLT,8,0.05,0.05,0.05,0.05,0.5007918363725653,0.05,0.05,0.05,0.05,0.0992081636274347
0.05,200,baseline,6,2010-05-28 00:00:00,0.3160256798289355,0.540858547522125,0.05,TLT,8,0.05,0.05,0.05,0.05,0.540858547522125,0.0591414524778749,0.05,0.05,0.05,0.05
0.05,200,baseline,6,2010-06-30 00:00:00,0.2801076627451216,0.5001345331834585,0.05,TLT,8,0.05,0.05,0.05,0.05,0.5001345331834585,0.05,0.05,0.05,0.05,0.0998654668165416
0.05,200,baseline,6,2010-07-30 00:00:00,0.2851555005222117,0.506343767197136,0.0499999999999999,TLT,8,0.0499999999999999,0.0499999999999999,0.0499999999999999,0.0499999999999999,0.506343767197136,0.0499999999999999,0.0499999999999999,0.0499999999999999,0.0499999999999999,0.0936562328028639
0.05,200,baseline,6,2010-08-31 00:00:00,0.1775364263993332,0.318654238361476,0.05,SPY,6,0.318654238361476,0.05,0.05,0.05,0.05,0.05,0.084122381242663,0.0787960085042966,0.05,0.2184273718915641
0.05,200,baseline,6,2010-09-30 00:00:00,0.180136111896617,0.3207857134611503,0.05,SPY,6,0.3207857134611503,0.05,0.05,0.05,0.05,0.05,0.0857380528544634,0.069869806207131,0.05,0.2236064274772551
0.05,200,baseline,6,2010-10-29 00:00:00,0.1798839342896802,0.3190608751170461,0.05,SPY,6,0.3190608751170461,0.05,0.05,0.05,0.05,0.05,0.0855039088787557,0.0698324669354145,0.05,0.2256027490687835
0.05,200,baseline,6,2010-11-30 00:00:00,0.1887005061431227,0.3369850531718705,0.05,SPY,6,0.3369850531718705,0.05,0.05,0.05,0.05,0.05,0.0829547974184914,0.0562349733460373,0.05,0.2238251760636006
0.05,200,baseline,6,2010-12-31 00:00:00,0.1971951727133026,0.3492386211635021,0.05,SPY,7,0.3492386211635021,0.05,0.05,0.05,0.05,0.05,0.0713273697494874,0.05,0.05,0.2294340090870104
0.05,200,baseline,6,2011-01-31 00:00:00,0.2011836432711734,0.3601172187862509,0.05,SPY,7,0.3601172187862509,0.05,0.05,0.05,0.05,0.05,0.0675359044230135,0.05,0.05,0.2223468767907355
0.05,200,baseline,6,2011-02-28 00:00:00,0.2101874518044344,0.3847696957993364,0.05,SPY,7,0.3847696957993364,0.05,0.05,0.05,0.05,0.05,0.0638177107753368,0.05,0.05,0.2014125934253267
0.05,200,baseline,6,2011-03-31 00:00:00,0.2116029413229726,0.4093564929927916,0.05,TLT,6,0.1050442689233161,0.05,0.05,0.05,0.4093564929927916,0.1124511577262391,0.05,0.05,0.05,0.0731480803576531
0.05,200,baseline,6,2011-04-29 00:00:00,0.2682053161531979,0.4846690501318479,0.05,TLT,8,0.05,0.05,0.05,0.05,0.4846690501318479,0.05,0.05,0.05,0.05,0.1153309498681521
0.05,200,baseline,6,2011-05-31 00:00:00,0.2755438769010969,0.4943500410356233,0.05,TLT,8,0.05,0.05,0.05,0.05,0.4943500410356233,0.05,0.05,0.05,0.05,0.1056499589643767
0.05,200,baseline,6,2011-06-30 00:00:00,0.2544567371163937,0.4650102074363791,0.05,TLT,8,0.05,0.05,0.05,0.05,0.4650102074363791,0.05,0.05,0.05,0.05,0.1349897925636209
0.05,200,baseline,6,2011-07-29 00:00:00,0.260651253784735,0.4741425476222497,0.05,TLT,8,0.05,0.05,0.05,0.05,0.4741425476222497,0.05,0.05,0.05,0.05,0.1258574523777503
0.05,200,baseline,6,2011-08-31 00:00:00,0.3233954715518907,0.5483902892142632,0.05,TLT,8,0.05,0.05,0.05,0.05,0.5483902892142632,0.05,0.05,0.05,0.05,0.0516097107857368
0.05,200,baseline,6,2011-09-30 00:00:00,0.2679915621998011,0.4843794486918228,0.05,TLT,8,0.05,0.05,0.05,0.05,0.4843794486918228,0.05,0.05,0.05,0.05,0.1156205513081772
0.05,200,baseline,6,2011-10-31 00:00:00,0.2905453530064432,0.5127737683626006,0.05,TLT,8,0.05,0.05,0.05,0.05,0.5127737683626006,0.05,0.05,0.05,0.05,0.0872262316373994
0.05,200,baseline,6,2011-11-30 00:00:00,0.2573897644284575,0.4693956381204332,0.05,TLT,8,0.05,0.05,0.05,0.05,0.4693956381204332,0.05,0.05,0.05,0.05,0.1306043618795668
0.05,200,baseline,6,2011-12-30 00:00:00,0.1983670733742045,0.3287909373727566,0.05,SPY,7,0.3287909373727566,0.05,0.05,0.05,0.05,0.05,0.0577066160800944,0.05,0.05,0.2635024465471489
0.05,200,baseline,6,2012-01-31 00:00:00,0.1993618247548352,0.3609166171794721,0.05,SPY,6,0.3609166171794721,0.05,0.05,0.05,0.05,0.05,0.0687308914796345,0.0550767763592759,0.05,0.2152757149816174
0.05,200,baseline,6,2012-02-29 00:00:00,0.1915269564445164,0.344711363989123,0.05,VNQ,6,0.2186195137726425,0.05,0.05,0.05,0.0851767060597627,0.05,0.0514924161784717,0.05,0.05,0.344711363989123
0.05,200,baseline,6,2012-03-30 00:00:00,0.1938258801491697,0.3708338896843507,0.05,SPY,6,0.3708338896843507,0.05,0.05,0.05,0.1655486089966746,0.0657398194399201,0.05,0.05,0.05,0.0978776818790544
0.05,200,baseline,6,2012-04-30 00:00:00,0.1721738041042127,0.3203967981908762,0.05,TLT,6,0.1922356918373777,0.05,0.05,0.05,0.3203967981908762,0.0961171374615841,0.05,0.05,0.05,0.0912503725101619
0.05,200,baseline,6,2012-05-31 00:00:00,0.1633275361597285,0.2626804318874255,0.05,SPY,6,0.2626804318874255,0.05,0.05,0.05,0.246902738450821,0.0843391899405513,0.05,0.05,0.05,0.1060776397212021
0.05,200,baseline,6,2012-06-29 00:00:00,0.2629471661769678,0.4788567495267386,0.05,TLT,7,0.05,0.05,0.05,0.05,0.4788567495267386,0.1129429014068913,0.05,0.05,0.05,0.05820034906637
0.05,200,baseline,6,2012-07-31 00:00:00,0.2596552773400705,0.4731078290667438,0.05,TLT,7,0.0518480025449564,0.05,0.05,0.05,0.4731078290667438,0.05,0.05,0.05,0.05,0.1250441683882996
0.05,200,baseline,6,2012-08-31 00:00:00,0.2103462274021451,0.3750504462238621,0.05,SPY,7,0.3750504462238621,0.05,0.05,0.05,0.05,0.05,0.052666871511924,0.05,0.05,0.222282682264214
0.05,200,baseline,6,2012-09-28 00:00:00,0.2083743765940729,0.3708397571534738,0.05,SPY,7,0.3708397571534738,0.05,0.05,0.05,0.05,0.05,0.0547655279992544,0.05,0.05,0.2243947148472716
0.05,200,baseline,6,2012-10-31 00:00:00,0.1657626879564482,0.2829816051871601,0.05,SPY,6,0.2829816051871601,0.05,0.05,0.05,0.2292184431523245,0.0779532915491123,0.05,0.05,0.05,0.1098466601114029
0.05,200,baseline,6,2012-11-30 00:00:00,0.1646903109748984,0.2744280804416582,0.05,SPY,6,0.2744280804416582,0.05,0.05,0.05,0.2374577564372686,0.0818119934756519,0.05,0.05,0.05,0.1063021696454211
0.05,200,baseline,6,2012-12-31 00:00:00,0.2236424503154594,0.425239324111312,0.05,SPY,7,0.425239324111312,0.05,0.05,0.05,0.1071226373136506,0.05,0.05,0.05,0.05,0.1176380385750373
0.05,200,baseline,6,2013-01-31 00:00:00,0.2326897338646075,0.4392076842104642,0.05,SPY,7,0.4392076842104642,0.05,0.05,0.05,0.0994951496279151,0.05,0.05,0.05,0.05,0.1112971661616206
0.05,200,baseline,6,2013-02-28 00:00:00,0.2438803577776174,0.4551218900030736,0.05,SPY,7,0.4551218900030736,0.05,0.05,0.05,0.0861323282470892,0.05,0.05,0.05,0.05,0.1087457817498371
0.05,200,baseline,6,2013-03-28 00:00:00,0.2219473754177931,0.4226006486961417,0.05,SPY,7,0.4226006486961417,0.05,0.05,0.05,0.1130536676467413,0.05,0.05,0.05,0.05,0.114345683657117
0.05,200,baseline,6,2013-04-30 00:00:00,0.224089838677546,0.4263325320226757,0.05,SPY,6,0.4263325320226757,0.05,0.05,0.05,0.1169587208758199,0.0521603597431028,0.05,0.05,0.05,0.1045483873584014
0.05,200,baseline,6,2013-05-31 00:00:00,0.2366093811931563,0.4450209111777373,0.05,SPY,7,0.4450209111777373,0.05,0.05,0.05,0.0971250136539166,0.05,0.05,0.05,0.05,0.107854075168346
0.05,200,baseline,6,2013-06-28 00:00:00,0.2494947972999748,0.4631359381760876,0.05,SPY,7,0.4631359381760876,0.05,0.05,0.05,0.088914771285562,0.05,0.05,0.05,0.05,0.0979492905383503
0.05,200,baseline,6,2013-07-31 00:00:00,0.2310871061610958,0.4368632725288097,0.05,SPY,7,0.4368632725288097,0.05,0.05,0.05,0.1100292146389551,0.05,0.05,0.05,0.05,0.1031075128322352
0.05,200,baseline,6,2013-08-30 00:00:00,0.2427142301139853,0.4537236157722918,0.05,SPY,7,0.4537236157722918,0.05,0.05,0.05,0.091546488929112,0.05,0.05,0.05,0.05,0.1047298952985961
0.05,200,baseline,6,2013-09-30 00:00:00,0.2373856163321851,0.4461543642909072,0.05,SPY,7,0.4461543642909072,0.05,0.05,0.05,0.1071848496645749,0.05,0.05,0.05,0.05,0.0966607860445177
0.05,200,baseline,6,2013-10-31 00:00:00,0.2247921712754936,0.4270098788118793,0.05,SPY,7,0.4270098788118793,0.05,0.05,0.05,0.1182935015481095,0.05,0.05,0.05,0.05,0.1046966196400111
0.05,200,baseline,6,2013-11-29 00:00:00,0.1930455439522552,0.3452615133909061,0.05,SPY,6,0.3452615133909061,0.05,0.05,0.05,0.05,0.05,0.0749581377066403,0.0559771626507934,0.05,0.2238031862516602
0.05,200,baseline,6,2013-12-31 00:00:00,0.1970982185900937,0.3514014576271341,0.05,SPY,6,0.3514014576271341,0.05,0.05,0.05,0.05,0.05,0.0704075651341873,0.0526001158211692,0.05,0.2255908614175094
0.05,200,baseline,6,2014-01-31 00:00:00,0.2103646329014086,0.3841878456905448,0.05,SPY,7,0.3841878456905448,0.05,0.05,0.05,0.05,0.05,0.062421038189888,0.05,0.05,0.2033911161195671
0.05,200,baseline,6,2014-02-28 00:00:00,0.1767662223351192,0.325837719545257,0.05,SPY,6,0.325837719545257,0.05,0.05,0.05,0.1996261877622191,0.0712373852556793,0.05,0.05,0.05,0.1032987074368444
0.05,200,baseline,6,2014-03-31 00:00:00,0.2663553516523981,0.4849711248041775,0.05,TLT,6,0.055302834082299,0.05,0.05,0.05,0.4849711248041775,0.0929731730374767,0.05,0.05,0.05,0.0667528680760467
0.05,200,baseline,6,2014-04-30 00:00:00,0.245997794316764,0.4538154166351061,0.05,TLT,7,0.0574403140796257,0.05,0.05,0.05,0.4538154166351061,0.05,0.05,0.05,0.05,0.1387442692852681
0.05,200,baseline,6,2014-05-30 00:00:00,0.2183831248484917,0.4167486811187847,0.05,SPY,7,0.4167486811187847,0.05,0.05,0.05,0.1171608016329331,0.05,0.05,0.05,0.05,0.116090517248282
0.05,200,baseline,6,2014-06-30 00:00:00,0.2270848864186025,0.4307231218506112,0.05,SPY,7,0.4307231218506112,0.05,0.05,0.05,0.1063746930371562,0.05,0.05,0.05,0.05,0.1129021851122325
0.05,200,baseline,6,2014-07-31 00:00:00,0.209075929326855,0.4013286685903384,0.05,SPY,6,0.4013286685903384,0.05,0.05,0.05,0.1309088018196201,0.053864756559651,0.05,0.05,0.05,0.1138977730303902
0.05,200,baseline,6,2014-08-29 00:00:00,0.1926554340687165,0.3695231418218111,0.0499999999999999,SPY,6,0.3695231418218111,0.0499999999999999,0.0499999999999999,0.0499999999999999,0.1574907369666643,0.0605831162730646,0.0499999999999999,0.0499999999999999,0.0499999999999999,0.1124030049384597
0.05,200,baseline,6,2014-09-30 00:00:00,0.2155445895802657,0.4119623345868089,0.05,SPY,6,0.4119623345868089,0.05,0.05,0.05,0.1226261712917414,0.0501944768407292,0.05,0.05,0.05,0.1152170172807203
0.05,200,baseline,6,2014-10-31 00:00:00,0.1633350380495574,0.2690970319947635,0.05,TLT,6,0.2401985212576534,0.05,0.05,0.05,0.2690970319947635,0.0907477254558663,0.05,0.05,0.05,0.0999567212917168
0.05,200,baseline,6,2014-11-28 00:00:00,0.1660476414572833,0.3043548838122613,0.0499999999999999,TLT,4,0.1965548402545726,0.0499999999999999,0.0499999999999999,0.0500807736241869,0.3043548838122613,0.0913688530564453,0.0499999999999999,0.0514314346763237,0.0499999999999999,0.10620921457621
0.05,200,baseline,7,2008-04-30 00:00:00,0.2014715666377009,0.3533014272147961,0.05,VNQ,7,0.2353396497074558,0.05,0.05,0.05,0.061358923077748,0.05,0.05,0.05,0.05,0.3533014272147961
0.05,200,baseline,7,2008-05-30 00:00:00,0.2324192222175729,0.4273169710163827,0.05,SPY,8,0.4273169710163827,0.05,0.05,0.05,0.05,0.05,0.05,0.05,0.05,0.1726830289836173
0.05,200,baseline,7,2008-06-30 00:00:00,0.2351213911868714,0.4325167747624265,0.05,SPY,8,0.4325167747624265,0.05,0.05,0.05,0.05,0.05,0.05,0.05,0.05,0.1674832252375735
0.05,200,baseline,7,2008-07-31 00:00:00,0.1779487703621721,0.2965102789711819,0.05,SPY,5,0.2965102789711819,0.05,0.05,0.0543784604358193,0.2524490784311248,0.0666988656524529,0.05,0.05,0.05,0.079963316509421
0.05,200,baseline,7,2008-08-29 00:00:00,0.3089436796630992,0.5333920303514017,0.05,TLT,8,0.05,0.05,0.05,0.05,0.5333920303514017,0.05,0.05,0.05,0.05,0.0666079696485983
0.05,200,baseline,7,2008-09-30 00:00:00,0.1671941357504824,0.2621268422115919,0.05,LQD,6,0.0647005527661871,0.05,0.05,0.1170571854274159,0.2561154195948049,0.2621268422115919,0.05,0.05,0.05,0.05
0.05,200,baseline,7,2008-10-31 00:00:00,0.2761572320667599,0.4971438475853202,0.05,GLD,6,0.05,0.05,0.05,0.080858453055134,0.0645638265270605,0.0574338728324851,0.05,0.4971438475853202,0.05,0.05
0.05,200,baseline,7,2008-11-28 00:00:00,0.3111349767111511,0.5357393169000317,0.05,GLD,7,0.05,0.05,0.05,0.0638612102681643,0.05,0.0503994728318039,0.05,0.5357393169000317,0.05,0.05
0.05,200,baseline,7,2008-12-31 00:00:00,0.325,0.55,0.05,GLD,9,0.05,0.05,0.05,0.05,0.05,0.05,0.05,0.55,0.05,0.05
0.05,200,baseline,7,2009-01-30 00:00:00,0.3089358434002846,0.5333836363161357,0.05,GLD,8,0.05,0.05,0.05,0.0666163636838643,0.05,0.05,0.05,0.5333836363161357,0.05,0.05
0.05,200,baseline,7,2009-02-27 00:00:00,0.18496101424987,0.3613282914499279,0.05,SPY,5,0.3613282914499279,0.05,0.05,0.0615633222654818,0.1175227358291582,0.0706009290811218,0.05,0.05,0.05,0.13898472137431
0.05,200,baseline,7,2009-03-31 00:00:00,0.2288902388434099,0.4271445803023839,0.05,VNQ,7,0.1567348688714722,0.05,0.05,0.05,0.0661205508261438,0.05,0.05,0.05,0.05,0.4271445803023839
0.05,200,baseline,7,2009-04-30 00:00:00,0.200814573911222,0.320181351679484,0.05,SPY,8,0.320181351679484,0.05,0.05,0.05,0.05,0.05,0.05,0.05,0.05,0.279818648320516
0.05,200,baseline,7,2009-05-29 00:00:00,0.2209000709197759,0.4022254149411385,0.05,SPY,8,0.4022254149411385,0.05,0.05,0.05,0.05,0.05,0.05,0.05,0.05,0.1977745850588615
0.05,200,baseline,7,2009-06-30 00:00:00,0.2273260237290573,0.4168888868307362,0.05,SPY,8,0.4168888868307362,0.05,0.05,0.05,0.05,0.05,0.05,0.05,0.05,0.1831111131692638
0.05,200,baseline,7,2009-07-31 00:00:00,0.2261416095995654,0.4143276204588494,0.05,SPY,8,0.4143276204588494,0.05,0.05,0.05,0.05,0.05,0.05,0.05,0.05,0.1856723795411506
0.05,200,baseline,7,2009-08-31 00:00:00,0.2306698652213689,0.4238342949698686,0.05,SPY,8,0.4238342949698686,0.05,0.05,0.05,0.05,0.05,0.05,0.05,0.05,0.1761657050301315
0.05,200,baseline,7,2009-09-30 00:00:00,0.2328062241077098,0.4280746347012356,0.05,SPY,8,0.4280746347012356,0.05,0.05,0.05,0.05,0.05,0.05,0.05,0.05,0.1719253652987644
0.05,200,baseline,7,2009-10-30 00:00:00,0.2325088976960292,0.4274929364632197,0.05,SPY,8,0.4274929364632197,0.05,0.05,0.05,0.05,0.05,0.05,0.05,0.05,0.1725070635367803
0.05,200,baseline,7,2009-11-30 00:00:00,0.2291203656948866,0.4206655826963235,0.05,SPY,8,0.4206655826963235,0.05,0.05,0.05,0.05,0.05,0.05,0.05,0.05,0.1793344173036765
0.05,200,baseline,7,2009-12-31 00:00:00,0.2278721686298657,0.4180511936192636,0.05,SPY,8,0.4180511936192636,0.05,0.05,0.05,0.05,0.05,0.05,0.05,0.05,0.1819488063807364
0.05,200,baseline,7,2010-01-29 00:00:00,0.23003288272986,0.4225415903476449,0.05,SPY,8,0.4225415903476449,0.05,0.05,0.05,0.05,0.05,0.05,0.05,0.05,0.177458409652355
0.05,200,baseline,7,2010-02-26 00:00:00,0.273468566621129,0.4916618984320162,0.05,SPY,8,0.4916618984320162,0.05,0.05,0.05,0.05,0.05,0.05,0.05,0.05,0.1083381015679837
0.05,200,baseline,7,2010-03-31 00:00:00,0.2988553613191896,0.5223233695759283,0.05,TLT,8,0.05,0.05,0.05,0.05,0.5223233695759283,0.05,0.05,0.05,0.05,0.0776766304240718
0.05,200,baseline,7,2010-04-30 00:00:00,0.3154848541859752,0.5403580966411041,0.05,TLT,6,0.0526835673447448,0.05,0.05,0.0545701516806667,0.5403580966411041,0.05,0.05,0.05,0.05,0.0523881843334843
0.05,200,baseline,7,2010-05-28 00:00:00,0.2964487375648419,0.5196004753692964,0.05,TLT,8,0.05,0.05,0.05,0.05,0.5196004753692964,0.05,0.05,0.05,0.05,0.0803995246307036
0.05,200,baseline,7,2010-06-30 00:00:00,0.1890328981839044,0.3327121829921707,0.05,VNQ,7,0.086187983757584,0.05,0.05,0.05,0.2310998332502452,0.05,0.05,0.05,0.05,0.3327121829921707
0.05,200,baseline,7,2010-07-30 00:00:00,0.2035590146549931,0.36493523514013,0.05,TLT,7,0.0642689531481028,0.05,0.05,0.05,0.36493523514013,0.05,0.05,0.05,0.05,0.2207958117117671
0.05,200,baseline,7,2010-08-31 00:00:00,0.2235895811276741,0.4086038238914131,0.05,SPY,8,0.4086038238914131,0.05,0.05,0.05,0.05,0.05,0.05,0.05,0.05,0.1913961761085869
0.05,200,baseline,7,2010-09-30 00:00:00,0.2305578883162701,0.4236080262690698,0.05,SPY,8,0.4236080262690698,0.05,0.05,0.05,0.05,0.05,0.05,0.05,0.05,0.1763919737309301
0.05,200,baseline,7,2010-10-29 00:00:00,0.2305461606932267,0.4235843046127353,0.05,SPY,8,0.4235843046127353,0.05,0.05,0.05,0.05,0.05,0.05,0.05,0.05,0.1764156953872648
0.05,200,baseline,7,2010-11-30 00:00:00,0.2275113049779296,0.4172844938129708,0.05,SPY,8,0.4172844938129708,0.05,0.05,0.05,0.05,0.05,0.05,0.05,0.05,0.1827155061870292
0.05,200,baseline,7,2010-12-31 00:00:00,0.2251278533419732,0.4120889230521312,0.05,SPY,8,0.4120889230521312,0.05,0.05,0.05,0.05,0.05,0.05,0.05,0.05,0.1879110769478688
0.05,200,baseline,7,2011-01-31 00:00:00,0.2252148774563425,0.4122828514430018,0.05,SPY,8,0.4122828514430018,0.05,0.05,0.05,0.05,0.05,0.05,0.05,0.05,0.1877171485569982
0.05,200,baseline,7,2011-02-28 00:00:00,0.2286203380405321,0.4196251186844388,0.05,SPY,8,0.4196251186844388,0.05,0.05,0.05,0.05,0.05,0.05,0.05,0.05,0.1803748813155612
0.05,200,baseline,7,2011-03-31 00:00:00,0.2436980464487959,0.4478141509612593,0.05,SPY,8,0.4478141509612593,0.05,0.05,0.05,0.05,0.05,0.05,0.05,0.05,0.1521858490387406
0.05,200,baseline,7,2011-04-29 00:00:00,0.2342564427598753,0.4397006056361572,0.05,SPY,7,0.4397006056361572,0.05,0.05,0.05,0.1307123899995053,0.05,0.05,0.05,0.05,0.0795870043643374
0.05,200,baseline,7,2011-05-31 00:00:00,0.1853774101172191,0.3169863793261512,0.05,SPY,6,0.3169863793261512,0.05,0.05,0.05,0.2458167303824035,0.0631355178077569,0.05,0.05,0.05,0.0740613724836883
0.05,200,baseline,7,2011-06-30 00:00:00,0.3225499571132919,0.5475378325764487,0.05,TLT,8,0.05,0.05,0.05,0.05,0.5475378325764487,0.05,0.05,0.05,0.05,0.0524621674235512
0.05,200,baseline,7,2011-07-29 00:00:00,0.325,0.55,0.05,TLT,9,0.05,0.05,0.05,0.05,0.55,0.05,0.05,0.05,0.05,0.05
0.05,200,baseline,7,2011-08-31 00:00:00,0.3229035155304988,0.5478946505377826,0.05,TLT,8,0.05,0.05,0.05,0.05,0.5478946505377826,0.05,0.05,0.05,0.05,0.0521053494622174
0.05,200,baseline,7,2011-09-30 00:00:00,0.184789731980128,0.332335699334483,0.05,VNQ,7,0.1023192714053312,0.05,0.05,0.05,0.2153450292601857,0.05,0.05,0.05,0.05,0.332335699334483
0.05,200,baseline,7,2011-10-31 00:00:00,0.2936316237673632,0.5163696186706479,0.05,TLT,8,0.05,0.05,0.05,0.05,0.5163696186706479,0.05,0.05,0.05,0.05,0.0836303813293521
0.05,200,baseline,7,2011-11-30 00:00:00,0.1802124223380218,0.3172495529632357,0.05,VNQ,7,0.1084800014311251,0.05,0.05,0.05,0.2242704456056391,0.05,0.05,0.05,0.05,0.3172495529632357
0.05,200,baseline,7,2011-12-30 00:00:00,0.1933518626855793,0.3691176000911161,0.05,VNQ,7,0.1492898919274723,0.05,0.05,0.05,0.1315925079814116,0.05,0.05,0.05,0.05,0.3691176000911161
0.05,200,baseline,7,2012-01-31 00:00:00,0.2352118960656683,0.4326874072127198,0.05,SPY,8,0.4326874072127198,0.05,0.05,0.05,0.05,0.05,0.05,0.05,0.05,0.1673125927872802
0.05,200,baseline,7,2012-02-29 00:00:00,0.2301738214254856,0.4228287861730416,0.05,SPY,8,0.4228287861730416,0.05,0.05,0.05,0.05,0.05,0.05,0.05,0.05,0.1771712138269584
0.05,200,baseline,7,2012-03-30 00:00:00,0.2297517475174266,0.4219666911853941,0.05,SPY,8,0.4219666911853941,0.05,0.05,0.05,0.05,0.05,0.05,0.05,0.05,0.1780333088146059
0.05,200,baseline,7,2012-04-30 00:00:00,0.2303363408740496,0.4231591264869347,0.05,SPY,8,0.4231591264869347,0.05,0.05,0.05,0.05,0.05,0.05,0.05,0.05,0.1768408735130653
0.05,200,baseline,7,2012-05-31 00:00:00,0.2771997841291859,0.4975625234354836,0.05,SPY,7,0.4975625234354836,0.05,0.05,0.05,0.0602073787050533,0.05,0.05,0.05,0.05,0.092230097859463
0.05,200,baseline,7,2012-06-29 00:00:00,0.325,0.55,0.05,TLT,9,0.05,0.05,0.05,0.05,0.55,0.05,0.05,0.05,0.05,0.05
0.05,200,baseline,7,2012-07-31 00:00:00,0.1841027270786359,0.3477156295508805,0.05,VNQ,7,0.1532215764528363,0.05,0.05,0.05,0.1490627939962832,0.05,0.05,0.05,0.05,0.3477156295508805
0.05,200,baseline,7,2012-08-31 00:00:00,0.230310202274443,0.4231060564603606,0.05,SPY,8,0.4231060564603606,0.05,0.05,0.05,0.05,0.05,0.05,0.05,0.05,0.1768939435396394
0.05,200,baseline,7,2012-09-28 00:00:00,0.2279286678091786,0.4181707827874102,0.05,SPY,8,0.4181707827874102,0.05,0.05,0.05,0.05,0.05,0.05,0.05,0.05,0.1818292172125898
0.05,200,baseline,7,2012-10-31 00:00:00,0.226617334441622,0.4153631969945831,0.05,SPY,8,0.4153631969945831,0.05,0.05,0.05,0.05,0.05,0.05,0.05,0.05,0.1846368030054169
0.05,200,baseline,7,2012-11-30 00:00:00,0.2292398152175863,0.4209128099449894,0.05,SPY,8,0.4209128099449894,0.05,0.05,0.05,0.05,0.05,0.05,0.05,0.05,0.1790871900550106
0.05,200,baseline,7,2012-12-31 00:00:00,0.2315400130100951,0.4255786865078926,0.05,SPY,8,0.4255786865078926,0.05,0.05,0.05,0.05,0.05,0.05,0.05,0.05,0.1744213134921074
0.05,200,baseline,7,2013-01-31 00:00:00,0.2683297565060799,0.4871860618457024,0.05,SPY,7,0.4871860618457024,0.05,0.05,0.05,0.0707931003032375,0.05,0.05,0.05,0.05,0.0920208378510601
0.05,200,baseline,7,2013-02-28 00:00:00,0.2361159544614321,0.4343799733245846,0.05,SPY,8,0.4343799733245846,0.05,0.05,0.05,0.05,0.05,0.05,0.05,0.05,0.1656200266754154
0.05,200,baseline,7,2013-03-28 00:00:00,0.2336220154873564,0.429657270307832,0.05,SPY,8,0.429657270307832,0.05,0.05,0.05,0.05,0.05,0.05,0.05,0.05,0.170342729692168
0.05,200,baseline,7,2013-04-30 00:00:00,0.266781568878966,0.4852782261372739,0.05,SPY,7,0.4852782261372739,0.05,0.05,0.05,0.0928485159242608,0.05,0.05,0.05,0.05,0.0718732579384652
0.05,200,baseline,7,2013-05-31 00:00:00,0.240943715992371,0.4502641597256185,0.05,SPY,7,0.4502641597256185,0.05,0.05,0.05,0.1193448233034681,0.05,0.05,0.05,0.05,0.0803910169709134
0.05,200,baseline,7,2013-06-28 00:00:00,0.2561877838991273,0.4718468184728374,0.05,SPY,7,0.4718468184728374,0.05,0.05,0.05,0.0985393005251525,0.05,0.05,0.05,0.05,0.07961388100201
0.05,200,baseline,7,2013-07-31 00:00:00,0.2297347853192879,0.4348368682633098,0.05,SPY,7,0.4348368682633098,0.05,0.05,0.05,0.1090127697103481,0.05,0.05,0.05,0.05,0.1061503620263419
0.05,200,baseline,7,2013-08-30 00:00:00,0.2643071232863693,0.4821723274980021,0.05,SPY,7,0.4821723274980021,0.05,0.05,0.05,0.0730993539977951,0.05,0.05,0.05,0.05,0.0947283185042027
0.05,200,baseline,7,2013-09-30 00:00:00,0.278788862586221,0.4990378920691865,0.05,SPY,7,0.4990378920691865,0.05,0.05,0.05,0.0548017666238827,0.05,0.05,0.05,0.05,0.0961603413069308
0.05,200,baseline,7,2013-10-31 00:00:00,0.2266297577219772,0.4153901159588142,0.05,SPY,8,0.4153901159588142,0.05,0.05,0.05,0.05,0.05,0.05,0.05,0.05,0.1846098840411859
0.05,200,baseline,7,2013-11-29 00:00:00,0.227036765330286,0.4162685798706726,0.05,SPY,8,0.4162685798706726,0.05,0.05,0.05,0.05,0.05,0.05,0.05,0.05,0.1837314201293274
0.05,200,baseline,7,2013-12-31 00:00:00,0.2268354686605183,0.4158349443400355,0.05,SPY,8,0.4158349443400355,0.05,0.05,0.05,0.05,0.05,0.05,0.05,0.05,0.1841650556599645
0.05,200,baseline,7,2014-01-31 00:00:00,0.2367866841202296,0.4356220559500363,0.05,SPY,8,0.4356220559500363,0.05,0.05,0.05,0.05,0.05,0.05,0.05,0.05,0.1643779440499637
0.05,200,baseline,7,2014-02-28 00:00:00,0.2232750627314768,0.4202127451702552,0.05,SPY,6,0.4202127451702552,0.05,0.05,0.05,0.1524439201020012,0.0504618168329497,0.05,0.05,0.05,0.0768815178947938
0.05,200,baseline,7,2014-03-31 00:00:00,0.3018727996195344,0.5256909386966326,0.05,TLT,8,0.05,0.05,0.05,0.05,0.5256909386966326,0.05,0.05,0.05,0.05,0.0743090613033674
0.05,200,baseline,7,2014-04-30 00:00:00,0.2013839104772882,0.3568071178966789,0.05,TLT,7,0.0641599259702727,0.05,0.05,0.05,0.3568071178966789,0.05,0.05,0.05,0.05,0.2290329561330483
0.05,200,baseline,7,2014-05-30 00:00:00,0.2024007551190411,0.3796895829424656,0.05,SPY,6,0.3796895829424656,0.05,0.05,0.05,0.1816194144954825,0.0515498992049205,0.05,0.05,0.05,0.0871411033571314
0.05,200,baseline,7,2014-06-30 00:00:00,0.2355723545181561,0.4422149848859533,0.05,SPY,7,0.4422149848859533,0.05,0.05,0.05,0.1254674398570314,0.05,0.05,0.05,0.05,0.0823175752570152
0.05,200,baseline,7,2014-07-31 00:00:00,0.2240102366314297,0.4226763706215168,0.05,SPY,7,0.4226763706215168,0.05,0.05,0.05,0.1454179645877173,0.05,0.05,0.05,0.05,0.0819056647907658
0.05,200,baseline,7,2014-08-29 00:00:00,0.2223958674333835,0.4199438458530948,0.05,SPY,7,0.4199438458530948,0.05,0.05,0.05,0.147278012988609,0.05,0.05,0.05,0.05,0.0827781411582961
0.05,200,baseline,7,2014-09-30 00:00:00,0.2392934388036286,0.4483277573113837,0.05,SPY,7,0.4483277573113837,0.05,0.05,0.05,0.1159988073241328,0.05,0.05,0.05,0.05,0.0856734353644835
0.05,200,baseline,7,2014-10-31 00:00:00,0.2866286654676817,0.5092157541850374,0.05,TLT,6,0.0740150687907545,0.05,0.05,0.0623989625535765,0.5092157541850374,0.0543702144706315,0.05,0.05,0.05,0.05
0.05,200,baseline,7,2014-11-28 00:00:00,0.2725059954592082,0.4904021999074698,0.05,TLT,8,0.05,0.05,0.05,0.05,0.4904021999074698,0.05,0.05,0.05,0.05,0.1095978000925301
0.05,200,baseline,8,2008-04-30 00:00:00,0.1986899503497577,0.3790733515002099,0.05,VNQ,7,0.1553721175143242,0.05,0.05,0.05,0.1155545309854658,0.05,0.05,0.05,0.05,0.3790733515002099
0.05,200,baseline,8,2008-05-30 00:00:00,0.184074706526257,0.2964645040925858,0.05,VNQ,7,0.2667394960364902,0.05,0.05,0.05,0.086795999870924,0.05,0.05,0.05,0.05,0.2964645040925858
0.05,200,baseline,8,2008-06-30 00:00:00,0.1718968254690058,0.3055905408238042,0.05,VNQ,6,0.2067965313121491,0.05,0.05,0.05,0.1334746887122172,0.05,0.0541382391518295,0.05,0.05,0.3055905408238042
0.05,200,baseline,8,2008-07-31 00:00:00,0.2503137678919195,0.4602923937837932,0.05,TLT,7,0.05,0.05,0.05,0.05,0.4602923937837932,0.05,0.0564468233481481,0.05,0.05,0.1332607828680586
0.05,200,baseline,8,2008-08-29 00:00:00,0.2002891749518895,0.327194067994686,0.05,VNQ,7,0.0527029615130789,0.05,0.05,0.05,0.2701029704922351,0.05,0.05,0.05,0.05,0.327194067994686
0.05,200,baseline,8,2008-09-30 00:00:00,0.2130053580395138,0.3806391903466105,0.05,TLT,8,0.05,0.05,0.05,0.05,0.3806391903466105,0.2193608096533894,0.05,0.05,0.05,0.05
0.05,200,baseline,8,2008-10-31 00:00:00,0.2630787356686819,0.4777661270871369,0.05,GLD,7,0.05,0.05,0.05,0.05,0.05,0.1213732124052434,0.0508606605076196,0.4777661270871369,0.05,0.05
0.05,200,baseline,8,2008-11-28 00:00:00,0.325,0.55,0.05,GLD,9,0.05,0.05,0.05,0.05,0.05,0.05,0.05,0.55,0.05,0.05
0.05,200,baseline,8,2008-12-31 00:00:00,0.325,0.55,0.05,GLD,9,0.05,0.05,0.05,0.05,0.05,0.05,0.05,0.55,0.05,0.05
0.05,200,baseline,8,2009-01-30 00:00:00,0.325,0.55,0.05,GLD,9,0.05,0.05,0.05,0.05,0.05,0.05,0.05,0.55,0.05,0.05
0.05,200,baseline,8,2009-02-27 00:00:00,0.3249999999999999,0.5499999999999999,0.0499999999999999,HYG,9,0.0499999999999999,0.0499999999999999,0.0499999999999999,0.0499999999999999,0.0499999999999999,0.0499999999999999,0.5499999999999999,0.0499999999999999,0.0499999999999999,0.0499999999999999
0.05,200,baseline,8,2009-03-31 00:00:00,0.3249999999999999,0.5499999999999999,0.0499999999999999,HYG,9,0.0499999999999999,0.0499999999999999,0.0499999999999999,0.0499999999999999,0.0499999999999999,0.0499999999999999,0.5499999999999999,0.0499999999999999,0.0499999999999999,0.0499999999999999
0.05,200,baseline,8,2009-04-30 00:00:00,0.3226020623217074,0.5475904504637723,0.05,GLD,8,0.05,0.05,0.05,0.05,0.05,0.05,0.0524095495362276,0.5475904504637723,0.05,0.05
0.05,200,baseline,8,2009-05-29 00:00:00,0.2628504057042619,0.4798516957895521,0.05,HYG,7,0.05,0.05,0.05,0.05,0.0675023986453745,0.1026459055650733,0.4798516957895521,0.05,0.05,0.05
0.05,200,baseline,8,2009-06-30 00:00:00,0.2002355775490652,0.3108530536962007,0.05,SPY,8,0.3108530536962007,0.05,0.05,0.05,0.05,0.05,0.05,0.05,0.05,0.2891469463037993
0.05,200,baseline,8,2009-07-31 00:00:00,0.200485366541778,0.3155782948646177,0.05,SPY,8,0.3155782948646177,0.05,0.05,0.05,0.05,0.05,0.05,0.05,0.05,0.2844217051353823
0.05,200,baseline,8,2009-08-31 00:00:00,0.1937825449112074,0.3009846778854867,0.05,SPY,7,0.3009846778854867,0.05,0.05,0.05,0.0631862321811671,0.05,0.05,0.05,0.05,0.2858290899333461
0.05,200,baseline,8,2009-09-30 00:00:00,0.1988433882442537,0.312476828769252,0.05,SPY,7,0.312476828769252,0.05,0.05,0.05,0.0531314118549432,0.05,0.05,0.05,0.05,0.2843917593758049
0.05,200,baseline,8,2009-10-30 00:00:00,0.1892870157099879,0.292841939806847,0.05,VNQ,7,0.2840533729949395,0.05,0.05,0.05,0.0731046871982136,0.05,0.05,0.05,0.05,0.292841939806847
0.05,200,baseline,8,2009-11-30 00:00:00,0.1901023582881356,0.3021895571143803,0.05,VNQ,7,0.2758801638772257,0.05,0.05,0.05,0.071930279008394,0.05,0.05,0.05,0.05,0.3021895571143803
0.05,200,baseline,8,2009-12-31 00:00:00,0.1957668002782503,0.3006482950731816,0.05,SPY,7,0.3006482950731816,0.05,0.05,0.05,0.0588007125925076,0.05,0.05,0.05,0.05,0.2905509923343108
0.05,200,baseline,8,2010-01-29 00:00:00,0.1905993030632076,0.290221433679929,0.05,SPY,7,0.290221433679929,0.05,0.05,0.05,0.0700018086592734,0.05,0.05,0.05,0.05,0.2897767576607977
0.05,200,baseline,8,2010-02-26 00:00:00,0.1768212005194501,0.322354538478702,0.05,VNQ,7,0.1932589143947497,0.05,0.05,0.05,0.1343865471265482,0.05,0.05,0.05,0.05,0.322354538478702
0.05,200,baseline,8,2010-03-31 00:00:00,0.1961779148576681,0.3106080979348083,0.05,SPY,7,0.3106080979348083,0.05,0.05,0.05,0.0587745988021207,0.05,0.05,0.05,0.05,0.280617303263071
0.05,200,baseline,8,2010-04-30 00:00:00,0.1927558797652136,0.293427444562641,0.05,VNQ,7,0.2913884901132379,0.05,0.05,0.05,0.0651840653241211,0.05,0.05,0.05,0.05,0.293427444562641
0.05,200,baseline,8,2010-05-28 00:00:00,0.2390188010337235,0.4464830635156087,0.05,TLT,6,0.05,0.05,0.05,0.05,0.4464830635156087,0.0585628901735733,0.0640216585969548,0.05,0.05,0.1309323877138631
0.05,200,baseline,8,2010-06-30 00:00:00,0.2024619934218535,0.3350855627135538,0.05,VNQ,8,0.05,0.05,0.05,0.05,0.2649144372864462,0.05,0.05,0.05,0.05,0.3350855627135538
0.05,200,baseline,8,2010-07-30 00:00:00,0.1937367196033031,0.3162283524523359,0.05,VNQ,7,0.0655581563891457,0.05,0.05,0.05,0.2682134911585183,0.05,0.05,0.05,0.05,0.3162283524523359
0.05,200,baseline,8,2010-08-31 00:00:00,0.1792612334385036,0.3251186961122161,0.05,VNQ,7,0.2029692595494014,0.05,0.05,0.05,0.1219120443383823,0.05,0.05,0.05,0.05,0.3251186961122161
0.05,200,baseline,8,2010-09-30 00:00:00,0.1954423555387952,0.3040609778692507,0.05,SPY,7,0.3040609778692507,0.05,0.05,0.05,0.0597167544552137,0.05,0.05,0.05,0.05,0.2862222676755355
0.05,200,baseline,8,2010-10-29 00:00:00,0.1951578694915471,0.3052149957610951,0.05,SPY,7,0.3052149957610951,0.05,0.05,0.05,0.0604475909352209,0.05,0.05,0.05,0.05,0.284337413303684
0.05,200,baseline,8,2010-11-30 00:00:00,0.2004903831554007,0.3156585943717925,0.05,SPY,8,0.3156585943717925,0.05,0.05,0.05,0.05,0.05,0.05,0.05,0.05,0.2843414056282076
0.05,200,baseline,8,2010-12-31 00:00:00,0.2007275213869865,0.3190725114626584,0.05,SPY,8,0.3190725114626584,0.05,0.05,0.05,0.05,0.05,0.05,0.05,0.05,0.2809274885373416
0.05,200,baseline,8,2011-01-31 00:00:00,0.2005042946792314,0.3192202164264995,0.05,SPY,7,0.3192202164264995,0.05,0.05,0.05,0.0505092678909334,0.05,0.05,0.05,0.05,0.280270515682567
0.05,200,baseline,8,2011-02-28 00:00:00,0.1933216064681839,0.297593934176673,0.05,SPY,7,0.297593934176673,0.05,0.05,0.05,0.0640325394766779,0.05,0.05,0.05,0.05,0.2883735263466492
0.05,200,baseline,8,2011-03-31 00:00:00,0.1811624738380498,0.3074142296961055,0.05,VNQ,7,0.2436685033221691,0.05,0.05,0.05,0.0989172669817253,0.05,0.05,0.05,0.05,0.3074142296961055
0.05,200,baseline,8,2011-04-29 00:00:00,0.1849026051507935,0.2991920647398139,0.05,VNQ,7,0.265829654873163,0.05,0.05,0.05,0.084978280387023,0.05,0.05,0.05,0.05,0.2991920647398139
0.05,200,baseline,8,2011-05-31 00:00:00,0.1846682565342222,0.2998751574524366,0.05,VNQ,7,0.2643637196759342,0.05,0.05,0.05,0.0857611228716292,0.05,0.05,0.05,0.05,0.2998751574524366
0.05,200,baseline,8,2011-06-30 00:00:00,0.1720395698019595,0.3115554822975892,0.05,VNQ,6,0.1477220713082631,0.05,0.05,0.05,0.1881007714745787,0.05,0.0526216749195689,0.05,0.05,0.3115554822975892
0.05,200,baseline,8,2011-07-29 00:00:00,0.1798276815378531,0.3044557443016204,0.05,VNQ,7,0.1022953055012509,0.05,0.05,0.05,0.2432489501971286,0.05,0.05,0.05,0.05,0.3044557443016204
0.05,200,baseline,8,2011-08-31 00:00:00,0.2988500164424331,0.5223244897363972,0.05,TLT,7,0.05,0.05,0.05,0.05,0.5223244897363972,0.0775604717635354,0.05,0.05,0.05,0.0501150385000672
0.05,200,baseline,8,2011-09-30 00:00:00,0.200334077692848,0.3129243509091955,0.05,VNQ,8,0.05,0.05,0.05,0.05,0.2870756490908044,0.05,0.05,0.05,0.05,0.3129243509091955
0.05,200,baseline,8,2011-10-31 00:00:00,0.2840194163226453,0.504962699439002,0.05,TLT,8,0.05,0.05,0.05,0.05,0.504962699439002,0.05,0.05,0.05,0.05,0.095037300560998
0.05,200,baseline,8,2011-11-30 00:00:00,0.1943079943634202,0.3065002810748077,0.05,VNQ,7,0.0625034782556173,0.05,0.05,0.05,0.2809962406695749,0.05,0.05,0.05,0.05,0.3065002810748077
0.05,200,baseline,8,2011-12-30 00:00:00,0.1941642246962589,0.3658546789383876,0.05,VNQ,7,0.1071062705645482,0.05,0.05,0.05,0.1770390504970641,0.05,0.05,0.05,0.05,0.3658546789383876
0.05,200,baseline,8,2012-01-31 00:00:00,0.1943226826087645,0.3089606923200843,0.05,SPY,7,0.3089606923200843,0.05,0.05,0.05,0.0627883479942088,0.05,0.05,0.05,0.05,0.2782509596857068
0.05,200,baseline,8,2012-02-29 00:00:00,0.2016098971131821,0.3283716153327768,0.05,SPY,8,0.3283716153327768,0.05,0.05,0.05,0.05,0.05,0.05,0.05,0.05,0.2716283846672233
0.05,200,baseline,8,2012-03-30 00:00:00,0.2008066674708465,0.3218358825874358,0.05,SPY,7,0.3218358825874358,0.05,0.05,0.05,0.0503224697226955,0.05,0.05,0.05,0.05,0.2778416476898686
0.05,200,baseline,8,2012-04-30 00:00:00,0.1934251119001418,0.3019181752349357,0.05,SPY,7,0.3019181752349357,0.05,0.05,0.05,0.0640635306236906,0.05,0.05,0.05,0.05,0.2840182941413737
0.05,200,baseline,8,2012-05-31 00:00:00,0.1711568514517313,0.3083966386517948,0.05,VNQ,7,0.1808499759974256,0.05,0.05,0.05,0.1607533853507796,0.05,0.05,0.05,0.05,0.3083966386517948
0.05,200,baseline,8,2012-06-29 00:00:00,0.2118202610976489,0.3768773734516497,0.05,TLT,8,0.05,0.05,0.05,0.05,0.3768773734516497,0.05,0.05,0.05,0.05,0.2231226265483504
0.05,200,baseline,8,2012-07-31 00:00:00,0.1792669032741442,0.3219554500844669,0.05,VNQ,7,0.1176273502870107,0.05,0.05,0.05,0.2104171996285223,0.05,0.05,0.05,0.05,0.3219554500844669
0.05,200,baseline,8,2012-08-31 00:00:00,0.1967855160604363,0.3100518213701722,0.05,SPY,7,0.3100518213701722,0.05,0.05,0.05,0.057344159792148,0.05,0.05,0.05,0.05,0.2826040188376797
0.05,200,baseline,8,2012-09-28 00:00:00,0.1979908220461614,0.3148378516747435,0.05,SPY,7,0.3148378516747435,0.05,0.05,0.05,0.0553288662467189,0.05,0.05,0.05,0.05,0.2798332820785375
0.05,200,baseline,8,2012-10-31 00:00:00,0.195610774157861,0.3087556327228102,0.05,SPY,7,0.3087556327228102,0.05,0.05,0.05,0.0598140740062368,0.05,0.05,0.05,0.05,0.281430293270953
0.05,200,baseline,8,2012-11-30 00:00:00,0.1893773619381326,0.2913660406580303,0.05,VNQ,7,0.2857924085096301,0.05,0.05,0.05,0.0728415508323395,0.05,0.05,0.05,0.05,0.2913660406580303
0.05,200,baseline,8,2012-12-31 00:00:00,0.1923420179754043,0.302664931939581,0.05,SPY,7,0.302664931939581,0.05,0.05,0.05,0.0666275130166997,0.05,0.05,0.05,0.05,0.2807075550437192
0.05,200,baseline,8,2013-01-31 00:00:00,0.1960575280041183,0.3124401618143433,0.05,SPY,7,0.3124401618143433,0.05,0.05,0.05,0.0593145110600121,0.05,0.05,0.05,0.05,0.2782453271256445
0.05,200,baseline,8,2013-02-28 00:00:00,0.1969206804987477,0.3150382404580202,0.05,SPY,7,0.3150382404580202,0.05,0.05,0.05,0.0577724084250341,0.05,0.05,0.05,0.05,0.2771893511169457
0.05,200,baseline,8,2013-03-28 00:00:00,0.1909390477155343,0.2955872405251549,0.05,SPY,7,0.2955872405251549,0.05,0.05,0.05,0.0693568806310954,0.05,0.05,0.05,0.05,0.2850558788437496
0.05,200,baseline,8,2013-04-30 00:00:00,0.1952333239812499,0.3124542547999988,0.05,SPY,7,0.3124542547999988,0.05,0.05,0.05,0.0612156841203008,0.05,0.05,0.05,0.05,0.2763300610797004
0.05,200,baseline,8,2013-05-31 00:00:00,0.198843350389914,0.3221535805175874,0.05,SPY,7,0.3221535805175874,0.05,0.05,0.05,0.0547930499184212,0.05,0.05,0.05,0.05,0.2730533695639915
0.05,200,baseline,8,2013-06-28 00:00:00,0.1944892468971786,0.3067803808295162,0.05,SPY,7,0.3067803808295162,0.05,0.05,0.05,0.0621219304763888,0.05,0.05,0.05,0.05,0.2810976886940949
0.05,200,baseline,8,2013-07-31 00:00:00,0.2017322164427764,0.3294297166379185,0.05,SPY,8,0.3294297166379185,0.05,0.05,0.05,0.05,0.05,0.05,0.05,0.05,0.2705702833620816
0.05,200,baseline,8,2013-08-30 00:00:00,0.1983447930789744,0.3167895562905107,0.05,SPY,7,0.3167895562905107,0.05,0.05,0.05,0.0548587001959064,0.05,0.05,0.05,0.05,0.2783517435135829
0.05,200,baseline,8,2013-09-30 00:00:00,0.202065198830942,0.3321340849484,0.05,SPY,8,0.3321340849484,0.05,0.05,0.05,0.05,0.05,0.05,0.05,0.05,0.2678659150516001
0.05,200,baseline,8,2013-10-31 00:00:00,0.2019311911647922,0.3310740338932051,0.05,SPY,8,0.3310740338932051,0.05,0.05,0.05,0.05,0.05,0.05,0.05,0.05,0.2689259661067949
0.05,200,baseline,8,2013-11-29 00:00:00,0.2030314254949276,0.3389321557001895,0.05,SPY,8,0.3389321557001895,0.05,0.05,0.05,0.05,0.05,0.05,0.05,0.05,0.2610678442998106
0.05,200,baseline,8,2013-12-31 00:00:00,0.202389338337647,0.3345639865875379,0.05,SPY,8,0.3345639865875379,0.05,0.05,0.05,0.05,0.05,0.05,0.05,0.05,0.2654360134124621
0.05,200,baseline,8,2014-01-31 00:00:00,0.1967339851988665,0.3181065293320551,0.05,SPY,7,0.3181065293320551,0.05,0.05,0.05,0.0587889468648792,0.05,0.05,0.05,0.05,0.2731045238030657
0.05,200,baseline,8,2014-02-28 00:00:00,0.1906148180828321,0.2940579909566136,0.05,SPY,7,0.2940579909566136,0.05,0.05,0.05,0.0700419557524412,0.05,0.05,0.05,0.05,0.2859000532909452
0.05,200,baseline,8,2014-03-31 00:00:00,0.1849707637905138,0.2937780611113303,0.05,VNQ,7,0.2722337077368954,0.05,0.05,0.05,0.0839882311517742,0.05,0.05,0.05,0.05,0.2937780611113303
0.05,200,baseline,8,2014-04-30 00:00:00,0.1907568521898505,0.2926764937768307,0.05,SPY,7,0.2926764937768307,0.05,0.05,0.05,0.0696725836254801,0.05,0.05,0.05,0.05,0.2876509225976891
0.05,200,baseline,8,2014-05-30 00:00:00,0.1937025790014625,0.3086668079772786,0.05,SPY,7,0.3086668079772786,0.05,0.05,0.05,0.064193109484502,0.05,0.05,0.05,0.05,0.2771400825382193
0.05,200,baseline,8,2014-06-30 00:00:00,0.1935406632376539,0.3073204333910218,0.05,SPY,7,0.3073204333910218,0.05,0.05,0.05,0.0643814461531714,0.05,0.05,0.05,0.05,0.2782981204558069
0.05,200,baseline,8,2014-07-31 00:00:00,0.1906191476599943,0.2984372017444045,0.05,SPY,7,0.2984372017444045,0.05,0.05,0.05,0.0702916277840516,0.05,0.05,0.05,0.05,0.2812711704715438
0.05,200,baseline,8,2014-08-29 00:00:00,0.1904443338078227,0.2944017682654964,0.05,SPY,7,0.2944017682654964,0.05,0.05,0.05,0.0704518256275379,0.05,0.05,0.05,0.05,0.2851464061069657
0.05,200,baseline,8,2014-09-30 00:00:00,0.1880528441944633,0.2893986601250732,0.05,SPY,7,0.2893986601250732,0.05,0.05,0.05,0.0759344959334321,0.05,0.05,0.05,0.05,0.2846668439414946
0.05,200,baseline,8,2014-10-31 00:00:00,0.1772305277587096,0.3235589212950392,0.05,VNQ,7,0.1928706934504871,0.05,0.05,0.05,0.1335703852544737,0.05,0.05,0.05,0.05,0.3235589212950392
0.05,200,baseline,8,2014-11-28 00:00:00,0.1879147226108369,0.290306788072028,0.05,VNQ,7,0.283401152113851,0.05,0.05,0.05,0.076292059814121,0.05,0.05,0.05,0.05,0.290306788072028
0.05,200,baseline,9,2008-04-30 00:00:00,0.16241195114065468,0.26706331723274346,0.05000000000000001,SPY,7,0.26706331723274346,0.05000000000000001,0.05000000000000001,0.05000000000000001,0.2030632589103387,0.05000000000000001,0.05000000000000001,0.05000000000000001,0.05000000000000001,0.17987342385691787
0.05,200,baseline,9,2008-05-30 00:00:00,0.17795113832781118,0.32130742530188994,0.05000000000000001,SPY,7,0.32130742530188994,0.05000000000000001,0.05000000000000001,0.05000000000000001,0.12438835670415521,0.05000000000000001,0.05000000000000001,0.05000000000000001,0.05000000000000001,0.2043042179939549
0.05,200,baseline,9,2008-06-30 00:00:00,0.17179675264358188,0.30026612002854486,0.05000000000000001,SPY,7,0.30026612002854486,0.05000000000000001,0.05000000000000001,0.05000000000000001,0.13626566794294867,0.05000000000000001,0.05000000000000001,0.05000000000000001,0.05000000000000001,0.21346821202850655
0.05,200,baseline,9,2008-07-31 00:00:00,0.16054466022280295,0.29214079583176344,0.05,TLT,6,0.09368262211948783,0.05,0.05,0.05,0.29214079583176344,0.1892482007917151,0.05,0.05,0.05,0.12492838125703368
0.05,200,baseline,9,2008-08-29 00:00:00,0.1885176486883642,0.36761163001108627,0.05000000000000001,TLT,6,0.0981720552607661,0.05000000000000001,0.05000000000000001,0.05000000000000001,0.36761163001108627,0.14272987366505716,0.05000000000000001,0.05000000000000001,0.05000000000000001,0.09148644106309052
0.05,200,baseline,9,2008-09-30 00:00:00,0.20175519736313624,0.32962429208551813,0.05000000000000001,LQD,8,0.05000000000000001,0.05000000000000001,0.05000000000000001,0.05000000000000001,0.27037570791448196,0.32962429208551813,0.05000000000000001,0.05000000000000001,0.05000000000000001,0.05000000000000001
0.05,200,baseline,9,2008-10-31 00:00:00,0.16045561029701866,0.25395447167579116,0.05000000000000001,TLT,7,0.05000000000000001,0.05000000000000001,0.05000000000000001,0.05000000000000001,0.25395447167579116,0.2023068253245743,0.05000000000000001,0.19373870299963455,0.05000000000000001,0.05000000000000001
0.05,200,baseline,9,2008-11-28 00:00:00,0.2259075901973175,0.42884995806507853,0.05,GLD,7,0.05,0.05,0.05,0.05,0.10601250296809304,0.11513753896682831,0.05,0.42884995806507853,0.05,0.05
0.05,200,baseline,9,2008-12-31 00:00:00,0.3059072646245329,0.5301165624466575,0.05,GLD,8,0.05,0.05,0.05,0.05,0.05,0.06988343755334252,0.05,0.5301165624466575,0.05,0.05
0.05,200,baseline,9,2009-01-30 00:00:00,0.3068797212141843,0.5312566930466424,0.05,GLD,7,0.05,0.05,0.05,0.05,0.05244125542821842,0.06630205152513913,0.05,0.5312566930466424,0.05,0.05
0.05,200,baseline,9,2009-02-27 00:00:00,0.30310251686511724,0.5273013427071236,0.05000000000000001,GLD,7,0.05000000000000001,0.05000000000000001,0.05000000000000001,0.05000000000000001,0.057585647360483175,0.06511300993239322,0.05000000000000001,0.5273013427071236,0.05000000000000001,0.05000000000000001
0.05,200,baseline,9,2009-03-31 00:00:00,0.30216271368283226,0.5260926465708432,0.05,GLD,7,0.05,0.05,0.05,0.05,0.05164046213305432,0.07226689129610242,0.05,0.5260926465708432,0.05,0.05
0.05,200,baseline,9,2009-04-30 00:00:00,0.18960527312926811,0.3275282362863028,0.05,TLT,6,0.055661057170620025,0.05,0.05,0.05,0.3275282362863028,0.24221425014096118,0.05,0.05,0.05,0.074596456402116
0.05,200,baseline,9,2009-05-29 00:00:00,0.16391964860531646,0.3006200020631444,0.05,TLT,6,0.182672060145555,0.05,0.05,0.05,0.3006200020631444,0.0792248060500488,0.05,0.05,0.05,0.13748313174125185
0.05,200,baseline,9,2009-06-30 00:00:00,0.1947526298293861,0.35593499932074174,0.05000000000000002,SPY,7,0.35593499932074174,0.05000000000000002,0.05000000000000002,0.05000000000000002,0.08651062918678232,0.05000000000000002,0.05000000000000002,0.05000000000000002,0.05000000000000002,0.20755437149247596
0.05,200,baseline,9,2009-07-31 00:00:00,0.1967725320982984,0.3601779374754536,0.05000000000000001,SPY,7,0.3601779374754536,0.05000000000000001,0.05000000000000001,0.05000000000000001,0.08348639658189616,0.05000000000000001,0.05000000000000001,0.05000000000000001,0.05000000000000001,0.20633566594265026
0.05,200,baseline,9,2009-08-31 00:00:00,0.17206519778444387,0.30559354568853503,0.05000000000000001,SPY,7,0.30559354568853503,0.05000000000000001,0.05000000000000001,0.05000000000000001,0.14162644076265762,0.05000000000000001,0.05000000000000001,0.05000000000000001,0.05000000000000001,0.20278001354880745
0.05,200,baseline,9,2009-09-30 00:00:00,0.17878370835924792,0.32496389756899113,0.05000000000000001,SPY,7,0.32496389756899113,0.05000000000000001,0.05000000000000001,0.05000000000000001,0.12471633369997683,0.05000000000000001,0.05000000000000001,0.05000000000000001,0.05000000000000001,0.20031976873103202
0.05,200,baseline,9,2009-10-30 00:00:00,0.18078446257804304,0.32903371265737213,0.05000000000000001,SPY,7,0.32903371265737213,0.05000000000000001,0.05000000000000001,0.05000000000000001,0.11858087817352916,0.05000000000000001,0.05000000000000001,0.05000000000000001,0.05000000000000001,0.20238540916909875
0.05,200,baseline,9,2009-11-30 00:00:00,0.1685103490435519,0.29042564393569825,0.05000000000000001,SPY,7,0.29042564393569825,0.05000000000000001,0.05000000000000001,0.05000000000000001,0.14803473231092928,0.05000000000000001,0.05000000000000001,0.05000000000000001,0.05000000000000001,0.21153962375337249
0.05,200,baseline,9,2009-12-31 00:00:00,0.18231643226519426,0.33029138620672405,0.05,SPY,7,0.33029138620672405,0.05,0.05,0.05,0.1118062393182959,0.05,0.05,0.05,0.05,0.20790237447498008
0.05,200,baseline,9,2010-01-29 00:00:00,0.1812536029755349,0.33119441633211283,0.05000000000000001,SPY,7,0.33119441633211283,0.05000000000000001,0.05000000000000001,0.05000000000000001,0.11912028026220263,0.05000000000000001,0.05000000000000001,0.05000000000000001,0.05000000000000001,0.19968530340568458
0.05,200,baseline,9,2010-02-26 00:00:00,0.16194863047730385,0.2645656515411793,0.05000000000000002,SPY,7,0.2645656515411793,0.05000000000000002,0.05000000000000002,0.05000000000000002,0.18339440597214615,0.05000000000000002,0.05000000000000002,0.05000000000000002,0.05000000000000002,0.20203994248667453
0.05,200,baseline,9,2010-03-31 00:00:00,0.17621292673963904,0.3186626599628014,0.05000000000000001,SPY,7,0.3186626599628014,0.05000000000000001,0.05000000000000001,0.05000000000000001,0.13194316458422575,0.05000000000000001,0.05000000000000001,0.05000000000000001,0.05000000000000001,0.19939417545297292
0.05,200,baseline,9,2010-04-30 00:00:00,0.18393666168258266,0.33659315433717235,0.05000000000000002,SPY,7,0.33659315433717235,0.05000000000000002,0.05000000000000002,0.05000000000000002,0.11181587064947053,0.05000000000000002,0.05000000000000002,0.05000000000000002,0.05000000000000002,0.20159097501335713
0.05,200,baseline,9,2010-05-28 00:00:00,0.15971940741665142,0.30150463698556623,0.05,TLT,6,0.1145725867825985,0.05,0.05,0.05,0.30150463698556623,0.15577102640229,0.05,0.05,0.05,0.12815174982954525
0.05,200,baseline,9,2010-06-30 00:00:00,0.18030950095083542,0.3465264176647405,0.05,TLT,6,0.16209365007093282,0.05,0.05,0.05,0.3465264176647405,0.07778113896216039,0.05,0.05,0.05,0.11359879330216631
0.05,200,baseline,9,2010-07-30 00:00:00,0.1622154657074979,0.2931951495465501,0.05000000000000002,TLT,6,0.18734051981578093,0.05000000000000002,0.05000000000000002,0.05000000000000002,0.2931951495465501,0.07753508925665976,0.05000000000000002,0.05000000000000002,0.05000000000000002,0.14192924138100924
0.05,200,baseline,9,2010-08-31 00:00:00,0.1721391944541394,0.30574422513753446,0.05000000000000002,SPY,7,0.30574422513753446,0.05000000000000002,0.05000000000000002,0.05000000000000002,0.1412762749441216,0.05000000000000002,0.05000000000000002,0.05000000000000002,0.05000000000000002,0.20297949991834396
0.05,200,baseline,9,2010-09-30 00:00:00,0.19395128116303018,0.35767715881272955,0.05000000000000001,SPY,7,0.35767715881272955,0.05000000000000001,0.05000000000000001,0.05000000000000001,0.09234688033366226,0.05000000000000001,0.05000000000000001,0.05000000000000001,0.05000000000000001,0.19997596085360828
0.05,200,baseline,9,2010-10-29 00:00:00,0.19504063124287266,0.35984173116380114,0.05000000000000002,SPY,7,0.35984173116380114,0.05000000000000002,0.05000000000000002,0.05000000000000002,0.09049594438260698,0.05000000000000002,0.05000000000000002,0.05000000000000002,0.05000000000000002,0.19966232445359186
0.05,200,baseline,9,2010-11-30 00:00:00,0.19698646899717281,0.36077686114320423,0.05000000000000001,SPY,7,0.36077686114320423,0.05000000000000001,0.05000000000000001,0.05000000000000001,0.08336814759494188,0.05000000000000001,0.05000000000000001,0.05000000000000001,0.05000000000000001,0.20585499126185386
0.05,200,baseline,9,2010-12-31 00:00:00,0.2010182581367877,0.37025177558040284,0.05000000000000001,SPY,7,0.37025177558040284,0.05000000000000001,0.05000000000000001,0.05000000000000001,0.07944917413209743,0.05000000000000001,0.05000000000000001,0.05000000000000001,0.05000000000000001,0.20029905028749975
0.05,200,baseline,9,2011-01-31 00:00:00,0.2016230661305971,0.37210819378604626,0.05000000000000002,SPY,7,0.37210819378604626,0.05000000000000002,0.05000000000000002,0.05000000000000002,0.07958838350138461,0.05000000000000002,0.05000000000000002,0.05000000000000002,0.05000000000000002,0.19830342271256912
0.05,200,baseline,9,2011-02-28 00:00:00,0.19228191714118598,0.3536116224952926,0.05000000000000001,SPY,7,0.3536116224952926,0.05000000000000001,0.05000000000000001,0.05000000000000001,0.09426042188271919,0.05000000000000001,0.05000000000000001,0.05000000000000001,0.05000000000000001,0.20212795562198824
0.05,200,baseline,9,2011-03-31 00:00:00,0.17931626382116533,0.32440735571203205,0.05000000000000001,SPY,7,0.32440735571203205,0.05000000000000001,0.05000000000000001,0.05000000000000001,0.12054205387510501,0.05000000000000001,0.05000000000000001,0.05000000000000001,0.05000000000000001,0.20505059041286303
0.05,200,baseline,9,2011-04-29 00:00:00,0.1866823483633106,0.3422906920910406,0.05000000000000001,SPY,7,0.3422906920910406,0.05000000000000001,0.05000000000000001,0.05000000000000001,0.1054970207191693,0.05000000000000001,0.05000000000000001,0.05000000000000001,0.05000000000000001,0.20221228718979012
0.05,200,baseline,9,2011-05-31 00:00:00,0.17570468204125222,0.317257198432477,0.05000000000000001,SPY,7,0.317257198432477,0.05000000000000001,0.05000000000000001,0.05000000000000001,0.133252930963085,0.05000000000000001,0.05000000000000001,0.05000000000000001,0.05000000000000001,0.199489870604438
0.05,200,baseline,9,2011-06-30 00:00:00,0.16957122568644908,0.2983372670648223,0.05000000000000001,SPY,7,0.2983372670648223,0.05000000000000001,0.05000000000000001,0.05000000000000001,0.15100434591514525,0.05000000000000001,0.05000000000000001,0.05000000000000001,0.05000000000000001,0.20065838702003247
0.05,200,baseline,9,2011-07-29 00:00:00,0.1671530004640284,0.2895902466251845,0.05000000000000001,SPY,7,0.2895902466251845,0.05000000000000001,0.05000000000000001,0.05000000000000001,0.15967569794414654,0.05000000000000001,0.05000000000000001,0.05000000000000001,0.05000000000000001,0.2007340554306689
0.05,200,baseline,9,2011-08-31 00:00:00,0.19345971042475926,0.3350797411090351,0.05,TLT,6,0.05288204596047392,0.05,0.05,0.05,0.3350797411090351,0.24175370733813803,0.05,0.05,0.05,0.07028450559235289
0.05,200,baseline,9,2011-09-30 00:00:00,0.17693549550479631,0.33429725466057025,0.05000000000000001,TLT,6,0.1763177559584307,0.05000000000000001,0.05000000000000001,0.05000000000000001,0.33429725466057025,0.07061394756276727,0.05000000000000001,0.05000000000000001,0.05000000000000001,0.11877104181823189
0.05,200,baseline,9,2011-10-31 00:00:00,0.1907477842371902,0.3742466601218586,0.05,TLT,6,0.115918460569744,0.05,0.05,0.05,0.3742466601218586,0.11575242550513766,0.05,0.05,0.05,0.09408245380325977
0.05,200,baseline,9,2011-11-30 00:00:00,0.16584216755154094,0.3194436138684077,0.05,TLT,6,0.14367542179243348,0.05,0.05,0.05,0.3194436138684077,0.1114040537476453,0.05,0.05,0.05,0.1254769105915135
0.05,200,baseline,9,2011-12-30 00:00:00,0.16502799863050652,0.30253396454048703,0.05000000000000001,TLT,6,0.1854148940028131,0.05000000000000001,0.05000000000000001,0.05000000000000001,0.30253396454048703,0.07739278606371483,0.05000000000000001,0.05000000000000001,0.05000000000000001,0.13465835539298507
0.05,200,baseline,9,2012-01-31 00:00:00,0.17628883246057223,0.318506853153186,0.05000000000000001,SPY,7,0.318506853153186,0.05000000000000001,0.05000000000000001,0.05000000000000001,0.13111736788945547,0.05000000000000001,0.05000000000000001,0.05000000000000001,0.05000000000000001,0.20037577895735856
0.05,200,baseline,9,2012-02-29 00:00:00,0.20571888345425032,0.37952701086191754,0.05000000000000001,SPY,7,0.37952701086191754,0.05000000000000001,0.05000000000000001,0.05000000000000001,0.07359108697924759,0.05000000000000001,0.05000000000000001,0.05000000000000001,0.05000000000000001,0.19688190215883491
0.05,200,baseline,9,2012-03-30 00:00:00,0.19793714273241986,0.3647915530666583,0.05000000000000001,SPY,7,0.3647915530666583,0.05000000000000001,0.05000000000000001,0.05000000000000001,0.08475814995009223,0.05000000000000001,0.05000000000000001,0.05000000000000001,0.05000000000000001,0.20045029698324954
0.05,200,baseline,9,2012-04-30 00:00:00,0.1874783907395061,0.3457768645389865,0.05000000000000002,SPY,7,0.3457768645389865,0.05000000000000002,0.05000000000000002,0.05000000000000002,0.10660941056060774,0.05000000000000002,0.05000000000000002,0.05000000000000002,0.05000000000000002,0.19761372490040574
0.05,200,baseline,9,2012-05-31 00:00:00,0.16891275655221075,0.298189438538801,0.05000000000000002,SPY,7,0.298189438538801,0.05000000000000002,0.05000000000000002,0.05000000000000002,0.15843416573608157,0.05000000000000002,0.05000000000000002,0.05000000000000002,0.05000000000000002,0.19337639572511742
0.05,200,baseline,9,2012-06-29 00:00:00,0.16087080187201414,0.30304659876810053,0.05,TLT,6,0.15799098782743765,0.05,0.05,0.05,0.30304659876810053,0.10334288116381117,0.05,0.05,0.05,0.1356195322406507
0.05,200,baseline,9,2012-07-31 00:00:00,0.16191770798066482,0.26281885001249544,0.05000000000000001,SPY,7,0.26281885001249544,0.05000000000000001,0.05000000000000001,0.05000000000000001,0.20754296916018408,0.05000000000000001,0.05000000000000001,0.05000000000000001,0.05000000000000001,0.1796381808273205
0.05,200,baseline,9,2012-08-31 00:00:00,0.1947053050217969,0.3591634486681823,0.05000000000000001,SPY,7,0.3591634486681823,0.05000000000000001,0.05000000000000001,0.05000000000000001,0.09104009820802449,0.05000000000000001,0.05000000000000001,0.05000000000000001,0.05000000000000001,0.19979645312379324
0.05,200,baseline,9,2012-09-28 00:00:00,0.20044997370018008,0.36929613124484373,0.05000000000000002,SPY,7,0.36929613124484373,0.05000000000000002,0.05000000000000002,0.05000000000000002,0.08046449754515382,0.05000000000000002,0.05000000000000002,0.05000000000000002,0.05000000000000002,0.20023937121000243
0.05,200,baseline,9,2012-10-31 00:00:00,0.19809054637230522,0.3664734476340527,0.05000000000000001,SPY,7,0.3664734476340527,0.05000000000000001,0.05000000000000001,0.05000000000000001,0.08656316022631874,0.05000000000000001,0.05000000000000001,0.05000000000000001,0.05000000000000001,0.19696339213962857
0.05,200,baseline,9,2012-11-30 00:00:00,0.18861433572558162,0.34834562726356366,0.05000000000000001,SPY,7,0.34834562726356366,0.05000000000000001,0.05000000000000001,0.05000000000000001,0.10461041778564882,0.05000000000000001,0.05000000000000001,0.05000000000000001,0.05000000000000001,0.19704395495078753
0.05,200,baseline,9,2012-12-31 00:00:00,0.19611530373988667,0.36501357632404313,0.05000000000000001,SPY,7,0.36501357632404313,0.05000000000000001,0.05000000000000001,0.05000000000000001,0.0936477309865599,0.05000000000000001,0.05000000000000001,0.05000000000000001,0.05000000000000001,0.19133869268939704
0.05,200,baseline,9,2013-01-31 00:00:00,0.199109216616753,0.36954718656463104,0.05000000000000001,SPY,7,0.36954718656463104,0.05000000000000001,0.05000000000000001,0.05000000000000001,0.08676051461341015,0.05000000000000001,0.05000000000000001,0.05000000000000001,0.05000000000000001,0.19369229882195882
0.05,200,baseline,9,2013-02-28 00:00:00,0.19946578624883907,0.37049138218503774,0.05000000000000001,SPY,7,0.37049138218503774,0.05000000000000001,0.05000000000000001,0.05000000000000001,0.08665351673333348,0.05000000000000001,0.05000000000000001,0.05000000000000001,0.05000000000000001,0.19285510108162876
0.05,200,baseline,9,2013-03-28 00:00:00,0.19092659091281822,0.35343874343013665,0.05000000000000002,SPY,7,0.35343874343013665,0.05000000000000002,0.05000000000000002,0.05000000000000002,0.10067098584668144,0.05000000000000002,0.05000000000000002,0.05000000000000002,0.05000000000000002,0.19589027072318194
0.05,200,baseline,9,2013-04-30 00:00:00,0.18171340467106445,0.33297534462751505,0.05000000000000001,SPY,7,0.33297534462751505,0.05000000000000001,0.05000000000000001,0.05000000000000001,0.11921532726489607,0.05000000000000001,0.05000000000000001,0.05000000000000001,0.05000000000000001,0.1978093281075889
0.05,200,baseline,9,2013-05-31 00:00:00,0.19104277534038056,0.3537444936782021,0.05000000000000001,SPY,7,0.3537444936782021,0.05000000000000001,0.05000000000000001,0.05000000000000001,0.10056754910466835,0.05000000000000001,0.05000000000000001,0.05000000000000001,0.05000000000000001,0.19568795721712953
0.05,200,baseline,9,2013-06-28 00:00:00,0.17823817746901807,0.3231845092994311,0.05000000000000001,SPY,7,0.3231845092994311,0.05000000000000001,0.05000000000000001,0.05000000000000001,0.12542243281387647,0.05000000000000001,0.05000000000000001,0.05000000000000001,0.05000000000000001,0.20139305788669243
0.05,200,baseline,9,2013-07-31 00:00:00,0.18425910096854548,0.3362402731433316,0.05000000000000001,SPY,7,0.3362402731433316,0.05000000000000001,0.05000000000000001,0.05000000000000001,0.10955652570550639,0.05000000000000001,0.05000000000000001,0.05000000000000001,0.05000000000000001,0.204203201151162
0.05,200,baseline,9,2013-08-30 00:00:00,0.1888848242059554,0.34703965632411754,0.05000000000000001,SPY,7,0.34703965632411754,0.05000000000000001,0.05000000000000001,0.05000000000000001,0.10120186526199677,0.05000000000000001,0.05000000000000001,0.05000000000000001,0.05000000000000001,0.20175847841388578
0.05,200,baseline,9,2013-09-30 00:00:00,0.20171243833587463,0.37211412463182314,0.05000000000000002,SPY,7,0.37211412463182314,0.05000000000000002,0.05000000000000002,0.05000000000000002,0.07922176589050389,0.05000000000000002,0.05000000000000002,0.05000000000000002,0.05000000000000002,0.1986641094776729
0.05,200,baseline,9,2013-10-31 00:00:00,0.20252640933214264,0.3753540393155887,0.05000000000000001,SPY,7,0.3753540393155887,0.05000000000000001,0.05000000000000001,0.05000000000000001,0.08066367995170275,0.05000000000000001,0.05000000000000001,0.05000000000000001,0.05000000000000001,0.19398228073270865
0.05,200,baseline,9,2013-11-29 00:00:00,0.20921957708305502,0.3880050628550987,0.05000000000000001,SPY,7,0.3880050628550987,0.05000000000000001,0.05000000000000001,0.05000000000000001,0.0724698052965026,0.05000000000000001,0.05000000000000001,0.05000000000000001,0.05000000000000001,0.18952513184839867
0.05,200,baseline,9,2013-12-31 00:00:00,0.2030043336880157,0.3767181385202026,0.05000000000000001,SPY,7,0.3767181385202026,0.05000000000000001,0.05000000000000001,0.05000000000000001,0.08075582587752253,0.05000000000000001,0.05000000000000001,0.05000000000000001,0.05000000000000001,0.19252603560227494
0.05,200,baseline,9,2014-01-31 00:00:00,0.1894097652906526,0.3510939336299192,0.05000000000000002,SPY,7,0.3510939336299192,0.05000000000000002,0.05000000000000002,0.05000000000000002,0.10489746786203673,0.05000000000000002,0.05000000000000002,0.05000000000000002,0.05000000000000002,0.19400859850804408
0.05,200,baseline,9,2014-02-28 00:00:00,0.18431172490722794,0.33780011771676355,0.05000000000000001,SPY,7,0.33780011771676355,0.05000000000000001,0.05000000000000001,0.05000000000000001,0.1115554570333962,0.05000000000000001,0.05000000000000001,0.05000000000000001,0.05000000000000001,0.20064442524984022
0.05,200,baseline,9,2014-03-31 00:00:00,0.18261806902424144,0.3346295668629514,0.05000000000000002,SPY,7,0.3346295668629514,0.05000000000000002,0.05000000000000002,0.05000000000000002,0.1163822689931386,0.05000000000000002,0.05000000000000002,0.05000000000000002,0.05000000000000002,0.19898816414390996
0.05,200,baseline,9,2014-04-30 00:00:00,0.19306763443374375,0.3578430579848211,0.05000000000000001,SPY,7,0.3578430579848211,0.05000000000000001,0.05000000000000001,0.05000000000000001,0.09689442429534031,0.05000000000000001,0.05000000000000001,0.05000000000000001,0.05000000000000001,0.1952625177198386
0.05,200,baseline,9,2014-05-30 00:00:00,0.19833525745480826,0.369558672540523,0.05000000000000001,SPY,7,0.369558672540523,0.05000000000000001,0.05000000000000001,0.05000000000000001,0.09053175183141902,0.05000000000000001,0.05000000000000001,0.05000000000000001,0.05000000000000001,0.18990957562805802
0.05,200,baseline,9,2014-06-30 00:00:00,0.198724070918374,0.36918794080882433,0.05000000000000002,SPY,7,0.36918794080882433,0.05000000000000002,0.05000000000000002,0.05000000000000002,0.08798166032842432,0.05000000000000002,0.05000000000000002,0.05000000000000002,0.05000000000000002,0.1928303988627513
0.05,200,baseline,9,2014-07-31 00:00:00,0.19383299397130582,0.3604754664965245,0.05000000000000001,SPY,7,0.3604754664965245,0.05000000000000001,0.05000000000000001,0.05000000000000001,0.09744311484040105,0.05000000000000001,0.05000000000000001,0.05000000000000001,0.05000000000000001,0.19208141866307443
0.05,200,baseline,9,2014-08-29 00:00:00,0.19060748754593962,0.35392738895407433,0.05000000000000001,SPY,7,0.35392738895407433,0.05000000000000001,0.05000000000000001,0.05000000000000001,0.10324012606357694,0.05000000000000001,0.05000000000000001,0.05000000000000001,0.05000000000000001,0.19283248498234876
0.05,200,baseline,9,2014-09-30 00:00:00,0.18642361322229903,0.34605209445501667,0.05000000000000002,SPY,7,0.34605209445501667,0.05000000000000002,0.05000000000000002,0.05000000000000002,0.11337734344599665,0.05000000000000002,0.05000000000000002,0.05000000000000002,0.05000000000000002,0.1905705620989867
0.05,200,baseline,9,2014-10-31 00:00:00,0.17082633183474688,0.3041010435034109,0.05000000000000002,SPY,7,0.3041010435034109,0.05000000000000002,0.05000000000000002,0.05000000000000002,0.15030170659004033,0.05000000000000002,0.05000000000000002,0.05000000000000002,0.05000000000000002,0.1955972499065488
0.05,200,baseline,9,2014-11-28 00:00:00,0.17589910246938373,0.3194461242585004,0.05000000000000002,SPY,7,0.3194461242585004,0.05000000000000002,0.05000000000000002,0.05000000000000002,0.13594825070491273,0.05000000000000002,0.05000000000000002,0.05000000000000002,0.05000000000000002,0.19460562503658685
0.05,200,regime,0,2008-04-30,0.246278501682471,0.4521159125181698,0.05,GLD,8,0.05,0.05,0.05,0.05,0.05,0.05,0.1478840874818301,0.4521159125181698,0.05,0.05
0.05,200,regime,0,2008-05-30,0.2120662412737388,0.384205019012575,0.05,GLD,7,0.05,0.05,0.05,0.05,0.05,0.0566437735999346,0.2091512073874904,0.384205019012575,0.05,0.05
0.05,200,regime,0,2008-06-30,0.1477294033255055,0.2666665594285783,0.0499999999999999,TLT,4,0.1106760602946987,0.0499999999999999,0.0499999999999999,0.0557549465555551,0.2666665594285783,0.0782392181769968,0.0499999999999999,0.102642617887684,0.0499999999999999,0.1860205976564869
0.05,200,regime,0,2008-07-31,0.2444796856355185,0.4503621736379995,0.05,GLD,7,0.05,0.05,0.05,0.0538517111000447,0.1457861152619557,0.05,0.05,0.4503621736379995,0.05,0.05
0.05,200,regime,0,2008-08-29,0.325,0.55,0.05,GLD,9,0.05,0.05,0.05,0.05,0.05,0.05,0.05,0.55,0.05,0.05
0.05,200,regime,0,2008-09-30,0.3223144533396777,0.5472998719567781,0.05,GLD,8,0.05,0.05,0.05,0.05,0.05,0.05,0.0527001280432219,0.5472998719567781,0.05,0.05
0.05,200,regime,0,2008-10-31,0.3099957026281526,0.5346408511277461,0.05,GLD,7,0.05,0.05,0.05,0.05,0.0569737701833489,0.05,0.0583853786889048,0.5346408511277461,0.05,0.05
0.05,200,regime,0,2008-11-28,0.3249322752525695,0.5499322660768008,0.05,GLD,8,0.05,0.05,0.05,0.05,0.05,0.05,0.0500677339231991,0.5499322660768008,0.05,0.05
0.05,200,regime,0,2008-12-31,0.325,0.55,0.05,GLD,9,0.05,0.05,0.05,0.05,0.05,0.05,0.05,0.55,0.05,0.05
0.05,200,regime,0,2009-01-30,0.325,0.55,0.05,GLD,9,0.05,0.05,0.05,0.05,0.05,0.05,0.05,0.55,0.05,0.05
0.05,200,regime,0,2009-02-27,0.2520393044924597,0.4624037674952094,0.05,HYG,7,0.05,0.05,0.05,0.05,0.05,0.0542640355516867,0.4624037674952094,0.1333321969531038,0.05,0.05
0.05,200,regime,0,2009-03-31,0.2792777154814894,0.4995255087324329,0.05,HYG,7,0.05,0.05,0.05,0.05,0.05,0.0536653270128426,0.4995255087324329,0.0968091642547244,0.05,0.05
0.05,200,regime,0,2009-04-30,0.2578931981011352,0.4701370008274732,0.05,HYG,8,0.05,0.05,0.05,0.05,0.05,0.05,0.4701370008274732,0.1298629991725267,0.05,0.05
0.05,200,regime,0,2009-05-29,0.2541155812383149,0.466375273657376,0.05,HYG,6,0.0522473672747975,0.05,0.05,0.05,0.05,0.0558244802675784,0.466375273657376,0.125552878800248,0.05,0.05
0.05,200,regime,0,2009-06-30,0.2239679783243797,0.4201403164799902,0.05,HYG,5,0.0590823118778289,0.0508925004645669,0.05,0.05,0.05,0.0614932440284184,0.4201403164799902,0.1583916271491955,0.05,0.05
0.05,200,regime,0,2009-07-31,0.2174987392796197,0.4097346167486637,0.05,HYG,5,0.0618160440606415,0.051360598110854,0.05,0.05,0.05,0.0641859841541191,0.4097346167486637,0.1629027569257216,0.05,0.05
0.05,200,regime,0,2009-08-31,0.1932304787669678,0.3378696870369039,0.05,HYG,5,0.0593501438659586,0.05,0.05,0.05,0.05,0.063150514038945,0.3378696870369039,0.2373390346418721,0.0522906204163204,0.05
0.05,200,regime,0,2009-09-30,0.1933833628852801,0.323571014874514,0.05,HYG,4,0.0527839790859079,0.051227711098945,0.05,0.05,0.05,0.0583931333766538,0.323571014874514,0.2584009098936202,0.0556232516703591,0.05
0.05,200,regime,0,2009-10-30,0.1946703642926423,0.3358231809722938,0.05,HYG,4,0.0500880486291529,0.0521669988688542,0.05,0.05,0.05,0.0591015423874369,0.3358231809722938,0.2444689914351165,0.0583512377071453,0.05
0.05,200,regime,0,2009-11-30,0.213964814039557,0.4037972765169007,0.05,HYG,6,0.065293536548436,0.05,0.05,0.05,0.05,0.0655056130138974,0.4037972765169007,0.1654035739207657,0.05,0.05
0.05,200,regime,0,2009-12-31,0.1858654229342914,0.35661510322615,0.05,HYG,6,0.103575805688981,0.05,0.05,0.05,0.05,0.0740300238681061,0.35661510322615,0.1657790672167627,0.05,0.05
0.05,200,regime,0,2010-01-29,0.2609573657578844,0.4745814505580195,0.05,GLD,8,0.05,0.05,0.05,0.05,0.05,0.05,0.1254185494419805,0.4745814505580195,0.05,0.05
0.05,200,regime,0,2010-02-26,0.1992574957487668,0.337097229087676,0.05,GLD,7,0.05,0.05,0.05,0.05,0.05,0.0585512274688723,0.2543515434434516,0.337097229087676,0.05,0.05
0.05,200,regime,0,2010-03-31,0.2656607449872652,0.4829545516938229,0.05,SPY,7,0.4829545516938229,0.05,0.05,0.05,0.05,0.05,0.05,0.0615732926618414,0.05,0.1054721556443356
0.05,200,regime,0,2010-04-30,0.3061637294492246,0.5303950188797759,0.05,GLD,8,0.05,0.05,0.05,0.05,0.05,0.05,0.069604981120224,0.5303950188797759,0.05,0.05
0.05,200,regime,0,2010-05-28,0.2630649013187092,0.4775737893365871,0.05,GLD,8,0.05,0.05,0.05,0.05,0.1224262106634128,0.05,0.05,0.4775737893365871,0.05,0.05
0.05,200,regime,0,2010-06-30,0.325,0.55,0.05,GLD,9,0.05,0.05,0.05,0.05,0.05,0.05,0.05,0.55,0.05,0.05
0.05,200,regime,0,2010-07-30,0.325,0.55,0.05,GLD,9,0.05,0.05,0.05,0.05,0.05,0.05,0.05,0.55,0.05,0.05
0.05,200,regime,0,2010-08-31,0.2558656681433617,0.4706638292251678,0.05,SPY,7,0.4706638292251678,0.05,0.05,0.05,0.05,0.05,0.05,0.0701681247672784,0.05,0.1091680460075536
0.05,200,regime,0,2010-09-30,0.2690638119665203,0.486983585066255,0.05,SPY,7,0.486983585066255,0.05,0.05,0.05,0.05,0.05,0.05,0.0578056329905375,0.05,0.1052107819432073
0.05,200,regime,0,2010-10-29,0.2760760179023498,0.495820293679281,0.05,SPY,7,0.495820293679281,0.05,0.05,0.05,0.05,0.05,0.05,0.056443263156563,0.05,0.0977364431641558
0.05,200,regime,0,2010-11-30,0.1717449444602674,0.2758941743631311,0.05,GLD,6,0.2587514486271179,0.05,0.05,0.05,0.084091728709357,0.05,0.05,0.2758941743631311,0.05,0.081262648300394
0.05,200,regime,0,2010-12-31,0.2708725887080329,0.4882453036705469,0.05,SPY,8,0.4882453036705469,0.05,0.05,0.05,0.05,0.05,0.05,0.05,0.05,0.111754696329453
0.05,200,regime,0,2011-01-31,0.2253657202829168,0.4238177984565372,0.05,GLD,5,0.1518043019986081,0.05,0.05,0.05,0.06200111897085,0.05,0.0516475352265709,0.4238177984565372,0.05,0.0607292453474336
0.05,200,regime,0,2011-02-28,0.2702081149822144,0.4875674041705325,0.05,SPY,7,0.4875674041705325,0.05,0.05,0.05,0.05,0.05,0.05,0.0512666127855592,0.05,0.1111659830439082
0.05,200,regime,0,2011-03-31,0.2624284793104777,0.4790076296290453,0.05,SPY,7,0.4790076296290453,0.05,0.05,0.05,0.05,0.05,0.05,0.0647479960463958,0.05,0.1062443743245587
0.05,200,regime,0,2011-04-29,0.2677874892326334,0.4850920480470589,0.05,SPY,7,0.4850920480470589,0.05,0.05,0.05,0.05,0.05,0.05,0.0562253861793949,0.05,0.108682565773546
0.05,200,regime,0,2011-05-31,0.261376436761664,0.4780328513881524,0.05,SPY,7,0.4780328513881524,0.05,0.05,0.05,0.05,0.05,0.05,0.0690324732423939,0.05,0.1029346753694535
0.05,200,regime,0,2011-06-30,0.1950929191140188,0.3690415758849216,0.05,SPY,7,0.3690415758849216,0.05,0.05,0.05,0.05,0.05,0.05,0.1715631013072637,0.05,0.1093953228078146
0.05,200,regime,0,2011-07-29,0.2514712667958924,0.464011828583268,0.05,SPY,7,0.464011828583268,0.05,0.05,0.05,0.05,0.05,0.05,0.0668360106909411,0.05,0.1191521607257908
0.05,200,regime,0,2011-08-31,0.2725745240682591,0.4904921574084602,0.05,TLT,8,0.05,0.05,0.05,0.05,0.4904921574084602,0.1095078425915397,0.05,0.05,0.05,0.05
0.05,200,regime,0,2011-09-30,0.2670486128681771,0.4859839382712111,0.05,GLD,6,0.05,0.05,0.05,0.05,0.0800932292891028,0.0825440461052286,0.0513787863344575,0.4859839382712111,0.05,0.05
0.05,200,regime,0,2011-10-31,0.325,0.55,0.05,GLD,9,0.05,0.05,0.05,0.05,0.05,0.05,0.05,0.55,0.05,0.05
0.05,200,regime,0,2011-11-30,0.325,0.55,0.05,GLD,9,0.05,0.05,0.05,0.05,0.05,0.05,0.05,0.55,0.05,0.05
0.05,200,regime,0,2011-12-30,0.3017606849072969,0.5255667139753746,0.05,GLD,8,0.05,0.05,0.05,0.05,0.05,0.05,0.0744332860246253,0.5255667139753746,0.05,0.05
0.05,200,regime,0,2012-01-31,0.2857352793926051,0.5070450185256882,0.05,GLD,8,0.05,0.05,0.05,0.05,0.05,0.05,0.0929549814743117,0.5070450185256882,0.05,0.05
0.05,200,regime,0,2012-02-29,0.2238527690570503,0.4092079874758488,0.05,GLD,8,0.05,0.05,0.05,0.05,0.05,0.05,0.1907920125241511,0.4092079874758488,0.05,0.05
0.05,200,regime,0,2012-03-30,0.2819442717841117,0.5024157501086708,0.05,SPY,8,0.5024157501086708,0.05,0.05,0.05,0.05,0.05,0.05,0.05,0.05,0.0975842498913292
0.05,200,regime,0,2012-04-30,0.266066721470525,0.482684376872409,0.05,SPY,7,0.482684376872409,0.05,0.05,0.05,0.05,0.05,0.05,0.0555041712793475,0.05,0.1118114518482434
0.05,200,regime,0,2012-05-31,0.1727804055569349,0.3177978805160837,0.05,SPY,6,0.3177978805160837,0.05,0.05,0.05,0.0562984398388205,0.05,0.05,0.1789016699944976,0.05,0.147002009650598
0.05,200,regime,0,2012-06-29,0.2132537368088632,0.4047906082807291,0.05,SPY,7,0.4047906082807291,0.05,0.05,0.05,0.05,0.05,0.05,0.0923187472785435,0.05,0.1528906444407273
0.05,200,regime,0,2012-07-31,0.2407945623847353,0.4494863174343464,0.05,SPY,7,0.4494863174343464,0.05,0.05,0.05,0.05,0.05,0.05,0.0762386775725701,0.05,0.1242750049930834
0.05,200,regime,0,2012-08-31,0.2738691133773265,0.4924799563549735,0.05,SPY,7,0.4924799563549735,0.05,0.05,0.05,0.05,0.05,0.05,0.0520549296960636,0.05,0.1054651139489629
0.05,200,regime,0,2012-09-28,0.2767427122791232,0.4960675998495518,0.05,SPY,7,0.4960675998495518,0.05,0.05,0.05,0.05,0.05,0.05,0.0513531491969184,0.05,0.1025792509535297
0.05,200,regime,0,2012-10-31,0.2778235354256348,0.4974015473806697,0.05,SPY,7,0.4974015473806697,0.05,0.05,0.05,0.05,0.05,0.05,0.0510792717295785,0.05,0.1015191808897516
0.05,200,regime,0,2012-11-30,0.2679935508943152,0.4854782274610336,0.05,SPY,7,0.4854782274610336,0.05,0.05,0.05,0.05,0.05,0.05,0.057054391710279,0.05,0.1074673808286872
0.05,200,regime,0,2012-12-31,0.2743809676304003,0.4934179174451024,0.05,SPY,7,0.4934179174451024,0.05,0.05,0.05,0.05,0.05,0.05,0.0542000462178422,0.05,0.1023820363370552
0.05,200,regime,0,2013-01-31,0.277007397239106,0.4963202884754703,0.05,SPY,7,0.4963202884754703,0.05,0.05,0.05,0.05,0.05,0.05,0.0507166704702622,0.05,0.1029630410542674
0.05,200,regime,0,2013-02-28,0.2781127920571806,0.4977016703720655,0.05,SPY,7,0.4977016703720655,0.05,0.05,0.05,0.05,0.05,0.05,0.0505713544863901,0.05,0.1017269751415443
0.05,200,regime,0,2013-03-28,0.2713306375182224,0.4892577427021681,0.05,SPY,7,0.4892577427021681,0.05,0.05,0.05,0.05,0.05,0.05,0.0526361139238409,0.05,0.1081061433739909
0.05,200,regime,0,2013-04-30,0.2677892235826991,0.4857168892258188,0.05,SPY,7,0.4857168892258188,0.05,0.05,0.05,0.05,0.05,0.05,0.061238722317482,0.05,0.1030443884566989
0.05,200,regime,0,2013-05-31,0.2696548277155396,0.4876911352895307,0.05,SPY,7,0.4876911352895307,0.05,0.05,0.05,0.05,0.05,0.05,0.0572787073008235,0.05,0.1050301574096457
0.05,200,regime,0,2013-06-28,0.1735535938167196,0.3313357160515756,0.05,GLD,6,0.1705978135894954,0.05,0.05,0.05,0.0939607730765617,0.05,0.05,0.3313357160515756,0.05,0.1041056972823672
0.05,200,regime,0,2013-07-31,0.2691930169326584,0.4860013668399487,0.05,SPY,8,0.4860013668399487,0.05,0.05,0.05,0.05,0.05,0.05,0.05,0.05,0.1139986331600513
0.05,200,regime,0,2013-08-30,0.2779024150458917,0.497360602762927,0.05,SPY,8,0.497360602762927,0.05,0.05,0.05,0.05,0.05,0.05,0.05,0.05,0.102639397237073
0.05,200,regime,0,2013-09-30,0.2816413072942543,0.5025533864783103,0.05,SPY,7,0.5025533864783103,0.05,0.05,0.05,0.05,0.05,0.05,0.0548666220849915,0.05,0.0925799914366981
0.05,200,regime,0,2013-10-31,0.2812809364348454,0.5018517540210037,0.05,SPY,7,0.5018517540210037,0.05,0.05,0.05,0.05,0.05,0.05,0.0522589673911441,0.05,0.0958892785878522
0.05,200,regime,0,2013-11-29,0.2824366637809785,0.5032880428220267,0.05,SPY,7,0.5032880428220267,0.05,0.05,0.05,0.05,0.05,0.05,0.0524321818033098,0.05,0.0942797753746634
0.05,200,regime,0,2013-12-31,0.2815445471746786,0.5019214540046185,0.0499999999999999,SPY,8,0.5019214540046185,0.0499999999999999,0.0499999999999999,0.0499999999999999,0.0499999999999999,0.0499999999999999,0.0499999999999999,0.0499999999999999,0.0499999999999999,0.0980785459953814
0.05,200,regime,0,2014-01-31,0.2682358120822821,0.4855451473537793,0.05,SPY,7,0.4855451473537793,0.05,0.05,0.05,0.05,0.05,0.05,0.0552179586864296,0.05,0.109236893959791
0.05,200,regime,0,2014-02-28,0.2591503358126197,0.4735867075349892,0.05,SPY,7,0.4735867075349892,0.05,0.05,0.05,0.05,0.05,0.05,0.0581638319534166,0.05,0.1182494605115941
0.05,200,regime,0,2014-03-31,0.2587202181578738,0.4734521224121757,0.05,SPY,7,0.4734521224121757,0.05,0.05,0.05,0.05,0.05,0.05,0.0610826773217292,0.05,0.1154652002660949
0.05,200,regime,0,2014-04-30,0.2674522043264939,0.484745512944603,0.05,SPY,7,0.484745512944603,0.05,0.05,0.05,0.05,0.05,0.05,0.0569419436404431,0.05,0.1083125434149538
0.05,200,regime,0,2014-05-30,0.2716066191363965,0.4901745006553872,0.05,SPY,7,0.4901745006553872,0.05,0.05,0.05,0.05,0.05,0.05,0.0568532296939882,0.05,0.1029722696506245
0.05,200,regime,0,2014-06-30,0.2753335844550987,0.4947188326437123,0.05,SPY,7,0.4947188326437123,0.05,0.05,0.05,0.05,0.05,0.05,0.0549388148596615,0.05,0.100342352496626
0.05,200,regime,0,2014-07-31,0.2708244907848975,0.48914644376253,0.05,SPY,7,0.48914644376253,0.05,0.05,0.05,0.05,0.05,0.05,0.0567274736748576,0.05,0.1041260825626122
0.05,200,regime,0,2014-08-29,0.2662373194648404,0.4833900460497798,0.05,SPY,7,0.4833900460497798,0.05,0.05,0.05,0.05,0.05,0.05,0.0588924344284504,0.05,0.1077175195217697
0.05,200,regime,0,2014-09-30,0.2652681938584327,0.4824033388803451,0.05,SPY,7,0.4824033388803451,0.05,0.05,0.05,0.05,0.05,0.05,0.0613162033662167,0.05,0.1062804577534381
0.05,200,regime,0,2014-10-31,0.2492168203259384,0.4610328891454068,0.05,SPY,7,0.4610328891454068,0.05,0.05,0.05,0.05,0.05,0.05,0.0688787613467788,0.05,0.1200883495078143
0.05,200,regime,0,2014-11-28,0.2244944788450676,0.4253450163505161,0.05,SPY,7,0.4253450163505161,0.05,0.05,0.05,0.05,0.05,0.05,0.0918193827996287,0.05,0.1328356008498552
0.05,200,regime,1,2008-04-30 00:00:00,0.2355332962470802,0.4332915905957316,0.05,SPY,8,0.4332915905957316,0.05,0.05,0.05,0.05,0.05,0.05,0.05,0.05,0.1667084094042684
0.05,200,regime,1,2008-05-30 00:00:00,0.325,0.55,0.05,GLD,9,0.05,0.05,0.05,0.05,0.05,0.05,0.05,0.55,0.05,0.05
0.05,200,regime,1,2008-06-30 00:00:00,0.127207033105647,0.1848451815727818,0.05,TLT,4,0.0753024430467441,0.05,0.05,0.05,0.1848451815727818,0.1482120305249586,0.1616667731937266,0.1525498038640682,0.05,0.0774237677977205
0.05,200,regime,1,2008-07-31 00:00:00,0.1484380594367532,0.2217533347875481,0.05,TLT,5,0.0684874199406056,0.05,0.05,0.05,0.2217533347875481,0.1794695435689419,0.2128858837972318,0.05,0.05,0.0674038179056723
0.05,200,regime,1,2008-08-29 00:00:00,0.325,0.55,0.05,GLD,9,0.05,0.05,0.05,0.05,0.05,0.05,0.05,0.55,0.05,0.05
0.05,200,regime,1,2008-09-30 00:00:00,0.2061165975767351,0.355301887746871,0.05,TLT,8,0.05,0.05,0.05,0.05,0.355301887746871,0.244698112253129,0.05,0.05,0.05,0.05
0.05,200,regime,1,2008-10-31 00:00:00,0.1725000042143635,0.3088021618255629,0.05,GLD,6,0.05,0.05,0.05,0.05,0.098501661401341,0.2156413990976268,0.0770547776754692,0.3088021618255629,0.05,0.05
0.05,200,regime,1,2008-11-28 00:00:00,0.325,0.55,0.05,GLD,9,0.05,0.05,0.05,0.05,0.05,0.05,0.05,0.55,0.05,0.05
0.05,200,regime,1,2008-12-31 00:00:00,0.325,0.55,0.05,GLD,9,0.05,0.05,0.05,0.05,0.05,0.05,0.05,0.55,0.05,0.05
0.05,200,regime,1,2009-01-30 00:00:00,0.325,0.55,0.05,GLD,9,0.05,0.05,0.05,0.05,0.05,0.05,0.05,0.55,0.05,0.05
0.05,200,regime,1,2009-02-27 00:00:00,0.2024990548264447,0.3751436974029667,0.05,TLT,7,0.05,0.05,0.05,0.05,0.3751436974029667,0.1944073913189839,0.0804489112780492,0.05,0.05,0.05
0.05,200,regime,1,2009-03-31 00:00:00,0.2252269260187701,0.4266110755402419,0.05,HYG,6,0.05,0.05,0.05,0.05,0.0526545413798692,0.1337721224351017,0.4266110755402419,0.086962260644787,0.05,0.05
0.05,200,regime,1,2009-04-30 00:00:00,0.325,0.55,0.05,GLD,9,0.05,0.05,0.05,0.05,0.05,0.05,0.05,0.55,0.05,0.05
0.05,200,regime,1,2009-05-29 00:00:00,0.1478953345400874,0.2444780789695468,0.05,TLT,5,0.0748392813168449,0.05,0.05,0.05,0.2444780789695468,0.1867362698857989,0.173932473056067,0.05,0.05,0.0700138967717423
0.05,200,regime,1,2009-06-30 00:00:00,0.1554193407538064,0.2727721306000736,0.05,SPY,6,0.2727721306000736,0.05,0.05,0.05,0.05,0.05,0.0932935091225918,0.1948504026064824,0.05,0.1390839576708522
0.05,200,regime,1,2009-07-31 00:00:00,0.2152680923280968,0.3992101317950939,0.05,SPY,7,0.3992101317950939,0.05,0.05,0.05,0.05,0.05,0.0664390862028448,0.05,0.05,0.1843507820020613
0.05,200,regime,1,2009-08-31 00:00:00,0.3115061672913305,0.5362183840030952,0.05,GLD,7,0.0556900001441053,0.05,0.05,0.05,0.05,0.05,0.0580916158527993,0.5362183840030952,0.05,0.05
0.05,200,regime,1,2009-09-30 00:00:00,0.3157470479854762,0.5405691667540504,0.05,GLD,8,0.0594308332459495,0.05,0.05,0.05,0.05,0.05,0.05,0.5405691667540504,0.05,0.05
0.05,200,regime,1,2009-10-30 00:00:00,0.325,0.55,0.05,GLD,9,0.05,0.05,0.05,0.05,0.05,0.05,0.05,0.55,0.05,0.05
0.05,200,regime,1,2009-11-30 00:00:00,0.2404679700470632,0.4422462126860732,0.05,SPY,8,0.4422462126860732,0.05,0.05,0.05,0.05,0.05,0.05,0.05,0.05,0.1577537873139267
0.05,200,regime,1,2009-12-31 00:00:00,0.1905041533973885,0.3309244628802183,0.05,GLD,7,0.2388742484121281,0.05,0.05,0.05,0.05,0.05,0.05,0.3309244628802183,0.05,0.0802012887076535
0.05,200,regime,1,2010-01-29 00:00:00,0.2700763095161195,0.4871848144429984,0.05,GLD,8,0.1128151855570015,0.05,0.05,0.05,0.05,0.05,0.05,0.4871848144429984,0.05,0.05
0.05,200,regime,1,2010-02-26 00:00:00,0.2621541624950797,0.4762869287483898,0.05,GLD,8,0.1237130712516102,0.05,0.05,0.05,0.05,0.05,0.05,0.4762869287483898,0.05,0.05
0.05,200,regime,1,2010-03-31 00:00:00,0.325,0.55,0.05,GLD,9,0.05,0.05,0.05,0.05,0.05,0.05,0.05,0.55,0.05,0.05
0.05,200,regime,1,2010-04-30 00:00:00,0.325,0.55,0.05,GLD,9,0.05,0.05,0.05,0.05,0.05,0.05,0.05,0.55,0.05,0.05
0.05,200,regime,1,2010-05-28 00:00:00,0.1990883292768743,0.3695594851230119,0.05,TLT,7,0.05,0.05,0.05,0.05,0.3695594851230119,0.1935619626992631,0.0868785521777249,0.05,0.05,0.05
0.05,200,regime,1,2010-06-30 00:00:00,0.2175022297867378,0.405180787491072,0.05,SPY,7,0.405180787491072,0.05,0.05,0.05,0.05,0.05,0.0682684212466222,0.05,0.05,0.1765507912623056
0.05,200,regime,1,2010-07-30 00:00:00,0.325,0.55,0.05,GLD,9,0.05,0.05,0.05,0.05,0.05,0.05,0.05,0.55,0.05,0.05
0.05,200,regime,1,2010-08-31 00:00:00,0.325,0.55,0.05,GLD,9,0.05,0.05,0.05,0.05,0.05,0.05,0.05,0.55,0.05,0.05
0.05,200,regime,1,2010-09-30 00:00:00,0.3171007652461508,0.5419718632880183,0.05,GLD,8,0.0580281367119817,0.05,0.05,0.05,0.05,0.05,0.05,0.5419718632880183,0.05,0.05
0.05,200,regime,1,2010-10-29 00:00:00,0.2070614593573542,0.3792989205422028,0.05,GLD,7,0.2026344569122257,0.05,0.05,0.05,0.05,0.05,0.05,0.3792989205422028,0.05,0.0680666225455714
0.05,200,regime,1,2010-11-30 00:00:00,0.2207205890559213,0.4192046940984165,0.05,SPY,7,0.4192046940984165,0.05,0.05,0.05,0.05,0.05,0.05,0.0947242776981681,0.05,0.1360710282034154
0.05,200,regime,1,2010-12-31 00:00:00,0.2550782904814673,0.4659492248874144,0.05,SPY,8,0.4659492248874144,0.05,0.05,0.05,0.05,0.05,0.05,0.05,0.05,0.1340507751125856
0.05,200,regime,1,2011-01-31 00:00:00,0.2513982457377867,0.4603094596987132,0.05,SPY,8,0.4603094596987132,0.05,0.05,0.05,0.05,0.05,0.05,0.05,0.05,0.1396905403012868
0.05,200,regime,1,2011-02-28 00:00:00,0.2532236506845108,0.4631313131874301,0.05,SPY,8,0.4631313131874301,0.05,0.05,0.05,0.05,0.05,0.05,0.05,0.05,0.1368686868125698
0.05,200,regime,1,2011-03-31 00:00:00,0.2555456081699137,0.4666517449202282,0.05,SPY,8,0.4666517449202282,0.05,0.05,0.05,0.05,0.05,0.05,0.05,0.05,0.1333482550797717
0.05,200,regime,1,2011-04-29 00:00:00,0.2524911852556815,0.4620049154434542,0.05,SPY,8,0.4620049154434542,0.05,0.05,0.05,0.05,0.05,0.05,0.05,0.05,0.1379950845565457
0.05,200,regime,1,2011-05-31 00:00:00,0.325,0.55,0.05,GLD,9,0.05,0.05,0.05,0.05,0.05,0.05,0.05,0.55,0.05,0.05
0.05,200,regime,1,2011-06-30 00:00:00,0.325,0.55,0.05,GLD,9,0.05,0.05,0.05,0.05,0.05,0.05,0.05,0.55,0.05,0.05
0.05,200,regime,1,2011-07-29 00:00:00,0.325,0.55,0.05,GLD,9,0.05,0.05,0.05,0.05,0.05,0.05,0.05,0.55,0.05,0.05
0.05,200,regime,1,2011-08-31 00:00:00,0.209271520026319,0.3839581111933566,0.05,TLT,7,0.05,0.05,0.05,0.05,0.3839581111933566,0.1999483138990883,0.066093574907555,0.05,0.05,0.05
0.05,200,regime,1,2011-09-30 00:00:00,0.2206591472054934,0.4045938445927464,0.05,GLD,7,0.05,0.05,0.05,0.05,0.05,0.0543258974193043,0.1910802579879492,0.4045938445927464,0.05,0.05
0.05,200,regime,1,2011-10-31 00:00:00,0.325,0.55,0.05,GLD,9,0.05,0.05,0.05,0.05,0.05,0.05,0.05,0.55,0.05,0.05
0.05,200,regime,1,2011-11-30 00:00:00,0.325,0.55,0.05,GLD,9,0.05,0.05,0.05,0.05,0.05,0.05,0.05,0.55,0.05,0.05
0.05,200,regime,1,2011-12-30 00:00:00,0.325,0.55,0.05,GLD,9,0.05,0.05,0.05,0.05,0.05,0.05,0.05,0.55,0.05,0.05
0.05,200,regime,1,2012-01-31 00:00:00,0.2553320226581435,0.4663310293633504,0.05,SPY,8,0.4663310293633504,0.05,0.05,0.05,0.05,0.05,0.05,0.05,0.05,0.1336689706366495
0.05,200,regime,1,2012-02-29 00:00:00,0.2394494637680208,0.4441852689566199,0.05,SPY,7,0.4441852689566199,0.05,0.05,0.05,0.05,0.05,0.05,0.0612596833969507,0.05,0.1445550476464293
0.05,200,regime,1,2012-03-30 00:00:00,0.2552270558462454,0.4661731865347797,0.05,SPY,8,0.4661731865347797,0.05,0.05,0.05,0.05,0.05,0.05,0.05,0.05,0.1338268134652204
0.05,200,regime,1,2012-04-30 00:00:00,0.2551662917755881,0.4660817445952265,0.05,SPY,8,0.4660817445952265,0.05,0.05,0.05,0.05,0.05,0.05,0.05,0.05,0.1339182554047734
0.05,200,regime,1,2012-05-31 00:00:00,0.2236825932731043,0.4192626075430786,0.05,SPY,7,0.4192626075430786,0.05,0.05,0.05,0.05,0.05,0.05,0.0718854405409372,0.05,0.1588519519159841
0.05,200,regime,1,2012-06-29 00:00:00,0.325,0.55,0.05,GLD,9,0.05,0.05,0.05,0.05,0.05,0.05,0.05,0.55,0.05,0.05
0.05,200,regime,1,2012-07-31 00:00:00,0.325,0.55,0.05,GLD,9,0.05,0.05,0.05,0.05,0.05,0.05,0.05,0.55,0.05,0.05
0.05,200,regime,1,2012-08-31 00:00:00,0.2838973624607237,0.5048137720720016,0.05,GLD,8,0.0951862279279984,0.05,0.05,0.05,0.05,0.05,0.05,0.5048137720720016,0.05,0.05
0.05,200,regime,1,2012-09-28 00:00:00,0.2489045701032729,0.4590524995456299,0.05,SPY,7,0.4590524995456299,0.05,0.05,0.05,0.05,0.05,0.05,0.0605102063614915,0.05,0.1304372940928784
0.05,200,regime,1,2012-10-31 00:00:00,0.2513350879976684,0.4602109359526815,0.05,SPY,8,0.4602109359526815,0.05,0.05,0.05,0.05,0.05,0.05,0.05,0.05,0.1397890640473186
0.05,200,regime,1,2012-11-30 00:00:00,0.2527606561840465,0.4624202206993428,0.05,SPY,8,0.4624202206993428,0.05,0.05,0.05,0.05,0.05,0.05,0.05,0.05,0.1375797793006572
0.05,200,regime,1,2012-12-31 00:00:00,0.2478761732917753,0.4547193803176824,0.05,SPY,8,0.4547193803176824,0.05,0.05,0.05,0.05,0.05,0.05,0.05,0.05,0.1452806196823176
0.05,200,regime,1,2013-01-31 00:00:00,0.2497218177250999,0.4576734247187836,0.05,SPY,8,0.4576734247187836,0.05,0.05,0.05,0.05,0.05,0.05,0.05,0.05,0.1423265752812164
0.05,200,regime,1,2013-02-28 00:00:00,0.2500485329609667,0.4581906017451206,0.05,SPY,8,0.4581906017451206,0.05,0.05,0.05,0.05,0.05,0.05,0.05,0.05,0.1418093982548794
0.05,200,regime,1,2013-03-28 00:00:00,0.249950480430517,0.4580355662984079,0.05,SPY,8,0.4580355662984079,0.05,0.05,0.05,0.05,0.05,0.05,0.05,0.05,0.141964433701592
0.05,200,regime,1,2013-04-30 00:00:00,0.2589771518026345,0.4717223803157796,0.05,SPY,8,0.4717223803157796,0.05,0.05,0.05,0.05,0.05,0.05,0.05,0.05,0.1282776196842204
0.05,200,regime,1,2013-05-31 00:00:00,0.2526245894422899,0.4622106492223766,0.05,SPY,8,0.4622106492223766,0.05,0.05,0.05,0.05,0.05,0.05,0.05,0.05,0.1377893507776234
0.05,200,regime,1,2013-06-28 00:00:00,0.325,0.55,0.05,GLD,9,0.05,0.05,0.05,0.05,0.05,0.05,0.05,0.55,0.05,0.05
0.05,200,regime,1,2013-07-31 00:00:00,0.325,0.55,0.05,GLD,9,0.05,0.05,0.05,0.05,0.05,0.05,0.05,0.55,0.05,0.05
0.05,200,regime,1,2013-08-30 00:00:00,0.2566907974753795,0.4683609180828191,0.05,SPY,8,0.4683609180828191,0.05,0.05,0.05,0.05,0.05,0.05,0.05,0.05,0.1316390819171808
0.05,200,regime,1,2013-09-30 00:00:00,0.2567403025829294,0.46843441243245,0.05,SPY,8,0.46843441243245,0.05,0.05,0.05,0.05,0.05,0.05,0.05,0.05,0.1315655875675501
0.05,200,regime,1,2013-10-31 00:00:00,0.2541469459656075,0.4645401865284093,0.05,SPY,8,0.4645401865284093,0.05,0.05,0.05,0.05,0.05,0.05,0.05,0.05,0.1354598134715907
0.05,200,regime,1,2013-11-29 00:00:00,0.25341579771641,0.4634255147099283,0.05,SPY,8,0.4634255147099283,0.05,0.05,0.05,0.05,0.05,0.05,0.05,0.05,0.1365744852900716
0.05,200,regime,1,2013-12-31 00:00:00,0.2536285155255482,0.4637505962211256,0.05,SPY,8,0.4637505962211256,0.05,0.05,0.05,0.05,0.05,0.05,0.05,0.05,0.1362494037788744
0.05,200,regime,1,2014-01-31 00:00:00,0.2540572724626382,0.4644038814362943,0.05,SPY,8,0.4644038814362943,0.05,0.05,0.05,0.05,0.05,0.05,0.05,0.05,0.1355961185637058
0.05,200,regime,1,2014-02-28 00:00:00,0.2546438914173413,0.4652935138130671,0.05,SPY,8,0.4652935138130671,0.05,0.05,0.05,0.05,0.05,0.05,0.05,0.05,0.1347064861869329
0.05,200,regime,1,2014-03-31 00:00:00,0.2544438601863379,0.4649906969897664,0.05,SPY,8,0.4649906969897664,0.05,0.05,0.05,0.05,0.05,0.05,0.05,0.05,0.1350093030102335
0.05,200,regime,1,2014-04-30 00:00:00,0.2508345217439647,0.4594279174799143,0.05,SPY,8,0.4594279174799143,0.05,0.05,0.05,0.05,0.05,0.05,0.05,0.05,0.1405720825200856
0.05,200,regime,1,2014-05-30 00:00:00,0.2487286674980526,0.4560907868806685,0.05,SPY,8,0.4560907868806685,0.05,0.05,0.05,0.05,0.05,0.05,0.05,0.05,0.1439092131193314
0.05,200,regime,1,2014-06-30 00:00:00,0.2493706839489237,0.4571156961428802,0.05,SPY,8,0.4571156961428802,0.05,0.05,0.05,0.05,0.05,0.05,0.05,0.05,0.1428843038571198
0.05,200,regime,1,2014-07-31 00:00:00,0.2500591780566819,0.4582074240620234,0.05,SPY,8,0.4582074240620234,0.05,0.05,0.05,0.05,0.05,0.05,0.05,0.05,0.1417925759379765
0.05,200,regime,1,2014-08-29 00:00:00,0.2501440852573629,0.4583415379130866,0.05,SPY,8,0.4583415379130866,0.05,0.05,0.05,0.05,0.05,0.05,0.05,0.05,0.1416584620869133
0.05,200,regime,1,2014-09-30 00:00:00,0.249793125577435,0.4577864467839919,0.05,SPY,8,0.4577864467839919,0.05,0.05,0.05,0.05,0.05,0.05,0.05,0.05,0.142213553216008
0.05,200,regime,1,2014-10-31 00:00:00,0.2558552658734594,0.4671156274461778,0.05,SPY,8,0.4671156274461778,0.05,0.05,0.05,0.05,0.05,0.05,0.05,0.05,0.1328843725538222
0.05,200,regime,1,2014-11-28 00:00:00,0.2453748325713991,0.450623425421478,0.05,SPY,8,0.450623425421478,0.05,0.05,0.05,0.05,0.05,0.05,0.05,0.05,0.149376574578522
0.05,200,regime,2,2008-04-30 00:00:00,0.2646553097376645,0.4797989289980122,0.05,VNQ,8,0.1202010710019878,0.05,0.05,0.05,0.05,0.05,0.05,0.05,0.05,0.4797989289980122
0.05,200,regime,2,2008-05-30 00:00:00,0.2238944582493946,0.4286904618483497,0.05,GLD,5,0.05,0.05,0.05,0.0765527500479958,0.1113655467126747,0.0818568540754962,0.0515343873154834,0.4286904618483497,0.05,0.05
0.05,200,regime,2,2008-06-30 00:00:00,0.1854535975730807,0.3057361759994232,0.05,GLD,5,0.0523959642674314,0.05,0.05,0.05,0.0659796459887812,0.0647637280450828,0.05,0.3057361759994232,0.05,0.2611244856992812
0.05,200,regime,2,2008-07-31 00:00:00,0.2046043751008097,0.401674247209846,0.05,TLT,5,0.05,0.05,0.05,0.0868439038724032,0.401674247209846,0.1040777272377445,0.05,0.0784691214567764,0.05,0.0789350002232298
0.05,200,regime,2,2008-08-29 00:00:00,0.3166627392344592,0.5415397709941763,0.05,GLD,7,0.05,0.05,0.05,0.05,0.0514368164489576,0.05,0.05,0.5415397709941763,0.05,0.0570234125568659
0.05,200,regime,2,2008-09-30 00:00:00,0.2102015880044949,0.3871530762792863,0.05,TLT,6,0.05,0.05,0.05,0.0637838879697281,0.3871530762792863,0.1960490027260414,0.05,0.053014033024944,0.05,0.05
0.05,200,regime,2,2008-10-31 00:00:00,0.1838261981667393,0.2977390301973311,0.05,GLD,6,0.05,0.05,0.05,0.069154245889981,0.2663414213155636,0.0667653025971242,0.05,0.2977390301973311,0.05,0.05
0.05,200,regime,2,2008-11-28 00:00:00,0.3076193678036196,0.5321136596908496,0.05,TLT,7,0.05,0.05,0.05,0.055349678935165,0.5321136596908496,0.0625366613739853,0.05,0.05,0.05,0.05
0.05,200,regime,2,2008-12-31 00:00:00,0.3015272519406883,0.5253078471122214,0.05,GLD,8,0.05,0.05,0.05,0.05,0.05,0.05,0.0746921528877785,0.5253078471122214,0.05,0.05
0.05,200,regime,2,2009-01-30 00:00:00,0.2427428673988319,0.4538330162902927,0.05,GLD,7,0.05,0.05,0.05,0.1024261854201716,0.0937407982895355,0.05,0.05,0.4538330162902927,0.05,0.05
0.05,200,regime,2,2009-02-27 00:00:00,0.2412252424018705,0.4536540081324569,0.05,GLD,6,0.05,0.05,0.05,0.0911428873289739,0.0836121914765632,0.05,0.0715909130620058,0.4536540081324569,0.05,0.05
0.05,200,regime,2,2009-03-31 00:00:00,0.23262980458276,0.4277298018920408,0.05,GLD,8,0.05,0.05,0.05,0.05,0.05,0.05,0.172270198107959,0.4277298018920408,0.05,0.05
0.05,200,regime,2,2009-04-30 00:00:00,0.2398255623274957,0.441112654158824,0.05,GLD,8,0.05,0.05,0.05,0.05,0.05,0.05,0.1588873458411759,0.441112654158824,0.05,0.05
0.05,200,regime,2,2009-05-29 00:00:00,0.1754219666912432,0.3449789667853237,0.05,HYG,5,0.05,0.05,0.05,0.05,0.1221774882879192,0.1238555008751155,0.3449789667853237,0.0570735364164506,0.05,0.1019145076351908
0.05,200,regime,2,2009-06-30 00:00:00,0.1667823502882068,0.2730693098053485,0.05,SPY,7,0.2730693098053485,0.05,0.05,0.05,0.05,0.05,0.05,0.1455868555872627,0.05,0.2313438346073888
0.05,200,regime,2,2009-07-31 00:00:00,0.2820555054326803,0.5025530861683923,0.05,VNQ,8,0.0974469138316076,0.05,0.05,0.05,0.05,0.05,0.05,0.05,0.05,0.5025530861683923
0.05,200,regime,2,2009-08-31 00:00:00,0.325,0.55,0.05,GLD,9,0.05,0.05,0.05,0.05,0.05,0.05,0.05,0.55,0.05,0.05
0.05,200,regime,2,2009-09-30 00:00:00,0.325,0.55,0.05,GLD,9,0.05,0.05,0.05,0.05,0.05,0.05,0.05,0.55,0.05,0.05
0.05,200,regime,2,2009-10-30 00:00:00,0.3155865375082491,0.5404023060499308,0.05,GLD,8,0.05,0.05,0.05,0.05,0.05,0.05,0.0595976939500692,0.5404023060499308,0.05,0.05
0.05,200,regime,2,2009-11-30 00:00:00,0.2330906412248101,0.4286286150605884,0.05,VNQ,8,0.1713713849394116,0.05,0.05,0.05,0.05,0.05,0.05,0.05,0.05,0.4286286150605884
0.05,200,regime,2,2009-12-31 00:00:00,0.1466557637163209,0.2449198567150931,0.05,TLT,3,0.0590113943614469,0.05,0.05,0.0995687955784551,0.2449198567150931,0.0950181167955673,0.0537491767589385,0.2179096239611854,0.05,0.0798230358293135
0.05,200,regime,2,2010-01-29 00:00:00,0.325,0.55,0.05,GLD,9,0.05,0.05,0.05,0.05,0.05,0.05,0.05,0.55,0.05,0.05
0.05,200,regime,2,2010-02-26 00:00:00,0.2045141484321244,0.3903914349831313,0.05,VNQ,5,0.0856597881890835,0.05,0.05,0.0535618116274951,0.1607751083718675,0.05,0.05,0.0596118568284225,0.05,0.3903914349831313
0.05,200,regime,2,2010-03-31 00:00:00,0.325,0.55,0.05,GLD,9,0.05,0.05,0.05,0.05,0.05,0.05,0.05,0.55,0.05,0.05
0.05,200,regime,2,2010-04-30 00:00:00,0.3029161205385089,0.5272857569892553,0.05,GLD,4,0.05,0.05,0.05,0.0517164664981845,0.0550043259348682,0.0562100940929255,0.0549779270211812,0.5272857569892553,0.05,0.0548054294635852
0.05,200,regime,2,2010-05-28 00:00:00,0.3113050499088631,0.5359078738712033,0.05,TLT,8,0.05,0.05,0.05,0.05,0.5359078738712033,0.0640921261287966,0.05,0.05,0.05,0.05
0.05,200,regime,2,2010-06-30 00:00:00,0.2069388924737796,0.3589020053723963,0.05,VNQ,8,0.2410979946276037,0.05,0.05,0.05,0.05,0.05,0.05,0.05,0.05,0.3589020053723963
0.05,200,regime,2,2010-07-30 00:00:00,0.2156743707627578,0.4026866762772577,0.05,GLD,7,0.05,0.05,0.05,0.0715228366317858,0.1757904870909564,0.05,0.05,0.4026866762772577,0.05,0.05
0.05,200,regime,2,2010-08-31 00:00:00,0.2810826301903547,0.5013487399890483,0.05,SPY,8,0.5013487399890483,0.05,0.05,0.05,0.05,0.05,0.05,0.05,0.05,0.0986512600109517
0.05,200,regime,2,2010-09-30 00:00:00,0.3076444525350861,0.532143961349845,0.05,GLD,7,0.0622622366865735,0.05,0.05,0.05,0.05,0.05,0.05,0.532143961349845,0.05,0.0555938019635814
0.05,200,regime,2,2010-10-29 00:00:00,0.2529303753641478,0.4666410665066635,0.05,SPY,7,0.4666410665066635,0.05,0.05,0.05,0.05,0.05,0.05,0.0708679174558952,0.05,0.1124910160374413
0.05,200,regime,2,2010-11-30 00:00:00,0.1667060634198803,0.2953693856709309,0.05,SPY,4,0.2953693856709309,0.05,0.05,0.0513418709403193,0.054010164667159,0.0514587505598577,0.05,0.1935642315304851,0.05,0.1542555966312478
0.05,200,regime,2,2010-12-31 00:00:00,0.2173716435173456,0.4150363612787441,0.05,SPY,7,0.4150363612787441,0.05,0.05,0.05,0.05,0.05,0.05,0.119982476602134,0.05,0.1149811621191218
0.05,200,regime,2,2011-01-31 00:00:00,0.2570814860647771,0.4689400575126827,0.05,SPY,8,0.4689400575126827,0.05,0.05,0.05,0.05,0.05,0.05,0.05,0.05,0.1310599424873173
0.05,200,regime,2,2011-02-28 00:00:00,0.262348970343259,0.476562977919012,0.05,SPY,8,0.476562977919012,0.05,0.05,0.05,0.05,0.05,0.05,0.05,0.05,0.123437022080988
0.05,200,regime,2,2011-03-31 00:00:00,0.2185031562938145,0.4164410438008927,0.05,SPY,7,0.4164410438008927,0.05,0.05,0.05,0.05,0.05,0.05,0.1291310027307318,0.05,0.1044279534683754
0.05,200,regime,2,2011-04-29 00:00:00,0.2260342468692213,0.4287350243022796,0.05,SPY,7,0.4287350243022796,0.05,0.05,0.05,0.05,0.05,0.05,0.0996454256735421,0.05,0.1216195500241782
0.05,200,regime,2,2011-05-31 00:00:00,0.1701100978650758,0.3130676636167337,0.05,GLD,4,0.2040050731338519,0.05,0.05,0.0633688841788542,0.0789707988675326,0.0571364805595422,0.05,0.3130676636167337,0.05,0.0834510996434852
0.05,200,regime,2,2011-06-30 00:00:00,0.189556336501185,0.3573319414123617,0.05,GLD,5,0.05,0.05,0.05,0.0768251576688867,0.1870914862603577,0.0737679295750167,0.05,0.3573319414123617,0.05,0.0549834850833771
0.05,200,regime,2,2011-07-29 00:00:00,0.3143197264900444,0.5390812900354651,0.05,GLD,8,0.05,0.05,0.05,0.05,0.0609187099645348,0.05,0.05,0.5390812900354651,0.05,0.05
0.05,200,regime,2,2011-08-31 00:00:00,0.3198774638204144,0.54482387937088,0.05,TLT,8,0.05,0.05,0.05,0.05,0.54482387937088,0.05517612062912,0.05,0.05,0.05,0.05
0.05,200,regime,2,2011-09-30 00:00:00,0.2988314205243483,0.5222964468051033,0.05,VNQ,8,0.0777035531948966,0.05,0.05,0.05,0.05,0.05,0.05,0.05,0.05,0.5222964468051033
0.05,200,regime,2,2011-10-31 00:00:00,0.2278381855434371,0.4270573585429525,0.05,GLD,7,0.05,0.05,0.05,0.0720474233575735,0.1508952180994739,0.05,0.05,0.4270573585429525,0.05,0.05
0.05,200,regime,2,2011-11-30 00:00:00,0.2877465694087334,0.5094595061207934,0.05,VNQ,8,0.0905404938792066,0.05,0.05,0.05,0.05,0.05,0.05,0.05,0.05,0.5094595061207934
0.05,200,regime,2,2011-12-30 00:00:00,0.2773803637425471,0.4966981999695818,0.05,VNQ,8,0.1033018000304182,0.05,0.05,0.05,0.05,0.05,0.05,0.05,0.05,0.4966981999695818
0.05,200,regime,2,2012-01-31 00:00:00,0.2812177076381858,0.5015163859816191,0.05,SPY,8,0.5015163859816191,0.05,0.05,0.05,0.05,0.05,0.05,0.05,0.05,0.098483614018381
0.05,200,regime,2,2012-02-29 00:00:00,0.1795070221681385,0.3218267726763521,0.05,GLD,5,0.2139642552425645,0.05,0.05,0.05303184789178,0.05,0.0501547119966699,0.05,0.3218267726763521,0.05,0.1110224121926333
0.05,200,regime,2,2012-03-30 00:00:00,0.268909456417862,0.4856198486394464,0.05,SPY,8,0.4856198486394464,0.05,0.05,0.05,0.05,0.05,0.05,0.05,0.05,0.1143801513605536
0.05,200,regime,2,2012-04-30 00:00:00,0.2707758475951397,0.4886763960777717,0.05,SPY,7,0.4886763960777717,0.05,0.05,0.05,0.05,0.05,0.05,0.0536564791491904,0.05,0.1076671247730378
0.05,200,regime,2,2012-05-31 00:00:00,0.1822390012311803,0.3603456838922715,0.05,GLD,4,0.1361718865204881,0.05,0.05,0.0660419133991697,0.0976185058766414,0.0603925400991329,0.05,0.3603456838922715,0.05,0.0794294702122962
0.05,200,regime,2,2012-06-29 00:00:00,0.2124010014662532,0.4032551831552082,0.05,VNQ,7,0.1537430884018411,0.05,0.05,0.05,0.05,0.05,0.05,0.0930017284429506,0.05,0.4032551831552082
0.05,200,regime,2,2012-07-31 00:00:00,0.323911230163003,0.5489088489417391,0.05,GLD,8,0.0510911510582609,0.05,0.05,0.05,0.05,0.05,0.05,0.5489088489417391,0.05,0.05
0.05,200,regime,2,2012-08-31 00:00:00,0.2673161658206294,0.4861818261445643,0.05,GLD,7,0.0854587844289934,0.05,0.05,0.05,0.05,0.05,0.05,0.4861818261445643,0.05,0.0783593894264421
0.05,200,regime,2,2012-09-28 00:00:00,0.263127100486305,0.4776613358138245,0.05,SPY,8,0.4776613358138245,0.05,0.05,0.05,0.05,0.05,0.05,0.05,0.05,0.1223386641861754
0.05,200,regime,2,2012-10-31 00:00:00,0.2616367961875104,0.4755516963568144,0.05,SPY,8,0.4755516963568144,0.05,0.05,0.05,0.05,0.05,0.05,0.05,0.05,0.1244483036431855
0.05,200,regime,2,2012-11-30 00:00:00,0.2501566258268048,0.4630453888391221,0.05,SPY,7,0.4630453888391221,0.05,0.05,0.05,0.05,0.05,0.05,0.0738612358355392,0.05,0.1130933753253386
0.05,200,regime,2,2012-12-31 00:00:00,0.2599951864696606,0.4731981328849427,0.05,SPY,8,0.4731981328849427,0.05,0.05,0.05,0.05,0.05,0.05,0.05,0.05,0.1268018671150573
0.05,200,regime,2,2013-01-31 00:00:00,0.2602033154353045,0.4734982931260485,0.05,SPY,8,0.4734982931260485,0.05,0.05,0.05,0.05,0.05,0.05,0.05,0.05,0.1265017068739515
0.05,200,regime,2,2013-02-28 00:00:00,0.2599219993590232,0.4730924599152476,0.05,SPY,8,0.4730924599152476,0.05,0.05,0.05,0.05,0.05,0.05,0.05,0.05,0.1269075400847523
0.05,200,regime,2,2013-03-28 00:00:00,0.2603578799523864,0.4737208679928614,0.05,SPY,8,0.4737208679928614,0.05,0.05,0.05,0.05,0.05,0.05,0.05,0.05,0.1262791320071386
0.05,200,regime,2,2013-04-30 00:00:00,0.2768814591531478,0.4961502262341602,0.05,SPY,7,0.4961502262341602,0.05,0.05,0.05,0.05,0.05,0.05,0.0506424239366946,0.05,0.1032073498291451
0.05,200,regime,2,2013-05-31 00:00:00,0.2655644794300774,0.4810586637392387,0.05,SPY,8,0.4810586637392387,0.05,0.05,0.05,0.05,0.05,0.05,0.05,0.05,0.1189413362607613
0.05,200,regime,2,2013-06-28 00:00:00,0.1608031485439286,0.2798305622448954,0.05,GLD,4,0.2097650509243291,0.05,0.05,0.056058440235253,0.0640723735984436,0.0554707158734911,0.05,0.2798305622448954,0.05,0.1348028571235876
0.05,200,regime,2,2013-07-31 00:00:00,0.1932898322304982,0.347581410953266,0.05,GLD,7,0.2192111087996287,0.05,0.05,0.05,0.05,0.05,0.05,0.347581410953266,0.05,0.0832074802471052
0.05,200,regime,2,2013-08-30 00:00:00,0.2373002558113827,0.4459804880650322,0.05,SPY,7,0.4459804880650322,0.05,0.05,0.05,0.05,0.05,0.05,0.0953135088257223,0.05,0.1087060031092453
0.05,200,regime,2,2013-09-30 00:00:00,0.2734299703869894,0.4916115476517392,0.05,SPY,8,0.4916115476517392,0.05,0.05,0.05,0.05,0.05,0.05,0.05,0.05,0.1083884523482608
0.05,200,regime,2,2013-10-31 00:00:00,0.2702088993065011,0.4877453578611429,0.05,SPY,7,0.4877453578611429,0.05,0.05,0.05,0.05,0.05,0.05,0.0524038050624838,0.05,0.1098508370763732
0.05,200,regime,2,2013-11-29 00:00:00,0.2695418994741801,0.4864697019279272,0.05,SPY,8,0.4864697019279272,0.05,0.05,0.05,0.05,0.05,0.05,0.05,0.05,0.1135302980720728
0.05,200,regime,2,2013-12-31 00:00:00,0.2686843447764313,0.485316411545809,0.05,SPY,8,0.485316411545809,0.05,0.05,0.05,0.05,0.05,0.05,0.05,0.05,0.114683588454191
0.05,200,regime,2,2014-01-31 00:00:00,0.2694814406131766,0.4866146417682276,0.05,SPY,7,0.4866146417682276,0.05,0.05,0.05,0.05,0.05,0.05,0.0513591713423548,0.05,0.1120261868894174
0.05,200,regime,2,2014-02-28 00:00:00,0.2407992500482063,0.4507686154473577,0.05,SPY,7,0.4507686154473577,0.05,0.05,0.05,0.05,0.05,0.05,0.088206637089823,0.05,0.1110247474628192
0.05,200,regime,2,2014-03-31 00:00:00,0.2279887936644263,0.4320519789396063,0.05,SPY,7,0.4320519789396063,0.05,0.05,0.05,0.05,0.05,0.05,0.1030913573564434,0.05,0.1148566637039502
0.05,200,regime,2,2014-04-30 00:00:00,0.2439511920832808,0.4538755944538412,0.05,SPY,7,0.4538755944538412,0.05,0.05,0.05,0.05,0.05,0.05,0.0734071260439752,0.05,0.1227172795021834
0.05,200,regime,2,2014-05-30 00:00:00,0.2605760297954518,0.4740345221435272,0.05,SPY,8,0.4740345221435272,0.05,0.05,0.05,0.05,0.05,0.05,0.05,0.05,0.1259654778564727
0.05,200,regime,2,2014-06-30 00:00:00,0.2613612042603744,0.4751587911872744,0.05,SPY,8,0.4751587911872744,0.05,0.05,0.05,0.05,0.05,0.05,0.05,0.05,0.1248412088127255
0.05,200,regime,2,2014-07-31 00:00:00,0.2613411795742176,0.4751302080941743,0.05,SPY,8,0.4751302080941743,0.05,0.05,0.05,0.05,0.05,0.05,0.05,0.05,0.1248697919058257
0.05,200,regime,2,2014-08-29 00:00:00,0.2551351631515228,0.4684640889804344,0.05,SPY,7,0.4684640889804344,0.05,0.05,0.05,0.05,0.05,0.05,0.0616224842286163,0.05,0.1199134267909491
0.05,200,regime,2,2014-09-30 00:00:00,0.2544643231435093,0.4682541573899579,0.05,SPY,7,0.4682541573899579,0.05,0.05,0.05,0.05,0.05,0.05,0.0665152574442073,0.05,0.1152305851658347
0.05,200,regime,2,2014-10-31 00:00:00,0.2068332306770225,0.4048357344534178,0.0499999999999999,GLD,4,0.0975157700709677,0.0499999999999999,0.0499999999999999,0.0600329762995639,0.1002785970109977,0.0556020343083945,0.0499999999999999,0.4048357344534178,0.0499999999999999,0.081734887856658
0.05,200,regime,2,2014-11-28 00:00:00,0.3018964010663008,0.5261052001961883,0.05,GLD,6,0.0536922147123668,0.05,0.05,0.05,0.0612270680067959,0.05,0.05,0.5261052001961883,0.05,0.0589755170846487
0.05,200,regime,3,2008-04-30 00:00:00,0.166381685960288,0.3066823820693128,0.05,TLT,6,0.05,0.05,0.05,0.0749656050089085,0.3066823820693128,0.05,0.05,0.1819109848923084,0.05,0.1364410280294702
0.05,200,regime,3,2008-05-30 00:00:00,0.1620112816231244,0.2879062118297465,0.05,TLT,5,0.05,0.05,0.05,0.0736336778014111,0.2879062118297465,0.0509531420287045,0.05,0.1974560692865247,0.05,0.140050899053613
0.05,200,regime,3,2008-06-30 00:00:00,0.1641477697211517,0.3010554272325687,0.05,TLT,5,0.05,0.05,0.05,0.0769873016060025,0.3010554272325687,0.054522354815929,0.05,0.1881385782574986,0.05,0.1292963380880009
0.05,200,regime,3,2008-07-31 00:00:00,0.3049489380061533,0.5290730647699041,0.05,GLD,8,0.05,0.05,0.05,0.05,0.05,0.05,0.0709269352300958,0.5290730647699041,0.05,0.05
0.05,200,regime,3,2008-08-29 00:00:00,0.1684871232784097,0.3062477511044516,0.05,TLT,6,0.05,0.05,0.05,0.0874940353783222,0.3062477511044516,0.05,0.05,0.2038596957642169,0.05,0.1023985177530092
0.05,200,regime,3,2008-09-30 00:00:00,0.201948835585947,0.3871766822262073,0.05,TLT,7,0.05,0.05,0.05,0.1298298650568571,0.3871766822262073,0.1329934527169355,0.05,0.05,0.05,0.05
0.05,200,regime,3,2008-10-31 00:00:00,0.2178356342240365,0.4155935985850943,0.05,TLT,7,0.05,0.05,0.05,0.1087057149915182,0.4155935985850943,0.1257006864233875,0.05,0.05,0.05,0.05
0.05,200,regime,3,2008-11-28 00:00:00,0.2162068278111413,0.4129130554677093,0.05,TLT,7,0.05,0.05,0.05,0.1113141292243111,0.4129130554677093,0.1257728153079795,0.05,0.05,0.05,0.05
0.05,200,regime,3,2008-12-31 00:00:00,0.293505175240018,0.5162234668578066,0.0499999999999999,GLD,8,0.0499999999999999,0.0499999999999999,0.0499999999999999,0.0499999999999999,0.0499999999999999,0.0499999999999999,0.0837765331421933,0.5162234668578066,0.0499999999999999,0.0499999999999999
0.05,200,regime,3,2009-01-30 00:00:00,0.3174723988364843,0.5423555227723151,0.05,GLD,8,0.05,0.05,0.05,0.05,0.05,0.05,0.0576444772276847,0.5423555227723151,0.05,0.05
0.05,200,regime,3,2009-02-27 00:00:00,0.2276056688624771,0.4319467047987935,0.05,GLD,6,0.0785779160543893,0.05,0.05,0.05,0.05,0.05,0.1255821747618129,0.4319467047987935,0.05,0.063893204385004
0.05,200,regime,3,2009-03-31 00:00:00,0.1523017943599769,0.2364416432601435,0.05,SPY,6,0.2364416432601435,0.05,0.05,0.05,0.05,0.05,0.2169513988910732,0.1675851815898864,0.05,0.0790217762588968
0.05,200,regime,3,2009-04-30 00:00:00,0.1963470681291648,0.379333432757127,0.05,GLD,6,0.096441496157286,0.05,0.05,0.05,0.05,0.05,0.150931419408349,0.379333432757127,0.05,0.0732936516772379
0.05,200,regime,3,2009-05-29 00:00:00,0.2079338906798252,0.4009003973673637,0.05,SPY,6,0.4009003973673637,0.05,0.05,0.05,0.05,0.05,0.1392300103548983,0.075004125821106,0.05,0.0848654664566318
0.05,200,regime,3,2009-06-30 00:00:00,0.2151105238303544,0.4145656822712674,0.05,SPY,6,0.4145656822712674,0.05,0.05,0.05,0.05,0.05,0.1212910278338581,0.0764682677710028,0.05,0.0876750221238715
0.05,200,regime,3,2009-07-31 00:00:00,0.2101543063207209,0.405010796315488,0.05,GLD,6,0.1219966923503782,0.05,0.05,0.05,0.05,0.05,0.1117367365988671,0.405010796315488,0.05,0.0612557747352665
0.05,200,regime,3,2009-08-31 00:00:00,0.2673970769052507,0.4863113032183999,0.05,GLD,7,0.0810081246638755,0.05,0.05,0.05,0.05,0.05,0.0826805721177244,0.4863113032183999,0.05,0.05
0.05,200,regime,3,2009-09-30 00:00:00,0.2509400043900096,0.4654731787806332,0.05,GLD,6,0.0887151785148248,0.05,0.05,0.05,0.05,0.05,0.0925758970110795,0.4654731787806332,0.05,0.0532357456934622
0.05,200,regime,3,2009-10-30 00:00:00,0.2537540524095248,0.4688229503449992,0.05,GLD,7,0.0857650417244946,0.05,0.05,0.05,0.05,0.05,0.0954120079305061,0.4688229503449992,0.05,0.05
0.05,200,regime,3,2009-11-30 00:00:00,0.2594612168580166,0.4760926789663409,0.05,SPY,7,0.4760926789663409,0.05,0.05,0.05,0.05,0.05,0.0963104692173744,0.05,0.05,0.0775968518162846
0.05,200,regime,3,2009-12-31 00:00:00,0.2780440365417924,0.4991579525276855,0.05,SPY,7,0.4991579525276855,0.05,0.05,0.05,0.05,0.05,0.07333376149326,0.05,0.05,0.0775082859790544
0.05,200,regime,3,2010-01-29 00:00:00,0.2813640718035642,0.5030437223770364,0.05,SPY,7,0.5030437223770364,0.05,0.05,0.05,0.05,0.05,0.0709275100438533,0.05,0.05,0.0760287675791101
0.05,200,regime,3,2010-02-26 00:00:00,0.238181154108932,0.449751029660457,0.05,SPY,6,0.449751029660457,0.05,0.05,0.05,0.05,0.05,0.0819903424300384,0.0878216197046337,0.05,0.0804370082048707
0.05,200,regime,3,2010-03-31 00:00:00,0.1710723696207204,0.2839411297658992,0.05,SPY,6,0.2839411297658992,0.05,0.05,0.05,0.05,0.05,0.0847244190151384,0.2474606177272036,0.05,0.0838738334917588
0.05,200,regime,3,2010-04-30 00:00:00,0.2482863403117511,0.4617454233187573,0.05,SPY,6,0.4617454233187573,0.05,0.05,0.05,0.05,0.05,0.0953231485640122,0.051764126153569,0.05,0.0911673019636614
0.05,200,regime,3,2010-05-28 00:00:00,0.2958647363837031,0.5189346208160134,0.05,GLD,8,0.05,0.05,0.05,0.05,0.05,0.05,0.0810653791839865,0.5189346208160134,0.05,0.05
0.05,200,regime,3,2010-06-30 00:00:00,0.2770217256739445,0.4978464650944535,0.05,SPY,7,0.4978464650944535,0.05,0.05,0.05,0.05,0.05,0.0829787155391805,0.05,0.05,0.0691748193663659
0.05,200,regime,3,2010-07-30 00:00:00,0.1629177879347945,0.2894330965327666,0.05,TLT,5,0.0527398551848518,0.05,0.05,0.0681348289130572,0.2894330965327666,0.05,0.05,0.1974778068845215,0.05,0.1422144124848028
0.05,200,regime,3,2010-08-31 00:00:00,0.2922769373693361,0.5153779495902474,0.05,SPY,7,0.5153779495902474,0.05,0.05,0.05,0.05,0.05,0.0602061600680335,0.05,0.05,0.074415890341719
0.05,200,regime,3,2010-09-30 00:00:00,0.2862622515426263,0.5086109697028739,0.05,SPY,7,0.5086109697028739,0.05,0.05,0.05,0.05,0.05,0.0643029544491814,0.05,0.05,0.0770860758479447
0.05,200,regime,3,2010-10-29 00:00:00,0.2845567093527129,0.506630520763831,0.05,SPY,7,0.506630520763831,0.05,0.05,0.05,0.05,0.05,0.0644452301368685,0.05,0.05,0.0789242490993005
0.05,200,regime,3,2010-11-30 00:00:00,0.2547011222056264,0.469789206880045,0.05,SPY,7,0.469789206880045,0.05,0.05,0.05,0.05,0.05,0.101534708135551,0.05,0.05,0.0786760849844038
0.05,200,regime,3,2010-12-31 00:00:00,0.2793898255243245,0.50073203334624,0.05,SPY,7,0.50073203334624,0.05,0.05,0.05,0.05,0.05,0.0717362798577046,0.05,0.05,0.0775316867960554
0.05,200,regime,3,2011-01-31 00:00:00,0.2739362932115878,0.4942621812541627,0.05,SPY,7,0.4942621812541627,0.05,0.05,0.05,0.05,0.05,0.0752179378897353,0.05,0.05,0.0805198808561019
0.05,200,regime,3,2011-02-28 00:00:00,0.2804880721366496,0.5018921164543756,0.05,SPY,7,0.5018921164543756,0.05,0.05,0.05,0.05,0.05,0.0661671492240316,0.05,0.05,0.0819407343215928
0.05,200,regime,3,2011-03-31 00:00:00,0.2827397368525394,0.5046161901997548,0.05,SPY,7,0.5046161901997548,0.05,0.05,0.05,0.05,0.05,0.0685681102394181,0.05,0.05,0.076815699560827
0.05,200,regime,3,2011-04-29 00:00:00,0.280742767176062,0.5019415438687885,0.05,SPY,7,0.5019415438687885,0.05,0.05,0.05,0.05,0.05,0.0610523159001465,0.05,0.05,0.0870061402310649
0.05,200,regime,3,2011-05-31 00:00:00,0.2861243563163332,0.5083817247565995,0.05,SPY,7,0.5083817247565995,0.05,0.05,0.05,0.05,0.05,0.0623088344394425,0.05,0.05,0.0793094408039578
0.05,200,regime,3,2011-06-30 00:00:00,0.2782043225020806,0.4993280625280196,0.05,SPY,7,0.4993280625280196,0.05,0.05,0.05,0.05,0.05,0.0718151660352852,0.05,0.05,0.0788567714366952
0.05,200,regime,3,2011-07-29 00:00:00,0.291244767464631,0.5141994516976501,0.05,SPY,7,0.5141994516976501,0.05,0.05,0.05,0.05,0.05,0.0600645585215238,0.05,0.05,0.075735989780826
0.05,200,regime,3,2011-08-31 00:00:00,0.1804642710572279,0.3513776565895999,0.05,SPY,6,0.3513776565895999,0.05,0.05,0.05,0.05,0.05,0.1471432280759501,0.1057379064066431,0.05,0.0957412089278068
0.05,200,regime,3,2011-09-30 00:00:00,0.2293154056917106,0.4369265983442146,0.05,SPY,6,0.4369265983442146,0.05,0.05,0.05,0.05,0.05,0.1016757143686062,0.0758000821739664,0.05,0.0855976051132126
0.05,200,regime,3,2011-10-31 00:00:00,0.2073923173271344,0.4048158225224967,0.05,TLT,5,0.05,0.05,0.05,0.0932066969691178,0.4048158225224967,0.0605466100784995,0.05,0.1087576308488489,0.05,0.0826732395810369
0.05,200,regime,3,2011-11-30 00:00:00,0.2096161764605063,0.4082527073659863,0.05,TLT,5,0.05,0.05,0.05,0.0853470922189268,0.4082527073659863,0.0581591246220469,0.05,0.1071682517342792,0.05,0.0910728240587606
0.05,200,regime,3,2011-12-30 00:00:00,0.1538500344990107,0.2551101116099447,0.05,TLT,5,0.0741068815973812,0.05,0.05,0.0573675287073458,0.2551101116099447,0.05,0.05,0.2086391087377057,0.05,0.1547763693476225
0.05,200,regime,3,2012-01-31 00:00:00,0.2930385603493964,0.5161996675858412,0.05,SPY,7,0.5161996675858412,0.05,0.05,0.05,0.05,0.05,0.0589881798384853,0.05,0.05,0.0748121525756735
0.05,200,regime,3,2012-02-29 00:00:00,0.2697700868842677,0.489141597526771,0.05,SPY,7,0.489141597526771,0.05,0.05,0.05,0.05,0.05,0.0743929925711386,0.05,0.05,0.0864654099020902
0.05,200,regime,3,2012-03-30 00:00:00,0.2858554553838447,0.5081689357119472,0.05,SPY,7,0.5081689357119472,0.05,0.05,0.05,0.05,0.05,0.0653584302603704,0.05,0.05,0.0764726340276824
0.05,200,regime,3,2012-04-30 00:00:00,0.2900828097614186,0.5129451736859305,0.05,SPY,7,0.5129451736859305,0.05,0.05,0.05,0.05,0.05,0.0622805801298394,0.05,0.05,0.07477424618423
0.05,200,regime,3,2012-05-31 00:00:00,0.2110514928875115,0.4092533856322436,0.05,SPY,6,0.4092533856322436,0.05,0.05,0.05,0.05,0.05,0.0839403838571005,0.1115505904767392,0.05,0.0952556400339166
0.05,200,regime,3,2012-06-29 00:00:00,0.2351868718997138,0.4426793707699083,0.05,GLD,6,0.1199015166323592,0.05,0.05,0.05,0.05,0.05,0.0829128420130567,0.4426793707699083,0.05,0.0545062705846756
0.05,200,regime,3,2012-07-31 00:00:00,0.2385118470427482,0.4475860777363745,0.05,GLD,6,0.1169669117414357,0.05,0.05,0.05,0.05,0.05,0.0804582075993602,0.4475860777363745,0.05,0.0549888029228295
0.05,200,regime,3,2012-08-31 00:00:00,0.2812483438281216,0.5025843220224728,0.05,SPY,7,0.5025843220224728,0.05,0.05,0.05,0.05,0.05,0.061631994741965,0.05,0.05,0.085783683235562
0.05,200,regime,3,2012-09-28 00:00:00,0.2809276257496145,0.5023961701312976,0.0499999999999999,SPY,7,0.5023961701312976,0.0499999999999999,0.0499999999999999,0.0499999999999999,0.0499999999999999,0.0499999999999999,0.0656696123371643,0.0499999999999999,0.0499999999999999,0.0819342175315379
0.05,200,regime,3,2012-10-31 00:00:00,0.2793463318389628,0.5005520536476759,0.05,SPY,7,0.5005520536476759,0.05,0.05,0.05,0.05,0.05,0.0667669293283041,0.05,0.05,0.08268101702402
0.05,200,regime,3,2012-11-30 00:00:00,0.2843813447570896,0.5064019720370092,0.05,SPY,7,0.5064019720370092,0.05,0.05,0.05,0.05,0.05,0.0637930581769756,0.05,0.05,0.0798049697860152
0.05,200,regime,3,2012-12-31 00:00:00,0.279538771525962,0.5005945813126736,0.05,SPY,7,0.5005945813126736,0.05,0.05,0.05,0.05,0.05,0.0628105455417445,0.05,0.05,0.0865948731455818
0.05,200,regime,3,2013-01-31 00:00:00,0.2812477786177777,0.502640955546379,0.05,SPY,7,0.502640955546379,0.05,0.05,0.05,0.05,0.05,0.0626680637843836,0.05,0.05,0.0846909806692374
0.05,200,regime,3,2013-02-28 00:00:00,0.2833658670271834,0.5051516334178235,0.05,SPY,7,0.5051516334178235,0.05,0.05,0.05,0.05,0.05,0.0624951946284411,0.05,0.05,0.0823531719537353
0.05,200,regime,3,2013-03-28 00:00:00,0.2809356338779181,0.502189807439305,0.05,SPY,7,0.502189807439305,0.05,0.05,0.05,0.05,0.05,0.0613133396599031,0.05,0.05,0.0864968529007919
0.05,200,regime,3,2013-04-30 00:00:00,0.293212153104405,0.5164033079589232,0.05,SPY,7,0.5164033079589232,0.05,0.05,0.05,0.05,0.05,0.0591911595719407,0.05,0.05,0.0744055324691361
0.05,200,regime,3,2013-05-31 00:00:00,0.2818793765187878,0.5035562324462403,0.05,SPY,7,0.5035562324462403,0.05,0.05,0.05,0.05,0.05,0.0666033961979079,0.05,0.05,0.0798403713558518
0.05,200,regime,3,2013-06-28 00:00:00,0.163279950711687,0.2869338112447415,0.05,SPY,6,0.2869338112447415,0.05,0.05,0.05,0.05,0.05,0.1105822955133465,0.2143776804008874,0.05,0.0881062128410245
0.05,200,regime,3,2013-07-31 00:00:00,0.2116669932854043,0.4058784028284918,0.05,GLD,6,0.1400665317766842,0.05,0.05,0.05,0.05,0.05,0.0919372693139016,0.4058784028284918,0.05,0.0621177960809222
0.05,200,regime,3,2013-08-30 00:00:00,0.2007518862178759,0.3860052601261863,0.05,GLD,6,0.1528177497041244,0.05,0.05,0.05,0.05,0.05,0.0948984508513489,0.3860052601261863,0.05,0.0662785393183401
0.05,200,regime,3,2013-09-30 00:00:00,0.2829733410498419,0.5049240464845957,0.05,SPY,7,0.5049240464845957,0.05,0.05,0.05,0.05,0.05,0.0716627090095508,0.05,0.05,0.0734132445058534
0.05,200,regime,3,2013-10-31 00:00:00,0.2852463549677501,0.5074956941585466,0.05,SPY,7,0.5074956941585466,0.05,0.05,0.05,0.05,0.05,0.0667390172808539,0.05,0.05,0.0757652885605994
0.05,200,regime,3,2013-11-29 00:00:00,0.2860692400381321,0.5084117439354168,0.05,SPY,7,0.5084117439354168,0.05,0.05,0.05,0.05,0.05,0.0651762307844194,0.05,0.05,0.0764120252801637
0.05,200,regime,3,2013-12-31 00:00:00,0.2830200080024608,0.5049152658833597,0.05,SPY,7,0.5049152658833597,0.05,0.05,0.05,0.05,0.05,0.0672606891265972,0.05,0.05,0.077824044990043
0.05,200,regime,3,2014-01-31 00:00:00,0.2851388888848332,0.5072989858320357,0.05,SPY,7,0.5072989858320357,0.05,0.05,0.05,0.05,0.05,0.0641104056917906,0.05,0.05,0.0785906084761736
0.05,200,regime,3,2014-02-28 00:00:00,0.2892769838383079,0.5118666137923518,0.05,SPY,7,0.5118666137923518,0.05,0.05,0.05,0.05,0.05,0.0583630177896225,0.05,0.05,0.0797703684180256
0.05,200,regime,3,2014-03-31 00:00:00,0.2911138844055386,0.5138124902463619,0.05,SPY,7,0.5138124902463619,0.05,0.05,0.05,0.05,0.05,0.0551112596250907,0.05,0.05,0.0810762501285473
0.05,200,regime,3,2014-04-30 00:00:00,0.2845149428931878,0.5062708333334097,0.05,SPY,7,0.5062708333334097,0.05,0.05,0.05,0.05,0.05,0.0581578416755113,0.05,0.05,0.0855713249910789
0.05,200,regime,3,2014-05-30 00:00:00,0.2845535899127581,0.506243081312737,0.05,SPY,7,0.506243081312737,0.05,0.05,0.05,0.05,0.05,0.0570712533189365,0.05,0.05,0.0866856653683264
0.05,200,regime,3,2014-06-30 00:00:00,0.282022980883962,0.5033403551902942,0.05,SPY,7,0.5033403551902942,0.05,0.05,0.05,0.05,0.05,0.0588912973240834,0.05,0.05,0.0877683474856223
0.05,200,regime,3,2014-07-31 00:00:00,0.2855162813225503,0.5073696804528246,0.05,SPY,7,0.5073696804528246,0.05,0.05,0.05,0.05,0.05,0.0568137003179965,0.05,0.05,0.0858166192291788
0.05,200,regime,3,2014-08-29 00:00:00,0.2859205709078667,0.50792484006154,0.05,SPY,7,0.50792484006154,0.05,0.05,0.05,0.05,0.05,0.0579943399469761,0.05,0.05,0.0840808199914839
0.05,200,regime,3,2014-09-30 00:00:00,0.2833693215817721,0.5051110916692517,0.05,SPY,7,0.5051110916692517,0.05,0.05,0.05,0.05,0.05,0.061588378082579,0.05,0.05,0.0833005302481691
0.05,200,regime,3,2014-10-31 00:00:00,0.2239537620996916,0.4277698986566025,0.05,SPY,6,0.4277698986566025,0.05,0.05,0.05,0.05,0.05,0.0670450436394632,0.1171043184368307,0.05,0.0880807392671035
0.05,200,regime,3,2014-11-28 00:00:00,0.187066879082673,0.3511765343378499,0.05,GLD,6,0.1893920164919092,0.05,0.05,0.05,0.05,0.05,0.0887542922259805,0.3511765343378499,0.05,0.0706771569442602
0.05,200,regime,4,2008-04-30 00:00:00,0.2282225101320458,0.4332101051327907,0.05,VNQ,6,0.0933934417387058,0.05,0.05,0.05,0.0567314532619049,0.05,0.05,0.1166649998665984,0.05,0.4332101051327907
0.05,200,regime,4,2008-05-30 00:00:00,0.325,0.55,0.05,GLD,9,0.05,0.05,0.05,0.05,0.05,0.05,0.05,0.55,0.05,0.05
0.05,200,regime,4,2008-06-30 00:00:00,0.1587301726559026,0.2963568274484856,0.05,GLD,5,0.0780900594731402,0.05,0.05,0.05,0.1822188458231941,0.0823149757520837,0.05,0.2963568274484856,0.05,0.1110192915030962
0.05,200,regime,4,2008-07-31 00:00:00,0.1831983015023183,0.3194584560502139,0.05,TLT,7,0.05,0.05,0.05,0.05,0.3194584560502139,0.0981300979315916,0.05,0.05,0.05,0.2324114460181944
0.05,200,regime,4,2008-08-29 00:00:00,0.2062340823907953,0.3977465409997667,0.05,GLD,6,0.05,0.05,0.05,0.05,0.1196842339554082,0.0593339107359937,0.05,0.3977465409997667,0.05,0.1232353143088313
0.05,200,regime,4,2008-09-30 00:00:00,0.2133222550637818,0.3939518106973048,0.05,TLT,6,0.05,0.05,0.05,0.0609094918578705,0.3939518106973048,0.1910082602466328,0.05,0.05,0.05,0.0541304371981918
0.05,200,regime,4,2008-10-31 00:00:00,0.2264544774449473,0.419779236553533,0.05,TLT,6,0.05,0.05,0.05,0.0566628983577257,0.419779236553533,0.1711090531900613,0.05,0.05,0.05,0.0524488118986798
0.05,200,regime,4,2008-11-28 00:00:00,0.323093737901961,0.5480864142813558,0.05,GLD,8,0.05,0.05,0.05,0.05,0.05,0.05,0.0519135857186441,0.5480864142813558,0.05,0.05
0.05,200,regime,4,2008-12-31 00:00:00,0.325,0.55,0.05,GLD,9,0.05,0.05,0.05,0.05,0.05,0.05,0.05,0.55,0.05,0.05
0.05,200,regime,4,2009-01-30 00:00:00,0.3240839561835676,0.5490822717332243,0.05,GLD,8,0.05,0.05,0.05,0.05,0.05,0.05,0.0509177282667756,0.5490822717332243,0.05,0.05
0.05,200,regime,4,2009-02-27 00:00:00,0.2017531908949456,0.3604981990519859,0.05,HYG,6,0.05,0.05,0.05,0.050229379212966,0.05,0.0657946550391706,0.3604981990519859,0.2234777666958773,0.05,0.05
0.05,200,regime,4,2009-03-31 00:00:00,0.2762500888744099,0.4958491670455272,0.05,HYG,7,0.05,0.05,0.05,0.05,0.05,0.0546873307575068,0.4958491670455272,0.0994635021969659,0.05,0.05
0.05,200,regime,4,2009-04-30 00:00:00,0.261691247677244,0.4756292226214704,0.05,HYG,8,0.05,0.05,0.05,0.05,0.05,0.05,0.4756292226214704,0.1243707773785295,0.05,0.05
0.05,200,regime,4,2009-05-29 00:00:00,0.2638429145118589,0.4806464120104856,0.05,HYG,6,0.1072959466134813,0.05,0.05,0.05,0.05,0.0599698534360743,0.4806464120104856,0.0520877879399586,0.05,0.05
0.05,200,regime,4,2009-06-30 00:00:00,0.1613532683461273,0.300170932931513,0.05,VNQ,5,0.1770096293231221,0.05,0.05,0.05,0.05,0.0784115621545235,0.1316472707544901,0.062760604836351,0.05,0.300170932931513
0.05,200,regime,4,2009-07-31 00:00:00,0.2055706737790643,0.3527762909793036,0.05,VNQ,8,0.2472237090206964,0.05,0.05,0.05,0.05,0.05,0.05,0.05,0.05,0.3527762909793036
0.05,200,regime,4,2009-08-31 00:00:00,0.3134631948758409,0.538183957138008,0.05,GLD,8,0.0618160428619918,0.05,0.05,0.05,0.05,0.05,0.05,0.538183957138008,0.05,0.05
0.05,200,regime,4,2009-09-30 00:00:00,0.325,0.55,0.05,GLD,9,0.05,0.05,0.05,0.05,0.05,0.05,0.05,0.55,0.05,0.05
0.05,200,regime,4,2009-10-30 00:00:00,0.325,0.55,0.05,GLD,9,0.05,0.05,0.05,0.05,0.05,0.05,0.05,0.55,0.05,0.05
0.05,200,regime,4,2009-11-30 00:00:00,0.2354816479947158,0.4331946845687091,0.05,SPY,8,0.4331946845687091,0.05,0.05,0.05,0.05,0.05,0.05,0.05,0.05,0.166805315431291
0.05,200,regime,4,2009-12-31 00:00:00,0.2852499624982378,0.5064581828097857,0.05,SPY,8,0.5064581828097857,0.05,0.05,0.05,0.05,0.05,0.05,0.05,0.05,0.0935418171902143
0.05,200,regime,4,2010-01-29 00:00:00,0.325,0.55,0.05,GLD,9,0.05,0.05,0.05,0.05,0.05,0.05,0.05,0.55,0.05,0.05
0.05,200,regime,4,2010-02-26 00:00:00,0.2499366932536742,0.4580137545495236,0.05,SPY,8,0.4580137545495236,0.05,0.05,0.05,0.05,0.05,0.05,0.05,0.05,0.1419862454504764
0.05,200,regime,4,2010-03-31 00:00:00,0.2697835519527917,0.4875712589474197,0.05,GLD,7,0.1073512356908117,0.05,0.05,0.05,0.05,0.05,0.05,0.4875712589474197,0.05,0.0550775053617684
0.05,200,regime,4,2010-04-30 00:00:00,0.3179896690525382,0.5428996429251937,0.05,GLD,7,0.0508665688918051,0.05,0.05,0.05,0.05,0.05,0.05,0.5428996429251937,0.05,0.0562337881830011
0.05,200,regime,4,2010-05-28 00:00:00,0.1842718558603138,0.3091212448412282,0.05,GLD,6,0.05,0.05,0.05,0.05,0.2521534491078686,0.0853656946374454,0.05,0.3091212448412282,0.05,0.0533596114134577
0.05,200,regime,4,2010-06-30 00:00:00,0.1764250419752429,0.2839752029429225,0.05,VNQ,6,0.0799084419713347,0.05,0.05,0.05,0.262690795895161,0.0734255591905818,0.05,0.05,0.05,0.2839752029429225
0.05,200,regime,4,2010-07-30 00:00:00,0.1894189844936203,0.3079326860283689,0.05,VNQ,7,0.05,0.05,0.05,0.05,0.2674479238893477,0.0746193900822834,0.05,0.05,0.05,0.3079326860283689
0.05,200,regime,4,2010-08-31 00:00:00,0.2475078128322536,0.454123023640619,0.05,SPY,8,0.454123023640619,0.05,0.05,0.05,0.05,0.05,0.05,0.05,0.05,0.145876976359381
0.05,200,regime,4,2010-09-30 00:00:00,0.2264157578247959,0.4214630588683027,0.05,GLD,7,0.1651117646332726,0.05,0.05,0.05,0.05,0.05,0.05,0.4214630588683027,0.05,0.0634251764984246
0.05,200,regime,4,2010-10-29 00:00:00,0.1714260345574623,0.2910582519588385,0.05,SPY,6,0.2910582519588385,0.05,0.05,0.05,0.0532368650667992,0.05,0.05,0.2308334892122147,0.05,0.1248713937621475
0.05,200,regime,4,2010-11-30 00:00:00,0.1679763578207919,0.3063919410572316,0.05,SPY,6,0.3063919410572316,0.05,0.05,0.05,0.05,0.05,0.0876957448445545,0.2010114411168891,0.05,0.1049008729813247
0.05,200,regime,4,2010-12-31 00:00:00,0.2739098636555965,0.4922366557860343,0.05,SPY,8,0.4922366557860343,0.05,0.05,0.05,0.05,0.05,0.05,0.05,0.05,0.1077633442139656
0.05,200,regime,4,2011-01-31 00:00:00,0.2382966034807006,0.4406008962731624,0.05,SPY,7,0.4406008962731624,0.05,0.05,0.05,0.05,0.05,0.05,0.0559991341897217,0.05,0.1533999695371159
0.05,200,regime,4,2011-02-28 00:00:00,0.296052724150561,0.5191491776742055,0.05,SPY,8,0.5191491776742055,0.05,0.05,0.05,0.05,0.05,0.05,0.05,0.05,0.0808508223257945
0.05,200,regime,4,2011-03-31 00:00:00,0.1794647827653214,0.2957899889373762,0.05,SPY,6,0.2957899889373762,0.05,0.05,0.05,0.05,0.05,0.0519605108834062,0.2543338139192871,0.05,0.0979156862599303
0.05,200,regime,4,2011-04-29 00:00:00,0.2122295459572284,0.4070011203969257,0.05,GLD,6,0.1339805749992225,0.05,0.05,0.05,0.0573119804526606,0.05,0.05,0.4070011203969257,0.05,0.1017063241511911
0.05,200,regime,4,2011-05-31 00:00:00,0.2702838565894608,0.4874618048956384,0.05,SPY,8,0.4874618048956384,0.05,0.05,0.05,0.05,0.05,0.05,0.05,0.05,0.1125381951043615
0.05,200,regime,4,2011-06-30 00:00:00,0.325,0.55,0.05,GLD,9,0.05,0.05,0.05,0.05,0.05,0.05,0.05,0.55,0.05,0.05
0.05,200,regime,4,2011-07-29 00:00:00,0.325,0.55,0.05,GLD,9,0.05,0.05,0.05,0.05,0.05,0.05,0.05,0.55,0.05,0.05
0.05,200,regime,4,2011-08-31 00:00:00,0.2492997092771257,0.4582678586516832,0.05,TLT,7,0.05,0.05,0.05,0.05,0.4582678586516832,0.1371557303416901,0.05,0.05,0.05,0.0545764110066266
0.05,200,regime,4,2011-09-30 00:00:00,0.1890091923963157,0.3236571200351235,0.05,TLT,7,0.05,0.05,0.05,0.05,0.3236571200351235,0.0809965551483222,0.05,0.05,0.05,0.2453463248165543
0.05,200,regime,4,2011-10-31 00:00:00,0.319467532681626,0.5444049229062561,0.05,GLD,8,0.05,0.05,0.05,0.05,0.0555950770937438,0.05,0.05,0.5444049229062561,0.05,0.05
0.05,200,regime,4,2011-11-30 00:00:00,0.1765702389121901,0.2880112921533204,0.05,TLT,7,0.05,0.05,0.05,0.05,0.2880112921533204,0.1081869978385644,0.05,0.05,0.05,0.253801710008115
0.05,200,regime,4,2011-12-30 00:00:00,0.2342888064446768,0.4417394322220898,0.05,VNQ,6,0.1042619843719785,0.05,0.05,0.05,0.0502903303408781,0.05,0.05,0.1037082530650536,0.05,0.4417394322220898
0.05,200,regime,4,2012-01-31 00:00:00,0.2551599399162646,0.4660721829751518,0.05,SPY,8,0.4660721829751518,0.05,0.05,0.05,0.05,0.05,0.05,0.05,0.05,0.1339278170248482
0.05,200,regime,4,2012-02-29 00:00:00,0.1775980678994053,0.3292794891870502,0.05,SPY,7,0.3292794891870502,0.05,0.05,0.05,0.05,0.05,0.05,0.1713662281499658,0.05,0.1493542826629839
0.05,200,regime,4,2012-03-30 00:00:00,0.225415386672822,0.4256913533661766,0.05,SPY,7,0.4256913533661766,0.05,0.05,0.05,0.05,0.05,0.05,0.0843597747080001,0.05,0.1399488719258231
0.05,200,regime,4,2012-04-30 00:00:00,0.2482025071967291,0.4556504900933169,0.05,SPY,7,0.4556504900933169,0.05,0.05,0.05,0.05,0.05,0.05,0.0513529693379528,0.05,0.1429965405687302
0.05,200,regime,4,2012-05-31 00:00:00,0.3061252862554845,0.530353300666047,0.05,GLD,8,0.069646699333953,0.05,0.05,0.05,0.05,0.05,0.05,0.530353300666047,0.05,0.05
0.05,200,regime,4,2012-06-29 00:00:00,0.1953487035312494,0.3065146233970335,0.05,VNQ,7,0.28333656628093,0.05,0.05,0.05,0.0601488103220365,0.05,0.05,0.05,0.05,0.3065146233970335
0.05,200,regime,4,2012-07-31 00:00:00,0.325,0.55,0.05,GLD,9,0.05,0.05,0.05,0.05,0.05,0.05,0.05,0.55,0.05,0.05
0.05,200,regime,4,2012-08-31 00:00:00,0.2635898481923598,0.4790852811675403,0.05,GLD,7,0.1167720604701226,0.05,0.05,0.05,0.05,0.05,0.05,0.4790852811675403,0.05,0.054142658362337
0.05,200,regime,4,2012-09-28 00:00:00,0.2504169187539087,0.4587717209611155,0.05,SPY,8,0.4587717209611155,0.05,0.05,0.05,0.05,0.05,0.05,0.05,0.05,0.1412282790388845
0.05,200,regime,4,2012-10-31 00:00:00,0.2573451749593899,0.4693298186371644,0.05,SPY,8,0.4693298186371644,0.05,0.05,0.05,0.05,0.05,0.05,0.05,0.05,0.1306701813628356
0.05,200,regime,4,2012-11-30 00:00:00,0.2608172101934355,0.4743806328028366,0.05,SPY,8,0.4743806328028366,0.05,0.05,0.05,0.05,0.05,0.05,0.05,0.05,0.1256193671971634
0.05,200,regime,4,2012-12-31 00:00:00,0.2556405690360957,0.4667941381405469,0.05,SPY,8,0.4667941381405469,0.05,0.05,0.05,0.05,0.05,0.05,0.05,0.05,0.1332058618594531
0.05,200,regime,4,2013-01-31 00:00:00,0.2554557767595855,0.4665169312105912,0.05,SPY,8,0.4665169312105912,0.05,0.05,0.05,0.05,0.05,0.05,0.05,0.05,0.1334830687894088
0.05,200,regime,4,2013-02-28 00:00:00,0.2517907484138093,0.4609203971126863,0.05,SPY,8,0.4609203971126863,0.05,0.05,0.05,0.05,0.05,0.05,0.05,0.05,0.1390796028873137
0.05,200,regime,4,2013-03-28 00:00:00,0.2491603155376758,0.4567806039305817,0.05,SPY,8,0.4567806039305817,0.05,0.05,0.05,0.05,0.05,0.05,0.05,0.05,0.1432193960694184
0.05,200,regime,4,2013-04-30 00:00:00,0.2883583837211622,0.5107135666278322,0.05,SPY,7,0.5107135666278322,0.05,0.05,0.05,0.05,0.05,0.05,0.0568041878546,0.05,0.0824822455175677
0.05,200,regime,4,2013-05-31 00:00:00,0.2490394682811673,0.4565877841358758,0.05,SPY,8,0.4565877841358758,0.05,0.05,0.05,0.05,0.05,0.05,0.05,0.05,0.1434122158641242
0.05,200,regime,4,2013-06-28 00:00:00,0.325,0.55,0.05,GLD,9,0.05,0.05,0.05,0.05,0.05,0.05,0.05,0.55,0.05,0.05
0.05,200,regime,4,2013-07-31 00:00:00,0.3176574061726289,0.5425462906051429,0.05,SPY,8,0.5425462906051429,0.05,0.05,0.05,0.05,0.05,0.05,0.05,0.05,0.057453709394857
0.05,200,regime,4,2013-08-30 00:00:00,0.2655753600130567,0.4810736866762489,0.05,SPY,8,0.4810736866762489,0.05,0.05,0.05,0.05,0.05,0.05,0.05,0.05,0.1189263133237511
0.05,200,regime,4,2013-09-30 00:00:00,0.3211081259086738,0.5460773515672194,0.05,SPY,8,0.5460773515672194,0.05,0.05,0.05,0.05,0.05,0.05,0.05,0.05,0.0539226484327807
0.05,200,regime,4,2013-10-31 00:00:00,0.3238648323386274,0.5488622433582758,0.05,SPY,8,0.5488622433582758,0.05,0.05,0.05,0.05,0.05,0.05,0.05,0.05,0.0511377566417242
0.05,200,regime,4,2013-11-29 00:00:00,0.3165085136537781,0.541359186332091,0.05,SPY,8,0.541359186332091,0.05,0.05,0.05,0.05,0.05,0.05,0.05,0.05,0.058640813667909
0.05,200,regime,4,2013-12-31 00:00:00,0.2654624212992368,0.4809176902616723,0.05,SPY,8,0.4809176902616723,0.05,0.05,0.05,0.05,0.05,0.05,0.05,0.05,0.1190823097383277
0.05,200,regime,4,2014-01-31 00:00:00,0.2560424795803526,0.4673954592878083,0.05,SPY,8,0.4673954592878083,0.05,0.05,0.05,0.05,0.05,0.05,0.05,0.05,0.1326045407121917
0.05,200,regime,4,2014-02-28 00:00:00,0.2438319587718555,0.4496183954738402,0.05,SPY,7,0.4496183954738402,0.05,0.05,0.05,0.05,0.05,0.05,0.0549201522393293,0.05,0.1454614522868305
0.05,200,regime,4,2014-03-31 00:00:00,0.2035638866787738,0.390123707243837,0.05,SPY,7,0.390123707243837,0.05,0.05,0.05,0.05,0.05,0.05,0.1228835040499668,0.05,0.1369927887061962
0.05,200,regime,4,2014-04-30 00:00:00,0.1754753762710004,0.314971649781906,0.05,SPY,6,0.314971649781906,0.05,0.05,0.05,0.057315306970062,0.05,0.05,0.210145139739861,0.05,0.1175679035081709
0.05,200,regime,4,2014-05-30 00:00:00,0.2324194917343802,0.4381039030565651,0.05,SPY,7,0.4381039030565651,0.05,0.05,0.05,0.05,0.05,0.05,0.0896005117910235,0.05,0.1222955851524113
0.05,200,regime,4,2014-06-30 00:00:00,0.2518283364323017,0.4615283041283544,0.05,SPY,7,0.4615283041283544,0.05,0.05,0.05,0.05,0.05,0.05,0.0520507151972626,0.05,0.1364209806743829
0.05,200,regime,4,2014-07-31 00:00:00,0.2602191341739311,0.4735210854246985,0.05,SPY,8,0.4735210854246985,0.05,0.05,0.05,0.05,0.05,0.05,0.05,0.05,0.1264789145753014
0.05,200,regime,4,2014-08-29 00:00:00,0.2490553641515309,0.4584317586657321,0.05,SPY,7,0.4584317586657321,0.05,0.05,0.05,0.05,0.05,0.05,0.0567553411946554,0.05,0.1348129001396124
0.05,200,regime,4,2014-09-30 00:00:00,0.2577709786362887,0.4729909344594925,0.05,SPY,7,0.4729909344594925,0.05,0.05,0.05,0.05,0.05,0.05,0.067475387356532,0.05,0.1095336781839754
0.05,200,regime,4,2014-10-31 00:00:00,0.2353850018113924,0.4419468438196102,0.05,SPY,6,0.4419468438196102,0.05,0.05,0.05,0.0640550635986861,0.05,0.05,0.064232387062483,0.05,0.1297657055192206
0.05,200,regime,4,2014-11-28 00:00:00,0.2959587021234606,0.5190418933942325,0.05,GLD,8,0.0809581066057674,0.05,0.05,0.05,0.05,0.05,0.05,0.5190418933942325,0.05,0.05
0.05,200,regime,5,2008-04-30 00:00:00,0.2124041172032065,0.3963161182345992,0.05,SPY,7,0.3963161182345992,0.05,0.05,0.05,0.05,0.05,0.05,0.0736446867388785,0.05,0.1800391950265222
0.05,200,regime,5,2008-05-30 00:00:00,0.2791533863345405,0.5010265653143643,0.0499999999999999,TLT,4,0.0499999999999999,0.0499999999999999,0.0499999999999999,0.0515326839718258,0.5010265653143643,0.0692263013681312,0.0604533808357477,0.052193869069388,0.0499999999999999,0.0655671994405427
0.05,200,regime,5,2008-06-30 00:00:00,0.1659467153403807,0.2876581805265056,0.05,VNQ,7,0.1759897203520709,0.05,0.05,0.05,0.05,0.05,0.05,0.1863520991214234,0.05,0.2876581805265056
0.05,200,regime,5,2008-07-31 00:00:00,0.2251270859694511,0.4295517169731765,0.05,TLT,4,0.05,0.05,0.05,0.0559344192643828,0.4295517169731765,0.1237980364467273,0.0600973779871615,0.0680940796792374,0.05,0.0625243696493143
0.05,200,regime,5,2008-08-29 00:00:00,0.1961312656668943,0.3507315007777591,0.05,GLD,7,0.05,0.05,0.05,0.05,0.0760208584526197,0.05,0.05,0.3507315007777591,0.05,0.223247640769621
0.05,200,regime,5,2008-09-30 00:00:00,0.1736610255722013,0.2891946738162584,0.05,LQD,7,0.05,0.05,0.05,0.1194222379243176,0.241383088259424,0.2891946738162584,0.05,0.05,0.05,0.05
0.05,200,regime,5,2008-10-31 00:00:00,0.1451200457578552,0.2142780992181531,0.05,TLT,6,0.05,0.05,0.05,0.1079889485843852,0.2142780992181531,0.1643487544565726,0.05,0.2133841977408889,0.05,0.05
0.05,200,regime,5,2008-11-28 00:00:00,0.325,0.55,0.05,GLD,9,0.05,0.05,0.05,0.05,0.05,0.05,0.05,0.55,0.05,0.05
0.05,200,regime,5,2008-12-31 00:00:00,0.325,0.55,0.05,GLD,9,0.05,0.05,0.05,0.05,0.05,0.05,0.05,0.55,0.05,0.05
0.05,200,regime,5,2009-01-30 00:00:00,0.325,0.55,0.05,GLD,9,0.05,0.05,0.05,0.05,0.05,0.05,0.05,0.55,0.05,0.05
0.05,200,regime,5,2009-02-27 00:00:00,0.325,0.55,0.05,GLD,9,0.05,0.05,0.05,0.05,0.05,0.05,0.05,0.55,0.05,0.05
0.05,200,regime,5,2009-03-31 00:00:00,0.325,0.55,0.05,GLD,9,0.05,0.05,0.05,0.05,0.05,0.05,0.05,0.55,0.05,0.05
0.05,200,regime,5,2009-04-30 00:00:00,0.3243629023187412,0.5493620884564665,0.05,GLD,8,0.05,0.05,0.05,0.05,0.05,0.0506379115435334,0.05,0.5493620884564665,0.05,0.05
0.05,200,regime,5,2009-05-29 00:00:00,0.1500399737487676,0.2891044662207147,0.05,TLT,5,0.05,0.05,0.05,0.05,0.2891044662207147,0.0952156366028516,0.1128170671392234,0.1363073418411217,0.05,0.1165554881960883
0.05,200,regime,5,2009-06-30 00:00:00,0.1725596215018804,0.2784989077958542,0.05,GLD,5,0.107885946228965,0.05,0.05,0.05,0.05,0.0503632564912259,0.0584965105042252,0.2784989077958542,0.05,0.2547553789797295
0.05,200,regime,5,2009-07-31 00:00:00,0.1656827880540752,0.2621886176189297,0.05,VNQ,7,0.1478563551855963,0.05,0.05,0.05,0.05,0.05,0.05,0.2399550271954739,0.05,0.2621886176189297
0.05,200,regime,5,2009-08-31 00:00:00,0.1709844182497353,0.2725638302032653,0.05,GLD,6,0.1182841701102355,0.05,0.05,0.05,0.05,0.05,0.0547893465249999,0.2725638302032653,0.05,0.2543626531614992
0.05,200,regime,5,2009-09-30 00:00:00,0.172545579988796,0.2902093690687454,0.05,GLD,5,0.1073321303426668,0.05,0.05,0.05,0.05,0.0541980269660081,0.05724216712912,0.2902093690687454,0.05,0.2410183064934596
0.05,200,regime,5,2009-10-30 00:00:00,0.1651635370888878,0.2714953088919251,0.05,GLD,6,0.1472414529430783,0.05,0.05,0.05,0.05,0.0533983562114823,0.05,0.2714953088919251,0.05,0.2278648819535142
0.05,200,regime,5,2009-11-30 00:00:00,0.2509629482799952,0.4602103622948746,0.05,SPY,7,0.4602103622948746,0.05,0.05,0.05,0.05,0.05,0.05,0.0521203087659813,0.05,0.137669328939144
0.05,200,regime,5,2009-12-31 00:00:00,0.2635271267947492,0.4785151691306077,0.05,SPY,7,0.4785151691306077,0.05,0.05,0.05,0.05,0.05,0.05,0.051487225335216,0.05,0.1199976055341762
0.05,200,regime,5,2010-01-29 00:00:00,0.2241864367705129,0.42291966620668,0.05,SPY,7,0.42291966620668,0.05,0.05,0.05,0.05,0.05,0.05,0.0815819620949161,0.05,0.1454983716984039
0.05,200,regime,5,2010-02-26 00:00:00,0.2510163341269826,0.4618186161410483,0.05,SPY,7,0.4618186161410483,0.05,0.05,0.05,0.05,0.05,0.05,0.0584972705077117,0.05,0.1296841133512398
0.05,200,regime,5,2010-03-31 00:00:00,0.2629773024159954,0.4782083291524211,0.05,SPY,7,0.4782083291524211,0.05,0.05,0.05,0.05,0.05,0.05,0.0539747823479307,0.05,0.1178168884996482
0.05,200,regime,5,2010-04-30 00:00:00,0.1601452344670749,0.246687988900255,0.05,SPY,7,0.246687988900255,0.05,0.05,0.05,0.05,0.05,0.05,0.1864905604399833,0.05,0.2168214506597617
0.05,200,regime,5,2010-05-28 00:00:00,0.1886643467673776,0.3720022572850184,0.05,TLT,4,0.05,0.05,0.05,0.0512059467249523,0.3720022572850184,0.0846091190061283,0.0730541714491862,0.1335679234051046,0.05,0.0855605821296099
0.05,200,regime,5,2010-06-30 00:00:00,0.2723471902676539,0.4901935727984176,0.05,SPY,8,0.4901935727984176,0.05,0.05,0.05,0.05,0.05,0.05,0.05,0.05,0.1098064272015824
0.05,200,regime,5,2010-07-30 00:00:00,0.3071348994008885,0.5314464294398258,0.05,TLT,8,0.05,0.05,0.05,0.05,0.5314464294398258,0.0685535705601742,0.05,0.05,0.05,0.05
0.05,200,regime,5,2010-08-31 00:00:00,0.2858519506185973,0.5071858472707502,0.05,SPY,8,0.5071858472707502,0.05,0.05,0.05,0.05,0.05,0.05,0.05,0.05,0.0928141527292498
0.05,200,regime,5,2010-09-30 00:00:00,0.2751778432678098,0.4938786260367679,0.05,SPY,8,0.4938786260367679,0.05,0.05,0.05,0.05,0.05,0.05,0.05,0.05,0.1061213739632321
0.05,200,regime,5,2010-10-29 00:00:00,0.2662442503751439,0.4821329411826053,0.05,SPY,7,0.4821329411826053,0.05,0.05,0.05,0.05,0.05,0.05,0.0507491755370835,0.05,0.1171178832803111
0.05,200,regime,5,2010-11-30 00:00:00,0.1595430428216304,0.2429713041788303,0.05,SPY,7,0.2429713041788303,0.05,0.05,0.05,0.05,0.05,0.05,0.194245891827516,0.05,0.2127828039936536
0.05,200,regime,5,2010-12-31 00:00:00,0.2583719220699193,0.4720713831142848,0.05,SPY,7,0.4720713831142848,0.05,0.05,0.05,0.05,0.05,0.05,0.0558641954441557,0.05,0.1220644214415594
0.05,200,regime,5,2011-01-31 00:00:00,0.2260950224305723,0.4257253334465013,0.05,SPY,7,0.4257253334465013,0.05,0.05,0.05,0.05,0.05,0.05,0.0789454678305587,0.05,0.1453291987229399
0.05,200,regime,5,2011-02-28 00:00:00,0.2631752798255008,0.477966131343414,0.05,SPY,7,0.477966131343414,0.05,0.05,0.05,0.05,0.05,0.05,0.0511899969691493,0.05,0.1208438716874365
0.05,200,regime,5,2011-03-31 00:00:00,0.2654450582519918,0.4808936956502241,0.05,SPY,8,0.4808936956502241,0.05,0.05,0.05,0.05,0.05,0.05,0.05,0.05,0.1191063043497758
0.05,200,regime,5,2011-04-29 00:00:00,0.2786420088143109,0.4982952455485392,0.05,SPY,8,0.4982952455485392,0.05,0.05,0.05,0.05,0.05,0.05,0.05,0.05,0.1017047544514608
0.05,200,regime,5,2011-05-31 00:00:00,0.2768817628328289,0.4960634627267775,0.05,SPY,8,0.4960634627267775,0.05,0.05,0.05,0.05,0.05,0.05,0.05,0.05,0.1039365372732225
0.05,200,regime,5,2011-06-30 00:00:00,0.2375091819806073,0.4419495345874272,0.05,SPY,7,0.4419495345874272,0.05,0.05,0.05,0.05,0.05,0.05,0.0649913193784522,0.05,0.1430591460341205
0.05,200,regime,5,2011-07-29 00:00:00,0.2873199686213568,0.5089497171825758,0.05,SPY,8,0.5089497171825758,0.05,0.05,0.05,0.05,0.05,0.05,0.05,0.05,0.0910502828174242
0.05,200,regime,5,2011-08-31 00:00:00,0.322401654024355,0.5473880090307077,0.05,TLT,8,0.05,0.05,0.05,0.05,0.5473880090307077,0.0526119909692922,0.05,0.05,0.05,0.05
0.05,200,regime,5,2011-09-30 00:00:00,0.1791131771924092,0.2840640773246198,0.05,GLD,7,0.0994029345203046,0.05,0.05,0.05,0.05,0.05,0.05,0.2840640773246198,0.05,0.2665329881550755
0.05,200,regime,5,2011-10-31 00:00:00,0.325,0.55,0.05,GLD,9,0.05,0.05,0.05,0.05,0.05,0.05,0.05,0.55,0.05,0.05
0.05,200,regime,5,2011-11-30 00:00:00,0.1647880190821875,0.3149860802483078,0.0499999999999999,TLT,5,0.1149753545932245,0.0499999999999999,0.0499999999999999,0.0843661399457432,0.3149860802483078,0.1676562115826169,0.0499999999999999,0.0499999999999999,0.0499999999999999,0.0680162136301073
0.05,200,regime,5,2011-12-30 00:00:00,0.325,0.55,0.05,GLD,9,0.05,0.05,0.05,0.05,0.05,0.05,0.05,0.55,0.05,0.05
0.05,200,regime,5,2012-01-31 00:00:00,0.2870695595814364,0.5086498976532656,0.05,SPY,8,0.5086498976532656,0.05,0.05,0.05,0.05,0.05,0.05,0.05,0.05,0.0913501023467343
0.05,200,regime,5,2012-02-29 00:00:00,0.217556223808785,0.4109190017712538,0.05,SPY,7,0.4109190017712538,0.05,0.05,0.05,0.05,0.05,0.05,0.0833332074794381,0.05,0.1557477907493079
0.05,200,regime,5,2012-03-30 00:00:00,0.2654965747449503,0.4810970794813793,0.05,SPY,7,0.4810970794813793,0.05,0.05,0.05,0.05,0.05,0.05,0.0507018189310092,0.05,0.1182011015876113
0.05,200,regime,5,2012-04-30 00:00:00,0.2749454910610799,0.4935787837820559,0.05,SPY,8,0.4935787837820559,0.05,0.05,0.05,0.05,0.05,0.05,0.05,0.05,0.1064212162179441
0.05,200,regime,5,2012-05-31 00:00:00,0.1843162933217974,0.3428660617240449,0.05,SPY,7,0.3428660617240449,0.05,0.05,0.05,0.05,0.05,0.05,0.1212132288658564,0.05,0.1859207094100986
0.05,200,regime,5,2012-06-29 00:00:00,0.2819060650181714,0.5023685561273927,0.05,SPY,8,0.5023685561273927,0.05,0.05,0.05,0.05,0.05,0.05,0.05,0.05,0.0976314438726072
0.05,200,regime,5,2012-07-31 00:00:00,0.2833545376464431,0.5041501134538542,0.05,SPY,8,0.5041501134538542,0.05,0.05,0.05,0.05,0.05,0.05,0.05,0.05,0.0958498865461458
0.05,200,regime,5,2012-08-31 00:00:00,0.2784302287831822,0.4980280646564802,0.05,SPY,8,0.4980280646564802,0.05,0.05,0.05,0.05,0.05,0.05,0.05,0.05,0.1019719353435198
0.05,200,regime,5,2012-09-28 00:00:00,0.2664914192059158,0.4823340604576059,0.05,SPY,8,0.4823340604576059,0.05,0.05,0.05,0.05,0.05,0.05,0.05,0.05,0.117665939542394
0.05,200,regime,5,2012-10-31 00:00:00,0.2711789486105756,0.4886517275438733,0.05,SPY,8,0.4886517275438733,0.05,0.05,0.05,0.05,0.05,0.05,0.05,0.05,0.1113482724561267
0.05,200,regime,5,2012-11-30 00:00:00,0.2790040070204948,0.4987511094566453,0.05,SPY,8,0.4987511094566453,0.05,0.05,0.05,0.05,0.05,0.05,0.05,0.05,0.1012488905433547
0.05,200,regime,5,2012-12-31 00:00:00,0.2690465614952411,0.4858044153071194,0.05,SPY,8,0.4858044153071194,0.05,0.05,0.05,0.05,0.05,0.05,0.05,0.05,0.1141955846928806
0.05,200,regime,5,2013-01-31 00:00:00,0.2683946102550488,0.4849251338448195,0.05,SPY,8,0.4849251338448195,0.05,0.05,0.05,0.05,0.05,0.05,0.05,0.05,0.1150748661551805
0.05,200,regime,5,2013-02-28 00:00:00,0.2548826934671579,0.4672700736768185,0.05,SPY,7,0.4672700736768185,0.05,0.05,0.05,0.05,0.05,0.05,0.0571139870719898,0.05,0.1256159392511916
0.05,200,regime,5,2013-03-28 00:00:00,0.2659266380110452,0.481648473720233,0.05,SPY,7,0.481648473720233,0.05,0.05,0.05,0.05,0.05,0.05,0.0504840165715341,0.05,0.1178675097082328
0.05,200,regime,5,2013-04-30 00:00:00,0.2686079643370043,0.4854038208316577,0.05,SPY,7,0.4854038208316577,0.05,0.05,0.05,0.05,0.05,0.05,0.0511120032585046,0.05,0.1134841759098376
0.05,200,regime,5,2013-05-31 00:00:00,0.2489017742869199,0.4595114770822991,0.05,SPY,7,0.4595114770822991,0.05,0.05,0.05,0.05,0.05,0.05,0.062778602410559,0.05,0.1277099205071417
0.05,200,regime,5,2013-06-28 00:00:00,0.1617882226703473,0.2572838369917509,0.05,GLD,7,0.1742192293524355,0.05,0.05,0.05,0.05,0.05,0.05,0.2572838369917509,0.05,0.2184969336558135
0.05,200,regime,5,2013-07-31 00:00:00,0.2431469607507995,0.4518128592850592,0.05,SPY,7,0.4518128592850592,0.05,0.05,0.05,0.05,0.05,0.05,0.0684910413518723,0.05,0.1296960993630684
0.05,200,regime,5,2013-08-30 00:00:00,0.2749143991014416,0.4935386254749185,0.05,SPY,8,0.4935386254749185,0.05,0.05,0.05,0.05,0.05,0.05,0.05,0.05,0.1064613745250815
0.05,200,regime,5,2013-09-30 00:00:00,0.2345991971687459,0.4395687724124327,0.05,SPY,7,0.4395687724124327,0.05,0.05,0.05,0.05,0.05,0.05,0.075738158708858,0.05,0.1346930688787093
0.05,200,regime,5,2013-10-31 00:00:00,0.2526394008869107,0.464908236342998,0.05,SPY,7,0.464908236342998,0.05,0.05,0.05,0.05,0.05,0.05,0.0619660503989125,0.05,0.1231257132580894
0.05,200,regime,5,2013-11-29 00:00:00,0.2341263828503522,0.438936846800327,0.05,SPY,7,0.438936846800327,0.05,0.05,0.05,0.05,0.05,0.05,0.07648850468893,0.05,0.1345746485107429
0.05,200,regime,5,2013-12-31 00:00:00,0.2388692487484152,0.4458375376666879,0.05,SPY,7,0.4458375376666879,0.05,0.05,0.05,0.05,0.05,0.05,0.072441871838903,0.05,0.1317205904944089
0.05,200,regime,5,2014-01-31 00:00:00,0.2502146554200538,0.4615823737287481,0.05,SPY,7,0.4615823737287481,0.05,0.05,0.05,0.05,0.05,0.05,0.0633400041357506,0.05,0.1250776221355012
0.05,200,regime,5,2014-02-28 00:00:00,0.2751313803286491,0.4938187043717002,0.05,SPY,8,0.4938187043717002,0.05,0.05,0.05,0.05,0.05,0.05,0.05,0.05,0.1061812956282998
0.05,200,regime,5,2014-03-31 00:00:00,0.2749488454046265,0.4935831157469919,0.05,SPY,8,0.4935831157469919,0.05,0.05,0.05,0.05,0.05,0.05,0.05,0.05,0.1064168842530081
0.05,200,regime,5,2014-04-30 00:00:00,0.2721889200021785,0.4899854204961245,0.05,SPY,8,0.4899854204961245,0.05,0.05,0.05,0.05,0.05,0.05,0.05,0.05,0.1100145795038754
0.05,200,regime,5,2014-05-30 00:00:00,0.2623353228819388,0.4771115960921047,0.05,SPY,7,0.4771115960921047,0.05,0.05,0.05,0.05,0.05,0.05,0.0528685585984336,0.05,0.1200198453094617
0.05,200,regime,5,2014-06-30 00:00:00,0.2532389823575059,0.4652001403900951,0.05,SPY,7,0.4652001403900951,0.05,0.05,0.05,0.05,0.05,0.05,0.0588416396025191,0.05,0.1259582200073856
0.05,200,regime,5,2014-07-31 00:00:00,0.2687529821068437,0.4854089832058357,0.05,SPY,8,0.4854089832058357,0.05,0.05,0.05,0.05,0.05,0.05,0.05,0.05,0.1145910167941643
0.05,200,regime,5,2014-08-29 00:00:00,0.2715648878567142,0.4891624802342079,0.05,SPY,8,0.4891624802342079,0.05,0.05,0.05,0.05,0.05,0.05,0.05,0.05,0.1108375197657921
0.05,200,regime,5,2014-09-30 00:00:00,0.2562213931221624,0.4692979136812762,0.05,SPY,7,0.4692979136812762,0.05,0.05,0.05,0.05,0.05,0.05,0.0575315418179787,0.05,0.1231705445007449
0.05,200,regime,5,2014-10-31 00:00:00,0.2727115187862667,0.4906718631396183,0.05,SPY,8,0.4906718631396183,0.05,0.05,0.05,0.05,0.05,0.05,0.05,0.05,0.1093281368603816
0.05,200,regime,5,2014-11-28 00:00:00,0.2376916815274285,0.4431448293883893,0.05,SPY,7,0.4431448293883893,0.05,0.05,0.05,0.05,0.05,0.05,0.0686438900637487,0.05,0.1382112805478619
0.05,200,regime,6,2008-04-30 00:00:00,0.2059243847526612,0.3568696098545591,0.05,VNQ,7,0.2417118016898427,0.05,0.05,0.05,0.05,0.05,0.05,0.0514185884555981,0.05,0.3568696098545591
0.05,200,regime,6,2008-05-30 00:00:00,0.2154999612822409,0.4128062365304875,0.05,GLD,5,0.05,0.05,0.05,0.05,0.0739990612250824,0.0724605627547161,0.0525020364227446,0.4128062365304875,0.1382321030669693,0.05
0.05,200,regime,6,2008-06-30 00:00:00,0.1812302180546358,0.3501784641740279,0.05,TLT,5,0.0645110434084524,0.05,0.05,0.05,0.3501784641740279,0.0584113333377807,0.05,0.1483270931408992,0.05,0.1285720659388397
0.05,200,regime,6,2008-07-31 00:00:00,0.1973829000985929,0.3529812655281333,0.05,VNQ,7,0.2232658451195114,0.05,0.05,0.05,0.05,0.05,0.05,0.0737528893523552,0.05,0.3529812655281333
0.05,200,regime,6,2008-08-29 00:00:00,0.1789359173340467,0.3339616713546964,0.05,TLT,6,0.0594341289780169,0.05,0.05,0.05,0.3339616713546964,0.05,0.05,0.1838801645683532,0.05,0.1227240350989333
0.05,200,regime,6,2008-09-30 00:00:00,0.2721678260033062,0.4906640849876289,0.05,TLT,7,0.05,0.05,0.05,0.05,0.4906640849876289,0.1043925889508033,0.05,0.0549433260615677,0.05,0.05
0.05,200,regime,6,2008-10-31 00:00:00,0.2468127673519201,0.4584906534583987,0.05,TLT,7,0.05,0.05,0.05,0.05,0.4584906534583987,0.1152633013211674,0.05,0.0762460452204337,0.05,0.05
0.05,200,regime,6,2008-11-28 00:00:00,0.2942098288011868,0.5174423866329352,0.05,TLT,7,0.05,0.05,0.05,0.05,0.5174423866329352,0.0568595475297379,0.05,0.0756980658373268,0.05,0.05
0.05,200,regime,6,2008-12-31 00:00:00,0.1594275941495403,0.2678532784453827,0.05,GLD,6,0.064984154495875,0.05,0.05,0.05,0.2065497370632313,0.05,0.05,0.2678532784453827,0.05,0.1606128299955108
0.05,200,regime,6,2009-01-30 00:00:00,0.197754309757123,0.3284909933466123,0.05,VNQ,7,0.262400842089226,0.05,0.05,0.05,0.05,0.05,0.05,0.0591081645641617,0.05,0.3284909933466123
0.05,200,regime,6,2009-02-27 00:00:00,0.2078396806212471,0.3626086280845024,0.05,VNQ,8,0.2373913719154976,0.05,0.05,0.05,0.05,0.05,0.05,0.05,0.05,0.3626086280845024
0.05,200,regime,6,2009-03-31 00:00:00,0.2238705810895447,0.4092487553465593,0.05,VNQ,8,0.1907512446534406,0.05,0.05,0.05,0.05,0.05,0.05,0.05,0.05,0.4092487553465593
0.05,200,regime,6,2009-04-30 00:00:00,0.2436538605587777,0.4477393998884146,0.05,GLD,8,0.05,0.05,0.05,0.05,0.05,0.05,0.05,0.4477393998884146,0.1522606001115854,0.05
0.05,200,regime,6,2009-05-29 00:00:00,0.1453275773365679,0.2555340928608136,0.05,GLD,5,0.05,0.05,0.05,0.05,0.1702802618553317,0.1560981354616297,0.0795048249087283,0.2555340928608136,0.0885826849134965,0.05
0.05,200,regime,6,2009-06-30 00:00:00,0.154371920814283,0.2480774446462688,0.05,GLD,5,0.05,0.05,0.05,0.05,0.2310882439922843,0.1308846675912937,0.0713851683749691,0.2480774446462688,0.068564475395184,0.05
0.05,200,regime,6,2009-07-31 00:00:00,0.2060932528873799,0.3716715480870763,0.05,VNQ,7,0.2157153515452268,0.05,0.05,0.05,0.05,0.05,0.05,0.0626131003676969,0.05,0.3716715480870763
0.05,200,regime,6,2009-08-31 00:00:00,0.3009561789122805,0.5249532819903154,0.05,GLD,7,0.05,0.05,0.05,0.05,0.05,0.0569605450865035,0.05,0.5249532819903154,0.068086172923181,0.05
0.05,200,regime,6,2009-09-30 00:00:00,0.2409043572804516,0.4430111136947958,0.05,GLD,8,0.05,0.05,0.05,0.05,0.05,0.05,0.05,0.4430111136947958,0.1569888863052042,0.05
0.05,200,regime,6,2009-10-30 00:00:00,0.2452978847321811,0.4504956556385949,0.05,GLD,8,0.05,0.05,0.05,0.05,0.05,0.05,0.05,0.4504956556385949,0.1495043443614051,0.05
0.05,200,regime,6,2009-11-30 00:00:00,0.2057178984875103,0.3534691429121052,0.05,VNQ,8,0.2465308570878949,0.05,0.05,0.05,0.05,0.05,0.05,0.05,0.05,0.3534691429121052
0.05,200,regime,6,2009-12-31 00:00:00,0.1759224599562391,0.2913384805965209,0.05,VNQ,7,0.247247278051636,0.05,0.05,0.05,0.05,0.05,0.05,0.1114142413518431,0.05,0.2913384805965209
0.05,200,regime,6,2010-01-29 00:00:00,0.2836976269887378,0.5045698254737704,0.05,GLD,8,0.05,0.05,0.05,0.05,0.05,0.05,0.05,0.5045698254737704,0.0954301745262296,0.05
0.05,200,regime,6,2010-02-26 00:00:00,0.1714432541456829,0.273625764050652,0.05,SPY,7,0.273625764050652,0.05,0.05,0.05,0.05,0.05,0.05,0.1239866014263156,0.05,0.2523876345230324
0.05,200,regime,6,2010-03-31 00:00:00,0.2781203716592958,0.4984102448649977,0.05,GLD,7,0.0568492640651117,0.05,0.05,0.05,0.05,0.05,0.05,0.4984102448649977,0.0947404910698905,0.05
0.05,200,regime,6,2010-04-30 00:00:00,0.1755640978933606,0.3084353425375457,0.05,VNQ,7,0.2187329791615685,0.05,0.05,0.05,0.05,0.05,0.05,0.1228316783008858,0.05,0.3084353425375457
0.05,200,regime,6,2010-05-28 00:00:00,0.2025486442926334,0.3901408489678921,0.05,GLD,6,0.05,0.05,0.05,0.05,0.1341086420506257,0.118774394308525,0.056976114672957,0.3901408489678921,0.05,0.05
0.05,200,regime,6,2010-06-30 00:00:00,0.2018151487824632,0.3301259753573488,0.05,VNQ,8,0.2698740246426512,0.05,0.05,0.05,0.05,0.05,0.05,0.05,0.05,0.3301259753573488
0.05,200,regime,6,2010-07-30 00:00:00,0.2629636153577038,0.4774311350323046,0.05,GLD,8,0.05,0.05,0.05,0.05,0.05,0.05,0.05,0.4774311350323046,0.1225688649676954,0.05
0.05,200,regime,6,2010-08-31 00:00:00,0.2868095132461725,0.5083380825079424,0.05,GLD,8,0.05,0.05,0.05,0.05,0.05,0.05,0.05,0.5083380825079424,0.0916619174920576,0.05
0.05,200,regime,6,2010-09-30 00:00:00,0.1880114147215376,0.2960456730651538,0.05,VNQ,7,0.2775419222126903,0.05,0.05,0.05,0.05,0.05,0.05,0.0764124047221558,0.05,0.2960456730651538
0.05,200,regime,6,2010-10-29 00:00:00,0.2568529725892142,0.4692776650415891,0.05,GLD,6,0.0515790985128434,0.05,0.05,0.05,0.05,0.05,0.05,0.4692776650415891,0.1278135631055593,0.0513296733400081
0.05,200,regime,6,2010-11-30 00:00:00,0.2385781062967977,0.4388850357252315,0.05,GLD,8,0.05,0.05,0.05,0.05,0.05,0.05,0.05,0.4388850357252315,0.1611149642747685,0.05
0.05,200,regime,6,2010-12-31 00:00:00,0.2000146053084295,0.3027023423570483,0.05,SPY,8,0.3027023423570483,0.05,0.05,0.05,0.05,0.05,0.05,0.05,0.05,0.2972976576429518
0.05,200,regime,6,2011-01-31 00:00:00,0.2135130884279394,0.4100334733799553,0.05,GLD,6,0.0955032434676645,0.05,0.05,0.05,0.05,0.05,0.05,0.4100334733799553,0.0629039168055069,0.1315593663468732
0.05,200,regime,6,2011-02-28 00:00:00,0.2000316212068367,0.3039762549488581,0.05,SPY,8,0.3039762549488581,0.05,0.05,0.05,0.05,0.05,0.05,0.05,0.05,0.296023745051142
0.05,200,regime,6,2011-03-31 00:00:00,0.1983894898270463,0.3000133942311337,0.05,SPY,7,0.3000133942311337,0.05,0.05,0.05,0.05,0.05,0.05,0.0532638056371458,0.05,0.2967228001317205
0.05,200,regime,6,2011-04-29 00:00:00,0.1982111837377385,0.3002034038913772,0.05,SPY,7,0.3002034038913772,0.05,0.05,0.05,0.05,0.05,0.05,0.0536335655366092,0.05,0.2961630305720136
0.05,200,regime,6,2011-05-31 00:00:00,0.1589275661353359,0.2348804978491732,0.05,VNQ,7,0.2006093074749902,0.05,0.05,0.05,0.05,0.05,0.05,0.2145101946758364,0.05,0.2348804978491732
0.05,200,regime,6,2011-06-30 00:00:00,0.2795983068275104,0.4994972516446159,0.05,GLD,8,0.05,0.05,0.05,0.05,0.05,0.05,0.05,0.4994972516446159,0.100502748355384,0.05
0.05,200,regime,6,2011-07-29 00:00:00,0.2829441199706909,0.5036469002596049,0.05,GLD,8,0.05,0.05,0.05,0.05,0.05,0.05,0.05,0.5036469002596049,0.096353099740395,0.05
0.05,200,regime,6,2011-08-31 00:00:00,0.2724086958214461,0.4923825685875371,0.05,TLT,7,0.05,0.05,0.05,0.05,0.4923825685875371,0.0739882058756117,0.05,0.0836292255368511,0.05,0.05
0.05,200,regime,6,2011-09-30 00:00:00,0.210997198914797,0.3771537408178657,0.05,VNQ,7,0.2201778731195534,0.05,0.05,0.05,0.05,0.05,0.05,0.0526683860625808,0.05,0.3771537408178657
0.05,200,regime,6,2011-10-31 00:00:00,0.2347048059413543,0.4391781840751286,0.05,TLT,7,0.05,0.05,0.05,0.05,0.4391781840751286,0.0729732019793007,0.05,0.1378486139455706,0.05,0.05
0.05,200,regime,6,2011-11-30 00:00:00,0.2142895862559903,0.3845268781394129,0.05,VNQ,8,0.2154731218605871,0.05,0.05,0.05,0.05,0.05,0.05,0.05,0.05,0.3845268781394129
0.05,200,regime,6,2011-12-30 00:00:00,0.3137791216070268,0.5385153261396706,0.05,GLD,8,0.05,0.05,0.05,0.05,0.05,0.05,0.05,0.5385153261396706,0.0614846738603293,0.05
0.05,200,regime,6,2012-01-31 00:00:00,0.2808467139566167,0.5019265578732198,0.05,GLD,7,0.0589772999835221,0.05,0.05,0.05,0.05,0.05,0.05,0.5019265578732198,0.089096142143258,0.05
0.05,200,regime,6,2012-02-29 00:00:00,0.197120384734016,0.3136717295491911,0.05,VNQ,7,0.2792318579521688,0.05,0.05,0.05,0.05,0.05,0.05,0.0570964124986399,0.05,0.3136717295491911
0.05,200,regime,6,2012-03-30 00:00:00,0.2000208240261712,0.3032267651116183,0.05,SPY,8,0.3032267651116183,0.05,0.05,0.05,0.05,0.05,0.05,0.05,0.05,0.2967732348883818
0.05,200,regime,6,2012-04-30 00:00:00,0.200146960582943,0.308572064597952,0.05,SPY,8,0.308572064597952,0.05,0.05,0.05,0.05,0.05,0.05,0.05,0.05,0.2914279354020481
0.05,200,regime,6,2012-05-31 00:00:00,0.1867028759070475,0.2921471262628216,0.05,VNQ,7,0.2784844423288334,0.05,0.05,0.05,0.05,0.05,0.05,0.079368431408345,0.05,0.2921471262628216
0.05,200,regime,6,2012-06-29 00:00:00,0.2868229243480862,0.5083541748418857,0.05,GLD,8,0.05,0.05,0.05,0.05,0.05,0.05,0.05,0.5083541748418857,0.0916458251581142,0.05
0.05,200,regime,6,2012-07-31 00:00:00,0.2995463264701035,0.5230989987316208,0.05,GLD,8,0.05,0.05,0.05,0.05,0.05,0.05,0.05,0.5230989987316208,0.0769010012683791,0.05
0.05,200,regime,6,2012-08-31 00:00:00,0.2395148208840861,0.4487547587936941,0.05,GLD,6,0.0621172282603896,0.05,0.05,0.05,0.05,0.05,0.05,0.4487547587936941,0.1209338249868472,0.0681941879590691
0.05,200,regime,6,2012-09-28 00:00:00,0.2000072501380714,0.3019039614060383,0.05,VNQ,8,0.2980960385939617,0.05,0.05,0.05,0.05,0.05,0.05,0.05,0.05,0.3019039614060383
0.05,200,regime,6,2012-10-31 00:00:00,0.2000000630791244,0.3001775938123923,0.05,SPY,8,0.3001775938123923,0.05,0.05,0.05,0.05,0.05,0.05,0.05,0.05,0.2998224061876077
0.05,200,regime,6,2012-11-30 00:00:00,0.1997979557172516,0.3035899983226161,0.05,SPY,7,0.3035899983226161,0.05,0.05,0.05,0.05,0.05,0.05,0.0504631497758554,0.05,0.2959468519015283
0.05,200,regime,6,2012-12-31 00:00:00,0.198917981286432,0.309790971313388,0.05,SPY,7,0.309790971313388,0.05,0.05,0.05,0.05,0.05,0.05,0.052681254766688,0.05,0.2875277739199239
0.05,200,regime,6,2013-01-31 00:00:00,0.1997510651098656,0.3110960551174567,0.05,SPY,7,0.3110960551174567,0.05,0.05,0.05,0.05,0.05,0.05,0.0510408925717194,0.05,0.2878630523108239
0.05,200,regime,6,2013-02-28 00:00:00,0.2001828514590833,0.3116751489784763,0.05,SPY,7,0.3116751489784763,0.05,0.05,0.05,0.05,0.05,0.05,0.0501884776083748,0.05,0.2881363734131489
0.05,200,regime,6,2013-03-28 00:00:00,0.2003006060901754,0.3125774201063986,0.05,SPY,7,0.3125774201063986,0.05,0.05,0.05,0.05,0.05,0.05,0.0500332300141061,0.05,0.2873893498794952
0.05,200,regime,6,2013-04-30 00:00:00,0.1984570330363705,0.3267738672016385,0.05,SPY,7,0.3267738672016385,0.05,0.05,0.05,0.05,0.05,0.05,0.0568793414378188,0.05,0.2663467913605427
0.05,200,regime,6,2013-05-31 00:00:00,0.1985834105325424,0.3156809592722194,0.05,SPY,7,0.3156809592722194,0.05,0.05,0.05,0.05,0.05,0.05,0.0541455124070399,0.05,0.2801735283207406
0.05,200,regime,6,2013-06-28 00:00:00,0.2551014582585586,0.4702662104553635,0.05,GLD,7,0.05,0.05,0.05,0.05,0.05,0.077639221026414,0.05,0.4702662104553635,0.1020945685182224,0.05
0.05,200,regime,6,2013-07-31 00:00:00,0.275227766299188,0.495499629387775,0.05,GLD,7,0.0655732568549254,0.05,0.05,0.05,0.05,0.05,0.05,0.495499629387775,0.0889271137572994,0.05
0.05,200,regime,6,2013-08-30 00:00:00,0.1990412533188564,0.3078571100182306,0.05,SPY,7,0.3078571100182306,0.05,0.05,0.05,0.05,0.05,0.05,0.0522556746833599,0.05,0.2898872152984094
0.05,200,regime,6,2013-09-30 00:00:00,0.2000677565497901,0.3058205046941861,0.05,SPY,8,0.3058205046941861,0.05,0.05,0.05,0.05,0.05,0.05,0.05,0.05,0.2941794953058139
0.05,200,regime,6,2013-10-31 00:00:00,0.1998611556206787,0.3089988246466232,0.05,SPY,7,0.3089988246466232,0.05,0.05,0.05,0.05,0.05,0.05,0.0506256920740396,0.05,0.290375483279337
0.05,200,regime,6,2013-11-29 00:00:00,0.199970416267426,0.3137119410348865,0.05,SPY,7,0.3137119410348865,0.05,0.05,0.05,0.05,0.05,0.05,0.050861454011415,0.05,0.2854266049536985
0.05,200,regime,6,2013-12-31 00:00:00,0.2004057611923429,0.3142436159794992,0.05,SPY,8,0.3142436159794992,0.05,0.05,0.05,0.05,0.05,0.05,0.05,0.05,0.2857563840205008
0.05,200,regime,6,2014-01-31 00:00:00,0.2004516033700533,0.3150266990728721,0.05,SPY,8,0.3150266990728721,0.05,0.05,0.05,0.05,0.05,0.05,0.05,0.05,0.2849733009271279
0.05,200,regime,6,2014-02-28 00:00:00,0.1994693702206134,0.3114780016421282,0.05,SPY,7,0.3114780016421282,0.05,0.05,0.05,0.05,0.05,0.05,0.0516764486896469,0.05,0.2868455496682248
0.05,200,regime,6,2014-03-31 00:00:00,0.1973959123798957,0.3102100703110368,0.05,SPY,7,0.3102100703110368,0.05,0.05,0.05,0.05,0.05,0.05,0.0560155845807524,0.05,0.2837743451082107
0.05,200,regime,6,2014-04-30 00:00:00,0.1965052083998996,0.3067847642125667,0.05,SPY,7,0.3067847642125667,0.05,0.05,0.05,0.05,0.05,0.05,0.0576120745408562,0.05,0.2856031612465771
0.05,200,regime,6,2014-05-30 00:00:00,0.1954522509838357,0.3093751691205287,0.05,SPY,7,0.3093751691205287,0.05,0.05,0.05,0.05,0.05,0.05,0.0602519365891377,0.05,0.2803728942903336
0.05,200,regime,6,2014-06-30 00:00:00,0.1952896126376346,0.305893758828779,0.05,SPY,7,0.305893758828779,0.05,0.05,0.05,0.05,0.05,0.05,0.0602182683687318,0.05,0.2838879728024892
0.05,200,regime,6,2014-07-31 00:00:00,0.1966880305055735,0.3095639124262887,0.05,SPY,7,0.3095639124262887,0.05,0.05,0.05,0.05,0.05,0.05,0.0575019185703305,0.05,0.2829341690033808
0.05,200,regime,6,2014-08-29 00:00:00,0.1977148549107664,0.3074411443053934,0.05,SPY,7,0.3074411443053934,0.05,0.05,0.05,0.05,0.05,0.05,0.0550436483051212,0.05,0.2875152073894854
0.05,200,regime,6,2014-09-30 00:00:00,0.1982979868104441,0.3107529525436447,0.05,SPY,7,0.3107529525436447,0.05,0.05,0.05,0.05,0.05,0.05,0.0541109493219162,0.05,0.2851360981344389
0.05,200,regime,6,2014-10-31 00:00:00,0.1958024979969766,0.3119333615951103,0.05,SPY,7,0.3119333615951103,0.05,0.05,0.05,0.05,0.05,0.05,0.0598189659338392,0.05,0.2782476724710505
0.05,200,regime,6,2014-11-28 00:00:00,0.1937195865572381,0.2935963681212062,0.05,SPY,7,0.2935963681212062,0.05,0.05,0.05,0.05,0.05,0.05,0.0630736595764162,0.05,0.2933299723023775
0.05,200,regime,7,2008-04-30 00:00:00,0.2007048436774123,0.3187729017124715,0.05,VNQ,8,0.2812270982875286,0.05,0.05,0.05,0.05,0.05,0.05,0.05,0.05,0.3187729017124715
0.05,200,regime,7,2008-05-30 00:00:00,0.325,0.55,0.05,GLD,9,0.05,0.05,0.05,0.05,0.05,0.05,0.05,0.55,0.05,0.05
0.05,200,regime,7,2008-06-30 00:00:00,0.2722105523453557,0.4918870723569489,0.05,GLD,7,0.05,0.05,0.05,0.05,0.0904101295189349,0.05,0.05,0.4918870723569489,0.05,0.0677027981241161
0.05,200,regime,7,2008-07-31 00:00:00,0.2319157772588516,0.4317725356481694,0.05,TLT,7,0.05,0.05,0.05,0.05,0.4317725356481694,0.1548118810448089,0.05,0.05,0.05,0.0634155833070216
0.05,200,regime,7,2008-08-29 00:00:00,0.2915216325240062,0.513917779209684,0.05,GLD,8,0.05,0.05,0.05,0.05,0.05,0.05,0.05,0.513917779209684,0.05,0.086082220790316
0.05,200,regime,7,2008-09-30 00:00:00,0.2786568408641387,0.4983139441190895,0.05,LQD,8,0.05,0.05,0.05,0.05,0.1016860558809105,0.4983139441190895,0.05,0.05,0.05,0.05
0.05,200,regime,7,2008-10-31 00:00:00,0.1688730257000124,0.2803738595416419,0.05,GLD,7,0.05,0.05,0.05,0.05,0.1376337170613735,0.2319924233969846,0.05,0.2803738595416419,0.05,0.05
0.05,200,regime,7,2008-11-28 00:00:00,0.3227572135589911,0.5477470621006343,0.05,GLD,8,0.05,0.05,0.05,0.05,0.05,0.0522529378993657,0.05,0.5477470621006343,0.05,0.05
0.05,200,regime,7,2008-12-31 00:00:00,0.325,0.55,0.05,GLD,9,0.05,0.05,0.05,0.05,0.05,0.05,0.05,0.55,0.05,0.05
0.05,200,regime,7,2009-01-30 00:00:00,0.3178109450911333,0.5427044963439421,0.05,GLD,8,0.05,0.05,0.05,0.05,0.0572955036560578,0.05,0.05,0.5427044963439421,0.05,0.05
0.05,200,regime,7,2009-02-27 00:00:00,0.1768131824892018,0.3151097410895391,0.05,GLD,7,0.05,0.05,0.05,0.05,0.2118483433204883,0.1230419155899725,0.05,0.3151097410895391,0.05,0.05
0.05,200,regime,7,2009-03-31 00:00:00,0.325,0.55,0.05,LQD,9,0.05,0.05,0.05,0.05,0.05,0.55,0.05,0.05,0.05,0.05
0.05,200,regime,7,2009-04-30 00:00:00,0.325,0.55,0.05,LQD,9,0.05,0.05,0.05,0.05,0.05,0.55,0.05,0.05,0.05,0.05
0.05,200,regime,7,2009-05-29 00:00:00,0.325,0.55,0.05,LQD,9,0.05,0.05,0.05,0.05,0.05,0.55,0.05,0.05,0.05,0.05
0.05,200,regime,7,2009-06-30 00:00:00,0.1658476183602702,0.2613239568193023,0.05,VNQ,7,0.2418925938272634,0.05,0.05,0.05,0.05,0.1467834493534342,0.05,0.05,0.05,0.2613239568193023
0.05,200,regime,7,2009-07-31 00:00:00,0.2019638591313547,0.3313357553870553,0.05,VNQ,8,0.2686642446129447,0.05,0.05,0.05,0.05,0.05,0.05,0.05,0.05,0.3313357553870553
0.05,200,regime,7,2009-08-31 00:00:00,0.2044306875086878,0.3929035136616441,0.05,GLD,6,0.1089391115955453,0.05,0.05,0.05,0.0569087108281697,0.05,0.05,0.3929035136616441,0.05,0.1412486639146407
0.05,200,regime,7,2009-09-30 00:00:00,0.325,0.55,0.05,GLD,9,0.05,0.05,0.05,0.05,0.05,0.05,0.05,0.55,0.05,0.05
0.05,200,regime,7,2009-10-30 00:00:00,0.325,0.55,0.05,GLD,9,0.05,0.05,0.05,0.05,0.05,0.05,0.05,0.55,0.05,0.05
0.05,200,regime,7,2009-11-30 00:00:00,0.2071214885882551,0.3596719724336942,0.05,SPY,8,0.3596719724336942,0.05,0.05,0.05,0.05,0.05,0.05,0.05,0.05,0.2403280275663058
0.05,200,regime,7,2009-12-31 00:00:00,0.1829631032915349,0.3609481661821898,0.05,GLD,5,0.1066829898266368,0.05,0.05,0.05,0.1060797981247631,0.0564709780853057,0.05,0.3609481661821898,0.05,0.1198180677811044
0.05,200,regime,7,2010-01-29 00:00:00,0.3237458908633345,0.5487427294046345,0.05,GLD,8,0.05,0.05,0.05,0.05,0.0512572705953654,0.05,0.05,0.5487427294046345,0.05,0.05
0.05,200,regime,7,2010-02-26 00:00:00,0.195906247901812,0.3170332673461271,0.05,VNQ,6,0.2725399124796021,0.05,0.05,0.05,0.0519645567231324,0.05,0.05,0.0584622634511384,0.05,0.3170332673461271
0.05,200,regime,7,2010-03-31 00:00:00,0.1664605460353242,0.2846797717360395,0.05,SPY,7,0.2846797717360395,0.05,0.05,0.05,0.05,0.05,0.05,0.15828247058072,0.05,0.2070377576832405
0.05,200,regime,7,2010-04-30 00:00:00,0.325,0.55,0.05,GLD,9,0.05,0.05,0.05,0.05,0.05,0.05,0.05,0.55,0.05,0.05
0.05,200,regime,7,2010-05-28 00:00:00,0.3188504327324459,0.5437728786518774,0.05,TLT,8,0.05,0.05,0.05,0.05,0.5437728786518774,0.05,0.05,0.05,0.05,0.0562271213481226
0.05,200,regime,7,2010-06-30 00:00:00,0.2003060404975677,0.3123701353583484,0.05,VNQ,8,0.2876298646416517,0.05,0.05,0.05,0.05,0.05,0.05,0.05,0.05,0.3123701353583484
0.05,200,regime,7,2010-07-30 00:00:00,0.3016883113391067,0.5254864866672798,0.05,GLD,8,0.05,0.05,0.05,0.05,0.0745135133327201,0.05,0.05,0.5254864866672798,0.05,0.05
0.05,200,regime,7,2010-08-31 00:00:00,0.3241894485387009,0.5491881302737963,0.05,GLD,8,0.05,0.05,0.05,0.05,0.0508118697262036,0.05,0.05,0.5491881302737963,0.05,0.05
0.05,200,regime,7,2010-09-30 00:00:00,0.3186339848808878,0.543550800533367,0.05,GLD,8,0.05,0.05,0.05,0.05,0.05,0.05,0.05,0.543550800533367,0.05,0.0564491994666329
0.05,200,regime,7,2010-10-29 00:00:00,0.3096379352317545,0.5341849989652505,0.05,GLD,7,0.0516719219592023,0.05,0.05,0.05,0.05,0.05,0.05,0.5341849989652505,0.05,0.064143079075547
0.05,200,regime,7,2010-11-30 00:00:00,0.2909918258409649,0.5138168136152719,0.05,GLD,7,0.057815948193994,0.05,0.05,0.05,0.05,0.05,0.05,0.5138168136152719,0.05,0.0783672381907341
0.05,200,regime,7,2010-12-31 00:00:00,0.2203850690666585,0.4009580830509832,0.05,SPY,8,0.4009580830509832,0.05,0.05,0.05,0.05,0.05,0.05,0.05,0.05,0.1990419169490168
0.05,200,regime,7,2011-01-31 00:00:00,0.2074258602242739,0.3744300200832746,0.05,SPY,7,0.3744300200832746,0.05,0.05,0.05,0.05,0.05,0.05,0.061108352809032,0.05,0.2144616271076933
0.05,200,regime,7,2011-02-28 00:00:00,0.2787144035342158,0.4983864959293044,0.05,SPY,8,0.4983864959293044,0.05,0.05,0.05,0.05,0.05,0.05,0.05,0.05,0.1016135040706956
0.05,200,regime,7,2011-03-31 00:00:00,0.2718865853468539,0.4895871637886567,0.05,SPY,8,0.4895871637886567,0.05,0.05,0.05,0.05,0.05,0.05,0.05,0.05,0.1104128362113433
0.05,200,regime,7,2011-04-29 00:00:00,0.2728450206575507,0.490846824256458,0.0499999999999999,SPY,8,0.490846824256458,0.0499999999999999,0.0499999999999999,0.0499999999999999,0.0499999999999999,0.0499999999999999,0.0499999999999999,0.0499999999999999,0.0499999999999999,0.1091531757435419
0.05,200,regime,7,2011-05-31 00:00:00,0.325,0.55,0.05,GLD,9,0.05,0.05,0.05,0.05,0.05,0.05,0.05,0.55,0.05,0.05
0.05,200,regime,7,2011-06-30 00:00:00,0.325,0.55,0.05,GLD,9,0.05,0.05,0.05,0.05,0.05,0.05,0.05,0.55,0.05,0.05
0.05,200,regime,7,2011-07-29 00:00:00,0.3191239520216621,0.5440532237255452,0.05,GLD,8,0.05,0.05,0.05,0.05,0.0559467762744547,0.05,0.05,0.5440532237255452,0.05,0.05
0.05,200,regime,7,2011-08-31 00:00:00,0.325,0.55,0.05,TLT,9,0.05,0.05,0.05,0.05,0.55,0.05,0.05,0.05,0.05,0.05
0.05,200,regime,7,2011-09-30 00:00:00,0.2110765066187407,0.4009814605572054,0.05,VNQ,6,0.1588342395879757,0.05,0.05,0.05,0.0592238409566532,0.05,0.05,0.0809604588981656,0.05,0.4009814605572054
0.05,200,regime,7,2011-10-31 00:00:00,0.2852016151064431,0.5063996307003032,0.05,GLD,8,0.05,0.05,0.05,0.05,0.0936003692996967,0.05,0.05,0.5063996307003032,0.05,0.05
0.05,200,regime,7,2011-11-30 00:00:00,0.1648981084066682,0.2992785075828559,0.05,VNQ,6,0.0774022972452607,0.05,0.05,0.05,0.1938443509911315,0.1294748441807518,0.05,0.05,0.05,0.2992785075828559
0.05,200,regime,7,2011-12-30 00:00:00,0.2002696239409302,0.3116108557163158,0.05,VNQ,8,0.2883891442836843,0.05,0.05,0.05,0.05,0.05,0.05,0.05,0.05,0.3116108557163158
0.05,200,regime,7,2012-01-31 00:00:00,0.1991638011027647,0.358541690755272,0.05,SPY,7,0.358541690755272,0.05,0.05,0.05,0.05,0.05,0.05,0.072798762880588,0.05,0.21865954636414
0.05,200,regime,7,2012-02-29 00:00:00,0.1596999486602747,0.2465325671688686,0.05,SPY,7,0.2465325671688686,0.05,0.05,0.05,0.05,0.05,0.05,0.1979483955751192,0.05,0.2055190372560121
0.05,200,regime,7,2012-03-30 00:00:00,0.2817498823644139,0.5021755207294072,0.05,SPY,8,0.5021755207294072,0.05,0.05,0.05,0.05,0.05,0.05,0.05,0.05,0.0978244792705928
0.05,200,regime,7,2012-04-30 00:00:00,0.2804460175850898,0.5005567470631316,0.05,SPY,8,0.5005567470631316,0.05,0.05,0.05,0.05,0.05,0.05,0.05,0.05,0.0994432529368684
0.05,200,regime,7,2012-05-31 00:00:00,0.2272386384235889,0.4276526897519799,0.05,SPY,7,0.4276526897519799,0.05,0.05,0.05,0.05,0.05,0.05,0.0785190062649189,0.05,0.1438283039831012
0.05,200,regime,7,2012-06-29 00:00:00,0.1933595297499834,0.3715504324039991,0.05,GLD,6,0.1263697329346542,0.05,0.05,0.05,0.0567546673029819,0.05,0.05,0.3715504324039991,0.05,0.1453251673583648
0.05,200,regime,7,2012-07-31 00:00:00,0.3182941569121522,0.5432017237933895,0.05,GLD,8,0.05,0.05,0.05,0.05,0.0567982762066104,0.05,0.05,0.5432017237933895,0.05,0.05
0.05,200,regime,7,2012-08-31 00:00:00,0.2757192049058761,0.4963761586020335,0.05,GLD,6,0.0693186814621957,0.05,0.05,0.05,0.0512482333132588,0.05,0.05,0.4963761586020335,0.05,0.0830569266225118
0.05,200,regime,7,2012-09-28 00:00:00,0.1847708227012549,0.3360500659070756,0.05,SPY,7,0.3360500659070756,0.05,0.05,0.05,0.05,0.05,0.05,0.1066813524088699,0.05,0.2072685816840545
0.05,200,regime,7,2012-10-31 00:00:00,0.2746649191526624,0.4932160955415754,0.05,SPY,8,0.4932160955415754,0.05,0.05,0.05,0.05,0.05,0.05,0.05,0.05,0.1067839044584246
0.05,200,regime,7,2012-11-30 00:00:00,0.2750832277131963,0.4937565840341901,0.05,SPY,8,0.4937565840341901,0.05,0.05,0.05,0.05,0.05,0.05,0.05,0.05,0.1062434159658099
0.05,200,regime,7,2012-12-31 00:00:00,0.2726625213987648,0.4906076092378854,0.05,SPY,8,0.4906076092378854,0.05,0.05,0.05,0.05,0.05,0.05,0.05,0.05,0.1093923907621147
0.05,200,regime,7,2013-01-31 00:00:00,0.2756998568099162,0.4945505805824235,0.05,SPY,8,0.4945505805824235,0.05,0.05,0.05,0.05,0.05,0.05,0.05,0.05,0.1054494194175764
0.05,200,regime,7,2013-02-28 00:00:00,0.2776345809231292,0.4970210406569934,0.05,SPY,8,0.4970210406569934,0.05,0.05,0.05,0.05,0.05,0.05,0.05,0.05,0.1029789593430066
0.05,200,regime,7,2013-03-28 00:00:00,0.2756001104520745,0.4944223629782265,0.05,SPY,8,0.4944223629782265,0.05,0.05,0.05,0.05,0.05,0.05,0.05,0.05,0.1055776370217734
0.05,200,regime,7,2013-04-30 00:00:00,0.283946213696592,0.5048733922409057,0.05,SPY,8,0.5048733922409057,0.05,0.05,0.05,0.05,0.05,0.05,0.05,0.05,0.0951266077590943
0.05,200,regime,7,2013-05-31 00:00:00,0.2784580705965662,0.498063210360438,0.05,SPY,8,0.498063210360438,0.05,0.05,0.05,0.05,0.05,0.05,0.05,0.05,0.101936789639562
0.05,200,regime,7,2013-06-28 00:00:00,0.1730636046093125,0.3218747320996126,0.05,SPY,6,0.3218747320996126,0.05,0.05,0.05,0.05,0.0726849097399349,0.05,0.1882888390537188,0.05,0.1171515191067336
0.05,200,regime,7,2013-07-31 00:00:00,0.2885317295657216,0.5103945455159443,0.05,SPY,8,0.5103945455159443,0.05,0.05,0.05,0.05,0.05,0.05,0.05,0.05,0.0896054544840557
0.05,200,regime,7,2013-08-30 00:00:00,0.2099698643188572,0.3818171893136588,0.05,SPY,7,0.3818171893136588,0.05,0.05,0.05,0.05,0.05,0.05,0.060864059734915,0.05,0.2073187509514262
0.05,200,regime,7,2013-09-30 00:00:00,0.2813798670428517,0.5017174596345736,0.05,SPY,8,0.5017174596345736,0.05,0.05,0.05,0.05,0.05,0.05,0.05,0.05,0.0982825403654264
0.05,200,regime,7,2013-10-31 00:00:00,0.2804144161397535,0.5005173510444338,0.05,SPY,8,0.5005173510444338,0.05,0.05,0.05,0.05,0.05,0.05,0.05,0.05,0.0994826489555662
0.05,200,regime,7,2013-11-29 00:00:00,0.2806199832983192,0.5007734834313525,0.05,SPY,8,0.5007734834313525,0.05,0.05,0.05,0.05,0.05,0.05,0.05,0.05,0.0992265165686474
0.05,200,regime,7,2013-12-31 00:00:00,0.2816343535635972,0.5020326131638122,0.05,SPY,8,0.5020326131638122,0.05,0.05,0.05,0.05,0.05,0.05,0.05,0.05,0.0979673868361877
0.05,200,regime,7,2014-01-31 00:00:00,0.2797200868719951,0.4996498019933842,0.05,SPY,8,0.4996498019933842,0.05,0.05,0.05,0.05,0.05,0.05,0.05,0.05,0.1003501980066157
0.05,200,regime,7,2014-02-28 00:00:00,0.276270803125349,0.495282875753801,0.05,SPY,8,0.495282875753801,0.05,0.05,0.05,0.05,0.05,0.05,0.05,0.05,0.1047171242461989
0.05,200,regime,7,2014-03-31 00:00:00,0.2741157240498787,0.4925041870322288,0.05,SPY,8,0.4925041870322288,0.05,0.05,0.05,0.05,0.05,0.05,0.05,0.05,0.1074958129677711
0.05,200,regime,7,2014-04-30 00:00:00,0.2732841277558289,0.4914211688343649,0.05,SPY,8,0.4914211688343649,0.05,0.05,0.05,0.05,0.05,0.05,0.05,0.05,0.1085788311656351
0.05,200,regime,7,2014-05-30 00:00:00,0.2738968851861838,0.4922197768001303,0.05,SPY,8,0.4922197768001303,0.05,0.05,0.05,0.05,0.05,0.05,0.05,0.05,0.1077802231998698
0.05,200,regime,7,2014-06-30 00:00:00,0.2732564569281498,0.491385026749939,0.05,SPY,8,0.491385026749939,0.05,0.05,0.05,0.05,0.05,0.05,0.05,0.05,0.1086149732500609
0.05,200,regime,7,2014-07-31 00:00:00,0.2739509236904811,0.4922900461418649,0.05,SPY,8,0.4922900461418649,0.05,0.05,0.05,0.05,0.05,0.05,0.05,0.05,0.1077099538581351
0.05,200,regime,7,2014-08-29 00:00:00,0.2738416162529556,0.4921478808794877,0.05,SPY,8,0.4921478808794877,0.05,0.05,0.05,0.05,0.05,0.05,0.05,0.05,0.1078521191205122
0.05,200,regime,7,2014-09-30 00:00:00,0.2755398059304461,0.4943448043175403,0.05,SPY,8,0.4943448043175403,0.05,0.05,0.05,0.05,0.05,0.05,0.05,0.05,0.1056551956824596
0.05,200,regime,7,2014-10-31 00:00:00,0.2743341449763069,0.4927876357242691,0.05,SPY,8,0.4927876357242691,0.05,0.05,0.05,0.05,0.05,0.05,0.05,0.05,0.1072123642757309
0.05,200,regime,7,2014-11-28 00:00:00,0.2625956968034203,0.47691197924875,0.05,SPY,8,0.47691197924875,0.05,0.05,0.05,0.05,0.05,0.05,0.05,0.05,0.1230880207512499
0.05,200,regime,8,2008-04-30 00:00:00,0.1750449502011382,0.3129051050978282,0.05,TLT,5,0.1057012934511325,0.05,0.05,0.0629886328291044,0.3129051050978282,0.05,0.05,0.2162829342106305,0.05,0.0521220344113041
0.05,200,regime,8,2008-05-30 00:00:00,0.1539174824912666,0.2983162604452259,0.0499999999999999,GLD,4,0.1335054933695043,0.0499999999999999,0.0499999999999999,0.0499999999999999,0.0892112452973684,0.0506606472604382,0.0981199072825337,0.2983162604452259,0.0499999999999999,0.1301864463449292
0.05,200,regime,8,2008-06-30 00:00:00,0.1886519056060202,0.355196150064355,0.05,SPY,7,0.355196150064355,0.05,0.05,0.05,0.1197166796461599,0.05,0.05,0.05,0.05,0.175087170289485
0.05,200,regime,8,2008-07-31 00:00:00,0.1708689173021509,0.3114223623492806,0.05,TLT,5,0.2036193292111211,0.05,0.05,0.0693903710363879,0.3114223623492806,0.05,0.05,0.0562999757812285,0.05,0.1092679616219817
0.05,200,regime,8,2008-08-29 00:00:00,0.2801168270484227,0.5016016587029123,0.05,TLT,7,0.05,0.05,0.05,0.0733133983735309,0.5016016587029123,0.05,0.05,0.0750849429235567,0.05,0.05
0.05,200,regime,8,2008-09-30 00:00:00,0.316905490476025,0.5417700255160108,0.05,TLT,8,0.05,0.05,0.05,0.0582299744839891,0.5417700255160108,0.05,0.05,0.05,0.05,0.05
0.05,200,regime,8,2008-10-31 00:00:00,0.3130331420579048,0.5377321413459956,0.05,TLT,8,0.05,0.05,0.05,0.0622678586540044,0.5377321413459956,0.05,0.05,0.05,0.05,0.05
0.05,200,regime,8,2008-11-28 00:00:00,0.2837205923777548,0.5049476553252302,0.05,TLT,7,0.05,0.05,0.05,0.0916097570567606,0.5049476553252302,0.05,0.05,0.0534425876180091,0.05,0.05
0.05,200,regime,8,2008-12-31 00:00:00,0.325,0.55,0.05,GLD,9,0.05,0.05,0.05,0.05,0.05,0.05,0.05,0.55,0.05,0.05
0.05,200,regime,8,2009-01-30 00:00:00,0.3050769581673094,0.5294330372020013,0.05,GLD,7,0.05,0.05,0.05,0.0581131096328382,0.0624538531651605,0.05,0.05,0.5294330372020013,0.05,0.05
0.05,200,regime,8,2009-02-27 00:00:00,0.3004848295813777,0.5243958804112907,0.05,HYG,7,0.0555359480343558,0.05,0.05,0.05,0.05,0.05,0.5243958804112907,0.0700681715543534,0.05,0.05
0.05,200,regime,8,2009-03-31 00:00:00,0.3006749067050265,0.5243600975051341,0.0499999999999999,HYG,8,0.0756399024948657,0.0499999999999999,0.0499999999999999,0.0499999999999999,0.0499999999999999,0.0499999999999999,0.5243600975051341,0.0499999999999999,0.0499999999999999,0.0499999999999999
0.05,200,regime,8,2009-04-30 00:00:00,0.305398432208896,0.5297031499583771,0.05,HYG,7,0.0539299417611742,0.05,0.05,0.05,0.05,0.05,0.5297031499583771,0.0663669082804486,0.05,0.05
0.05,200,regime,8,2009-05-29 00:00:00,0.1687022046835805,0.3101517595889723,0.05,HYG,6,0.1737043137792605,0.05,0.05,0.05,0.05,0.05,0.3101517595889723,0.0634860710851471,0.05,0.15265785554662
0.05,200,regime,8,2009-06-30 00:00:00,0.2019147776733895,0.3358837458350029,0.05,SPY,7,0.3358837458350029,0.05,0.05,0.05,0.05,0.05,0.05,0.0515536807498626,0.05,0.2625625734151345
0.05,200,regime,8,2009-07-31 00:00:00,0.2308946022997692,0.4242871721051074,0.05,SPY,8,0.4242871721051074,0.05,0.05,0.05,0.05,0.05,0.05,0.05,0.05,0.1757128278948926
0.05,200,regime,8,2009-08-31 00:00:00,0.2363669762151078,0.4348461646008292,0.05,SPY,8,0.4348461646008292,0.05,0.05,0.05,0.05,0.05,0.05,0.05,0.05,0.1651538353991708
0.05,200,regime,8,2009-09-30 00:00:00,0.2308678278882184,0.4242333044884067,0.05,SPY,8,0.4242333044884067,0.05,0.05,0.05,0.05,0.05,0.05,0.05,0.05,0.1757666955115933
0.05,200,regime,8,2009-10-30 00:00:00,0.1488545833687597,0.2214426960908113,0.05,GLD,5,0.1882300361881003,0.05,0.05,0.05,0.0639445597943493,0.05,0.0688928624730527,0.2214426960908113,0.05,0.2074898454536862
0.05,200,regime,8,2009-11-30 00:00:00,0.189851539553568,0.3208848276211505,0.05,SPY,6,0.3208848276211505,0.05,0.05,0.05,0.05,0.05,0.0577139649882952,0.0687653081190151,0.05,0.2526358992715392
0.05,200,regime,8,2009-12-31 00:00:00,0.2378161659835046,0.4375066652630057,0.05,SPY,8,0.4375066652630057,0.05,0.05,0.05,0.05,0.05,0.05,0.05,0.05,0.1624933347369944
0.05,200,regime,8,2010-01-29 00:00:00,0.238075196745101,0.4379768037481318,0.05,SPY,8,0.4379768037481318,0.05,0.05,0.05,0.05,0.05,0.05,0.05,0.05,0.1620231962518683
0.05,200,regime,8,2010-02-26 00:00:00,0.2386520480893715,0.4390180709285153,0.05,SPY,8,0.4390180709285153,0.05,0.05,0.05,0.05,0.05,0.05,0.05,0.05,0.1609819290714847
0.05,200,regime,8,2010-03-31 00:00:00,0.2391688069262955,0.4399442869971752,0.05,SPY,8,0.4399442869971752,0.05,0.05,0.05,0.05,0.05,0.05,0.05,0.05,0.1600557130028247
0.05,200,regime,8,2010-04-30 00:00:00,0.229068669051014,0.4205584278493502,0.05,SPY,8,0.4205584278493502,0.05,0.05,0.05,0.05,0.05,0.05,0.05,0.05,0.1794415721506498
0.05,200,regime,8,2010-05-28 00:00:00,0.1671198378833736,0.2776453831658008,0.05,TLT,5,0.2380365328023713,0.05,0.05,0.06412921484014,0.2776453831658008,0.05,0.05,0.0513542038087752,0.05,0.1188346653829126
0.05,200,regime,8,2010-06-30 00:00:00,0.3116675848211432,0.5363486057509038,0.05,TLT,7,0.05,0.05,0.05,0.061266317735624,0.5363486057509038,0.05,0.05,0.052385076513472,0.05,0.05
0.05,200,regime,8,2010-07-30 00:00:00,0.1868186176888139,0.3110336647713378,0.05,TLT,6,0.0666186408754828,0.05,0.05,0.0645182324192899,0.3110336647713378,0.05,0.05,0.2578294619338894,0.05,0.05
0.05,200,regime,8,2010-08-31 00:00:00,0.2415830968354615,0.4535570168680882,0.05,GLD,5,0.0770119979926284,0.05,0.05,0.05,0.1020754913477098,0.05,0.0668238979794968,0.4535570168680882,0.05,0.0505315958120764
0.05,200,regime,8,2010-09-30 00:00:00,0.2394306887795282,0.4404113399614294,0.05,SPY,8,0.4404113399614294,0.05,0.05,0.05,0.05,0.05,0.05,0.05,0.05,0.1595886600385706
0.05,200,regime,8,2010-10-29 00:00:00,0.2382091125899063,0.4382192327245133,0.05,SPY,8,0.4382192327245133,0.05,0.05,0.05,0.05,0.05,0.05,0.05,0.05,0.1617807672754867
0.05,200,regime,8,2010-11-30 00:00:00,0.2336092716252135,0.4296326957700361,0.05,SPY,8,0.4296326957700361,0.05,0.05,0.05,0.05,0.05,0.05,0.05,0.05,0.1703673042299638
0.05,200,regime,8,2010-12-31 00:00:00,0.2389570773122875,0.4395655353450262,0.05,SPY,8,0.4395655353450262,0.05,0.05,0.05,0.05,0.05,0.05,0.05,0.05,0.1604344646549738
0.05,200,regime,8,2011-01-31 00:00:00,0.2385167587228912,0.4387745630922525,0.05,SPY,8,0.4387745630922525,0.05,0.05,0.05,0.05,0.05,0.05,0.05,0.05,0.1612254369077475
0.05,200,regime,8,2011-02-28 00:00:00,0.2376086590634429,0.4371288792768374,0.05,SPY,8,0.4371288792768374,0.05,0.05,0.05,0.05,0.05,0.05,0.05,0.05,0.1628711207231626
0.05,200,regime,8,2011-03-31 00:00:00,0.2380070524693452,0.4378532779250191,0.05,SPY,8,0.4378532779250191,0.05,0.05,0.05,0.05,0.05,0.05,0.05,0.05,0.1621467220749809
0.05,200,regime,8,2011-04-29 00:00:00,0.236278807992732,0.4346826046539269,0.05,SPY,8,0.4346826046539269,0.05,0.05,0.05,0.05,0.05,0.05,0.05,0.05,0.1653173953460731
0.05,200,regime,8,2011-05-31 00:00:00,0.2376226633770264,0.4371544081993472,0.05,SPY,8,0.4371544081993472,0.05,0.05,0.05,0.05,0.05,0.05,0.05,0.05,0.1628455918006528
0.05,200,regime,8,2011-06-30 00:00:00,0.2343191109825356,0.4309944864918664,0.05,SPY,8,0.4309944864918664,0.05,0.05,0.05,0.05,0.05,0.05,0.05,0.05,0.1690055135081336
0.05,200,regime,8,2011-07-29 00:00:00,0.2036637213932611,0.38024140270487,0.05,TLT,6,0.0669043678066773,0.05,0.05,0.0646356430608974,0.38024140270487,0.05,0.05,0.1882185864275551,0.05,0.05
0.05,200,regime,8,2011-08-31 00:00:00,0.3231373199577536,0.5481303286155822,0.05,TLT,8,0.05,0.05,0.05,0.0518696713844178,0.5481303286155822,0.05,0.05,0.05,0.05,0.05
0.05,200,regime,8,2011-09-30 00:00:00,0.321199537765814,0.5461702030768691,0.05,TLT,8,0.05,0.05,0.05,0.0538297969231309,0.5461702030768691,0.05,0.05,0.05,0.05,0.05
0.05,200,regime,8,2011-10-31 00:00:00,0.3156301214482766,0.5404476257402812,0.05,TLT,8,0.05,0.05,0.05,0.0595523742597188,0.5404476257402812,0.05,0.05,0.05,0.05,0.05
0.05,200,regime,8,2011-11-30 00:00:00,0.3129635261433499,0.5376671120386293,0.05,TLT,7,0.05,0.05,0.05,0.0620087002451372,0.5376671120386293,0.05,0.05,0.0503241877162334,0.05,0.05
0.05,200,regime,8,2011-12-30 00:00:00,0.1634561155771129,0.2646074838847055,0.05,GLD,4,0.1290004229351401,0.05,0.05,0.0551272241646661,0.2398981064473508,0.05,0.0538812008972167,0.2646074838847055,0.05,0.0574855616709205
0.05,200,regime,8,2012-01-31 00:00:00,0.1560306588001579,0.2422020005117108,0.05,GLD,6,0.2213345247346525,0.05,0.05,0.05,0.05,0.05,0.0661625984244272,0.2422020005117108,0.05,0.1703008763292093
0.05,200,regime,8,2012-02-29 00:00:00,0.2342768790503543,0.4309138629984509,0.05,SPY,8,0.4309138629984509,0.05,0.05,0.05,0.05,0.05,0.05,0.05,0.05,0.1690861370015491
0.05,200,regime,8,2012-03-30 00:00:00,0.2383520625886289,0.4384775479791379,0.05,SPY,8,0.4384775479791379,0.05,0.05,0.05,0.05,0.05,0.05,0.05,0.05,0.1615224520208621
0.05,200,regime,8,2012-04-30 00:00:00,0.2398046618045776,0.4410756212188655,0.05,SPY,8,0.4410756212188655,0.05,0.05,0.05,0.05,0.05,0.05,0.05,0.05,0.1589243787811345
0.05,200,regime,8,2012-05-31 00:00:00,0.2299175783768697,0.4223061289896579,0.05,SPY,8,0.4223061289896579,0.05,0.05,0.05,0.05,0.05,0.05,0.05,0.05,0.1776938710103421
0.05,200,regime,8,2012-06-29 00:00:00,0.2290218003999301,0.4236877903760563,0.05,SPY,7,0.4236877903760563,0.05,0.05,0.05,0.0565793932879307,0.05,0.05,0.05,0.05,0.169732816336013
0.05,200,regime,8,2012-07-31 00:00:00,0.1880612041925174,0.2912257394856976,0.05,GLD,6,0.0616028994617403,0.05,0.05,0.0636086859685816,0.2835626750839805,0.05,0.05,0.2912257394856976,0.05,0.05
0.05,200,regime,8,2012-08-31 00:00:00,0.178289543982155,0.3534727307580636,0.05,GLD,5,0.1322739270288564,0.05,0.05,0.05,0.0950747180534218,0.05,0.0849603725480387,0.3534727307580636,0.05,0.0842182516116194
0.05,200,regime,8,2012-09-28 00:00:00,0.2376584831659264,0.4372196836571312,0.05,SPY,8,0.4372196836571312,0.05,0.05,0.05,0.05,0.05,0.05,0.05,0.05,0.1627803163428688
0.05,200,regime,8,2012-10-31 00:00:00,0.2375908897356761,0.4370964801438682,0.05,SPY,8,0.4370964801438682,0.05,0.05,0.05,0.05,0.05,0.05,0.05,0.05,0.1629035198561317
0.05,200,regime,8,2012-11-30 00:00:00,0.2384217282769323,0.4386032616444005,0.05,SPY,8,0.4386032616444005,0.05,0.05,0.05,0.05,0.05,0.05,0.05,0.05,0.1613967383555995
0.05,200,regime,8,2012-12-31 00:00:00,0.2381865671337393,0.4381784482720429,0.05,SPY,8,0.4381784482720429,0.05,0.05,0.05,0.05,0.05,0.05,0.05,0.05,0.1618215517279571
0.05,200,regime,8,2013-01-31 00:00:00,0.2380388924279582,0.4379110083132566,0.05,SPY,8,0.4379110083132566,0.05,0.05,0.05,0.05,0.05,0.05,0.05,0.05,0.1620889916867434
0.05,200,regime,8,2013-02-28 00:00:00,0.2385057651170659,0.438754756886144,0.05,SPY,8,0.438754756886144,0.05,0.05,0.05,0.05,0.05,0.05,0.05,0.05,0.161245243113856
0.05,200,regime,8,2013-03-28 00:00:00,0.2373281608999705,0.4366165453010185,0.05,SPY,8,0.4366165453010185,0.05,0.05,0.05,0.05,0.05,0.05,0.05,0.05,0.1633834546989815
0.05,200,regime,8,2013-04-30 00:00:00,0.2408478707241028,0.442912334534327,0.05,SPY,8,0.442912334534327,0.05,0.05,0.05,0.05,0.05,0.05,0.05,0.05,0.157087665465673
0.05,200,regime,8,2013-05-31 00:00:00,0.2396216020215328,0.4407508472825879,0.05,SPY,8,0.4407508472825879,0.05,0.05,0.05,0.05,0.05,0.05,0.05,0.05,0.1592491527174122
0.05,200,regime,8,2013-06-28 00:00:00,0.2310568957247039,0.424613192970696,0.05,SPY,8,0.424613192970696,0.05,0.05,0.05,0.05,0.05,0.05,0.05,0.05,0.175386807029304
0.05,200,regime,8,2013-07-31 00:00:00,0.2413141222548201,0.443725645336558,0.05,SPY,8,0.443725645336558,0.05,0.05,0.05,0.05,0.05,0.05,0.05,0.05,0.156274354663442
0.05,200,regime,8,2013-08-30 00:00:00,0.24078818408852,0.4428078850913352,0.05,SPY,8,0.4428078850913352,0.05,0.05,0.05,0.05,0.05,0.05,0.05,0.05,0.1571921149086649
0.05,200,regime,8,2013-09-30 00:00:00,0.2405856783454628,0.4424529366939531,0.05,SPY,8,0.4424529366939531,0.05,0.05,0.05,0.05,0.05,0.05,0.05,0.05,0.1575470633060469
0.05,200,regime,8,2013-10-31 00:00:00,0.2407083014727813,0.4426679737586213,0.05,SPY,8,0.4426679737586213,0.05,0.05,0.05,0.05,0.05,0.05,0.05,0.05,0.1573320262413787
0.05,200,regime,8,2013-11-29 00:00:00,0.2412847315844304,0.4436745133703789,0.05,SPY,8,0.4436745133703789,0.05,0.05,0.05,0.05,0.05,0.05,0.05,0.05,0.1563254866296211
0.05,200,regime,8,2013-12-31 00:00:00,0.2408987565456616,0.443001322626159,0.05,SPY,8,0.443001322626159,0.05,0.05,0.05,0.05,0.05,0.05,0.05,0.05,0.156998677373841
0.05,200,regime,8,2014-01-31 00:00:00,0.2402490021135481,0.4418608510364084,0.05,SPY,8,0.4418608510364084,0.05,0.05,0.05,0.05,0.05,0.05,0.05,0.05,0.1581391489635916
0.05,200,regime,8,2014-02-28 00:00:00,0.2385607065384721,0.4388537117589446,0.05,SPY,8,0.4388537117589446,0.05,0.05,0.05,0.05,0.05,0.05,0.05,0.05,0.1611462882410554
0.05,200,regime,8,2014-03-31 00:00:00,0.2379522674447661,0.437753888229636,0.05,SPY,8,0.437753888229636,0.05,0.05,0.05,0.05,0.05,0.05,0.05,0.05,0.162246111770364
0.05,200,regime,8,2014-04-30 00:00:00,0.2377813851505364,0.4374434159036663,0.05,SPY,8,0.4374434159036663,0.05,0.05,0.05,0.05,0.05,0.05,0.05,0.05,0.1625565840963337
0.05,200,regime,8,2014-05-30 00:00:00,0.2381095038635601,0.4380389507775977,0.05,SPY,8,0.4380389507775977,0.05,0.05,0.05,0.05,0.05,0.05,0.05,0.05,0.1619610492224024
0.05,200,regime,8,2014-06-30 00:00:00,0.2373133054886038,0.4365893580931615,0.05,SPY,8,0.4365893580931615,0.05,0.05,0.05,0.05,0.05,0.05,0.05,0.05,0.1634106419068385
0.05,200,regime,8,2014-07-31 00:00:00,0.2373561559608437,0.4366677649646097,0.05,SPY,8,0.4366677649646097,0.05,0.05,0.05,0.05,0.05,0.05,0.05,0.05,0.1633322350353903
0.05,200,regime,8,2014-08-29 00:00:00,0.2373101119158154,0.4365835127601707,0.05,SPY,8,0.4365835127601707,0.05,0.05,0.05,0.05,0.05,0.05,0.05,0.05,0.1634164872398293
0.05,200,regime,8,2014-09-30 00:00:00,0.2385447194401543,0.4388249247076228,0.05,SPY,8,0.4388249247076228,0.05,0.05,0.05,0.05,0.05,0.05,0.05,0.05,0.1611750752923773
0.05,200,regime,8,2014-10-31 00:00:00,0.2387772752684096,0.4392430882816264,0.05,SPY,8,0.4392430882816264,0.05,0.05,0.05,0.05,0.05,0.05,0.05,0.05,0.1607569117183736
0.05,200,regime,8,2014-11-28 00:00:00,0.2331050590959553,0.4286566342944571,0.05,SPY,8,0.4286566342944571,0.05,0.05,0.05,0.05,0.05,0.05,0.05,0.05,0.1713433657055429
0.05,200,regime,9,2008-04-30 00:00:00,0.1907911407405647,0.327963446666619,0.05000000000000002,VNQ,7,0.24431697878651554,0.05000000000000002,0.05000000000000002,0.05000000000000002,0.05000000000000002,0.05000000000000002,0.05000000000000002,0.07771957454686543,0.05000000000000002,0.327963446666619
0.05,200,regime,9,2008-05-30 00:00:00,0.1370295300348104,0.2106254244232014,0.05,GLD,4,0.1264177977432788,0.05,0.05,0.06288817074256237,0.16211833539785023,0.05,0.055188152675342446,0.2106254244232014,0.05,0.1827621190177649
0.05,200,regime,9,2008-06-30 00:00:00,0.15538408698945708,0.26619937276535516,0.05,TLT,5,0.06829110214459296,0.05,0.05,0.057919910376718,0.26619937276535516,0.05,0.05,0.184643909988823,0.05,0.17294570472451098
0.05,200,regime,9,2008-07-31 00:00:00,0.17617161891543645,0.32881950950531935,0.05,TLT,6,0.05,0.05,0.05,0.06973911615251902,0.32881950950531935,0.05,0.05,0.18781754471816625,0.05,0.1136238296239954
0.05,200,regime,9,2008-08-29 00:00:00,0.16676958293491106,0.27531484182783644,0.05,TLT,6,0.05,0.05,0.05,0.06420544099181161,0.27531484182783644,0.05,0.05,0.23887503959125328,0.05,0.12160467758909871
0.05,200,regime,9,2008-09-30 00:00:00,0.17534101875863714,0.2764245872319671,0.05,TLT,6,0.05,0.05,0.05046525011845591,0.1098148437484083,0.2764245872319671,0.26329531890116864,0.05,0.05,0.05,0.05
0.05,200,regime,9,2008-10-31 00:00:00,0.14251007995064385,0.24716225265905925,0.05,LQD,4,0.05,0.05,0.08987794959115601,0.12760193606319029,0.18665279393296474,0.24716225265905925,0.050220223268724176,0.09848484448490544,0.05,0.05
0.05,200,regime,9,2008-11-28 00:00:00,0.16597752574375502,0.3337004505871588,0.05,GLD,4,0.05,0.05,0.11852792115730737,0.08966603392728545,0.08047144234165211,0.10065072038156256,0.07698343160503361,0.3337004505871588,0.05,0.05
0.05,200,regime,9,2008-12-31 00:00:00,0.27550084817904585,0.49429468363679674,0.05,GLD,8,0.05,0.05,0.05,0.05,0.05,0.05,0.10570531636320324,0.49429468363679674,0.05,0.05
0.05,200,regime,9,2009-01-30 00:00:00,0.16312937173697872,0.32790671176691627,0.05,GLD,4,0.05,0.05,0.1162990340581147,0.0946287146818985,0.07379646793934566,0.10165316119826481,0.08571591035546004,0.32790671176691627,0.05,0.05
0.05,200,regime,9,2009-02-27 00:00:00,0.12347240773205363,0.18753009584965402,0.04999999999999999,LQD,4,0.04999999999999999,0.04999999999999999,0.12318904661978583,0.1263483487063308,0.12816997698560081,0.18753009584965402,0.07749920054755913,0.15726333129106937,0.04999999999999999,0.04999999999999999
0.05,200,regime,9,2009-03-31 00:00:00,0.18118376598296804,0.3515091389559103,0.05000000000000001,GLD,6,0.05000000000000001,0.05000000000000001,0.08526316057916543,0.05000000000000001,0.05000000000000001,0.11276081976693655,0.15046688069798775,0.3515091389559103,0.05000000000000001,0.05000000000000001
0.05,200,regime,9,2009-04-30 00:00:00,0.1850484011868667,0.3588724015567704,0.05,GLD,5,0.05,0.05,0.08321241915135133,0.05112223998776208,0.05,0.10339743339930878,0.1533955059048075,0.3588724015567704,0.05,0.05
0.05,200,regime,9,2009-05-29 00:00:00,0.13708300032129578,0.254520579296617,0.05,LQD,4,0.05,0.05,0.09685086667735923,0.07342210926911606,0.11274684482562364,0.254520579296617,0.14495945243667194,0.11750014749461221,0.05,0.05
0.05,200,regime,9,2009-06-30 00:00:00,0.15416135028818534,0.26549845734443805,0.05,GLD,5,0.0701456747428796,0.05,0.07344805833924344,0.05,0.05,0.13338761846821903,0.2075201911052199,0.26549845734443805,0.05,0.05
0.05,200,regime,9,2009-07-31 00:00:00,0.2036690152465997,0.3428311524862433,0.05000000000000001,VNQ,8,0.2571688475137568,0.05000000000000001,0.05000000000000001,0.05000000000000001,0.05000000000000001,0.05000000000000001,0.05000000000000001,0.05000000000000001,0.05000000000000001,0.3428311524862433
0.05,200,regime,9,2009-08-31 00:00:00,0.14209933862812119,0.2220136809296166,0.05,VNQ,6,0.16461431436320298,0.05,0.05,0.05,0.18506191597621738,0.05,0.05,0.12831008873096306,0.05,0.2220136809296166
0.05,200,regime,9,2009-09-30 00:00:00,0.1569370222303554,0.29507983028671375,0.05000000000000002,VNQ,6,0.1449354465542532,0.05000000000000002,0.05000000000000002,0.05000000000000002,0.13558718876180323,0.05000000000000002,0.05000000000000002,0.12439753439722981,0.05000000000000002,0.29507983028671375
0.05,200,regime,9,2009-10-30 00:00:00,0.14364108321575292,0.23721009821075056,0.05,GLD,5,0.11374075303791709,0.05,0.05,0.058054385008108514,0.15589485551230783,0.05,0.05,0.23721009821075056,0.05,0.18509990823091593
0.05,200,regime,9,2009-11-30 00:00:00,0.20388061127439877,0.3440489005220261,0.05000000000000001,SPY,8,0.3440489005220261,0.05000000000000001,0.05000000000000001,0.05000000000000001,0.05000000000000001,0.05000000000000001,0.05000000000000001,0.05000000000000001,0.05000000000000001,0.25595109947797406
0.05,200,regime,9,2009-12-31 00:00:00,0.20601126832815053,0.382508257327763,0.05000000000000002,SPY,7,0.382508257327763,0.05000000000000002,0.05000000000000002,0.05000000000000002,0.05000000000000002,0.05000000000000002,0.05000000000000002,0.0770767209749511,0.05000000000000002,0.190415021697286
0.05,200,regime,9,2010-01-29 00:00:00,0.17146338320754984,0.31530590556428095,0.05,SPY,6,0.31530590556428095,0.05,0.05,0.05,0.06372200822981057,0.05,0.05,0.13334258413664027,0.05,0.18762950206926823
0.05,200,regime,9,2010-02-26 00:00:00,0.169379621578086,0.2961344328659405,0.05000000000000002,SPY,6,0.2961344328659405,0.05000000000000002,0.05000000000000002,0.05000000000000002,0.08936437723178337,0.05000000000000002,0.05000000000000002,0.08927071518419705,0.05000000000000002,0.2252304747180791
0.05,200,regime,9,2010-03-31 00:00:00,0.19910798239711572,0.37229427252370406,0.05000000000000002,SPY,7,0.37229427252370406,0.05000000000000002,0.05000000000000002,0.05000000000000002,0.05000000000000002,0.05000000000000002,0.05000000000000002,0.09171094233801677,0.05000000000000002,0.18599478513827916
0.05,200,regime,9,2010-04-30 00:00:00,0.14385201641473028,0.21184166625102324,0.05,VNQ,5,0.19391799468167858,0.05,0.05,0.05,0.10741082663280781,0.05,0.050261467465217584,0.18656804496927284,0.05,0.21184166625102324
0.05,200,regime,9,2010-05-28 00:00:00,0.22926830465275447,0.4273886760891635,0.05000000000000001,TLT,7,0.05000000000000001,0.05000000000000001,0.05000000000000001,0.05000000000000001,0.4273886760891635,0.05000000000000001,0.05000000000000001,0.06477973672636533,0.05000000000000001,0.15783158718447124
0.05,200,regime,9,2010-06-30 00:00:00,0.20708416566666976,0.35951539996786436,0.05000000000000001,VNQ,8,0.24048460003213568,0.05000000000000001,0.05000000000000001,0.05000000000000001,0.05000000000000001,0.05000000000000001,0.05000000000000001,0.05000000000000001,0.05000000000000001,0.35951539996786436
0.05,200,regime,9,2010-07-30 00:00:00,0.1501325543570777,0.26607772707281857,0.05,TLT,5,0.0918273927125361,0.05,0.05,0.06371745480732811,0.26607772707281857,0.05,0.05,0.17880286089582254,0.05,0.14957456451149467
0.05,200,regime,9,2010-08-31 00:00:00,0.15315345460266327,0.2584897638601573,0.05000000000000002,SPY,6,0.2584897638601573,0.05000000000000002,0.05000000000000002,0.05000000000000002,0.08723948328016348,0.05000000000000002,0.05000000000000002,0.1550912618716238,0.05000000000000002,0.1991794909880554
0.05,200,regime,9,2010-09-30 00:00:00,0.17061372463365582,0.3053262670969535,0.05,SPY,6,0.3053262670969535,0.05,0.05,0.05,0.06742177828757337,0.05,0.05,0.11727418032524053,0.05,0.20997777429023265
0.05,200,regime,9,2010-10-29 00:00:00,0.19056733756005467,0.3508782472435483,0.05,SPY,6,0.3508782472435483,0.05,0.05,0.05,0.05064778794190811,0.05,0.05,0.09754926185449023,0.05,0.2009247029600533
0.05,200,regime,9,2010-11-30 00:00:00,0.1432226085157588,0.22746731554778063,0.05000000000000001,VNQ,6,0.19300633821714086,0.05000000000000001,0.05000000000000001,0.05000000000000001,0.14877131281143027,0.05000000000000001,0.05000000000000001,0.13075503342364833,0.05000000000000001,0.22746731554778063
0.05,200,regime,9,2010-12-31 00:00:00,0.23327082559606008,0.4324855056694463,0.05000000000000001,SPY,7,0.4324855056694463,0.05000000000000001,0.05000000000000001,0.05000000000000001,0.05000000000000001,0.05000000000000001,0.05000000000000001,0.05840431596973887,0.05000000000000001,0.15911017836081479
0.05,200,regime,9,2011-01-31 00:00:00,0.22840135530281225,0.4249970260828745,0.05000000000000001,SPY,7,0.4249970260828745,0.05000000000000001,0.05000000000000001,0.05000000000000001,0.05000000000000001,0.05000000000000001,0.05000000000000001,0.06267321191442034,0.05000000000000001,0.16232976200270513
0.05,200,regime,9,2011-02-28 00:00:00,0.20986906417717757,0.39157566257774007,0.05000000000000002,SPY,7,0.39157566257774007,0.05000000000000002,0.05000000000000002,0.05000000000000002,0.05000000000000002,0.05000000000000002,0.05000000000000002,0.07608027825015345,0.05000000000000002,0.18234405917210647
0.05,200,regime,9,2011-03-31 00:00:00,0.1741716155860078,0.3195413116166707,0.05,SPY,6,0.3195413116166707,0.05,0.05,0.05,0.06881410823625454,0.05,0.05,0.11241484775985501,0.05,0.1992297323872197
0.05,200,regime,9,2011-04-29 00:00:00,0.17470771675890384,0.31399749578461067,0.05000000000000002,SPY,6,0.31399749578461067,0.05000000000000002,0.05000000000000002,0.05000000000000002,0.06367896137431327,0.05000000000000002,0.05000000000000002,0.11060464460653475,0.05000000000000002,0.21171889823454138
0.05,200,regime,9,2011-05-31 00:00:00,0.15354999927139526,0.2505078682700899,0.05,SPY,6,0.2505078682700899,0.05,0.05,0.05,0.081292056352428,0.05,0.05,0.15762588967438126,0.05,0.2105741857031008
0.05,200,regime,9,2011-06-30 00:00:00,0.13985364644146359,0.21746197369519632,0.05,TLT,5,0.11455086384510028,0.05,0.05,0.0631877405339957,0.21746197369519632,0.05,0.05,0.17940352946697052,0.05,0.17539589245873716
0.05,200,regime,9,2011-07-29 00:00:00,0.14258302662971536,0.21345516458687658,0.05000000000000001,SPY,4,0.21345516458687658,0.05000000000000001,0.05000000000000001,0.05262559174004458,0.11041421372608166,0.05000000000000001,0.05077776683951489,0.18936195651618207,0.05000000000000001,0.18336530659130024
0.05,200,regime,9,2011-08-31 00:00:00,0.32500000000000007,0.55,0.05,TLT,9,0.05,0.05,0.05,0.05,0.55,0.05,0.05,0.05,0.05,0.05
0.05,200,regime,9,2011-09-30 00:00:00,0.25592652496903706,0.4672221949518619,0.05000000000000001,VNQ,8,0.13277780504813813,0.05000000000000001,0.05000000000000001,0.05000000000000001,0.05000000000000001,0.05000000000000001,0.05000000000000001,0.05000000000000001,0.05000000000000001,0.4672221949518619
0.05,200,regime,9,2011-10-31 00:00:00,0.18387990269296434,0.3483772987773606,0.05,TLT,5,0.05,0.05,0.05,0.08494955277776986,0.3483772987773606,0.05143304570312212,0.05,0.18249599562702304,0.05,0.08274410711472445
0.05,200,regime,9,2011-11-30 00:00:00,0.2187164671756734,0.40678121647392596,0.05000000000000001,VNQ,7,0.06607642511387135,0.05000000000000001,0.05000000000000001,0.05000000000000001,0.17714235841220277,0.05000000000000001,0.05000000000000001,0.05000000000000001,0.05000000000000001,0.40678121647392596
0.05,200,regime,9,2011-12-30 00:00:00,0.14455235477967193,0.21698117868402153,0.05,VNQ,5,0.2167837108228061,0.05,0.05,0.05309387498201578,0.1152040187703935,0.05,0.05,0.14793721674076313,0.05,0.21698117868402153
0.05,200,regime,9,2012-01-31 00:00:00,0.1712316575826968,0.3129162611668422,0.05,SPY,6,0.3129162611668422,0.05,0.05,0.05,0.06493640312281292,0.05,0.05,0.12784053922652758,0.05,0.19430679648381727
0.05,200,regime,9,2012-02-29 00:00:00,0.1953588894972768,0.3544990936732572,0.05000000000000002,SPY,7,0.3544990936732572,0.05000000000000002,0.05000000000000002,0.05000000000000002,0.05000000000000002,0.05000000000000002,0.05000000000000002,0.08244773782107953,0.05000000000000002,0.21305316850566325
0.05,200,regime,9,2012-03-30 00:00:00,0.22688190289349514,0.42121783365915466,0.05000000000000001,SPY,7,0.42121783365915466,0.05000000000000001,0.05000000000000001,0.05000000000000001,0.05000000000000001,0.05000000000000001,0.05000000000000001,0.06060075093879059,0.05000000000000001,0.1681814154020548
0.05,200,regime,9,2012-04-30 00:00:00,0.20069099274341914,0.37803358252696456,0.05000000000000001,SPY,7,0.37803358252696456,0.05000000000000001,0.05000000000000001,0.05000000000000001,0.05000000000000001,0.05000000000000001,0.05000000000000001,0.09537079001582885,0.05000000000000001,0.17659562745720658
0.05,200,regime,9,2012-05-31 00:00:00,0.14632607542359688,0.2482841354433551,0.05,GLD,5,0.16994666909852635,0.05,0.05,0.05,0.10576112065104147,0.05,0.055671875431859266,0.2482841354433551,0.05,0.17033619937521782
0.05,200,regime,9,2012-06-29 00:00:00,0.15282283531855476,0.25503748915445235,0.05000000000000002,GLD,5,0.08227439861150165,0.05000000000000002,0.05000000000000002,0.05431351805069066,0.2051054823713039,0.05000000000000002,0.05000000000000002,0.25503748915445235,0.05000000000000002,0.15326911181205147
0.05,200,regime,9,2012-07-31 00:00:00,0.1429315782669371,0.2156114687533379,0.05000000000000001,GLD,6,0.156059357851877,0.05000000000000001,0.05000000000000001,0.05000000000000001,0.12423510770771755,0.05000000000000001,0.05000000000000001,0.2156114687533379,0.05000000000000001,0.20409406568706767
0.05,200,regime,9,2012-08-31 00:00:00,0.1938999351122389,0.35382075275478464,0.05000000000000002,SPY,7,0.35382075275478464,0.05000000000000002,0.05000000000000002,0.05000000000000002,0.05000000000000002,0.05000000000000002,0.05000000000000002,0.0874689308564191,0.05000000000000002,0.2087103163887962
0.05,200,regime,9,2012-09-28 00:00:00,0.21019018388795718,0.3907766859167113,0.05000000000000002,SPY,7,0.3907766859167113,0.05000000000000002,0.05000000000000002,0.05000000000000002,0.05000000000000002,0.05000000000000002,0.05000000000000002,0.07310766448471313,0.05000000000000002,0.18611564959857563
0.05,200,regime,9,2012-10-31 00:00:00,0.2148623868463455,0.40115054713089576,0.05000000000000002,SPY,7,0.40115054713089576,0.05000000000000002,0.05000000000000002,0.05000000000000002,0.05000000000000002,0.05000000000000002,0.05000000000000002,0.07209117941974441,0.05000000000000002,0.1767582734493599
0.05,200,regime,9,2012-11-30 00:00:00,0.18122471491353043,0.3363556998824134,0.05,SPY,6,0.3363556998824134,0.05,0.05,0.05,0.05719679473831984,0.05,0.05,0.11538826693077914,0.05,0.19105923844848763
0.05,200,regime,9,2012-12-31 00:00:00,0.19377175441187794,0.3587492731742755,0.05000000000000002,SPY,7,0.3587492731742755,0.05000000000000002,0.05000000000000002,0.05000000000000002,0.05000000000000002,0.05000000000000002,0.05000000000000002,0.09484534534201776,0.05000000000000002,0.19640538148370673
0.05,200,regime,9,2013-01-31 00:00:00,0.20840534299062177,0.38776420793978394,0.05000000000000002,SPY,7,0.38776420793978394,0.05000000000000002,0.05000000000000002,0.05000000000000002,0.05000000000000002,0.05000000000000002,0.05000000000000002,0.07561809101815642,0.05000000000000002,0.18661770104205969
0.05,200,regime,9,2013-02-28 00:00:00,0.2263346783750714,0.4202270331151248,0.05000000000000001,SPY,7,0.4202270331151248,0.05000000000000001,0.05000000000000001,0.05000000000000001,0.05000000000000001,0.05000000000000001,0.05000000000000001,0.06082119486098184,0.05000000000000001,0.16895177202389333
0.05,200,regime,9,2013-03-28 00:00:00,0.208804693081521,0.390397372141151,0.05000000000000002,SPY,7,0.390397372141151,0.05000000000000002,0.05000000000000002,0.05000000000000002,0.05000000000000002,0.05000000000000002,0.05000000000000002,0.07882179494780504,0.05000000000000002,0.18078083291104396
0.05,200,regime,9,2013-04-30 00:00:00,0.19910066967491988,0.37637312470006534,0.05,SPY,7,0.37637312470006534,0.05,0.05,0.05,0.05,0.05,0.05,0.10140081818157753,0.05,0.17222605711835706
0.05,200,regime,9,2013-05-31 00:00:00,0.21567728861134924,0.40490858586373313,0.05000000000000002,SPY,7,0.40490858586373313,0.05000000000000002,0.05000000000000002,0.05000000000000002,0.05000000000000002,0.05000000000000002,0.05000000000000002,0.07676675413382344,0.05000000000000002,0.16832466000244342
0.05,200,regime,9,2013-06-28 00:00:00,0.14184410129913627,0.23828897331195656,0.05,GLD,5,0.16719397162102065,0.05,0.05,0.05,0.1153091212403338,0.05,0.06438290337974692,0.23828897331195656,0.05,0.1648250304469422
0.05,200,regime,9,2013-07-31 00:00:00,0.24792389194069897,0.4573267253250202,0.05000000000000001,SPY,7,0.4573267253250202,0.05000000000000001,0.05000000000000001,0.05000000000000001,0.05000000000000001,0.05000000000000001,0.05000000000000001,0.059494658175110626,0.05000000000000001,0.13317861649986912
0.05,200,regime,9,2013-08-30 00:00:00,0.24346101930913075,0.45098750357849166,0.05000000000000001,SPY,7,0.45098750357849166,0.05000000000000001,0.05000000000000001,0.05000000000000001,0.05000000000000001,0.05000000000000001,0.05000000000000001,0.06230205450083567,0.05000000000000001,0.13671044192067264
0.05,200,regime,9,2013-09-30 00:00:00,0.2166430653013421,0.4075441923673585,0.05000000000000002,SPY,7,0.4075441923673585,0.05000000000000002,0.05000000000000002,0.05000000000000002,0.05000000000000002,0.05000000000000002,0.05000000000000002,0.07845883063498248,0.05000000000000002,0.163996976997659
0.05,200,regime,9,2013-10-31 00:00:00,0.21004125599629342,0.39462232567063216,0.05000000000000001,SPY,7,0.39462232567063216,0.05000000000000001,0.05000000000000001,0.05000000000000001,0.05000000000000001,0.05000000000000001,0.05000000000000001,0.08183255185036395,0.05000000000000001,0.1735451224790039
0.05,200,regime,9,2013-11-29 00:00:00,0.22587565834673654,0.42089154064456796,0.05000000000000001,SPY,7,0.42089154064456796,0.05000000000000001,0.05000000000000001,0.05000000000000001,0.05000000000000001,0.05000000000000001,0.05000000000000001,0.0646511922628016,0.05000000000000001,0.1644572670926304
0.05,200,regime,9,2013-12-31 00:00:00,0.22712355367451703,0.42399381554467025,0.05,SPY,7,0.42399381554467025,0.05,0.05,0.05,0.05,0.05,0.05,0.06656280611549244,0.05,0.15944337833983732
0.05,200,regime,9,2014-01-31 00:00:00,0.2094726025182648,0.39557538561873035,0.05000000000000002,SPY,7,0.39557538561873035,0.05000000000000002,0.05000000000000002,0.05000000000000002,0.05000000000000002,0.05000000000000002,0.05000000000000002,0.08767261441660935,0.05000000000000002,0.16675199996466036
0.05,200,regime,9,2014-02-28 00:00:00,0.1829517459938387,0.3389261410754579,0.05,SPY,6,0.3389261410754579,0.05,0.05,0.05,0.05548196629658646,0.05,0.05,0.11211815209259735,0.05,0.19347374053535843
0.05,200,regime,9,2014-03-31 00:00:00,0.16937857273498164,0.30508505490168253,0.05000000000000001,SPY,6,0.30508505490168253,0.05000000000000001,0.05000000000000001,0.05000000000000001,0.06483771088869757,0.05000000000000001,0.05000000000000001,0.12882906735894545,0.05000000000000001,0.2012481668506745
0.05,200,regime,9,2014-04-30 00:00:00,0.17637095741340203,0.31735056110868565,0.05,SPY,6,0.31735056110868565,0.05,0.05,0.05,0.06041436247272749,0.05,0.05,0.11065982647376171,0.05,0.21157524994482516
0.05,200,regime,9,2014-05-30 00:00:00,0.18350822259974497,0.3333426169932087,0.05,SPY,6,0.3333426169932087,0.05,0.05,0.05,0.053083503909887024,0.05,0.05,0.10478321332343556,0.05,0.20879066577346878
0.05,200,regime,9,2014-06-30 00:00:00,0.19020834703657147,0.3471449225995331,0.05000000000000001,SPY,7,0.3471449225995331,0.05000000000000001,0.05000000000000001,0.05000000000000001,0.05000000000000001,0.05000000000000001,0.05000000000000001,0.09513299724054029,0.05000000000000001,0.20772208015992663
0.05,200,regime,9,2014-07-31 00:00:00,0.18473498820558862,0.3387945255808944,0.05000000000000002,SPY,6,0.3387945255808944,0.05000000000000002,0.05000000000000002,0.05000000000000002,0.053149021911349084,0.05000000000000002,0.05000000000000002,0.10565958896668369,0.05000000000000002,0.20239686354107286
0.05,200,regime,9,2014-08-29 00:00:00,0.17887052953516475,0.32647117500019435,0.05,SPY,6,0.32647117500019435,0.05,0.05,0.05,0.0567627373867082,0.05,0.05,0.11425416469847158,0.05,0.2025119229146258
0.05,200,regime,9,2014-09-30 00:00:00,0.18486240397652665,0.3435963691295683,0.05000000000000001,SPY,6,0.3435963691295683,0.05000000000000001,0.05000000000000001,0.05000000000000001,0.050512612796602116,0.05000000000000001,0.05000000000000001,0.11781889820664342,0.05000000000000001,0.18807211986718614
0.05,200,regime,9,2014-10-31 00:00:00,0.1523697887337901,0.25391434574500443,0.05,SPY,6,0.25391434574500443,0.05,0.05,0.05,0.08358947370963533,0.05,0.05,0.17104139666908302,0.05,0.1914547838762772
0.05,200,regime,9,2014-11-28 00:00:00,0.16386978312220796,0.2893004711320462,0.05000000000000002,SPY,6,0.2893004711320462,0.05000000000000002,0.05000000000000002,0.05000000000000002,0.06363175467872946,0.05000000000000002,0.05000000000000002,0.15234426249719635,0.05000000000000002,0.194723511692028
