variant,c,u,seed,date,HHI,n_floor_hits,budget_SPY,budget_EFA,budget_EEM,budget_IEF,budget_TLT,budget_LQD,budget_HYG,budget_GLD,budget_DBC,budget_VNQ
baseline,0.05,0.005,0,2008-04-30,0.20921055491657553,3,0.1338875232254797,0.005000000000000001,0.005000000000000001,0.04702519237768875,0.1423314628459193,0.32660181937475263,0.0914049204147701,0.2314410884269575,0.005000000000000001,0.012307993334432143
baseline,0.05,0.005,0,2008-05-30,0.21599442269558994,3,0.1210802519163587,0.005000000000000001,0.005000000000000001,0.0439360446437294,0.13395157999047042,0.3198427138801399,0.08802165202319459,0.26685275208412557,0.005000000000000001,0.011315005461981454
baseline,0.05,0.005,0,2008-06-30,0.2244080320311979,3,0.11058615274186287,0.005,0.005,0.04210931358985925,0.12678033615023565,0.31931971252907426,0.0837334003997039,0.291835235162584,0.005,0.010635849426680125
baseline,0.05,0.005,0,2008-07-31,0.23028209339344557,3,0.1020706476287351,0.004999999999999999,0.004999999999999999,0.0426332159246891,0.12412084515961924,0.32244903467077923,0.08012345440628893,0.3034277873725863,0.004999999999999999,0.010175014837302064
baseline,0.05,0.005,0,2008-08-29,0.24516536236530392,3,0.07683816505210432,0.005,0.005,0.0389805347232635,0.12350216227925764,0.29545161473996534,0.08563222180247536,0.35740417772992544,0.005,0.007191123673008502
baseline,0.05,0.005,0,2008-09-30,0.21703290369623657,3,0.08596422613919158,0.004999999999999999,0.004999999999999999,0.04623972034267462,0.1684605019395287,0.32934329127666534,0.10468204177137558,0.24410481910238072,0.004999999999999999,0.006205399428183507
baseline,0.05,0.005,0,2008-10-31,0.22006934144494822,3,0.08382069751192468,0.005,0.005,0.04790211060289494,0.16910133629216126,0.34055483178103974,0.10107085721131814,0.23631932412034912,0.005,0.006230842480312119
baseline,0.05,0.005,0,2008-11-28,0.2720749464771443,3,0.0529838720194142,0.005,0.005,0.03649249715440848,0.12283849930620083,0.23204030460122527,0.10023616323276209,0.43456590677973195,0.005,0.005842756906257151
baseline,0.05,0.005,0,2008-12-31,0.414902542371761,4,0.03620187415585726,0.005,0.005,0.019646136206669447,0.07604143819026792,0.14820457995280475,0.08497665312132076,0.6149293183730798,0.005,0.005
baseline,0.05,0.005,0,2009-01-30,0.397327156908099,4,0.040748052058406106,0.005000000000000001,0.005000000000000001,0.01934189825180708,0.0801339331854874,0.14756596347018439,0.09369862322282739,0.5985115298112876,0.005000000000000001,0.005000000000000001
baseline,0.05,0.005,0,2009-02-27,0.2190187864664259,2,0.29925856620766295,0.005000000000000001,0.005316291969988435,0.010648815368811765,0.10617367691806767,0.09252100128142764,0.2740502077396833,0.18446206109952354,0.005000000000000001,0.0175693794148348
baseline,0.05,0.005,0,2009-03-31,0.32159029597884814,3,0.5175682012740671,0.005000000000000001,0.005000000000000001,0.010806151818447456,0.08412817186123728,0.09054041737639963,0.1787751503302382,0.07353128451878946,0.005000000000000001,0.02965062282082087
baseline,0.05,0.005,0,2009-04-30,0.20745498105981844,3,0.14892612020574497,0.005000000000000001,0.005000000000000001,0.049337891138921425,0.1510064861962751,0.3396075979552171,0.09515332415364358,0.18818304893060478,0.005000000000000001,0.012785531419593087
baseline,0.05,0.005,0,2009-05-29,0.3373269838937176,3,0.5342122702937412,0.004999999999999999,0.004999999999999999,0.011318478690227679,0.08266817801910688,0.08116701804533122,0.18319393932502895,0.06181503829010139,0.004999999999999999,0.0306250773364627
baseline,0.05,0.005,0,2009-06-30,0.346920378894959,3,0.5448424272683741,0.005000000000000001,0.005000000000000001,0.010769197879105552,0.08094754349527153,0.07676575246754995,0.1815189590989932,0.05952540723384639,0.005000000000000001,0.0306307125568593
baseline,0.05,0.005,0,2009-07-31,0.3467685135867693,3,0.544849600920114,0.005000000000000001,0.005000000000000001,0.010764274642608655,0.08118249670348049,0.07707075779475024,0.18075915931454453,0.05982378489449488,0.005000000000000001,0.03054992573000719
baseline,0.05,0.005,0,2009-08-31,0.3414213080641622,3,0.5394816796962122,0.005000000000000001,0.005000000000000001,0.011283302422804412,0.08352936708619767,0.07862215647677234,0.17971529555784527,0.061290128628859845,0.005000000000000001,0.031078070131308387
baseline,0.05,0.005,0,2009-09-30,0.34235283143316536,3,0.5400861061024587,0.004999999999999999,0.004999999999999999,0.011691172770990622,0.08372882825104382,0.07763879494630256,0.18149431105894392,0.059093083646123944,0.004999999999999999,0.03126770322413639
baseline,0.05,0.005,0,2009-10-30,0.3402317214667956,3,0.5382465337133371,0.005,0.005,0.011634380270090035,0.08455530148796181,0.07894506274396472,0.1795954680908489,0.060868239814997276,0.005,0.031155013878800004
baseline,0.05,0.005,0,2009-11-30,0.34250393852399763,3,0.5405393928350951,0.005,0.005,0.011515806125421812,0.08324588154550207,0.07883284787106992,0.18009824896244375,0.059775171427869346,0.005,0.030992651232598062
baseline,0.05,0.005,0,2009-12-31,0.34133427061017463,3,0.5393231982020529,0.005,0.005,0.012074212282198397,0.08366455035728182,0.07899099923383207,0.18039413616012873,0.058742676140593655,0.005,0.031810227623912404
baseline,0.05,0.005,0,2010-01-29,0.3360233041560686,3,0.5340086820496178,0.005000000000000001,0.005000000000000001,0.012383762499968367,0.08576050723383788,0.08113531912529641,0.1786930688088603,0.06124739390104894,0.005000000000000001,0.03177126638137035
baseline,0.05,0.005,0,2010-02-26,0.2028206521503984,3,0.15361285973603714,0.005,0.005,0.05089791038279898,0.15364280493709678,0.3283650245474774,0.09565641887265423,0.18918864441756564,0.005,0.013636337106369946
baseline,0.05,0.005,0,2010-03-31,0.2069395163751731,3,0.14008706104893784,0.005,0.005,0.04611634655550602,0.141837520957589,0.3207125408193964,0.09228646853234204,0.2312136107502264,0.005,0.01274645133600248
baseline,0.05,0.005,0,2010-04-30,0.20706148493351278,3,0.1406878838760046,0.005,0.005,0.044907890158334574,0.14232123267458782,0.32086152335682183,0.09327990211527928,0.23046113302088878,0.005,0.012480434798083107
baseline,0.05,0.005,0,2010-05-28,0.20621283890358244,3,0.14549656704976194,0.005000000000000001,0.005000000000000001,0.052004629318365254,0.15509078092594347,0.3366015603847226,0.09275446566815533,0.19010336014755347,0.005000000000000001,0.012948636505498077
baseline,0.05,0.005,0,2010-06-30,0.21730313808718607,3,0.11874621272992437,0.005,0.005,0.04745584391950002,0.1369512724796182,0.332142174785349,0.08396699246315187,0.25420027364993086,0.005,0.011537229972525712
baseline,0.05,0.005,0,2010-07-30,0.23850815929763824,3,0.0829250187522263,0.004999999999999999,0.004999999999999999,0.03851728421779469,0.12635404141156414,0.2951608898077702,0.08985747531011819,0.3447581714171985,0.004999999999999999,0.007427119083327992
baseline,0.05,0.005,0,2010-08-31,0.19360897943160563,3,0.14413397111471782,0.005000000000000001,0.005000000000000001,0.036643914400956636,0.16780497195471497,0.28760572332316037,0.13169597293927293,0.20762248186847435,0.005000000000000001,0.009492964398702996
baseline,0.05,0.005,0,2010-09-30,0.20617765255969492,3,0.13962381353540226,0.005,0.005,0.04042647868364633,0.14011827986607472,0.30820516483972915,0.09909824937773667,0.2457451701594188,0.005,0.01178284353799201
baseline,0.05,0.005,0,2010-10-29,0.1906722682687049,3,0.21896102699547618,0.004999999999999999,0.004999999999999999,0.0488019304457852,0.1594957266371938,0.2868274329950746,0.115370106842801,0.13758681378943927,0.004999999999999999,0.017956962294229873
baseline,0.05,0.005,0,2010-11-30,0.3438284371028734,3,0.5418373681989499,0.005000000000000001,0.005000000000000001,0.011405775381153838,0.08287321343686772,0.07782494724367256,0.18061336053540455,0.059356926713459636,0.005000000000000001,0.031088408490491805
baseline,0.05,0.005,0,2010-12-31,0.34512382014568527,3,0.5432736767731012,0.004999999999999999,0.004999999999999999,0.011804261994902263,0.08258169558688996,0.07713744653082276,0.18073213971216714,0.05751531650495941,0.004999999999999999,0.031955462897157234
baseline,0.05,0.005,0,2011-01-31,0.34161544981497366,3,0.5396083647344343,0.005,0.005,0.011946039101183175,0.08341527634666784,0.0783413757594236,0.18059193192820652,0.059007638697754605,0.005,0.03208937343233001
baseline,0.05,0.005,0,2011-02-28,0.33790296303921685,2,0.53547635028791,0.005106525209736682,0.004999999999999999,0.012570722383470062,0.08485875442531741,0.07889655025402754,0.18159513765911858,0.05889557409009044,0.004999999999999999,0.03260038569032918
baseline,0.05,0.005,0,2011-03-31,0.3332262919890695,3,0.5306821526894782,0.005,0.005,0.01268484246656103,0.08587461528042165,0.081686386276034,0.18027372845686668,0.06142581929366888,0.005,0.032372455536969706
baseline,0.05,0.005,0,2011-04-29,0.19447895858008743,3,0.18063447444827804,0.004999999999999999,0.004999999999999999,0.04986110262186199,0.15721217469057475,0.30831820736389753,0.10606138524294866,0.16740266929583947,0.004999999999999999,0.015509986336599543
baseline,0.05,0.005,0,2011-05-31,0.20751139243176997,3,0.13690636939118828,0.005000000000000001,0.005000000000000001,0.04735042422798391,0.14254864324769537,0.3227742515613106,0.09177282004584836,0.2310101507133814,0.005000000000000001,0.012637340812592083
baseline,0.05,0.005,0,2011-06-30,0.20928997905171084,3,0.13332410754435922,0.005000000000000001,0.005000000000000001,0.047353502236294975,0.1413540925629919,0.3247161653519136,0.0902325110252133,0.23553776091296244,0.005000000000000001,0.01248186036626457
baseline,0.05,0.005,0,2011-07-29,0.21165624861279064,3,0.12923567251438675,0.005,0.005,0.04654052910035409,0.13903575585997427,0.32476173806856257,0.08840258374184166,0.24484463191266911,0.005,0.01217908880221162
baseline,0.05,0.005,0,2011-08-31,0.2153106951685096,3,0.12562756820776275,0.005,0.005,0.05019553822314391,0.14800289603441805,0.3475611148640252,0.0862574053990423,0.21601208015474005,0.005,0.011343397116867836
baseline,0.05,0.005,0,2011-09-30,0.21513684777060113,3,0.12301443463248062,0.005000000000000001,0.005000000000000001,0.050718188211595204,0.1443532109303732,0.34071844372622323,0.08347026321232288,0.2309185270534956,0.005000000000000001,0.011806932233509319
baseline,0.05,0.005,0,2011-10-31,0.2354005253105882,3,0.0878972516195372,0.005,0.005,0.041209970251242886,0.12752586963874687,0.3109973841145112,0.08375874262240784,0.3253227600358516,0.005,0.008288021717702387
baseline,0.05,0.005,0,2011-11-30,0.20556194322937657,3,0.11533503888790347,0.005,0.005,0.04741894958519903,0.17351869495074285,0.324886975011198,0.11064033982230118,0.20485356583839276,0.005,0.008346435904262756
baseline,0.05,0.005,0,2011-12-30,0.2253207918926667,3,0.10029557885823565,0.005,0.005,0.04039617682244922,0.13225758099298143,0.30876071525853266,0.09029201802644593,0.304135325736521,0.005,0.008862604304834092
baseline,0.05,0.005,0,2012-01-31,0.21558559511379696,3,0.11973912536706371,0.005000000000000001,0.005000000000000001,0.043212885937861906,0.13638001131505043,0.31785820762354267,0.08940905332930456,0.2675065886708023,0.005000000000000001,0.010894127756374527
baseline,0.05,0.005,0,2012-02-29,0.19937365760464432,3,0.16258469530245234,0.005000000000000001,0.005000000000000001,0.04199283118373092,0.14404098567457743,0.3061576951189828,0.10203905432005732,0.21452899281579227,0.005000000000000001,0.013655745584406964
baseline,0.05,0.005,0,2012-03-30,0.19018138372497415,3,0.2274090347810543,0.005,0.005,0.04900462344786994,0.15885210449967407,0.2811185998005528,0.11653794893479379,0.13341261018370476,0.005,0.018665078352350366
baseline,0.05,0.005,0,2012-04-30,0.33701417048998455,3,0.534878141868379,0.005000000000000001,0.005000000000000001,0.012301644387574771,0.08501762343017344,0.08013399525016507,0.17979464720444455,0.060664757303280206,0.005000000000000001,0.03220919055598303
baseline,0.05,0.005,0,2012-05-31,0.3049438942591217,3,0.5005952284159317,0.005,0.005,0.015920609576975237,0.09711827819776006,0.09949793828452184,0.1692528620024598,0.07101270700888541,0.005,0.03160237651346593
baseline,0.05,0.005,0,2012-06-29,0.22578620651828973,3,0.10705682477084182,0.005,0.005,0.04438144871451115,0.1279470568200544,0.3234385670565654,0.08041550954084417,0.29106052311757347,0.005,0.010700069979609657
baseline,0.05,0.005,0,2012-07-31,0.2324947920961214,3,0.09259930138298703,0.005,0.005,0.04008181862494021,0.12745374560016576,0.302575752775709,0.08684550784811859,0.3268423746069444,0.005,0.008601499161135033
baseline,0.05,0.005,0,2012-08-31,0.2072489163533425,3,0.13713577188242415,0.005000000000000001,0.005000000000000001,0.04040364350640561,0.138774359482575,0.30633825976870804,0.09774025809885982,0.2528692142090016,0.005000000000000001,0.011738493052025874
baseline,0.05,0.005,0,2012-09-28,0.1906448300349309,3,0.2078814021147588,0.005,0.005,0.042699544899646336,0.15330920385649682,0.28636559464518235,0.1155996948145623,0.16241889849577507,0.005,0.01672566117357827
baseline,0.05,0.005,0,2012-10-31,0.2526917717587614,2,0.43191442962409504,0.005000000000000001,0.005000000000000001,0.025242733753370133,0.11456177296767082,0.1383243298942905,0.15751166675057426,0.08594324067027759,0.005325664135722897,0.03117616220399879
baseline,0.05,0.005,0,2012-11-30,0.3357198134738874,2,0.5333970473842815,0.00501606387944366,0.005,0.012640229661129656,0.08510806031610907,0.08041457098280294,0.18035057750539774,0.060765524743627376,0.005,0.03230792552720811
baseline,0.05,0.005,0,2012-12-31,0.33176844422556756,2,0.5290182376415568,0.005225058323568682,0.005,0.013294925651744739,0.08572055257059384,0.08137512577023029,0.18133058630161958,0.06083889118999267,0.005,0.033196622550693444
baseline,0.05,0.005,0,2013-01-31,0.19879244666011894,3,0.15963406970918673,0.005000000000000001,0.005000000000000001,0.04621245958729664,0.14706803154291798,0.30999738458785897,0.10030911321819477,0.20762769235071526,0.005000000000000001,0.01415124900382983
baseline,0.05,0.005,0,2013-02-28,0.1868646659459221,2,0.23040728695325793,0.005,0.005073569978406525,0.04867032838023031,0.1521852493601602,0.2691062930240866,0.11779938788774136,0.1465187364174956,0.005,0.020239147998621518
baseline,0.05,0.005,0,2013-03-28,0.18612299037392172,2,0.23445932864126767,0.004999999999999999,0.005269864082717177,0.050412406843075484,0.15336935381042532,0.26559650198918006,0.11875051951586758,0.1411637190997301,0.004999999999999999,0.020978306017736512
baseline,0.05,0.005,0,2013-04-30,0.3010416335229497,3,0.49583927829736507,0.005,0.005,0.016095690588636337,0.09840694839500615,0.10266784777481192,0.168345287072819,0.07321271255736186,0.005,0.030432235313999575
baseline,0.05,0.005,0,2013-05-31,0.21056628665812258,3,0.13203528562481878,0.005000000000000001,0.005000000000000001,0.045545947259340754,0.13846593972975837,0.3211733241977023,0.08962034165844972,0.2459203571981125,0.005000000000000001,0.012238804331817621
baseline,0.05,0.005,0,2013-06-28,0.22512216061846194,3,0.11069569354375715,0.005,0.005,0.043414657070853506,0.12736318915438208,0.3264166489184873,0.0808641527214617,0.2854542252791389,0.005,0.010791433311919282
baseline,0.05,0.005,0,2013-07-31,0.21107874836858057,3,0.13381707345919708,0.005,0.005,0.04529025019755254,0.1391966562462701,0.32609376037055615,0.08920779001938264,0.23922049963634617,0.005,0.012173970070695353
baseline,0.05,0.005,0,2013-08-30,0.21006163333544295,3,0.13645628754073327,0.004999999999999999,0.004999999999999999,0.044775667991236376,0.13879868981200266,0.3237592510788602,0.0900876982653665,0.23876301563998065,0.004999999999999999,0.012359389671820238
baseline,0.05,0.005,0,2013-09-30,0.19792551444920137,3,0.1765366324174837,0.004999999999999999,0.004999999999999999,0.047250744607682145,0.15434117370178793,0.3155698192019701,0.10276778943905687,0.1739960468294285,0.004999999999999999,0.014537793802590576
baseline,0.05,0.005,0,2013-10-31,0.19797589653422512,3,0.17102796429294762,0.005000000000000001,0.005000000000000001,0.04710878136984436,0.1514759287857029,0.3139046365635249,0.10135109288981742,0.18565681660813957,0.005000000000000001,0.014474779490023234
baseline,0.05,0.005,0,2013-11-29,0.34350416999103073,3,0.5418144744639961,0.005,0.005,0.011533098427211985,0.08280203535428352,0.07802344320491153,0.17949567931375293,0.059807750481891395,0.005,0.031523518753952505
baseline,0.05,0.005,0,2013-12-31,0.18884605185234732,3,0.2531931106206541,0.005000000000000001,0.005000000000000001,0.04674085511981578,0.14942541783924268,0.2584476477632496,0.11863384450897341,0.13721039984712155,0.005000000000000001,0.021348724300943065
baseline,0.05,0.005,0,2014-01-31,0.33505370063912826,3,0.5334190686584044,0.005,0.005,0.012516538959747962,0.08621855408414816,0.08214975065511006,0.17675815012016324,0.061940638595506026,0.005,0.03199729892692016
baseline,0.05,0.005,0,2014-02-28,0.19744566339103986,3,0.16890705003282158,0.005,0.005,0.05004956464971878,0.155297883500777,0.31556004707231655,0.10089393970441211,0.1795664876586441,0.005,0.01472502738130988
baseline,0.05,0.005,0,2014-03-31,0.19958935175023473,3,0.15955621545179924,0.005,0.005,0.05001279294716748,0.1529546871844526,0.31940223102938675,0.09858487716427909,0.19032147133272684,0.005,0.014167724890187954
baseline,0.05,0.005,0,2014-04-30,0.20094113659886384,3,0.15340862499107355,0.005,0.005,0.04713848656252275,0.1470311347433441,0.3149747803683306,0.09759845267545945,0.21111250690398245,0.005,0.013736013755287034
baseline,0.05,0.005,0,2014-05-30,0.20487856578099148,3,0.14265605732771844,0.005,0.005,0.04560310281823791,0.14071752105661245,0.3133960441183748,0.09430320335151655,0.23513310067169646,0.005,0.013190970655843485
baseline,0.05,0.005,0,2014-06-30,0.20503042263182608,3,0.142545649081627,0.005000000000000001,0.005000000000000001,0.04509197600582827,0.14047530563312188,0.31285926614380277,0.09462612910113552,0.23635642474259821,0.005000000000000001,0.0130452492918864
baseline,0.05,0.005,0,2014-07-31,0.19920160206806017,3,0.15745888181200465,0.004999999999999999,0.004999999999999999,0.048238976402286506,0.148723453057291,0.31337857154975557,0.09881963492114913,0.20424593902457508,0.004999999999999999,0.014134543232937983
baseline,0.05,0.005,0,2014-08-29,0.2016495097997084,3,0.15060805295322663,0.005,0.005,0.04775750286991207,0.1465642166761734,0.3159708275631703,0.09638355983612867,0.2140459160903812,0.005,0.013669924011007722
baseline,0.05,0.005,0,2014-09-30,0.21767367052930298,3,0.1198416759063834,0.005000000000000001,0.005000000000000001,0.04429625351534741,0.13150199508072546,0.31856343498339906,0.08501092298724947,0.27410919378465926,0.005000000000000001,0.011676523742235916
baseline,0.05,0.005,0,2014-10-31,0.2228922774827691,3,0.11183092556679966,0.005,0.005,0.04344248052928329,0.12859323669589176,0.3179665147836295,0.08268111147875697,0.28953203224683866,0.005,0.010953698698800264
baseline,0.05,0.005,0,2014-11-28,0.22448030943453845,3,0.10920493242041933,0.005,0.005,0.043067839535457085,0.12783008428090237,0.31645310689872147,0.08243603514124775,0.29535129729728726,0.005,0.010656704425964664
baseline,0.05,0.005,1,2008-04-30,0.29191894386890505,3,0.34724251148019425,0.005,0.005,0.014923153924026872,0.10239611736497704,0.025611322297638708,0.0652974545451975,0.03673178892078435,0.005,0.3927976514671812
baseline,0.05,0.005,1,2008-05-30,0.2914977006934337,3,0.3534784375700434,0.005000000000000001,0.005000000000000001,0.014884512362888454,0.10208617126727551,0.025513290209802655,0.0650194291875887,0.0372829999456693,0.005000000000000001,0.386735159456732
baseline,0.05,0.005,1,2008-06-30,0.2925855460004744,3,0.3469085624704315,0.005,0.005,0.015070295062540186,0.10251625865556176,0.02501952815098982,0.06484970028820417,0.036609540318362575,0.005,0.39402611505391005
baseline,0.05,0.005,1,2008-07-31,0.2926523404615272,3,0.3517050802725508,0.005,0.005,0.014937988053058616,0.10271308493362678,0.024445880134667593,0.06480768683745078,0.03655173780122958,0.005,0.38983854196741574
baseline,0.05,0.005,1,2008-08-29,0.2899661603530609,3,0.35767685441014796,0.005000000000000001,0.005000000000000001,0.01575796834439363,0.10532207892227517,0.025118526407335837,0.0641621954271822,0.0368116875998964,0.005000000000000001,0.3801506888887689
baseline,0.05,0.005,1,2008-09-30,0.18193040994383652,3,0.30773049979598066,0.005,0.005,0.024534523542547315,0.15667231470480028,0.10547027508047697,0.12979477679089194,0.12647244044668388,0.005,0.13432516963861893
baseline,0.05,0.005,1,2008-10-31,0.38314271768065733,3,0.014666699925248659,0.005,0.005,0.06362642296467426,0.04730070813582759,0.2964697344096255,0.02079564457558938,0.5368539973530284,0.005,0.005286792636006214
baseline,0.05,0.005,1,2008-11-28,0.40613125901258634,3,0.014656284474259531,0.005000000000000001,0.005000000000000001,0.05414690309628167,0.04279790535136429,0.27572087956982405,0.02220302614858183,0.5696747172057356,0.005000000000000001,0.005800284153953033
baseline,0.05,0.005,1,2008-12-31,0.43868514964660005,3,0.014866818277556202,0.005000000000000001,0.005000000000000001,0.04279839603992357,0.03743021094233021,0.2478780487481951,0.02424808646581504,0.6107996427745831,0.005000000000000001,0.006978796751596728
baseline,0.05,0.005,1,2009-01-30,0.4171181354941411,2,0.02639406096798072,0.005,0.005053868803185044,0.04096587723416757,0.05511943298350863,0.2146919465860298,0.030995945995147933,0.6036589091173369,0.005,0.013119958312643419
baseline,0.05,0.005,1,2009-02-27,0.1781637627933964,3,0.2922315374766605,0.005,0.005,0.020290930526683123,0.14483145257727775,0.0965174971564792,0.14074202303406264,0.14240952453470113,0.005,0.14797703469413573
baseline,0.05,0.005,1,2009-03-31,0.1665659968231602,3,0.25561280813018405,0.005,0.005,0.023666835324983898,0.1385525821422716,0.12674116684120096,0.1441291500489149,0.16636307886966087,0.005,0.12993437864278384
baseline,0.05,0.005,1,2009-04-30,0.1684077735909445,3,0.2612947142467268,0.004999999999999999,0.004999999999999999,0.021883791949334888,0.13322237441389873,0.11936246957718412,0.14731547149677002,0.16327517927181634,0.004999999999999999,0.1386459990442691
baseline,0.05,0.005,1,2009-05-29,0.19949131917956353,3,0.33765490074155685,0.005,0.005,0.01620651970824628,0.13311355968808714,0.07326611580111382,0.13207889643536327,0.1165065989547601,0.005,0.17617340867087253
baseline,0.05,0.005,1,2009-06-30,0.29552539767762004,3,0.3483914272615673,0.005,0.005,0.01344168922309801,0.09985278304145914,0.02483818082279424,0.06532436417589292,0.035982019524422766,0.005,0.39716953595076576
baseline,0.05,0.005,1,2009-07-31,0.29584048164148846,3,0.34519915325327005,0.004999999999999999,0.004999999999999999,0.013607087361335484,0.09990919546049441,0.024555343250877583,0.06543651980762984,0.03597134851286821,0.004999999999999999,0.40032135235352434
baseline,0.05,0.005,1,2009-08-31,0.293171356466856,3,0.3523325287223445,0.005000000000000001,0.005000000000000001,0.014294306317501193,0.10145071911934271,0.024862500697186353,0.06510743296780337,0.03675582083374074,0.005000000000000001,0.3901966913420811
baseline,0.05,0.005,1,2009-09-30,0.29257079143026365,3,0.34820667835164854,0.005,0.005,0.014204467202003029,0.10088734756042472,0.02559467487198161,0.06603946343040556,0.037027212607249844,0.005,0.3930401559762866
baseline,0.05,0.005,1,2009-10-30,0.29244581281861126,3,0.3504496152728074,0.005,0.005,0.014504687583864114,0.1025140450899272,0.025098786865509863,0.06509165324118277,0.036668859607229876,0.005,0.39067235233947895
baseline,0.05,0.005,1,2009-11-30,0.29412578971854964,3,0.34794633224759425,0.005,0.005,0.01404764718445051,0.10141413493023235,0.02469379531340115,0.06547257462399975,0.036072078874865264,0.005,0.3953534368254567
baseline,0.05,0.005,1,2009-12-31,0.29403452594307755,3,0.3422757522714559,0.005000000000000001,0.005000000000000001,0.014498459331447758,0.10170942580546966,0.025277695449772694,0.06555304975077648,0.0356277161403101,0.005000000000000001,0.4000579012507674
baseline,0.05,0.005,1,2010-01-29,0.29279194907675177,3,0.3482514177181099,0.0049999999999999975,0.0049999999999999975,0.014852128684226076,0.10311230511156726,0.025055671641934067,0.0647771210235027,0.03592362524431953,0.0049999999999999975,0.3930277305763403
baseline,0.05,0.005,1,2010-02-26,0.29309259987482883,3,0.35431903509720913,0.004999999999999999,0.004999999999999999,0.01478226031860199,0.10346946805643516,0.02455794179456325,0.06420083946189131,0.035656330524061045,0.004999999999999999,0.388014124747238
baseline,0.05,0.005,1,2010-03-31,0.29220457280608664,3,0.344348322466576,0.005000000000000001,0.005000000000000001,0.015004712652769954,0.10298910526588995,0.025401710715622097,0.06543180262522989,0.03624691815457513,0.005000000000000001,0.395577428119337
baseline,0.05,0.005,1,2010-04-30,0.2927734444661677,3,0.3447952720310092,0.005,0.005,0.014608654673858091,0.10209744427514773,0.025496187501544736,0.06544181606238438,0.03643269706658933,0.005,0.39612792838946664
baseline,0.05,0.005,1,2010-05-28,0.28961139809643266,3,0.3654048434678293,0.004999999999999999,0.004999999999999999,0.014768044840670288,0.1054854528525064,0.025053575356823364,0.06511009101595872,0.03712242911422797,0.004999999999999999,0.3720555633519839
baseline,0.05,0.005,1,2010-06-30,0.28928648185260986,3,0.3602237286261181,0.005000000000000001,0.005000000000000001,0.015240308012247081,0.10591318314499366,0.025046818573701668,0.06484024544256013,0.03719131898022524,0.005000000000000001,0.3765443972201542
baseline,0.05,0.005,1,2010-07-30,0.16479009672439507,3,0.18848155712477208,0.004999999999999999,0.004999999999999999,0.03417697672934223,0.1375656504775236,0.18395691660874272,0.12036521297225526,0.22887162177088194,0.004999999999999999,0.09158206431648207
baseline,0.05,0.005,1,2010-08-31,0.17391662066819752,3,0.28348291932553654,0.005,0.005,0.02326314895812002,0.14502400911188915,0.10979582226739908,0.1351692163996302,0.14811719386456146,0.005,0.14014769007286365
baseline,0.05,0.005,1,2010-09-30,0.29382263182191815,3,0.34564231182631855,0.004999999999999999,0.004999999999999999,0.014281871664470727,0.10144480484965247,0.025011575177177378,0.0653368416124243,0.036332370125901965,0.004999999999999999,0.39695022474405456
baseline,0.05,0.005,1,2010-10-29,0.2922919308872693,3,0.34255295258099766,0.005000000000000001,0.005000000000000001,0.014908068621210383,0.10259709783977372,0.025659117940609145,0.0655672024255947,0.03642226764248531,0.005000000000000001,0.3972932929493291
baseline,0.05,0.005,1,2010-11-30,0.2957301225020092,3,0.34435958232172437,0.005,0.005,0.014039902474423193,0.10096027514852204,0.02457370912635072,0.06505045916360301,0.03526358629641092,0.005,0.4007524854689658
baseline,0.05,0.005,1,2010-12-31,0.2945800242149459,3,0.3387502123907559,0.005,0.005,0.014424205117051761,0.10193721891490497,0.025065641463496276,0.06588483908414942,0.03527918536045812,0.005,0.4036586976691834
baseline,0.05,0.005,1,2011-01-31,0.2931951548458316,3,0.3416823552709554,0.005000000000000001,0.005000000000000001,0.014763643837387864,0.10238793461610553,0.025316089748241347,0.06577253496299275,0.03579859343910304,0.005000000000000001,0.39927884812521414
baseline,0.05,0.005,1,2011-02-28,0.2914233814221968,3,0.3424806363930705,0.005000000000000001,0.005000000000000001,0.01502474366759404,0.1030514092909313,0.02609348866748793,0.06582923446619883,0.036456580116097245,0.005000000000000001,0.39606390739862013
baseline,0.05,0.005,1,2011-03-31,0.2919853690413312,3,0.3469195982803388,0.005000000000000001,0.005000000000000001,0.015008171722419111,0.10325864358098909,0.025433993764426534,0.06498583264663418,0.03635728592934976,0.005000000000000001,0.3930364740758425
baseline,0.05,0.005,1,2011-04-29,0.29082415634148706,3,0.34008215839534456,0.005,0.005,0.015284623492807776,0.10310528449702726,0.026305818680848136,0.06588603032242375,0.037067958754767975,0.005,0.3972681258567805
baseline,0.05,0.005,1,2011-05-31,0.29098955975705587,3,0.3470570089536423,0.005,0.005,0.015283782140876624,0.10344652150442603,0.0256820075082435,0.06507525834380577,0.03695696220077848,0.005,0.3914984593482273
baseline,0.05,0.005,1,2011-06-30,0.2920216602136091,3,0.35002920866727705,0.005000000000000001,0.005000000000000001,0.01512157500997742,0.1037788681132227,0.025075364330770008,0.0646501981417373,0.036064886509986724,0.005000000000000001,0.39027989922702894
baseline,0.05,0.005,1,2011-07-29,0.2919736473866603,3,0.3489714256279462,0.005,0.005,0.015209071746917241,0.10428305533266981,0.024937400865231163,0.06452313025836466,0.03601430810654064,0.005,0.3910616080623303
baseline,0.05,0.005,1,2011-08-31,0.2748428837874635,3,0.39220332438015915,0.005,0.005,0.01536162198713569,0.11611447124584118,0.02959086559473737,0.07296852772486027,0.043971832789092995,0.005,0.3147893562781734
baseline,0.05,0.005,1,2011-09-30,0.28189830917349645,3,0.3764230461984248,0.005,0.005,0.015977256154495835,0.11177011767416153,0.026878585698582723,0.0664876750712474,0.04015075848490107,0.005,0.34731256071818656
baseline,0.05,0.005,1,2011-10-31,0.2234435401665205,3,0.09737142153329116,0.005,0.005,0.047743468180927444,0.14106309452011903,0.2566940192302318,0.061907524488151615,0.3477505644088941,0.005,0.03246990763838481
baseline,0.05,0.005,1,2011-11-30,0.16273296031745568,3,0.21991023787931827,0.005,0.005,0.030716873805390104,0.1485943072175767,0.16952529150351653,0.13079558189619725,0.19112458183429745,0.005,0.09433312586370365
baseline,0.05,0.005,1,2011-12-30,0.16565900721199722,3,0.18997174855313018,0.004999999999999999,0.004999999999999999,0.0339281231279013,0.13826046495793792,0.1868691132437936,0.11989597622529082,0.22868072090933375,0.004999999999999999,0.08739385298261239
baseline,0.05,0.005,1,2012-01-31,0.1682746971149831,3,0.2647834934995701,0.004999999999999999,0.004999999999999999,0.02538917281588211,0.1442170644925519,0.12468896910670708,0.13549057272139395,0.16204077431880057,0.004999999999999999,0.1283899530450942
baseline,0.05,0.005,1,2012-02-29,0.2934003945224575,3,0.34164785008097803,0.005,0.005,0.014509071284803037,0.10144489608794124,0.025738817415484748,0.06581098861903253,0.03609310680013504,0.005,0.3997552697116253
baseline,0.05,0.005,1,2012-03-30,0.2933968889241346,3,0.34276486498345493,0.004999999999999999,0.004999999999999999,0.014640312627189768,0.10199669942220942,0.025569862114313766,0.06549193695968894,0.03579839757299627,0.004999999999999999,0.398737926320147
baseline,0.05,0.005,1,2012-04-30,0.2925503815313697,3,0.34698869798926074,0.005,0.005,0.014878808149129074,0.10323528741857252,0.025153735562026776,0.06500578448378559,0.03598393674385231,0.005,0.39375374965337295
baseline,0.05,0.005,1,2012-05-31,0.29040030889955704,3,0.3537318262791998,0.005,0.005,0.015709720037261555,0.10536891908092556,0.025158039578841513,0.06429900704904291,0.036333923593764514,0.005,0.38439856438096426
baseline,0.05,0.005,1,2012-06-29,0.29054707951569436,3,0.3581215292465669,0.005000000000000001,0.005000000000000001,0.01539928914534675,0.10549891063222708,0.024931313243989752,0.06420693387969398,0.03632924223308961,0.005000000000000001,0.3805127816190859
baseline,0.05,0.005,1,2012-07-31,0.2895739182323004,3,0.35295469650093586,0.004999999999999999,0.004999999999999999,0.01564105141992264,0.10531881536068843,0.025615715120939707,0.06443216116255876,0.037109981147203465,0.004999999999999999,0.383927579287751
baseline,0.05,0.005,1,2012-08-31,0.20965568804323856,3,0.353213971904598,0.005000000000000001,0.005000000000000001,0.019317126356218964,0.13615933844264558,0.06954142634343863,0.10740613672130417,0.10106428743317113,0.005000000000000001,0.19829771279862352
baseline,0.05,0.005,1,2012-09-28,0.29200854080503397,3,0.340294085905032,0.005000000000000001,0.005000000000000001,0.015020483969647348,0.10276088170129781,0.02586989363806981,0.06579693182815834,0.0364867462429099,0.005000000000000001,0.3987709767148849
baseline,0.05,0.005,1,2012-10-31,0.2922087463852562,3,0.3399548028774562,0.004999999999999999,0.004999999999999999,0.015080882565105765,0.10296852895068066,0.025673085145961866,0.06580757676971782,0.03622509716007962,0.004999999999999999,0.39929002653099804
baseline,0.05,0.005,1,2012-11-30,0.29215930406711016,3,0.3431811891399214,0.004999999999999999,0.004999999999999999,0.015103243957051819,0.10312210942043643,0.025412654547082476,0.06539960816582213,0.036285065784946884,0.004999999999999999,0.3964961289847388
baseline,0.05,0.005,1,2012-12-31,0.29065230850263957,3,0.3401155703005673,0.004999999999999999,0.004999999999999999,0.015547477161460049,0.1033236063735916,0.026178835226614294,0.06603816951705967,0.03683538790995496,0.004999999999999999,0.396960953510752
baseline,0.05,0.005,1,2013-01-31,0.290624311792961,2,0.3394790176174145,0.005006996138005456,0.005,0.015367617177707925,0.10324757415093508,0.026448174925467766,0.0662787943352863,0.03672233346278164,0.005,0.39744949219240133
baseline,0.05,0.005,1,2013-02-28,0.2906077205686854,3,0.3419897655554414,0.005000000000000001,0.005000000000000001,0.015399895333942515,0.10332150557449232,0.02638573735313354,0.06600624669340178,0.03658461220752604,0.005000000000000001,0.39531223728206233
baseline,0.05,0.005,1,2013-03-28,0.29009719744725243,3,0.3422838032647265,0.005,0.005,0.015558329825704579,0.10377801400781252,0.026411930177402405,0.06599597829842081,0.03669756374765408,0.005,0.3942743806782791
baseline,0.05,0.005,1,2013-04-30,0.2911032774224439,3,0.3524173175709172,0.005000000000000001,0.005000000000000001,0.015317711217591646,0.10373710342224256,0.02550714670484995,0.06473356065714293,0.03641910376196148,0.005000000000000001,0.38686805666529434
baseline,0.05,0.005,1,2013-05-31,0.29248364868499444,3,0.3469175303305501,0.005,0.005,0.015065805954349787,0.10285325477375883,0.02521303688205371,0.06513033156339681,0.03602344391615654,0.005,0.3937965965797344
baseline,0.05,0.005,1,2013-06-28,0.294425003912946,3,0.35518642368351505,0.005000000000000001,0.005000000000000001,0.014519200012518253,0.10298784970062791,0.023938904604930474,0.06413593133649143,0.03505293071318681,0.005000000000000001,0.38917875994873014
baseline,0.05,0.005,1,2013-07-31,0.29545818667746937,3,0.345552190452592,0.005000000000000001,0.005000000000000001,0.014353976534625786,0.10227610445365079,0.02402611564613128,0.06505984834259954,0.034604020849196324,0.005000000000000001,0.3991277437212043
baseline,0.05,0.005,1,2013-08-30,0.2941677190630615,3,0.343554321933377,0.004999999999999999,0.004999999999999999,0.014603831633933482,0.10294643201968613,0.024368368483751235,0.06542502071825612,0.0351782929424122,0.004999999999999999,0.3989237322685837
baseline,0.05,0.005,1,2013-09-30,0.2945064878733282,3,0.34357345458918126,0.004999999999999999,0.004999999999999999,0.014327534355681707,0.10181103955605462,0.024645419626854362,0.06556031118144934,0.035518904715346224,0.004999999999999999,0.39956333597543237
baseline,0.05,0.005,1,2013-10-31,0.2931574355085407,3,0.34229923114151173,0.005000000000000001,0.005000000000000001,0.014667626466003234,0.10229522430328127,0.025148786496273494,0.06581764304487486,0.03606190074855245,0.005000000000000001,0.398709587799503
baseline,0.05,0.005,1,2013-11-29,0.2937852074422176,3,0.34201457903054494,0.005000000000000001,0.005000000000000001,0.01450407532842277,0.10199037836417812,0.024994005495647145,0.06575262884306819,0.035884310640124914,0.005000000000000001,0.39986002229801393
baseline,0.05,0.005,1,2013-12-31,0.29338057615488755,3,0.3432298149549147,0.004999999999999999,0.004999999999999999,0.014684944654101537,0.10248600323943027,0.02500516111628979,0.06564078052588868,0.035747317444727464,0.004999999999999999,0.3982059780646473
baseline,0.05,0.005,1,2014-01-31,0.29127096257010354,3,0.34714104638074594,0.005000000000000001,0.005000000000000001,0.015224909164317606,0.10442172372210341,0.025206518475618434,0.06521771162344245,0.036181751824675944,0.005000000000000001,0.3916063388090963
baseline,0.05,0.005,1,2014-02-28,0.2906646036805721,3,0.3456382299437584,0.005000000000000001,0.005000000000000001,0.015265987925708043,0.10433822044906393,0.025753344244452466,0.0654651539432635,0.03645991803398992,0.005000000000000001,0.39207914545976386
baseline,0.05,0.005,1,2014-03-31,0.2905047629613761,3,0.34592758937801604,0.005000000000000001,0.005000000000000001,0.015378000889584126,0.1041174021482083,0.025830283458280128,0.06540878921130604,0.036679893097836154,0.005000000000000001,0.3916580418167693
baseline,0.05,0.005,1,2014-04-30,0.2902013350551009,3,0.3403085319469821,0.005000000000000001,0.005000000000000001,0.015467298045713323,0.10340257447345759,0.02647258058577641,0.06603872577746929,0.03714986019667949,0.005000000000000001,0.39616042897392195
baseline,0.05,0.005,1,2014-05-30,0.2895087672857011,3,0.33988580040656197,0.005000000000000001,0.005000000000000001,0.01572669045350502,0.10350899496842407,0.026596268140986392,0.06620400128919128,0.03754016310573659,0.005000000000000001,0.3955380816355948
baseline,0.05,0.005,1,2014-06-30,0.2899820090166872,3,0.33877668784468634,0.005,0.005,0.015644179390454406,0.10309101151170169,0.026602932153961964,0.06628576627583183,0.03740388069679071,0.005,0.39719554212657315
baseline,0.05,0.005,1,2014-07-31,0.2904753444742182,3,0.3407980985344053,0.005,0.005,0.015599728971318628,0.10340402018631191,0.026237118785266137,0.06577353845176814,0.037037335968862425,0.005,0.39615015910206747
baseline,0.05,0.005,1,2014-08-29,0.29088069655398946,3,0.3412242051996954,0.005000000000000001,0.005000000000000001,0.015435248282552416,0.10321258914605999,0.025980870671773626,0.06584318386899865,0.03693803113530425,0.005000000000000001,0.39636587169561577
baseline,0.05,0.005,1,2014-09-30,0.291201154592291,3,0.3456392253812762,0.005000000000000001,0.005000000000000001,0.015459048971906086,0.1037808996658572,0.025342632924037756,0.06527977600927934,0.03654696412578956,0.005000000000000001,0.39295145292185385
baseline,0.05,0.005,1,2014-10-31,0.2913150196477514,3,0.3517290169107941,0.005000000000000001,0.005000000000000001,0.01535779894814422,0.10448400957651036,0.02516416261919721,0.06454491329087654,0.03606854476705038,0.005000000000000001,0.3876515538874272
baseline,0.05,0.005,1,2014-11-28,0.29056251518233034,3,0.3501311566443608,0.004999999999999999,0.004999999999999999,0.01557813232593199,0.10437177428932948,0.025541870041676636,0.06487396921751547,0.03647173766815491,0.004999999999999999,0.38803135981303066
baseline,0.05,0.005,2,2008-04-30,0.29305128806704067,3,0.09746191480868424,0.004999999999999999,0.004999999999999999,0.008055425430490037,0.09475656871258871,0.09539481939813962,0.4714851185697864,0.2071750592913991,0.004999999999999999,0.010671093788911842
baseline,0.05,0.005,2,2008-05-30,0.29336551052381077,3,0.09843009728605423,0.004999999999999999,0.004999999999999999,0.008076468160570918,0.09503584615549397,0.0954531907469054,0.47267046644407446,0.20459980999299682,0.004999999999999999,0.010734121213904138
baseline,0.05,0.005,2,2008-06-30,0.2971695971923367,3,0.09636354731222878,0.005,0.005,0.007825949440166726,0.09287492866564384,0.09488809204563672,0.4774013283147197,0.20517361865641454,0.005,0.01047253556518973
baseline,0.05,0.005,2,2008-07-31,0.2957617498238673,3,0.09069412074442999,0.005,0.005,0.007463497686065422,0.09364223554459575,0.09603390027487763,0.4721275862412914,0.21544791514731154,0.005,0.009590744361428215
baseline,0.05,0.005,2,2008-08-29,0.2868519177647336,3,0.08706378709097244,0.005,0.005,0.0075014775171029485,0.0999288571674292,0.09698621852527248,0.45503049203453,0.22937439194683015,0.005,0.009114775717862749
baseline,0.05,0.005,2,2008-09-30,0.2582180618442686,3,0.06327113565046742,0.004999999999999999,0.004999999999999999,0.00701054989902024,0.13978106816707153,0.10281592374797356,0.3648027771643559,0.30143850979698295,0.004999999999999999,0.005880035574128387
baseline,0.05,0.005,2,2008-10-31,0.36559737119840674,4,0.036744386656884113,0.005,0.005,0.007029507822959015,0.08255294199303675,0.11246303755872755,0.18360418223800642,0.5576059437303862,0.005,0.005
baseline,0.05,0.005,2,2008-11-28,0.37380295906403826,4,0.03696664880094576,0.005000000000000001,0.005000000000000001,0.0068671497880567955,0.07771296363277128,0.10923859888961325,0.18270160766401244,0.5665130312246005,0.005000000000000001,0.005000000000000001
baseline,0.05,0.005,2,2008-12-31,0.3729318243257493,4,0.038785816259233316,0.005,0.005,0.007030059289285808,0.0761108883596239,0.10823921373373116,0.18433377766969467,0.5655002446884312,0.005,0.005
baseline,0.05,0.005,2,2009-01-30,0.3574821360206118,4,0.041637382179368326,0.005,0.005,0.007476337703484706,0.08001987976028224,0.10881508095045425,0.19491690710285442,0.5471344123035561,0.005,0.005
baseline,0.05,0.005,2,2009-02-27,0.2643019526207406,3,0.06861177886591592,0.005,0.005,0.007444284271963578,0.12487975911860907,0.09577891159254405,0.37580722123534555,0.30564295998979596,0.005,0.00683508492582573
baseline,0.05,0.005,2,2009-03-31,0.26638492753772747,3,0.06937983411270544,0.005,0.005,0.007431067363371799,0.12278001144442989,0.09600961438940502,0.3871320286296744,0.29534599035060793,0.005,0.006921453709805613
baseline,0.05,0.005,2,2009-04-30,0.26709085993740733,3,0.07466025877402345,0.005000000000000001,0.005000000000000001,0.0076904050281425135,0.11826148767392598,0.09680881166801743,0.398041023488453,0.28201340713810175,0.005000000000000001,0.007524606229335943
baseline,0.05,0.005,2,2009-05-29,0.2982043900427587,3,0.0956601873037079,0.005,0.005,0.007724054942166724,0.09089819178539271,0.09665834110867132,0.47843607332029664,0.2057038466935357,0.005,0.009919304846229045
baseline,0.05,0.005,2,2009-06-30,0.2976498751142014,2,0.09924746700298874,0.005,0.005069385257010252,0.007957387287401516,0.09143443626208934,0.09539913998012182,0.47921034718180616,0.20110997900836902,0.005,0.010571858020213192
baseline,0.05,0.005,2,2009-07-31,0.2999586164607911,3,0.09805403288794524,0.005000000000000001,0.005000000000000001,0.007787330115642712,0.09057837019057446,0.09485067910941677,0.4820725874510453,0.20125901322722742,0.005000000000000001,0.01039798701814816
baseline,0.05,0.005,2,2009-08-31,0.29810624400499647,3,0.09482060743601185,0.005,0.005,0.007528261527404621,0.0927891353610948,0.09550423323498694,0.47802286983228576,0.20652008358287194,0.005,0.009814809025343995
baseline,0.05,0.005,2,2009-09-30,0.29676695162295247,3,0.09833531848353406,0.005,0.005,0.007815192049984848,0.09220456805865977,0.09523596178911978,0.47729385427486004,0.20364276440068393,0.005,0.010472340943157698
baseline,0.05,0.005,2,2009-10-30,0.2998302872836668,3,0.09605854023142964,0.005000000000000001,0.005000000000000001,0.007591555159953055,0.09212673318873418,0.09475680315471748,0.4813178402263652,0.20306575299037224,0.005000000000000001,0.010082775048428246
baseline,0.05,0.005,2,2009-11-30,0.3013300369458077,2,0.09771678979399032,0.005000000000000001,0.005000705871500158,0.007713540379322427,0.08996360490117099,0.09498898971055701,0.4841410664410473,0.20007462477942903,0.005000000000000001,0.010400678122982747
baseline,0.05,0.005,2,2009-12-31,0.2968634741682949,2,0.10095039082023881,0.005000000000000001,0.005274589790081007,0.00811983785074932,0.09235196600065475,0.09492178135875473,0.4791081333060624,0.19830481169656797,0.005000000000000001,0.010968489176891003
baseline,0.05,0.005,2,2010-01-29,0.298546094850893,3,0.09792393321790736,0.004999999999999999,0.004999999999999999,0.007798131310729709,0.09232267814852264,0.09491257283550866,0.48025229832068594,0.2013400987637923,0.004999999999999999,0.010450287402853193
baseline,0.05,0.005,2,2010-02-26,0.29989468830598387,3,0.09443270742628197,0.005,0.005,0.007523542530533128,0.09278309014216404,0.09570313761219475,0.48120472678276843,0.20352695083241507,0.005,0.009825844673642585
baseline,0.05,0.005,2,2010-03-31,0.29720425992244875,2,0.09956461120962912,0.004999999999999999,0.00511316126834585,0.00794704317346911,0.09245904674629465,0.09477288542645322,0.47884242110150316,0.20053768605797279,0.004999999999999999,0.010763145016331929
baseline,0.05,0.005,2,2010-04-30,0.2971699317476168,2,0.0991420483958136,0.005,0.005095632428632442,0.007945902523604699,0.09258946686525844,0.09505842916088823,0.4787054440641874,0.20079875205786524,0.005,0.010664324503750012
baseline,0.05,0.005,2,2010-05-28,0.2992102687790982,3,0.0881752061322965,0.005,0.005,0.007140585615263181,0.0948100761523076,0.09653281358777732,0.4773940466109417,0.21217898237017677,0.005,0.008768289531237006
baseline,0.05,0.005,2,2010-06-30,0.29793420154604955,3,0.08979662233650203,0.005,0.005,0.007279395239691111,0.09396603787527665,0.09537724876309028,0.4753406554199555,0.21396635916487383,0.005,0.009273681200610524
baseline,0.05,0.005,2,2010-07-30,0.2942131035004498,3,0.09127060038474169,0.005,0.005,0.007522764642009965,0.09478454555670422,0.09572327470281082,0.4698300884544741,0.21626751573238778,0.005,0.009601210526871413
baseline,0.05,0.005,2,2010-08-31,0.2963608397634054,3,0.09675129848074164,0.005000000000000001,0.005000000000000001,0.007804619694166148,0.09259117368165425,0.09476298909880573,0.47586842447572036,0.20676271645996022,0.005000000000000001,0.010458778108951693
baseline,0.05,0.005,2,2010-09-30,0.2949677939021614,2,0.10023825023133703,0.005000000000000001,0.005216763753747732,0.00813165742098948,0.09258815762580923,0.09531161887475981,0.47562677383455787,0.2019385691758347,0.005000000000000001,0.010948209082964152
baseline,0.05,0.005,2,2010-10-29,0.296384977142929,2,0.10144337812655314,0.005,0.0053241329927944695,0.008117780895990287,0.09234881813286633,0.09435117766476225,0.4783690708867654,0.19889233323395847,0.005,0.011153308066309755
baseline,0.05,0.005,2,2010-11-30,0.29933419230463404,2,0.09981227312763045,0.005000000000000001,0.005095375463535223,0.007926920203451086,0.09186636093156549,0.09491103641818675,0.48241394519032477,0.1973560571949086,0.005000000000000001,0.010618031470397573
baseline,0.05,0.005,2,2010-12-31,0.2967903546521965,2,0.10300917615575558,0.005,0.005408350135010856,0.008261954066367838,0.09280863127630072,0.09498298746893402,0.4801529249232136,0.1942310574403025,0.005,0.011144918534114968
baseline,0.05,0.005,2,2011-01-31,0.2959335182058217,2,0.10186091793194021,0.005,0.005330181302164849,0.008192840475176075,0.09310889273599944,0.09526330874229878,0.4783461560368071,0.1967987351577561,0.005,0.011098967617857527
baseline,0.05,0.005,2,2011-02-28,0.2931935353553318,2,0.10264649189006651,0.005000000000000001,0.005440850196445858,0.00835778046061245,0.0941255851009865,0.0958159141204063,0.4746235693038595,0.19766560771069186,0.005000000000000001,0.01132420121693105
baseline,0.05,0.005,2,2011-03-31,0.29578732739335173,2,0.09875965541470469,0.005000000000000001,0.00508686030409163,0.008012822170678691,0.09327721431812978,0.09545518486473398,0.47660205957982943,0.2020291495712401,0.005000000000000001,0.010777053776591765
baseline,0.05,0.005,2,2011-04-29,0.29371045137495205,2,0.10273719429158139,0.005000000000000001,0.005539193923587902,0.008351273769061378,0.09312957428608773,0.09479021827561551,0.47504350415442087,0.198864751228444,0.005000000000000001,0.011544290071201188
baseline,0.05,0.005,2,2011-05-31,0.29717290302637484,2,0.0989177720082799,0.005000000000000001,0.005060738398578732,0.007869599341605377,0.09256824141450334,0.09446904478164396,0.4783788506129618,0.20197849561286574,0.005000000000000001,0.01075725782956119
baseline,0.05,0.005,2,2011-06-30,0.29735364695472977,3,0.09645873005700606,0.005,0.005,0.007740647803859045,0.092942891735666,0.0953212457135256,0.47779005687450943,0.2044519683693353,0.005,0.010294459446098506
baseline,0.05,0.005,2,2011-07-29,0.29776904951936606,3,0.0962305603196012,0.004999999999999999,0.004999999999999999,0.007722560646298731,0.09294981177000955,0.09486970136992763,0.4782634090937278,0.2046764310487672,0.004999999999999999,0.010287525751667918
baseline,0.05,0.005,2,2011-08-31,0.28468245254750135,3,0.07897807133160797,0.004999999999999999,0.004999999999999999,0.0070690583861077235,0.10686927503740504,0.09702188209222708,0.44655878796908444,0.24085775451727007,0.004999999999999999,0.007645170666297739
baseline,0.05,0.005,2,2011-09-30,0.2631683899852468,3,0.07023425632891155,0.005000000000000001,0.005000000000000001,0.0073893292524612195,0.1272512440880572,0.09587198080627307,0.3800630596190055,0.29702241633573484,0.005000000000000001,0.007167713569556653
baseline,0.05,0.005,2,2011-10-31,0.2608088726976098,3,0.07040881060290063,0.005,0.005,0.00756639148115167,0.12940431654739953,0.09734477551801274,0.3745522013678802,0.2985925952348298,0.005,0.007130909247825367
baseline,0.05,0.005,2,2011-11-30,0.2714528765776436,3,0.07732735611748413,0.005,0.005,0.007442663877137955,0.11558150255061193,0.0979271146310789,0.41641310062169584,0.2625531325480339,0.005,0.00775512965395729
baseline,0.05,0.005,2,2011-12-30,0.2974121397783134,3,0.09393818622880555,0.005000000000000001,0.005000000000000001,0.007616244011954709,0.09419500855554139,0.09628965625975469,0.4772607854321272,0.20600611953855463,0.005000000000000001,0.009693999973262004
baseline,0.05,0.005,2,2012-01-31,0.2973124284748934,3,0.09796994972666923,0.005000000000000001,0.005000000000000001,0.007851972899886431,0.09343555671839986,0.09474321819473297,0.4784768291248333,0.2020427757245563,0.005000000000000001,0.010479697610921969
baseline,0.05,0.005,2,2012-02-29,0.2927119140253077,2,0.10358857599784019,0.005,0.005525767332172942,0.008465987323033705,0.09319498099107998,0.09489056121257722,0.4736789925802292,0.19908259365933892,0.005,0.011572540903727948
baseline,0.05,0.005,2,2012-03-30,0.29605412280678894,2,0.10159384898997559,0.004999999999999999,0.00526858626916081,0.008199550788834322,0.09280605428832565,0.0950483883467086,0.47821957794310527,0.19779851527839853,0.004999999999999999,0.011065478095491233
baseline,0.05,0.005,2,2012-04-30,0.29681950928910333,3,0.09833560357142124,0.005,0.005,0.007914906452773004,0.09323450921355948,0.09551289592975915,0.4780268335753334,0.20143441296891362,0.005,0.010540838288240168
baseline,0.05,0.005,2,2012-05-31,0.29650580382740155,3,0.09336627164372803,0.005,0.005,0.0075256861278860995,0.09488358982386225,0.09588439296397475,0.4754209107171543,0.20818349971700134,0.005,0.009735649006393246
baseline,0.05,0.005,2,2012-06-29,0.29610240893851797,3,0.09074306926396059,0.005000000000000001,0.005000000000000001,0.007382617530127541,0.09560249149663098,0.09634890713916103,0.4735564938974837,0.21206948647125407,0.005000000000000001,0.009296934201382228
baseline,0.05,0.005,2,2012-07-31,0.296307320113614,3,0.09470161856375545,0.004999999999999999,0.004999999999999999,0.007642099987492423,0.09419235324522064,0.09540838515649672,0.4754492368042419,0.20755114919905138,0.004999999999999999,0.010055157043741441
baseline,0.05,0.005,2,2012-08-31,0.2918720505054924,2,0.10407178168731,0.004999999999999999,0.005674356423436728,0.008524269650652753,0.09351207325646128,0.09520550263773149,0.4728353456362608,0.1984084220258522,0.004999999999999999,0.011768248682294648
baseline,0.05,0.005,2,2012-09-28,0.29495104788926635,2,0.10268853859255017,0.005,0.00545148232310645,0.008303514976234716,0.0927794467104959,0.09445749778735835,0.4768311390172818,0.1980623941800454,0.005,0.011425986412927174
baseline,0.05,0.005,2,2012-10-31,0.29487903045418384,2,0.10278269502619443,0.005000000000000001,0.0055710395852570345,0.008297158292906915,0.09171043861482041,0.09459475553377349,0.47654866503287646,0.19893097779404023,0.005000000000000001,0.011564270120131132
baseline,0.05,0.005,2,2012-11-30,0.2962488955185723,2,0.10006103442600396,0.005,0.005236871891516634,0.008064358139428943,0.09200098678752415,0.09469178185575586,0.4774450299419505,0.2014645757302565,0.005,0.011035361227563524
baseline,0.05,0.005,2,2012-12-31,0.2924707131625703,2,0.10222638947135594,0.004999999999999999,0.0055310860698361865,0.008381618152048078,0.09286617916953904,0.09497543850182028,0.4726076266605199,0.2018240084273244,0.004999999999999999,0.011587653547556176
baseline,0.05,0.005,2,2013-01-31,0.2914911202891334,2,0.10367789265235275,0.005000000000000001,0.0056269577105269525,0.00851985485851897,0.09362892209246959,0.09550722758341988,0.4720785208356061,0.1992604709669333,0.005000000000000001,0.01170015330017247
baseline,0.05,0.005,2,2013-02-28,0.29144228855035353,2,0.10260299894808549,0.004999999999999999,0.005495121731006738,0.008433809409327668,0.09395811648849585,0.09563899464660512,0.4714987053251564,0.200860903094151,0.004999999999999999,0.01151135035717163
baseline,0.05,0.005,2,2013-03-28,0.2912785167190368,2,0.10254330044154834,0.005,0.005518449627873573,0.008415623099218606,0.09410931951762913,0.09584917617652729,0.47131855220152535,0.20073571967070547,0.005,0.011509859264972324
baseline,0.05,0.005,2,2013-04-30,0.294249317490622,3,0.09548013082287402,0.005,0.005,0.007750418379495463,0.09608534881120492,0.09579751424985422,0.4729233402912815,0.20695807767922114,0.005,0.010005169766068692
baseline,0.05,0.005,2,2013-05-31,0.2951823170038915,3,0.09823297454721232,0.005000000000000001,0.005000000000000001,0.007930381223993699,0.09434092527588461,0.09556917649986608,0.47545141121996226,0.20296950114686102,0.005000000000000001,0.010505630086220104
baseline,0.05,0.005,2,2013-06-28,0.2997427016556131,3,0.09219528914713358,0.005,0.005,0.007399454868762136,0.09418590953547681,0.09682198981465233,0.48055972149515597,0.20455739112325108,0.005,0.009280244015568142
baseline,0.05,0.005,2,2013-07-31,0.3001688784636493,3,0.09733709650296009,0.005000000000000001,0.005000000000000001,0.0077633003449446136,0.09268211036163146,0.09575150019693912,0.483109324084204,0.19825252367843108,0.005000000000000001,0.010104144830889799
baseline,0.05,0.005,2,2013-08-30,0.300243221445828,3,0.09857926085089337,0.005,0.005,0.00781662346446932,0.09175358712247693,0.09516456383661781,0.48337585759921076,0.1978712905187068,0.005,0.010438816607624996
baseline,0.05,0.005,2,2013-09-30,0.30016179371713203,2,0.09917766052249427,0.005,0.005003073026257739,0.007845300975416674,0.09130928098814295,0.09472614709528207,0.48319768055489987,0.19821126972722647,0.005,0.010529587110279903
baseline,0.05,0.005,2,2013-10-31,0.29808516501892013,2,0.09997442419059431,0.005,0.005130311837784519,0.007960366583003992,0.09157696662059106,0.09460907154054775,0.48020211141248825,0.1997570773834144,0.005,0.010789670431575707
baseline,0.05,0.005,2,2013-11-29,0.296757849308163,2,0.10014965775969306,0.005,0.005095856189593911,0.008041368334008623,0.0922708955048074,0.09518756805280908,0.47838719539012386,0.20010637970561487,0.005,0.01076107906334932
baseline,0.05,0.005,2,2013-12-31,0.2973709017997445,2,0.09943573812081825,0.005,0.005031500378416922,0.007985627331967327,0.09253098629137421,0.09532054536366642,0.47923147611404876,0.1997994407743695,0.005,0.010664685625338512
baseline,0.05,0.005,2,2014-01-31,0.2977923088839612,3,0.09768944625832435,0.004999999999999999,0.004999999999999999,0.007822350442283021,0.09296024071938526,0.0954846712869964,0.4792738305560718,0.20135044697807808,0.004999999999999999,0.010419013758860977
baseline,0.05,0.005,2,2014-02-28,0.2962368534262453,2,0.09966079913925448,0.004999999999999999,0.0051111822325312275,0.008003435879653466,0.09343066711773478,0.09531314108128398,0.4777615526418743,0.19994586399086348,0.004999999999999999,0.010773357916804364
baseline,0.05,0.005,2,2014-03-31,0.29575347512824834,2,0.09911273112132972,0.005,0.005039296438147101,0.00799741014961071,0.09399835676223436,0.09506655791797355,0.4767225068791421,0.20134083192585747,0.005,0.010722308805705058
baseline,0.05,0.005,2,2014-04-30,0.29234411131337795,2,0.10244602519752713,0.005,0.0054674728687882914,0.008391203545326867,0.09388530488435587,0.09484542301634992,0.47271249205596605,0.20074617553119012,0.005,0.011505902900495765
baseline,0.05,0.005,2,2014-05-30,0.29168883465264334,2,0.10203563512387603,0.005,0.0054180197919376435,0.008398809371800098,0.09401836378820778,0.09475235643086814,0.4713373144345092,0.20253123967201936,0.005,0.011508261386781734
baseline,0.05,0.005,2,2014-06-30,0.2916924028312748,2,0.10295534417696164,0.005,0.005519976901987038,0.0084333818401181,0.09372563520339455,0.09463613030262459,0.47170856980530823,0.20138559907995984,0.005,0.011635362689646059
baseline,0.05,0.005,2,2014-07-31,0.29343766646002545,2,0.1013692056938826,0.005,0.005345109003130064,0.008284462385974389,0.093611181770865,0.09448764242001012,0.47380271898177934,0.20175757826304255,0.005,0.011342101481315942
baseline,0.05,0.005,2,2014-08-29,0.29450158907585083,2,0.10096979968403069,0.005000000000000001,0.0053089815684582865,0.008201195809324985,0.09296077036187189,0.09466301811084624,0.47523905088466795,0.20144630190653512,0.005000000000000001,0.011210881674264872
baseline,0.05,0.005,2,2014-09-30,0.29646332815234067,3,0.09749399354764846,0.004999999999999999,0.004999999999999999,0.007863332575314763,0.09288753211284478,0.09513269018471496,0.47674689350066574,0.20431332244203784,0.004999999999999999,0.010562235636773328
baseline,0.05,0.005,2,2014-10-31,0.2967695955963733,3,0.0959175782812486,0.005000000000000001,0.005000000000000001,0.007727529014086983,0.09393211179781764,0.09583518347001506,0.4769933389254446,0.20445442897777066,0.005000000000000001,0.01013982953361647
baseline,0.05,0.005,2,2014-11-28,0.29635553208231824,3,0.09683460843442161,0.004999999999999999,0.004999999999999999,0.007734634298995967,0.09409714429583213,0.09532488387234873,0.47655557479907346,0.20418627627121358,0.004999999999999999,0.0102668780281145
baseline,0.05,0.005,3,2008-04-30,0.2102896717097657,3,0.07421771186144309,0.004999999999999999,0.004999999999999999,0.13580611377810978,0.3489695679103935,0.20280586886765056,0.11112309162276426,0.10463965521470442,0.004999999999999999,0.007437990744934227
baseline,0.05,0.005,3,2008-05-30,0.21017469980264908,3,0.07517083661171958,0.005,0.005,0.13385277162302414,0.3487518612488844,0.20361799528108362,0.11218010454170363,0.10394200003076295,0.005,0.007484430662821535
baseline,0.05,0.005,3,2008-06-30,0.20741894413779258,3,0.07733455544203943,0.005,0.005,0.1316901835159225,0.3432457011141728,0.20419847558772003,0.11548414325779939,0.10541101846588999,0.005,0.0076359226164558185
baseline,0.05,0.005,3,2008-07-31,0.21003189880470957,3,0.07471427791068327,0.005,0.005,0.13208735950892408,0.3477837591617144,0.2053399703994041,0.11285813527951166,0.1049770961931804,0.005,0.007239401546582168
baseline,0.05,0.005,3,2008-08-29,0.2160011340067413,3,0.06923392976804482,0.005,0.005,0.13723791675738126,0.358355090035626,0.20534611824425242,0.10604807157812128,0.102089212432503,0.005,0.006689661184071383
baseline,0.05,0.005,3,2008-09-30,0.22564003941881772,3,0.06192648592030729,0.005,0.005,0.14020121750974177,0.3727041863663286,0.21035849740639895,0.0986361803817769,0.09568401440524803,0.005,0.005489418010198369
baseline,0.05,0.005,3,2008-10-31,0.22520237213795485,3,0.06196396780786619,0.005,0.005,0.13578032483856767,0.3712264265553985,0.21326887329335054,0.1003151361058084,0.09731074035435298,0.005,0.0051345310446556675
baseline,0.05,0.005,3,2008-11-28,0.220438622613987,3,0.0652198606727623,0.005,0.005,0.13254488288851787,0.3640830641517494,0.21132945538651682,0.1047463782160312,0.10160455557268795,0.005,0.005471803111734378
baseline,0.05,0.005,3,2008-12-31,0.21637375350806962,3,0.06789794518174691,0.005,0.005,0.13171590262915767,0.3575408142920186,0.20955860904364706,0.10741396246008009,0.10495988538811861,0.005,0.005912881005231006
baseline,0.05,0.005,3,2009-01-30,0.21268962887056128,3,0.07163194490458094,0.005,0.005,0.13179537510681846,0.35313695336546114,0.2040075106277091,0.11060956754863198,0.10729226486317985,0.005,0.006526383583618537
baseline,0.05,0.005,3,2009-02-27,0.21046285288374952,3,0.074533622559394,0.005,0.005,0.12965060374264503,0.3487753735483535,0.20526169991438722,0.1134409582697701,0.10644393203480385,0.005,0.006893809930646393
baseline,0.05,0.005,3,2009-03-31,0.19863571605076144,3,0.24771873009211662,0.005000000000000001,0.005000000000000001,0.03947342974600445,0.13318427510933037,0.1495338888163119,0.2908298812985866,0.10236229697685484,0.005000000000000001,0.021897497960795237
baseline,0.05,0.005,3,2009-04-30,0.3116960814378275,3,0.36641755241486945,0.005,0.005,0.01057296924909307,0.03593115476338687,0.08279616576746342,0.4070481021862377,0.037126999753817454,0.005,0.045107055865132
baseline,0.05,0.005,3,2009-05-29,0.3212908784755635,3,0.3800820011178346,0.005,0.005,0.009332666433728752,0.030510366199830684,0.07284691670091097,0.4084146891035101,0.03435689378156504,0.005,0.0494564666626199
baseline,0.05,0.005,3,2009-06-30,0.3204619070341912,3,0.382653878556266,0.005000000000000001,0.005000000000000001,0.009479418358958451,0.03087341458889776,0.0727013474345145,0.40489787408160777,0.03410581806992201,0.005000000000000001,0.05028824890983361
baseline,0.05,0.005,3,2009-07-31,0.31990251697363814,3,0.3794478661148615,0.004999999999999999,0.004999999999999999,0.009498993077136525,0.031249704556479636,0.07413235040517804,0.40703111981761214,0.03432668150734168,0.004999999999999999,0.04931328452139033
baseline,0.05,0.005,3,2009-08-31,0.3144010470588223,3,0.3703845488143582,0.005000000000000001,0.005000000000000001,0.010378611014198319,0.03433644539772326,0.07933068681979452,0.40747534999109314,0.035515134345479746,0.005000000000000001,0.047579223617352825
baseline,0.05,0.005,3,2009-09-30,0.31314624462159707,3,0.37206866341152506,0.005,0.005,0.010592559966080288,0.03429461974524442,0.0790631867836271,0.4042518821942966,0.03574071844916141,0.005,0.04898836945006511
baseline,0.05,0.005,3,2009-10-30,0.20630731277370076,3,0.0815291038121553,0.005,0.005,0.1248410359935628,0.3385631651405031,0.21067185558947926,0.12615363149875228,0.0949119077195281,0.005,0.008329300246019215
baseline,0.05,0.005,3,2009-11-30,0.20410100750493454,3,0.08099634962161768,0.005,0.005,0.12755661903394425,0.3370721298256536,0.2037312247414081,0.12098038016379989,0.10663066946327752,0.005,0.00803262715029903
baseline,0.05,0.005,3,2009-12-31,0.29483251880763145,3,0.3531367013955353,0.005000000000000001,0.005000000000000001,0.014129105533012776,0.04442811738849771,0.09229509593382768,0.39446372143290986,0.04069744243146313,0.005000000000000001,0.04584981588475349
baseline,0.05,0.005,3,2010-01-29,0.30922364077647974,3,0.367662482512726,0.005,0.005,0.011263107552487692,0.036857603685994875,0.08225727847047115,0.4026276583316478,0.036856698871242065,0.005,0.047475170575430284
baseline,0.05,0.005,3,2010-02-26,0.2785655171805198,3,0.32719460896027686,0.005000000000000001,0.005000000000000001,0.017683723098251235,0.055754199834394204,0.1064512725067316,0.3910156731223943,0.04589768201706603,0.005000000000000001,0.04100284046088581
baseline,0.05,0.005,3,2010-03-31,0.20752911470592184,3,0.07816110049175147,0.005,0.005,0.12979180711962857,0.34396095567239743,0.20381415689021593,0.11644777381536801,0.1050174501751637,0.005,0.00780675583547497
baseline,0.05,0.005,3,2010-04-30,0.2012481080741002,2,0.08598828932023243,0.004999999999999999,0.005024535428171332,0.1227782123891092,0.3309600701397269,0.20537502696918608,0.1254040575203643,0.10577906395903322,0.004999999999999999,0.008690744274176489
baseline,0.05,0.005,3,2010-05-28,0.21517435434719578,3,0.06979378099578223,0.005000000000000001,0.005000000000000001,0.13594468067979135,0.35670588079705723,0.20593770629549396,0.10749442467646014,0.10246154744452945,0.005000000000000001,0.006661979110885658
baseline,0.05,0.005,3,2010-06-30,0.21378293158986555,3,0.07077570713522117,0.005,0.005,0.13560907936317673,0.35428694779759784,0.2056370558251882,0.10850598080440912,0.1033581722986168,0.005,0.006827056775790142
baseline,0.05,0.005,3,2010-07-30,0.21177651901875408,3,0.07276077508415776,0.005000000000000001,0.005000000000000001,0.134123408609621,0.35101451339203066,0.2049826651962794,0.11061123205147844,0.10442311228542808,0.005000000000000001,0.007084293381004824
baseline,0.05,0.005,3,2010-08-31,0.20587377351716651,3,0.07919046584966684,0.005,0.005,0.12894628579427173,0.3401059989743869,0.2049809358748602,0.11822611379586898,0.10569844037188925,0.005,0.007851759339056127
baseline,0.05,0.005,3,2010-09-30,0.19668586964173793,2,0.09122064195934332,0.005,0.005104663990643044,0.11912621903158865,0.3208125212787698,0.20550132136122776,0.13204656727183284,0.10687904260613151,0.005,0.00930902250046323
baseline,0.05,0.005,3,2010-10-29,0.18596916483210074,2,0.11133577123457558,0.004999999999999999,0.005268554420773947,0.1029875289033,0.2922127125351696,0.2050191285328212,0.15431825212428565,0.1073376288905057,0.004999999999999999,0.011520423358568272
baseline,0.05,0.005,3,2010-11-30,0.19125195400500136,2,0.10162566995908695,0.004999999999999999,0.005126396554026638,0.1092602800681516,0.30711586425598275,0.20561319354440724,0.14440389066757997,0.10655818644093619,0.004999999999999999,0.010296518509828607
baseline,0.05,0.005,3,2010-12-31,0.19649573988682287,3,0.09752769885777911,0.005,0.005,0.109812331371703,0.3074536666563703,0.2213835096387243,0.1574572233248321,0.07992686017594287,0.005,0.011438709974648267
baseline,0.05,0.005,3,2011-01-31,0.3158556129277325,3,0.37791250953187205,0.005,0.005,0.01023709187121987,0.033222838829367336,0.07622556351073553,0.40280693920426847,0.0348053874874225,0.005,0.049789669565114235
baseline,0.05,0.005,3,2011-02-28,0.3088650045592804,3,0.370179273263178,0.0049999999999999975,0.0049999999999999975,0.011451175263010429,0.036571641474373126,0.08095588440331297,0.3999566051769318,0.036562981919065325,0.0049999999999999975,0.049322438500128324
baseline,0.05,0.005,3,2011-03-31,0.2688506901375684,3,0.32010071153562425,0.005,0.005,0.020272266562467733,0.06139225738772874,0.11201974951406926,0.381485882603979,0.04844849181125242,0.005,0.04128064058487859
baseline,0.05,0.005,3,2011-04-29,0.20488145628830762,2,0.08000103184005955,0.005,0.005137042338005059,0.13050903679197848,0.3388484928511985,0.20323886752504491,0.11830086724660194,0.10576187410021204,0.005,0.008202787306899655
baseline,0.05,0.005,3,2011-05-31,0.20847055750606105,3,0.0766363063600854,0.005000000000000001,0.005000000000000001,0.131743421318746,0.34546216392392337,0.20405079922958666,0.1148341598798008,0.10459147802189649,0.005000000000000001,0.007681671265961179
baseline,0.05,0.005,3,2011-06-30,0.21012178002075754,3,0.07486466149179091,0.004999999999999999,0.004999999999999999,0.1327658217319197,0.34820100456595815,0.20481714860053757,0.11298330519984148,0.10392636355897647,0.004999999999999999,0.007441694850975698
baseline,0.05,0.005,3,2011-07-29,0.2105934792325538,3,0.07438303777220674,0.005000000000000001,0.005000000000000001,0.1333213601713593,0.3492067288063894,0.2044070323420316,0.11217515771418334,0.10414418435259017,0.005000000000000001,0.0073624988412394855
baseline,0.05,0.005,3,2011-08-31,0.21794133574366906,3,0.06660549309328861,0.005,0.005,0.13860659384531013,0.36020248787875836,0.20831093145243648,0.10435674760124877,0.10075023988170341,0.005,0.006167506247254258
baseline,0.05,0.005,3,2011-09-30,0.21610126064317414,3,0.06884938451732503,0.005,0.005,0.13606264336144203,0.3571469935204416,0.2087718905261809,0.10649272329602083,0.1012486392565401,0.005,0.006427725522049456
baseline,0.05,0.005,3,2011-10-31,0.2154176409307121,3,0.06953300333101663,0.005,0.005,0.13630419233154142,0.3569599510567108,0.20623966331042423,0.1069296622208306,0.10245243118579019,0.005,0.006581096563686087
baseline,0.05,0.005,3,2011-11-30,0.21594094260476215,3,0.0693259483634379,0.005000000000000001,0.005000000000000001,0.13547563125602563,0.3574037922620235,0.20782640788030807,0.10743935104478647,0.10094747858717876,0.005000000000000001,0.006581390606239685
baseline,0.05,0.005,3,2011-12-30,0.21258778797979153,3,0.07251506834024042,0.005000000000000001,0.005000000000000001,0.13577584859307504,0.35310114030795586,0.20336498886692117,0.10971996057551575,0.10340400398857677,0.005000000000000001,0.007118989327715055
baseline,0.05,0.005,3,2012-01-31,0.20925264849010985,3,0.07588021121370639,0.005,0.005,0.13227197895265969,0.34667992997588093,0.20462072351154845,0.11395767886178433,0.10403835473210314,0.005,0.007551122752317161
baseline,0.05,0.005,3,2012-02-29,0.19575042558056052,2,0.09306189836318561,0.0049999999999999975,0.005181416761145238,0.11815082770286255,0.31943936666657374,0.20394501120718656,0.1337920462375829,0.10689812662333338,0.0049999999999999975,0.009531306438129971
baseline,0.05,0.005,3,2012-03-30,0.19633325162840476,2,0.09265770611559233,0.005000000000000001,0.005133919630632763,0.11753096816418585,0.32048291100023496,0.204550852628909,0.13378326617600111,0.10639559981855666,0.005000000000000001,0.009464776465887316
baseline,0.05,0.005,3,2012-04-30,0.20887053698186125,3,0.07636546471743719,0.005,0.005,0.13195750065063405,0.3462561519068841,0.20394228295782252,0.11455084021247375,0.10433477297835204,0.005,0.007592986576396519
baseline,0.05,0.005,3,2012-05-31,0.21399704562591668,3,0.07160729514161283,0.004999999999999999,0.004999999999999999,0.13433808289569507,0.354796401556978,0.20618216933930164,0.10902039218915498,0.10208901425058234,0.004999999999999999,0.0069666446266750115
baseline,0.05,0.005,3,2012-06-29,0.21543129026553914,3,0.0699745701858175,0.005000000000000001,0.005000000000000001,0.13573413111382499,0.3569892240995404,0.20669584346964195,0.10747188414917404,0.10136882902027465,0.005000000000000001,0.0067655179617264385
baseline,0.05,0.005,3,2012-07-31,0.21231585481754642,3,0.07268855789914816,0.004999999999999999,0.004999999999999999,0.13490005549703973,0.35210040955780053,0.20483115517913592,0.11012865682635449,0.10319480775826793,0.004999999999999999,0.007156357282253156
baseline,0.05,0.005,3,2012-08-31,0.20315173030862194,2,0.08213662867370941,0.005,0.0051727670691398,0.1286662478190486,0.3357595591855366,0.20257715249697347,0.1209237366869923,0.1063392415488912,0.005,0.008424666519708494
baseline,0.05,0.005,3,2012-09-28,0.18663916347262272,2,0.10946874475817146,0.005,0.005252630002492211,0.1045369399481944,0.29463689538478177,0.2044831589172931,0.15268638273226706,0.10763402810680647,0.005,0.011301220149993452
baseline,0.05,0.005,3,2012-10-31,0.18995272380189046,2,0.10354193965658112,0.005,0.005243453243606105,0.1080877046072711,0.30445647381435004,0.2042550501229926,0.14628889740236165,0.10743730707215605,0.005,0.01068917408068124
baseline,0.05,0.005,3,2012-11-30,0.20725086504262982,3,0.07802454792479498,0.004999999999999999,0.004999999999999999,0.13031526440708524,0.34327762461892986,0.203826873623217,0.11686513722813574,0.10489424248629454,0.004999999999999999,0.00779630971154261
baseline,0.05,0.005,3,2012-12-31,0.20680255628792912,3,0.07868753500226057,0.005000000000000001,0.005000000000000001,0.1299984443826959,0.34251628457276795,0.20375562705755806,0.1171943587308752,0.10490400888863002,0.005000000000000001,0.007943741365212422
baseline,0.05,0.005,3,2013-01-31,0.19976872647221167,2,0.08772887361548333,0.004999999999999999,0.00516873179601313,0.12193659367336551,0.32837980452147975,0.2042418364829801,0.1275327331550146,0.10598605261781217,0.004999999999999999,0.00902537413785131
baseline,0.05,0.005,3,2013-02-28,0.2019890220702536,2,0.08491726850227846,0.005,0.005076251731760399,0.12423798872581794,0.33307603830962346,0.20400992270030047,0.12443571917392182,0.10558536188948103,0.005,0.008661448966816443
baseline,0.05,0.005,3,2013-03-28,0.2075691484990635,2,0.07764853885467901,0.005,0.00507032066513525,0.13196803347802594,0.34426714697429095,0.20286164174187973,0.11558321146760528,0.10465800021697784,0.005,0.007943106601406017
baseline,0.05,0.005,3,2013-04-30,0.21337624464595975,3,0.0719691808426249,0.005,0.005,0.13574737430397396,0.35406527727339304,0.20472056238403488,0.10888912818964631,0.10254180985494786,0.005,0.007066667151379116
baseline,0.05,0.005,3,2013-05-31,0.2102982760110371,3,0.07512907743561245,0.005000000000000001,0.005000000000000001,0.13316126843691986,0.3490329166368355,0.20366142741909185,0.11250179527185437,0.10408239489022235,0.005000000000000001,0.007431119909463629
baseline,0.05,0.005,3,2013-06-28,0.21275010065938738,3,0.07364290940260206,0.005,0.005,0.13130952415640668,0.35307435952039296,0.20564986297203286,0.1116435996270035,0.10267890138315197,0.005,0.007000842938410047
baseline,0.05,0.005,3,2013-07-31,0.20668594010150554,3,0.08008125690563994,0.005,0.005,0.12682424702242803,0.34242005147312926,0.20414716183394113,0.11911476807055148,0.10457656188903401,0.005,0.007835952805276127
baseline,0.05,0.005,3,2013-08-30,0.19227379629904864,2,0.10150292525036748,0.005,0.0050268250766624,0.10767420885173355,0.3092220573581417,0.20633346957872442,0.14412380980492395,0.10600076427278589,0.005,0.010115939806660671
baseline,0.05,0.005,3,2013-09-30,0.1896953922711609,2,0.10488527814563223,0.005,0.0050749506090247715,0.10590419855853044,0.302558450440769,0.2055818599156196,0.14835796212422148,0.1071309007152742,0.005,0.010506399490928322
baseline,0.05,0.005,3,2013-10-31,0.31518468532878574,3,0.37601439171111856,0.004999999999999999,0.004999999999999999,0.010234363707896644,0.0334650968380602,0.0774798391636446,0.4035477141022384,0.03525291583448484,0.004999999999999999,0.04900567864255665
baseline,0.05,0.005,3,2013-11-29,0.31583638392886215,3,0.3762440965538651,0.005,0.005,0.010160320229878773,0.03332192726020275,0.07678580814993155,0.40428940393115226,0.035116766996978535,0.005,0.04908167687799104
baseline,0.05,0.005,3,2013-12-31,0.3118548874078597,3,0.3685336230252662,0.005000000000000001,0.005000000000000001,0.010877604336819672,0.03567291429045044,0.0804958915056328,0.4056030715802041,0.03616820253950986,0.005000000000000001,0.0476486927221169
baseline,0.05,0.005,3,2014-01-31,0.20095578380385282,3,0.09255227774458344,0.005,0.005,0.10984438825526627,0.3154126255449121,0.22574486816562894,0.1546054398161855,0.07605247415968612,0.005,0.010787926313737643
baseline,0.05,0.005,3,2014-02-28,0.20930499422599216,3,0.07582525124395015,0.005000000000000001,0.005000000000000001,0.1328581975030838,0.3469082091794342,0.20420162282541438,0.11366737005808121,0.10396112752295705,0.005000000000000001,0.007578221667079168
baseline,0.05,0.005,3,2014-03-31,0.20935371002032982,3,0.07572357983368645,0.005,0.005,0.1329918005131108,0.3468252602077689,0.20460601036567874,0.11339567772306312,0.10387685692239229,0.005,0.007580814434299657
baseline,0.05,0.005,3,2014-04-30,0.20465165559538964,2,0.08102408428373116,0.004999999999999999,0.005084178710397584,0.12852935334122106,0.33807170688097404,0.204511521077438,0.11930511272470515,0.10522299592428794,0.004999999999999999,0.008251047057245038
baseline,0.05,0.005,3,2014-05-30,0.20139556693154395,2,0.08566145484104293,0.005,0.0050613166317596625,0.12355984468198301,0.33128776532932636,0.20535771496519784,0.12471529202930383,0.10565012243940766,0.005,0.008706489081978675
baseline,0.05,0.005,3,2014-06-30,0.20125946579629148,2,0.08528828718484804,0.005000000000000001,0.0051357532787715526,0.12455967476655157,0.33125555149722846,0.2046735072100227,0.12433846113380702,0.10599900550061198,0.005000000000000001,0.008749759428158782
baseline,0.05,0.005,3,2014-07-31,0.20550787146476857,2,0.08030824154231006,0.005,0.0050156247512378824,0.1286495539762568,0.3399081813854056,0.2042118845205066,0.11852156030818795,0.10525735050056889,0.005,0.008127603015526261
baseline,0.05,0.005,3,2014-08-29,0.2050218929485913,2,0.0807997317726288,0.005,0.005026601503820989,0.12772576749963133,0.33869521598232133,0.20489587400853015,0.11953852222943816,0.10512260392029567,0.005,0.008195683083333608
baseline,0.05,0.005,3,2014-09-30,0.2058106533966775,3,0.0808502007101182,0.005000000000000001,0.005000000000000001,0.12589302416539794,0.3401857893771335,0.20552123149875431,0.11981671991689564,0.10470946975944785,0.005000000000000001,0.00802356457225264
baseline,0.05,0.005,3,2014-10-31,0.2124020221963039,3,0.07319853297821022,0.005,0.005,0.13337058132016535,0.3522269889311466,0.20555376140915083,0.11091774560539529,0.10251983835122871,0.005,0.0072125514047029875
baseline,0.05,0.005,3,2014-11-28,0.21228181763763873,3,0.07363974977214748,0.005,0.005,0.1333231962858611,0.35257876444518266,0.20430318147437654,0.11084780682609872,0.10304033193153389,0.005,0.007266969264799508
baseline,0.05,0.005,4,2008-04-30,0.34934782981867546,2,0.24475519472398902,0.0050628173885307335,0.005,0.014269440568811085,0.06330578312414696,0.0346963877990557,0.0677233822223332,0.03264570138312953,0.005,0.5275412927900038
baseline,0.05,0.005,4,2008-05-30,0.3514416726349127,2,0.2591160344391969,0.005157724893351801,0.005,0.014129508798361086,0.06020240068480106,0.03211600748124667,0.06530108230127306,0.03035233195120023,0.005,0.5236249094505693
baseline,0.05,0.005,4,2008-06-30,0.35589631209522127,3,0.25322539902469393,0.005000000000000001,0.005000000000000001,0.013918075817553633,0.05957487504621893,0.03218719210031929,0.06525635322586293,0.030028124091033507,0.005000000000000001,0.5308099806943178
baseline,0.05,0.005,4,2008-07-31,0.32173983385095106,3,0.21113181166869507,0.005,0.005,0.015833826956904468,0.07610270779694168,0.048158601402781775,0.08307451125030872,0.040625184623455046,0.005,0.5100733563009132
baseline,0.05,0.005,4,2008-08-29,0.25984334021499556,2,0.1638194574159924,0.005254270316466724,0.005,0.02039211282339027,0.10679599414858108,0.08280256341990123,0.10389540628734993,0.05998418940615375,0.005,0.4470560061821647
baseline,0.05,0.005,4,2008-09-30,0.3545565869300441,3,0.021308470081833043,0.005000000000000001,0.005000000000000001,0.05183935512062506,0.19370369304881827,0.5485932685408967,0.07653039024564007,0.08312397269906877,0.005000000000000001,0.009900850263118136
baseline,0.05,0.005,4,2008-10-31,0.3800716751240965,3,0.01741253151485623,0.004999999999999999,0.004999999999999999,0.05101109085310015,0.17438795680156707,0.5781762598680078,0.07423822138136811,0.08264545824089435,0.004999999999999999,0.007128481340206184
baseline,0.05,0.005,4,2008-11-28,0.3754701563950692,3,0.018018566496645953,0.005,0.005,0.051205455416980496,0.1716737434988519,0.5741819620022547,0.0765026119443272,0.08592368721316611,0.005,0.007493973427773618
baseline,0.05,0.005,4,2008-12-31,0.25643009790314364,3,0.026347617592141315,0.005000000000000001,0.005000000000000001,0.04792764283898957,0.14671363035521875,0.4246544959630034,0.15518288634728192,0.16442565896573882,0.005000000000000001,0.019748067937626256
baseline,0.05,0.005,4,2009-01-30,0.1997853589028163,2,0.04982385410583238,0.008077251237810988,0.005,0.052413580830897935,0.15158830845958673,0.32618500671657413,0.16058563650870541,0.19192989829698862,0.005,0.04939646384360378
baseline,0.05,0.005,4,2009-02-27,0.20016205988198965,2,0.12712317732161127,0.005484736325322955,0.005000000000000001,0.022869318192394437,0.11143421082686285,0.12623883317264314,0.1607294018614386,0.08746453546706394,0.005000000000000001,0.3486557868326629
baseline,0.05,0.005,4,2009-03-31,0.17702334202448064,2,0.10160054416035424,0.005493397338741771,0.005,0.024075519453664908,0.10567605925777915,0.1952913352416831,0.2217551858022015,0.0936393105145753,0.005,0.24246864823099995
baseline,0.05,0.005,4,2009-04-30,0.21691763278039755,3,0.13074337090807564,0.005,0.005,0.019015233419996346,0.11137077567175784,0.1186930660918755,0.15460377996496386,0.07120080815899038,0.005,0.37937296578434043
baseline,0.05,0.005,4,2009-05-29,0.3004360990388123,2,0.16540551447420182,0.00516288769301227,0.005,0.015330123825472546,0.08906143446587614,0.06220997406720953,0.1027281100537393,0.05244787636392002,0.005,0.49765407905656844
baseline,0.05,0.005,4,2009-06-30,0.37134193564292794,3,0.2574856006796339,0.005,0.005,0.012161749139964317,0.05324884455623189,0.028332360671388022,0.061455032295757,0.02767003276648103,0.005,0.5446463798905439
baseline,0.05,0.005,4,2009-07-31,0.3684940317198939,3,0.2576387448657418,0.005,0.005,0.0123525427097093,0.05412294176544158,0.02899712803316765,0.061967642213945226,0.028178846601103886,0.005,0.5417421538108905
baseline,0.05,0.005,4,2009-08-31,0.35494900579520416,3,0.2557889490833633,0.005,0.005,0.013201083661014735,0.058761931556745105,0.03256446402930723,0.06553673389283826,0.030434215623190975,0.005,0.5287126221535404
baseline,0.05,0.005,4,2009-09-30,0.35358836147537764,3,0.2567775233212937,0.005000000000000001,0.005000000000000001,0.013398233651189166,0.05877775479715498,0.032462076427106926,0.06622320409945853,0.03050801191765751,0.005000000000000001,0.5268531957861392
baseline,0.05,0.005,4,2009-10-30,0.351978893518434,3,0.25417765493775746,0.005,0.005,0.013631589770474373,0.06070536369618649,0.03319140338414939,0.06609416647663202,0.03088967384022077,0.005,0.5263101478945795
baseline,0.05,0.005,4,2009-11-30,0.35326474503093325,3,0.24413967216711843,0.004999999999999999,0.004999999999999999,0.013774657710746166,0.061547787552672525,0.03407545970325087,0.06787361387387655,0.031770848673520764,0.004999999999999999,0.5318179603188147
baseline,0.05,0.005,4,2009-12-31,0.36558734540040366,2,0.25544747387095723,0.005017932494349524,0.004999999999999999,0.013098377891966195,0.05581592405478044,0.029324829685518347,0.06260479814764036,0.028916352560964514,0.004999999999999999,0.5397743112938233
baseline,0.05,0.005,4,2010-01-29,0.35696593210487493,3,0.25498295547400984,0.005000000000000001,0.005000000000000001,0.013532377783409938,0.05868787610620205,0.03181551585999491,0.06449612746748706,0.030300494881433528,0.005000000000000001,0.5311846524274628
baseline,0.05,0.005,4,2010-02-26,0.3503938133380453,3,0.24552720827706936,0.005000000000000001,0.005000000000000001,0.013759186363706896,0.06252136651901924,0.035019218925069776,0.06780931742060176,0.03208028122698581,0.005000000000000001,0.5282834212675472
baseline,0.05,0.005,4,2010-03-31,0.3588852724396058,2,0.2579435044950423,0.005017385755623269,0.004999999999999999,0.013500096514308235,0.05736050468712193,0.03067963354925773,0.0635716864000659,0.030026266670331578,0.004999999999999999,0.531900921928249
baseline,0.05,0.005,4,2010-04-30,0.3581466975934732,3,0.25786815505455474,0.005,0.005,0.013455345874797355,0.05803153982331647,0.03102365724304871,0.0636996819870022,0.0297714030126794,0.005,0.5311502170046012
baseline,0.05,0.005,4,2010-05-28,0.2625286822572188,3,0.17913286808673867,0.005,0.005,0.019157194000999966,0.10644382371272988,0.07595772099436839,0.1035094374612707,0.05446041071028287,0.005,0.4463385450336096
baseline,0.05,0.005,4,2010-06-30,0.1837436000069232,1,0.14346972949877088,0.005290488829590204,0.005296078415949755,0.030266222821553893,0.1721885458326805,0.14282383395270393,0.11150984829817133,0.07829419882474761,0.005000000000000001,0.30586105352583204
baseline,0.05,0.005,4,2010-07-30,0.2088652709711298,2,0.14785166008484357,0.005313049221752585,0.005000000000000001,0.026924730729469628,0.14600625186766306,0.10937046766318176,0.10931499709087808,0.07793291120616355,0.005000000000000001,0.36728593213604777
baseline,0.05,0.005,4,2010-08-31,0.3373646382949501,2,0.23481386294558132,0.0050604671128345385,0.005000000000000001,0.0149389897986983,0.0684763322632698,0.03941456456516389,0.07215498811894788,0.03633524594667864,0.005000000000000001,0.5188055492488258
baseline,0.05,0.005,4,2010-09-30,0.3543695729611537,2,0.25853285592914815,0.005116170601446952,0.005000000000000001,0.013795872347059845,0.05902968192692044,0.03147398502662432,0.06466272680370365,0.030434041507781114,0.005000000000000001,0.5269546658573157
baseline,0.05,0.005,4,2010-10-29,0.3554700366751119,2,0.2592015446767538,0.00514266656771972,0.005,0.01396571453402993,0.05874700736841933,0.030893761450237388,0.06415818939695497,0.030078173224127668,0.005,0.5278129427817572
baseline,0.05,0.005,4,2010-11-30,0.3674478366501504,3,0.25780862047265407,0.005000000000000001,0.005000000000000001,0.012693337295783164,0.05490199556559026,0.028890971069017182,0.061739617682786775,0.028333468582706602,0.005000000000000001,0.5406319893314621
baseline,0.05,0.005,4,2010-12-31,0.3700797038154797,2,0.25901320940482475,0.005035357903844325,0.005,0.012738794979032388,0.05373971834134217,0.027834589381887532,0.060696444088080836,0.028157776860937404,0.005,0.5427841090400506
baseline,0.05,0.005,4,2011-01-31,0.3683164316569034,2,0.2591958916128456,0.0050369875869987505,0.004999999999999999,0.012881496823835832,0.05403438751345039,0.028376177613448107,0.061155233004114545,0.028373744587728504,0.004999999999999999,0.5409460812575783
baseline,0.05,0.005,4,2011-02-28,0.36039157520494747,2,0.2602645349930583,0.005230750043004667,0.005,0.01361240751271043,0.05690368890968481,0.029810192701017167,0.06258066963383836,0.029152051037039512,0.005,0.5324457051696467
baseline,0.05,0.005,4,2011-03-31,0.3510403647623406,2,0.2567799459724671,0.005128321447614201,0.004999999999999999,0.014252623333953229,0.06121571431020798,0.032491604723893605,0.06505309415582809,0.030827132447775733,0.004999999999999999,0.5242515636082599
baseline,0.05,0.005,4,2011-04-29,0.3489663569708918,1,0.25978641753441095,0.005395891651624671,0.005154238628503051,0.014759273184134931,0.0612551936451599,0.031949827655289295,0.06506574361401686,0.03084466448374086,0.005,0.5207887496031195
baseline,0.05,0.005,4,2011-05-31,0.3408248396196027,2,0.2525440490721203,0.005201054023487914,0.005000000000000001,0.015153865634021428,0.06523676456152698,0.035350084866379125,0.06845264905605054,0.032822659856705794,0.005000000000000001,0.515238872929708
baseline,0.05,0.005,4,2011-06-30,0.3344695790510635,2,0.243616808500435,0.005083207451303914,0.005000000000000001,0.015212906305350766,0.06887025386200107,0.038541894519438395,0.07159164360920892,0.03499485035808024,0.005000000000000001,0.5120884353941818
baseline,0.05,0.005,4,2011-07-29,0.33612686985209544,2,0.24531458412354054,0.005048119354118012,0.005,0.015163059680709107,0.06826991368177088,0.03785384223417181,0.0703475460321357,0.034788024329786026,0.005,0.513214910563768
baseline,0.05,0.005,4,2011-08-31,0.23702020595643042,3,0.06265849771825727,0.005,0.005,0.04762204186693019,0.28860418600578863,0.35991986454672226,0.09388412309869192,0.07936942029493171,0.005,0.0529418664686781
baseline,0.05,0.005,4,2011-09-30,0.1530504720919086,1,0.09578857303116327,0.009523013790932879,0.0053261285883092185,0.051715110656489024,0.17927707829135955,0.1968251430151006,0.13875452535529342,0.17352240403779395,0.005,0.1442680232335581
baseline,0.05,0.005,4,2011-10-31,0.1618063948346438,1,0.08128109224095083,0.010672171996974343,0.005,0.05377573183032686,0.17175442537864413,0.2379496196946909,0.14127922015849392,0.1863771277049297,0.005501336709214223,0.10640927428577514
baseline,0.05,0.005,4,2011-11-30,0.20345704986692292,2,0.14866518252127292,0.005164013311106253,0.005000000000000001,0.027268801805035617,0.15430790176213205,0.11892721858949122,0.10674021598595612,0.07446631376312127,0.005000000000000001,0.3544603522618846
baseline,0.05,0.005,4,2011-12-30,0.29595659989709333,2,0.19526237950499054,0.005089731722372083,0.005,0.018105967954512664,0.09323353337605185,0.05955393101689805,0.08414439188622741,0.04912841812608506,0.005,0.4854816464128624
baseline,0.05,0.005,4,2012-01-31,0.35191081938521346,2,0.2575340107356074,0.005013839409055367,0.005000000000000001,0.01409381607695834,0.0604743924619712,0.03230869737321052,0.06467283844883454,0.03105450760670577,0.005000000000000001,0.524847897887657
baseline,0.05,0.005,4,2012-02-29,0.3627579064262285,2,0.2620105067154373,0.005291096874589591,0.005,0.013393843237425315,0.05513660599832587,0.02886980130842744,0.062116441787044285,0.029071317091348935,0.005,0.5341103869874013
baseline,0.05,0.005,4,2012-03-30,0.36175360433853865,2,0.2608560957275259,0.00513923847651722,0.005000000000000001,0.013344150029315303,0.056116772403410176,0.029498702864695834,0.06255463915538506,0.028932746310834628,0.005000000000000001,0.5335576550323159
baseline,0.05,0.005,4,2012-04-30,0.3568322177238821,3,0.2591726845491835,0.005,0.005,0.013559041654708542,0.05832872486792347,0.03115107688473131,0.06351710868701307,0.030032388501008974,0.005,0.5292389748554311
baseline,0.05,0.005,4,2012-05-31,0.3399144645687381,3,0.2504994457867564,0.005000000000000001,0.005000000000000001,0.014743278491667242,0.06570050167770128,0.0370677678113365,0.068175301785615,0.03364198791657307,0.005000000000000001,0.5151717165303505
baseline,0.05,0.005,4,2012-06-29,0.2963311615242576,2,0.20983477805170928,0.005090004195887245,0.005000000000000001,0.017785328123184126,0.08877692736835253,0.05689561027182731,0.08482691511774768,0.045633697057329684,0.005000000000000001,0.4811567398139622
baseline,0.05,0.005,4,2012-07-31,0.31950962499315805,2,0.23414949660607678,0.005170403240085411,0.004999999999999999,0.01670685076968084,0.07701840631716421,0.04432987465385397,0.07421469395214328,0.039009371652024685,0.004999999999999999,0.4994009028089708
baseline,0.05,0.005,4,2012-08-31,0.3553504448540162,1,0.2608631069691481,0.005416885921465765,0.005071315775241186,0.014092262445232689,0.058458269547787295,0.03044290524131477,0.06345937951919259,0.030185601055802067,0.005,0.5270102735248156
baseline,0.05,0.005,4,2012-09-28,0.35886584704877206,2,0.26066247566255274,0.00521260892964551,0.004999999999999999,0.013793361492634274,0.05714706765593429,0.029957613653694613,0.06291862692552873,0.02959591796843581,0.004999999999999999,0.530712327711574
baseline,0.05,0.005,4,2012-10-31,0.3590480688631609,2,0.2575746872961823,0.005265512023642466,0.005,0.013721815616813054,0.057124669367520475,0.030352864117978384,0.06368535917634995,0.03001969883099794,0.005,0.5322553935705154
baseline,0.05,0.005,4,2012-11-30,0.3535103191666439,2,0.2551251949628924,0.0051673993348099415,0.005,0.014023069289899463,0.05948782503703125,0.032168258474732536,0.06537774876704108,0.03107632007064863,0.005,0.5275741840629448
baseline,0.05,0.005,4,2012-12-31,0.35431979647241924,1,0.2592715052912192,0.005412788226935898,0.005037714832274281,0.014067475713627589,0.05796570569118624,0.031240840564079702,0.06471529375888443,0.030641217275579627,0.004999999999999999,0.526647458646213
baseline,0.05,0.005,4,2013-01-31,0.3567879924575875,1,0.26095884802833225,0.005422978408741541,0.0050525973877234755,0.013894201847540411,0.057182821498585314,0.0303090544595731,0.0636431414666193,0.03007438688605933,0.005000000000000001,0.5284619700168254
baseline,0.05,0.005,4,2013-02-28,0.357069294387233,2,0.2608549380786177,0.005339186137001709,0.005,0.013765521111634002,0.057176699057793615,0.030464181731590646,0.06355454315191796,0.030057522314311313,0.005,0.5287874084171331
baseline,0.05,0.005,4,2013-03-28,0.35535876055184834,1,0.259970436617189,0.005414008621035064,0.005038596096636377,0.014088320685747153,0.058120292482240134,0.030783447098644872,0.06380570183206087,0.030353504067247326,0.005,0.5274256924991992
baseline,0.05,0.005,4,2013-04-30,0.3498587257840648,3,0.26167570004103663,0.005,0.005,0.013887721209335395,0.06011945814582546,0.03266632731774456,0.0651917842450856,0.030646091429913102,0.005,0.5208129176110592
baseline,0.05,0.005,4,2013-05-31,0.3587832812478023,3,0.26147379679569965,0.004999999999999999,0.004999999999999999,0.01331610621195124,0.05691692365533137,0.030364061906714916,0.06293289645125784,0.029755751115385774,0.004999999999999999,0.5302404638636591
baseline,0.05,0.005,4,2013-06-28,0.3617102643180295,3,0.25779053976162314,0.005,0.005,0.012591289504574098,0.0569808098356772,0.030948749157021886,0.0625346045049444,0.029321514171024726,0.005,0.5348324930651346
baseline,0.05,0.005,4,2013-07-31,0.37133472686670144,3,0.25825183211748237,0.005000000000000001,0.005000000000000001,0.012335908511395202,0.0535064020699457,0.02809281287622902,0.06029604578944382,0.02815199781406207,0.005000000000000001,0.5443650008214419
baseline,0.05,0.005,4,2013-08-30,0.36921098748577785,3,0.25679813444646055,0.005,0.005,0.012628817124045752,0.054240462181332764,0.028776345773636632,0.06105556641451108,0.028625055912811986,0.005,0.5428756181472013
baseline,0.05,0.005,4,2013-09-30,0.36779450217343335,3,0.25926989930492517,0.005,0.005,0.012652266618812098,0.05411568471587183,0.0286114700150636,0.06152433264725143,0.028459595300269643,0.005,0.5403667513978062
baseline,0.05,0.005,4,2013-10-31,0.3640011743486021,3,0.25949877860060544,0.005000000000000002,0.005000000000000002,0.013048450379228837,0.054984607231842245,0.02944486613458065,0.062305675892735585,0.029258950876542254,0.005000000000000002,0.5364586708844652
baseline,0.05,0.005,4,2013-11-29,0.3665169655191244,2,0.2625068001619895,0.0050085311750744,0.005000000000000001,0.012783176901799679,0.05359305391121773,0.028465569637990813,0.061063820032613514,0.028877017248510602,0.005000000000000001,0.5377020309308038
baseline,0.05,0.005,4,2013-12-31,0.3674174341329524,3,0.26015020313592696,0.005000000000000001,0.005000000000000001,0.012834053991753322,0.05399263465965739,0.028593628919380703,0.060993547044564674,0.028790015940414315,0.005000000000000001,0.5396459163083028
baseline,0.05,0.005,4,2014-01-31,0.3600994075178906,3,0.2588481478973271,0.005000000000000001,0.005000000000000001,0.013369722202642651,0.05698656629341139,0.030595830023334825,0.06253865293385591,0.029879857412601567,0.005000000000000001,0.5327812232368268
baseline,0.05,0.005,4,2014-02-28,0.3531483717481238,2,0.2591128251495397,0.005083637676009012,0.004999999999999999,0.014064116010982826,0.059754241566352895,0.0318447400658962,0.06408868548375564,0.030592573072691545,0.004999999999999999,0.5254591809747721
baseline,0.05,0.005,4,2014-03-31,0.3457702479235639,2,0.26018029751723926,0.005150112256358834,0.005000000000000001,0.014680946417658295,0.06257359508512611,0.03325903135906655,0.06556664010350245,0.031407212442148065,0.005000000000000001,0.5171821648189006
baseline,0.05,0.005,4,2014-04-30,0.3506566839600647,1,0.2607141226286901,0.0053841766911388415,0.005070148806527969,0.014508743475975496,0.0598988807268151,0.031738155202176314,0.0645763921305999,0.030928611871506133,0.005,0.5221807684665701
baseline,0.05,0.005,4,2014-05-30,0.35113160997159176,1,0.26262975707054254,0.0054379624214082435,0.005120479185468578,0.014442705176237133,0.05897665937481721,0.03138434631021718,0.06433921283714539,0.030831245149093515,0.005,0.5218376324750703
baseline,0.05,0.005,4,2014-06-30,0.3528443503777687,1,0.2622305556724588,0.005431940749807004,0.0051367194932338735,0.014340350550417257,0.058388135231458166,0.03093592982036728,0.06421198040293115,0.030518928977116267,0.005,0.5238054591022103
baseline,0.05,0.005,4,2014-07-31,0.34903693679073644,1,0.261855841448928,0.0053681534415354875,0.005076262864220352,0.014550882876760055,0.060206121623665,0.03201598290335714,0.06485786245323107,0.031114380796474453,0.004999999999999999,0.5199545115918284
baseline,0.05,0.005,4,2014-08-29,0.35180227862885355,2,0.25907037530152305,0.005270724494840864,0.005,0.014347185260004475,0.059525915820186535,0.03190416121616586,0.06470451971089872,0.031070308561013952,0.005,0.5241068096353666
baseline,0.05,0.005,4,2014-09-30,0.35310684957781224,2,0.25641569446182566,0.005061869221255195,0.005,0.013970999665843252,0.05931992013595326,0.03244742879286167,0.06494722561318203,0.031222834786770973,0.005,0.526614027322308
baseline,0.05,0.005,4,2014-10-31,0.34320709846287517,3,0.24816782088761888,0.005000000000000001,0.005000000000000001,0.014590858680580111,0.06472875336997905,0.03627068247635216,0.06799482073939717,0.03355758244937573,0.005000000000000001,0.519689481396697
baseline,0.05,0.005,4,2014-11-28,0.35053724643950596,2,0.25582325431794206,0.005004567419593065,0.005,0.014053990502739875,0.06080080598298012,0.033112078799190925,0.06550552953663512,0.03154326137922737,0.005,0.5241565120616914
baseline,0.1,0.01,0,2008-04-30,0.17313270107093026,3,0.2402473727277047,0.010000000000000002,0.010000000000000002,0.06381887722035917,0.18093296306854723,0.23162477957138633,0.10837177903583867,0.10711945541733241,0.010000000000000002,0.03788477295883156
baseline,0.1,0.01,0,2008-05-30,0.17413579525292006,1,0.28058288471659104,0.010000000000000002,0.01023925585509879,0.06341295066930969,0.16310227484685766,0.19608070846161438,0.11653507230304605,0.10027644803748129,0.011031034292298458,0.04873937081770272
baseline,0.1,0.01,0,2008-06-30,0.17326249849320008,3,0.26670505527829363,0.01,0.01,0.06372381753801351,0.16654133874090593,0.2107741219000481,0.11162085562674677,0.10534905998733786,0.01,0.04528575092865419
baseline,0.1,0.01,0,2008-07-31,0.17809138847902756,3,0.17640247334381062,0.01,0.01,0.06901878809055599,0.19383989207601748,0.2796159202516451,0.09542728702864665,0.12746668197302208,0.01,0.028228957236302057
baseline,0.1,0.01,0,2008-08-29,0.19423077203012667,3,0.0950283085957377,0.010000000000000002,0.010000000000000002,0.06101699744838411,0.2139744991683594,0.30028597979339955,0.09760428640228366,0.18843431238790784,0.010000000000000002,0.01365561620392774
baseline,0.1,0.01,0,2008-09-30,0.201339391945549,3,0.08845981553304018,0.01,0.01,0.06722730939741375,0.23266256587913203,0.3160782697433548,0.09204794736522415,0.16135852654306954,0.01,0.012165565538765542
baseline,0.1,0.01,0,2008-10-31,0.20901354320310303,3,0.0753359238566882,0.01,0.01,0.06670222332814012,0.214247107928747,0.33393082315194067,0.08418123692390439,0.18428992972606997,0.01,0.011312755084509806
baseline,0.1,0.01,0,2008-11-28,0.2668264070723976,4,0.04231064134072461,0.01,0.01,0.041978749582616964,0.12804327349668457,0.21444284390498944,0.09583606360708745,0.437388428067897,0.01,0.01
baseline,0.1,0.01,0,2008-12-31,0.3250285723670349,4,0.03696234790585272,0.01,0.01,0.030877400036858724,0.10141630381292512,0.1746077881017647,0.09391403141848259,0.5222221287241162,0.01,0.01
baseline,0.1,0.01,0,2009-01-30,0.3098575519280668,4,0.044255917242130835,0.01,0.01,0.028564138436690468,0.10488788774515205,0.16720657574356518,0.10935283984166089,0.5057326409908005,0.01,0.01
baseline,0.1,0.01,0,2009-02-27,0.20811317862925055,2,0.2862481404477987,0.01,0.011108888059208805,0.014969429629058131,0.11011587122970376,0.08091554938397363,0.28604840433457446,0.15432306529465942,0.01,0.03627065162102313
baseline,0.1,0.01,0,2009-03-31,0.21316106702016005,2,0.2894687301797972,0.01,0.010400009624135379,0.013691046702772118,0.10539950675177492,0.07529679805016265,0.29433129539724273,0.1554739683625354,0.01,0.035938644931579576
baseline,0.1,0.01,0,2009-04-30,0.21990451627194102,2,0.31034490771536805,0.009999999999999998,0.010564921928275217,0.014047889670351808,0.1027642861053814,0.07137188643394546,0.29519591784958005,0.1370967628369707,0.009999999999999998,0.03861342746012734
baseline,0.1,0.01,0,2009-05-29,0.2379708797655501,3,0.36586717615017683,0.009999999999999998,0.009999999999999998,0.013855074205260698,0.10094038729848089,0.06749005771848451,0.276261140016025,0.10408504034050313,0.009999999999999998,0.041501124271068855
baseline,0.1,0.01,0,2009-06-30,0.3043186248694397,3,0.5056520738523048,0.010000000000000002,0.010000000000000002,0.018429903046342018,0.09457909818434854,0.07251009444581728,0.16524045349627253,0.052524704997154774,0.010000000000000002,0.06106367197776022
baseline,0.1,0.01,0,2009-07-31,0.18044169130779325,2,0.29607842709194754,0.01,0.01,0.057968336310954764,0.16338725375009014,0.19375026992634717,0.11785004654833021,0.0937936764952683,0.010362917753697411,0.046809072123364534
baseline,0.1,0.01,0,2009-08-31,0.17441168441709745,3,0.26579609705488055,0.010000000000000002,0.010000000000000002,0.06283090767553386,0.1736419648721134,0.21147331300906758,0.11148331558190029,0.10184529661673988,0.010000000000000002,0.042929105189764456
baseline,0.1,0.01,0,2009-09-30,0.1757206168460502,3,0.27417776779580577,0.010000000000000002,0.010000000000000002,0.06219267003403688,0.1729739359747279,0.20452377928971427,0.11514058849374324,0.0972599606200019,0.010000000000000002,0.04373129779197007
baseline,0.1,0.01,0,2009-10-30,0.17432718459269117,3,0.26109668560392446,0.010000000000000002,0.010000000000000002,0.06414842864887567,0.17691134507293213,0.21562535831730953,0.11101272508745577,0.09937293530368961,0.010000000000000002,0.04183252196581282
baseline,0.1,0.01,0,2009-11-30,0.1756895649705708,3,0.23608813328846556,0.009999999999999998,0.009999999999999998,0.06428772322212664,0.18703704502140114,0.24071127022388566,0.1065035938878553,0.1000005000624352,0.009999999999999998,0.035371734293830344
baseline,0.1,0.01,0,2009-12-31,0.177819641245936,2,0.2855346804706642,0.010000000000000002,0.010000000000000002,0.06219193137952447,0.16603474014771674,0.20132084900860275,0.11450285898709128,0.09349295920185954,0.010402226624298934,0.04651975418024213
baseline,0.1,0.01,0,2010-01-29,0.17475179903316462,2,0.2753907361752587,0.01,0.01,0.06423945160058102,0.16812544765577206,0.20381558530269328,0.11286427236146655,0.09893475655687964,0.010312361245291946,0.04631738910205677
baseline,0.1,0.01,0,2010-02-26,0.17286091162003897,3,0.24260677272497733,0.01,0.01,0.06575548347181236,0.1789943420889257,0.2305152898857589,0.10511934196699112,0.10776035672227782,0.01,0.039248413139256866
baseline,0.1,0.01,0,2010-03-31,0.17559534363364662,1,0.283923534769886,0.01,0.010086286664958064,0.06308024821190096,0.1636334380435334,0.19684811231454405,0.11430662971536629,0.09870709820016385,0.010963120219683629,0.048451531859963745
baseline,0.1,0.01,0,2010-04-30,0.1753762424364806,2,0.277505911958738,0.01,0.01,0.06361970472405953,0.16917145518028628,0.2021956290046247,0.11445991284671637,0.09623444521881817,0.010501225951374869,0.04631171511538202
baseline,0.1,0.01,0,2010-05-28,0.18399694414520074,3,0.15622442969367428,0.010000000000000002,0.010000000000000002,0.07000056553986292,0.21325939569856955,0.29073052000864547,0.0945161493977188,0.12214281511620849,0.010000000000000002,0.023126124545320467
baseline,0.1,0.01,0,2010-06-30,0.17982936785444695,3,0.14460195693216069,0.01,0.01,0.05033631258138321,0.22464720172171573,0.26171309831005335,0.12691492131295812,0.14386527991185677,0.01,0.01792122922987231
baseline,0.1,0.01,0,2010-07-30,0.1666399835135694,3,0.19078756091420068,0.01,0.01,0.0520655780547855,0.19552463053565797,0.2140089644565885,0.13454468994641036,0.15611068587424123,0.01,0.026957890218115798
baseline,0.1,0.01,0,2010-08-31,0.17489124736870104,3,0.27643512715869073,0.010000000000000002,0.010000000000000002,0.06026450528048909,0.16749198761542822,0.2003024433862382,0.1166620862996241,0.10341446074733308,0.010000000000000002,0.045429389512196675
baseline,0.1,0.01,0,2010-09-30,0.1765376387807119,2,0.2833033278570888,0.01,0.01,0.06144113886922686,0.16602843320106345,0.19868845043621108,0.11736542402843642,0.09583083698482897,0.010546048088313081,0.04679634053483134
baseline,0.1,0.01,0,2010-10-29,0.176323560562445,1,0.287127962955786,0.01,0.010459923268136922,0.06249930980313669,0.16349528526570503,0.19447628629936503,0.11729140904730001,0.09467322114627498,0.011348348737885965,0.04862825347640942
baseline,0.1,0.01,0,2010-11-30,0.17967006321489562,2,0.2963709561370523,0.01,0.01,0.060492065595937033,0.16232577993283115,0.19226748801816573,0.11726618290649916,0.09187256040893647,0.010965037944659325,0.048439929055918755
baseline,0.1,0.01,0,2010-12-31,0.18134225731810436,1,0.30669788247699864,0.01,0.010582222421457373,0.06018774924340706,0.15744719718040995,0.18417926914094257,0.1188312819615332,0.08829881819393041,0.012123207721534301,0.05165237165978658
baseline,0.1,0.01,0,2011-01-31,0.17844247347698103,1,0.29972427182084327,0.01,0.010709000771028685,0.06085068101680118,0.15687743633395848,0.18549566736316628,0.11884439303085308,0.0931948162369394,0.012221675483488584,0.052082057942921096
baseline,0.1,0.01,0,2011-02-28,0.17617222564138374,1,0.29314881230020257,0.009999999999999998,0.011056669050881962,0.06248558417873796,0.15919354181727294,0.18687184209842037,0.11936490045762557,0.09353923909873386,0.012443028309291131,0.05189638268883362
baseline,0.1,0.01,0,2011-03-31,0.1737106151169498,2,0.2697050108217376,0.01,0.01,0.06424719133871012,0.16863680249404228,0.20737896339863884,0.11344528739742943,0.10064602629428655,0.010171802683193442,0.04576891557196179
baseline,0.1,0.01,0,2011-04-29,0.17426355553184086,1,0.28123435258459323,0.01,0.01084871661337414,0.06417320259870249,0.16449828829909102,0.19592191529134603,0.11735157758816009,0.09527519242166149,0.011653283474723868,0.04904347112834768
baseline,0.1,0.01,0,2011-05-31,0.17280574415676037,3,0.26217573318554466,0.01,0.01,0.06479081539082852,0.17110881068790493,0.21237733753284543,0.11075457096987835,0.10483653004840354,0.01,0.04395620218459457
baseline,0.1,0.01,0,2011-06-30,0.1719667015120713,3,0.2394016871392144,0.010000000000000002,0.010000000000000002,0.06734297248711976,0.1801298927524705,0.23029788243778143,0.10733233653240358,0.10613850829089112,0.010000000000000002,0.039356720360119224
baseline,0.1,0.01,0,2011-07-29,0.17227668800041276,3,0.23855529047507448,0.01,0.01,0.06685285438644761,0.18027222647896934,0.23200498625762264,0.10616454183038365,0.10715973943264083,0.01,0.03899036113886141
baseline,0.1,0.01,0,2011-08-31,0.1951245764532872,3,0.10521948512948182,0.01,0.01,0.061758178811328696,0.23055039354921578,0.30489934482405684,0.10056236373725326,0.15337381951784282,0.01,0.01363641443082084
baseline,0.1,0.01,0,2011-09-30,0.18499529689338773,3,0.12795500670604684,0.01,0.01,0.05365585623286819,0.22742321909202037,0.27792871713476625,0.11584005764924848,0.1509848036915405,0.01,0.01621233949350935
baseline,0.1,0.01,0,2011-10-31,0.1892808193922657,3,0.11598524993206909,0.010000000000000002,0.010000000000000002,0.05786208901066218,0.23026710114318924,0.2891599459453169,0.10818910659766083,0.15368240099347477,0.010000000000000002,0.014854106377627053
baseline,0.1,0.01,0,2011-11-30,0.17132321274192294,3,0.25078971698999475,0.01,0.01,0.03791265736374657,0.17460252028619874,0.16421046347424695,0.16644697365450678,0.1429734483168248,0.01,0.03306421991448135
baseline,0.1,0.01,0,2011-12-30,0.17403671706564824,3,0.2639623271013448,0.01,0.01,0.05830067709871989,0.17542210570619893,0.20757939781703613,0.11555015030565144,0.10864811146919394,0.01,0.04053723050185493
baseline,0.1,0.01,0,2012-01-31,0.17488095367202447,1,0.2799793719426885,0.01,0.010046875358893696,0.06400404384553594,0.1657949369929132,0.19905949389649888,0.11385871157293673,0.0985141079552116,0.010820885501755943,0.047921572933565554
baseline,0.1,0.01,0,2012-02-29,0.17959167562393888,1,0.3045071197640966,0.010000000000000002,0.010953515690529117,0.05951341286303812,0.15576996294735249,0.18089518254255024,0.12165820843419378,0.0917486326767595,0.012603943905116526,0.05235002117636369
baseline,0.1,0.01,0,2012-03-30,0.17765355434141886,1,0.29598160648707167,0.01,0.010734121647674452,0.061886241640666,0.15958687859720794,0.1871112269102605,0.11928621162930346,0.09258728055286006,0.012054154862615803,0.05077227767234007
baseline,0.1,0.01,0,2012-04-30,0.1748254852617006,2,0.2782661659177341,0.01,0.01,0.06338942429892792,0.16572100511339205,0.2010932697558399,0.11402554175949288,0.09957554919929823,0.010549159659322328,0.04737988429599257
baseline,0.1,0.01,0,2012-05-31,0.17032916201831658,3,0.23894086069263712,0.009999999999999998,0.009999999999999998,0.0672813332424767,0.1758049990696133,0.22717885622936285,0.1042536137159573,0.11549089095652294,0.009999999999999998,0.04104944609342963
baseline,0.1,0.01,0,2012-06-29,0.18222251370274087,3,0.15032818558096203,0.01,0.01,0.06885542188547321,0.20269835524036273,0.2904518115146836,0.09275128428167287,0.14133332942575738,0.01,0.023581612071088123
baseline,0.1,0.01,0,2012-07-31,0.18103453949081,3,0.14206948240649817,0.010000000000000002,0.010000000000000002,0.06254922389305623,0.2141859327753134,0.2780159506281222,0.10356448909673172,0.14945921811179205,0.010000000000000002,0.020155703088486302
baseline,0.1,0.01,0,2012-08-31,0.1770111302933618,1,0.2973272110604775,0.010000000000000002,0.011245744031504575,0.061395089643084336,0.15718628928111272,0.1835852400941888,0.12091749645119636,0.09301877468535445,0.012742110537249315,0.05258204421583205
baseline,0.1,0.01,0,2012-09-28,0.17668989243923097,1,0.294859669928146,0.01,0.011149937499026433,0.06163763579408696,0.1584580322193662,0.1859814375603862,0.12018229381758179,0.09358626715137068,0.01249355994383812,0.05165116608619775
baseline,0.1,0.01,0,2012-10-31,0.17564920483180949,1,0.29165706140636094,0.009999999999999998,0.011063720276428103,0.0620200246001482,0.15804032690721107,0.187455782347582,0.11964602027789857,0.09633606112441477,0.01226597956889463,0.051515023491061684
baseline,0.1,0.01,0,2012-11-30,0.1742951899368868,1,0.2760546342376503,0.01,0.010018094427763323,0.06318775617949807,0.16506657299020627,0.20233145205945546,0.11440851693451001,0.10156934450224117,0.010515215067634446,0.04684841360104084
baseline,0.1,0.01,0,2012-12-31,0.17316077681098896,1,0.28189620687760514,0.01,0.010790016709064223,0.06275074311308472,0.1590265013723844,0.192547224232668,0.11800618978052245,0.10279768692635934,0.011714580119366071,0.05047085086894557
baseline,0.1,0.01,0,2013-01-31,0.17486213977237958,1,0.2906843627642188,0.01,0.01124344413297561,0.06246732132239191,0.1579244865381154,0.18598542051797165,0.1203645979488856,0.09665371178552695,0.012535191855108999,0.05214146313480515
baseline,0.1,0.01,0,2013-02-28,0.17329789672348736,1,0.2871271360776279,0.009999999999999998,0.011378554437853555,0.06291341747141176,0.15722383641986917,0.1857744282621316,0.12091009370270335,0.09946547641064452,0.012625415518265203,0.05258164169949293
baseline,0.1,0.01,0,2013-03-28,0.1730824081686214,1,0.28476924137952214,0.009999999999999998,0.011276315445448638,0.06368546909172891,0.1591948291005427,0.18839676367783872,0.11920071189309515,0.09900506634768112,0.012481660023263052,0.051989943040879456
baseline,0.1,0.01,0,2013-04-30,0.17319747537971092,3,0.27251417565516045,0.01,0.01,0.06391241156354383,0.16495099474777059,0.2028343564470275,0.11144833784713772,0.10772300491922487,0.01,0.04661671882013506
baseline,0.1,0.01,0,2013-05-31,0.17571860714431395,1,0.288312320365252,0.010000000000000002,0.010053536758334989,0.0621797904479659,0.15992226024060702,0.19167835665241448,0.11558858551173178,0.10112355081607854,0.011133076075933095,0.05000852313168207
baseline,0.1,0.01,0,2013-06-28,0.17405294896254128,3,0.2666832390870021,0.01,0.01,0.06262214786547562,0.16757753110919127,0.21292744792970794,0.10734986749735008,0.10872427436196587,0.01,0.04411549214930711
baseline,0.1,0.01,0,2013-07-31,0.17953796676858808,2,0.2969009487225585,0.010000000000000002,0.010000000000000002,0.06111629807553308,0.15998242511644556,0.19337820888158502,0.11346411302395515,0.09509706090556741,0.010770812741794115,0.049290132532561204
baseline,0.1,0.01,0,2013-08-30,0.17847063316129824,2,0.29308839292220384,0.010000000000000002,0.010000000000000002,0.061246829898150015,0.16071713525414075,0.1950855068829364,0.11391250483896882,0.09612723183861215,0.010879157381584742,0.04894324098340334
baseline,0.1,0.01,0,2013-09-30,0.17923627481742355,2,0.29465018612311833,0.010000000000000002,0.010000000000000002,0.060557178745796504,0.16125702714865708,0.19447695286306171,0.1153176544098127,0.09484643039394515,0.01077960246449585,0.04811496785111284
baseline,0.1,0.01,0,2013-10-31,0.17783617031635449,2,0.2906539163360491,0.010000000000000004,0.010000000000000004,0.060629705518568604,0.16168485166653787,0.19518431405901135,0.11505505010905466,0.09783311576145008,0.010844413263013294,0.04811463328631505
baseline,0.1,0.01,0,2013-11-29,0.17922738642302027,2,0.2984226942202321,0.010000000000000002,0.010000000000000002,0.05857056768467796,0.15777805278532736,0.18886316058167757,0.11667128522084898,0.09882606327975747,0.011116787374071237,0.04975138885340744
baseline,0.1,0.01,0,2013-12-31,0.17811356059836445,2,0.29443973554286923,0.009999999999999998,0.009999999999999998,0.05991956622754305,0.15827521881643403,0.19191107550856426,0.11506943377928461,0.09958033346210392,0.01114455109227651,0.04966008557092422
baseline,0.1,0.01,0,2014-01-31,0.17458811871614832,2,0.27876162847597336,0.010000000000000002,0.010000000000000002,0.0627010156594959,0.1631231702209352,0.20093741144711544,0.11190822130299034,0.10407700531963214,0.0105703854569693,0.047921162116888426
baseline,0.1,0.01,0,2014-02-28,0.1749415723703677,1,0.27865807624483013,0.01,0.010147911789919792,0.06412068466409215,0.1666985708025214,0.20105724490976865,0.11330156723375301,0.09778401356839146,0.010813779303206294,0.04741815148351712
baseline,0.1,0.01,0,2014-03-31,0.1731873720847583,1,0.26883047245756186,0.010000000000000002,0.010138589121211388,0.06565135843635066,0.16950361073276718,0.20681180642500688,0.11277465761238806,0.09976170354805514,0.010461612976968213,0.04606618868969077
baseline,0.1,0.01,0,2014-04-30,0.17430211328354497,1,0.28192907428613045,0.010000000000000002,0.010669282712094271,0.0632404409528258,0.16328264603242407,0.19527727066035136,0.11666319805798839,0.09823720727141741,0.011544332405891939,0.0491565476208763
baseline,0.1,0.01,0,2014-05-30,0.17236865502918694,1,0.2771909513310797,0.010000000000000002,0.01080073319935756,0.06308369973110321,0.16142614946371822,0.19554622184099077,0.1168983293556142,0.10381795090001911,0.011610247829587651,0.049625716348529636
baseline,0.1,0.01,0,2014-06-30,0.1734907971104376,1,0.2840750696149662,0.010000000000000002,0.011082606366267525,0.06307700422373726,0.15991587419158937,0.19042618937657513,0.11869740523598224,0.09959570491296209,0.012144558495563035,0.05098558758235737
baseline,0.1,0.01,0,2014-07-31,0.17232678006401686,1,0.27513927202079247,0.010000000000000004,0.010704305852490614,0.06421868975775856,0.16354719129443948,0.1974896654484861,0.11633855928792551,0.10246552777061696,0.011379834054320118,0.048716954513170214
baseline,0.1,0.01,0,2014-08-29,0.1730366614378694,1,0.2718275606207802,0.01,0.010238638362419016,0.06414651689679508,0.16661466599981745,0.20317580738984023,0.11388399084719764,0.10247267287018873,0.010729020271651615,0.04691112674130998
baseline,0.1,0.01,0,2014-09-30,0.1711570895240283,3,0.2580241851819049,0.010000000000000002,0.010000000000000002,0.06446731807078616,0.16803990544103034,0.21272831086717617,0.10979329032838202,0.11211190143430738,0.010000000000000002,0.04483508867641315
baseline,0.1,0.01,0,2014-10-31,0.1715208177272976,3,0.23445137093194576,0.009999999999999998,0.009999999999999998,0.06599836386994311,0.17931898456223982,0.23305246749735722,0.10413069692856697,0.1144303408978301,0.009999999999999998,0.03861777531211688
baseline,0.1,0.01,0,2014-11-28,0.17211953986472284,3,0.2635012323429067,0.01,0.01,0.0649430445380241,0.16832135205354534,0.20960587336628117,0.10883223230333501,0.10962347210239066,0.01,0.045172793293517026
baseline,0.1,0.01,1,2008-04-30,0.2998466402315782,3,0.367415926491105,0.010000000000000004,0.010000000000000004,0.010234730844447908,0.08813287916295418,0.020539506559741627,0.06103469321165552,0.033529573521235444,0.010000000000000004,0.3891126902088603
baseline,0.1,0.01,1,2008-05-30,0.2997127719357013,3,0.3688648003777411,0.010000000000000002,0.010000000000000002,0.010352667126248279,0.08815764673359079,0.02055217274303905,0.060801507925044185,0.03369118572012811,0.010000000000000002,0.3875800193742086
baseline,0.1,0.01,1,2008-06-30,0.3013160655641594,3,0.36838060453415417,0.01,0.01,0.01015196309734337,0.08799937821259615,0.01963289624431215,0.06033458118388846,0.03319670914916394,0.01,0.39030386757854174
baseline,0.1,0.01,1,2008-07-31,0.3029885329377401,4,0.3742584335799874,0.009999999999999998,0.009999999999999998,0.009999999999999998,0.08755202852693922,0.018675471661071728,0.05965254240063486,0.032723607038699594,0.009999999999999998,0.38713791679266707
baseline,0.1,0.01,1,2008-08-29,0.30182582283280923,3,0.38108153894837316,0.010000000000000002,0.010000000000000002,0.010347861459866207,0.08945997624880553,0.018943714193905423,0.058893339970770606,0.03273181970145068,0.010000000000000002,0.37854174947682845
baseline,0.1,0.01,1,2008-09-30,0.30960996986349887,4,0.44802344659866766,0.009999999999999998,0.009999999999999998,0.009999999999999998,0.09307162373315835,0.01922854966408577,0.05751427562319752,0.03395419093197792,0.009999999999999998,0.3082079134489128
baseline,0.1,0.01,1,2008-10-31,0.3446233550632889,4,0.024715208964296517,0.01,0.01,0.046870994855365965,0.06807399623457609,0.3047454348515904,0.022220231567424024,0.493374133526747,0.01,0.01
baseline,0.1,0.01,1,2008-11-28,0.44343701655286594,4,0.01592236668533812,0.01,0.01,0.03988803693888884,0.04001928767811867,0.2139857693970819,0.02307321492220162,0.6271113243783708,0.01,0.01
baseline,0.1,0.01,1,2008-12-31,0.4887659134584578,4,0.015928546302653123,0.01,0.01,0.029276576769733272,0.03309682264691262,0.18447437429829983,0.025294308361985738,0.6719293716204154,0.01,0.01
baseline,0.1,0.01,1,2009-01-30,0.48123492408405666,3,0.02770589459776178,0.01,0.01,0.027963743183014603,0.046527159499300814,0.14627532901015367,0.032045538184043015,0.6742136446779893,0.01,0.015268690847736903
baseline,0.1,0.01,1,2009-02-27,0.1917540942518478,3,0.3276553955493673,0.009999999999999998,0.009999999999999998,0.013149382560659992,0.11528708166372555,0.07222966751772926,0.13153960802963066,0.15816519690617287,0.009999999999999998,0.15197366777271426
baseline,0.1,0.01,1,2009-03-31,0.24982241138776767,4,0.423051038817049,0.01,0.01,0.01,0.10347252458524822,0.038666922817392625,0.11259011598639747,0.08749949830060265,0.01,0.19471989949331012
baseline,0.1,0.01,1,2009-04-30,0.30762137258520045,4,0.38450157857291745,0.01,0.01,0.01,0.08085081744193469,0.017388915975093684,0.060152465245319746,0.03257930655520622,0.01,0.38452691620952834
baseline,0.1,0.01,1,2009-05-29,0.305304125757748,4,0.37049150317815366,0.01,0.01,0.01,0.08246152652905477,0.019141892203856977,0.060825327092954476,0.032465886249761836,0.01,0.39461386474621835
baseline,0.1,0.01,1,2009-06-30,0.30345091185984374,4,0.368846407141596,0.01,0.01,0.01,0.0849552218607403,0.01974984756164679,0.06057759928029942,0.03259810315952927,0.01,0.3932728209961883
baseline,0.1,0.01,1,2009-07-31,0.3038587159154492,4,0.36693898025328947,0.010000000000000002,0.010000000000000002,0.010000000000000002,0.08498669746106735,0.01927261504404213,0.06068723354238226,0.03254086480600672,0.010000000000000002,0.39557360889321214
baseline,0.1,0.01,1,2009-08-31,0.3030401640575938,4,0.3749685367905663,0.01,0.01,0.01,0.08587457128321807,0.019193905517132973,0.06006780250466175,0.03312594615925943,0.01,0.3867692377451615
baseline,0.1,0.01,1,2009-09-30,0.30130089790202474,4,0.36985327970175924,0.009999999999999998,0.009999999999999998,0.009999999999999998,0.08592948556350244,0.02021865599724604,0.06128929284020083,0.03356427306379664,0.009999999999999998,0.3891450128334948
baseline,0.1,0.01,1,2009-10-30,0.30183605623061016,4,0.37255079351171494,0.010000000000000002,0.010000000000000002,0.010000000000000002,0.08726659433712018,0.019584385031922443,0.060295061314824976,0.03312039094926878,0.010000000000000002,0.3871827748551487
baseline,0.1,0.01,1,2009-11-30,0.3028335700070083,4,0.3694595847682409,0.010000000000000002,0.010000000000000002,0.010000000000000002,0.08650802507713087,0.019333429305584272,0.06071695235912911,0.03239584106805563,0.010000000000000002,0.39158616742185914
baseline,0.1,0.01,1,2009-12-31,0.3006568660882913,3,0.3618957238963108,0.01,0.01,0.010057807293703485,0.08797321522031722,0.020493355999649555,0.061661826133347496,0.03261846022429564,0.01,0.3952996112323758
baseline,0.1,0.01,1,2010-01-29,0.3010694042882698,3,0.36917997950543346,0.010000000000000002,0.010000000000000002,0.01008429291881935,0.08864320864755564,0.01985108041784297,0.06049709221650149,0.03264742003752634,0.010000000000000002,0.38909692625632075
baseline,0.1,0.01,1,2010-02-26,0.30276326279041116,4,0.3761146596440175,0.010000000000000002,0.010000000000000002,0.010000000000000002,0.08832626115526303,0.01908335973390084,0.05945670439867255,0.032089846780629185,0.010000000000000002,0.38492916828751683
baseline,0.1,0.01,1,2010-03-31,0.29945960335029165,3,0.3648075178884521,0.010000000000000002,0.010000000000000002,0.010345805586508093,0.08897595618408784,0.020388044207627763,0.06145946637125327,0.03318131912309146,0.010000000000000002,0.3908418906389795
baseline,0.1,0.01,1,2010-04-30,0.3005719409827169,4,0.36473186348776215,0.010000000000000002,0.010000000000000002,0.010000000000000002,0.08785666964145264,0.020395888775717602,0.06118908769844227,0.033191769513155264,0.010000000000000002,0.3926347208834701
baseline,0.1,0.01,1,2010-05-28,0.30431149986692935,4,0.38825615166237526,0.010000000000000002,0.010000000000000002,0.010000000000000002,0.08762463402334238,0.018329477652017468,0.05840268943157017,0.03228518504044189,0.010000000000000002,0.37510186219025293
baseline,0.1,0.01,1,2010-06-30,0.30274601689799496,4,0.3810777872344592,0.01,0.01,0.01,0.08904926504301869,0.01855538166447714,0.05891419938905336,0.03250293280436885,0.01,0.37990043386462274
baseline,0.1,0.01,1,2010-07-30,0.3021746858365816,4,0.3755141551400548,0.010000000000000002,0.010000000000000002,0.010000000000000002,0.08838068692135724,0.019005350354128724,0.059723881732947605,0.03272890209937508,0.010000000000000002,0.38464702375213655
baseline,0.1,0.01,1,2010-08-31,0.3005668143293277,3,0.36892706200383596,0.010000000000000004,0.010000000000000004,0.010136105184116775,0.08867889500138162,0.01976592072695222,0.06044403988013508,0.03341975287872946,0.010000000000000004,0.3886282243248489
baseline,0.1,0.01,1,2010-09-30,0.30088695875160515,4,0.3631012689187244,0.009999999999999998,0.009999999999999998,0.009999999999999998,0.08741195249311105,0.020297818878066348,0.06134594347288022,0.033223654894926916,0.009999999999999998,0.39461936134229103
baseline,0.1,0.01,1,2010-10-29,0.2994529673868261,3,0.3633024653858545,0.010000000000000002,0.010000000000000002,0.010285112519282,0.08853133639500195,0.020648199202426075,0.06158957470532831,0.033357221134449444,0.010000000000000002,0.3922860906576576
baseline,0.1,0.01,1,2010-11-30,0.3030372054627608,4,0.3652215290538732,0.01,0.01,0.01,0.08655930246181542,0.01955826953716745,0.060757609306983394,0.032109265687476074,0.01,0.39579402395268454
baseline,0.1,0.01,1,2010-12-31,0.3005808393773304,3,0.3580442744497736,0.009999999999999998,0.009999999999999998,0.010086620086396308,0.0883519558771043,0.020390547897189342,0.06212269817414401,0.03244438922031784,0.009999999999999998,0.3985595142950745
baseline,0.1,0.01,1,2011-01-31,0.2998327923632642,3,0.36171317345798304,0.010000000000000002,0.010000000000000002,0.01026426475237951,0.08859762961414488,0.02045391908976816,0.06184815390523927,0.032894675535721,0.010000000000000002,0.39422818364476414
baseline,0.1,0.01,1,2011-02-28,0.2983601911315545,3,0.3626272171808611,0.010000000000000002,0.010000000000000002,0.010450669639892747,0.08913683679263995,0.02113044115061346,0.06189842508172411,0.0334645586335061,0.010000000000000002,0.3912918515207625
baseline,0.1,0.01,1,2011-03-31,0.3002477559354467,3,0.3676465721419767,0.01,0.01,0.010213573033519403,0.08878007268544899,0.020199654739479312,0.06070848924768226,0.03308080014387383,0.01,0.3893708380080195
baseline,0.1,0.01,1,2011-04-29,0.29758685849954236,3,0.3601402130221776,0.010000000000000002,0.010000000000000002,0.010645713524902777,0.08929649281589605,0.021321518296477448,0.06207098186091295,0.03405671646797926,0.010000000000000002,0.3924683640116539
baseline,0.1,0.01,1,2011-05-31,0.29982670231000885,3,0.36962532491856187,0.010000000000000002,0.010000000000000002,0.010332079170763758,0.0887164152919863,0.020197733539049207,0.06067253988091205,0.03352795812435241,0.010000000000000002,0.38692794907437444
baseline,0.1,0.01,1,2011-06-30,0.30093083331363923,3,0.3712478089640213,0.01,0.01,0.010198536789455575,0.08902696086269284,0.01969300066165933,0.06026818618290356,0.032669213329364996,0.01,0.38689629320990226
baseline,0.1,0.01,1,2011-07-29,0.300600107418872,3,0.36948842932251963,0.01,0.01,0.010298045215882255,0.08967955972136912,0.019628834033540207,0.060214423175938635,0.03268200570610845,0.01,0.38800870282464167
baseline,0.1,0.01,1,2011-08-31,0.30603860984498865,4,0.4074661216799043,0.010000000000000002,0.010000000000000002,0.010000000000000002,0.08831939424584767,0.017714825085926953,0.05761853886543169,0.032326895792599425,0.010000000000000002,0.35655422433029
baseline,0.1,0.01,1,2011-09-30,0.3031106886680543,4,0.39205314319310064,0.01,0.01,0.01,0.09072844627988484,0.01803140991420402,0.05782746169666417,0.03251395276687028,0.01,0.36884558614927604
baseline,0.1,0.01,1,2011-10-31,0.22042118798520163,3,0.12437841849932726,0.010000000000000002,0.010000000000000002,0.03162695246461456,0.11770343642385286,0.201203040968009,0.07337972398465761,0.37670141362862913,0.010000000000000002,0.045007014030909696
baseline,0.1,0.01,1,2011-11-30,0.17003992120311776,3,0.2358071060325651,0.01,0.01,0.022232748608201004,0.12233005796289183,0.14094295680982682,0.12072637343020805,0.2362890513726687,0.01,0.09167170578363854
baseline,0.1,0.01,1,2011-12-30,0.22004912738765214,3,0.38677299043243735,0.01,0.01,0.012258637519967377,0.11576020566025005,0.060079693508869395,0.11934943189424894,0.11886078350613687,0.01,0.15691825747809005
baseline,0.1,0.01,1,2012-01-31,0.29979214006257326,3,0.3675620168835911,0.01,0.01,0.010337470167306918,0.08910260846668903,0.020142408387876367,0.06088597134389942,0.033217769304728355,0.01,0.3887517554459088
baseline,0.1,0.01,1,2012-02-29,0.29889764239202665,3,0.3600193155006905,0.009999999999999998,0.009999999999999998,0.01033096839162415,0.0879191337930762,0.021339961275561318,0.06233478833390478,0.03348662727541119,0.009999999999999998,0.3945692054297318
baseline,0.1,0.01,1,2012-03-30,0.3002967630464505,3,0.36331444729596846,0.01,0.01,0.010137562516855707,0.0880016761526295,0.020661319653637756,0.06155427318668525,0.03280800746359536,0.01,0.3935227137306281
baseline,0.1,0.01,1,2012-04-30,0.3005664369885367,3,0.3673332259313378,0.01,0.01,0.010155058832021,0.08882130427112064,0.020011027534916827,0.0607965295914084,0.032795442450095455,0.01,0.39008741138909997
baseline,0.1,0.01,1,2012-05-31,0.2999825177349337,3,0.3751305227058863,0.01,0.01,0.010574055554746423,0.09034774956373873,0.019577641137505524,0.059825522356485944,0.032917543807305855,0.01,0.3816269648743313
baseline,0.1,0.01,1,2012-06-29,0.302181587896437,3,0.38033807929985786,0.010000000000000002,0.010000000000000002,0.010117708673166213,0.08940421004895874,0.018903859457184043,0.059072150891424154,0.03238311899565487,0.010000000000000002,0.37978087263375415
baseline,0.1,0.01,1,2012-07-31,0.2999882056519829,3,0.3752162893341353,0.01,0.01,0.010429010562934007,0.08987143763967496,0.019759460465043673,0.05972787179123999,0.033362046472655886,0.01,0.38163388373431617
baseline,0.1,0.01,1,2012-08-31,0.29771024038000626,3,0.35925590916890165,0.009999999999999998,0.009999999999999998,0.010621174130766603,0.08933370839792422,0.021418894705282927,0.06217171574426146,0.033767851428387737,0.009999999999999998,0.3934307464244754
baseline,0.1,0.01,1,2012-09-28,0.29860198949096184,3,0.3605289565118333,0.01,0.01,0.010467302951888245,0.0889275604993767,0.02095659163708107,0.061979992652896825,0.033572061484536335,0.01,0.3935675342623875
baseline,0.1,0.01,1,2012-10-31,0.2987006367447359,3,0.36042842473056025,0.01,0.01,0.010509085892109216,0.0892415878347368,0.020753955231644663,0.06201289050324852,0.033313852791427144,0.01,0.3937402030162734
baseline,0.1,0.01,1,2012-11-30,0.299408064989924,3,0.3637388429874087,0.01,0.01,0.010403577849363927,0.08911433505137878,0.020359902295396963,0.06146556585239785,0.03317918977802547,0.01,0.3917385861860283
baseline,0.1,0.01,1,2012-12-31,0.29705837458138945,3,0.36019914214854054,0.010000000000000002,0.010000000000000002,0.01090311921773847,0.08974619240200551,0.02126942607907565,0.06230135926686137,0.03397713198626607,0.010000000000000002,0.3916036288995124
baseline,0.1,0.01,1,2013-01-31,0.29672022090188155,3,0.3591798128225797,0.010000000000000002,0.010000000000000002,0.010839060168532824,0.0897179846327808,0.02163933520387699,0.0626396317758371,0.03393897011913443,0.010000000000000002,0.39204520527725817
baseline,0.1,0.01,1,2013-02-28,0.2971782863841016,3,0.36201270683775577,0.01,0.01,0.010801033737739545,0.08959465676190476,0.02146281272143518,0.06222326769990945,0.03376621792006816,0.01,0.3901393043211871
baseline,0.1,0.01,1,2013-03-28,0.2966746242027577,3,0.3622023982288568,0.010000000000000002,0.010000000000000002,0.010924243094935285,0.09010248886450824,0.021499267862970215,0.06225402442663904,0.03383418194994091,0.010000000000000002,0.3891833955721496
baseline,0.1,0.01,1,2013-04-30,0.29984566721616257,3,0.373587531620761,0.01,0.01,0.01040617491845168,0.08901704288346349,0.02024257659203152,0.06045416333302768,0.03317267724996086,0.01,0.3831198334023037
baseline,0.1,0.01,1,2013-05-31,0.3000405530795233,3,0.3673192885910939,0.010000000000000002,0.010000000000000002,0.010362339143942521,0.08867190171020792,0.020193584127079396,0.06106753777513818,0.03299995183873493,0.010000000000000002,0.3893853968138032
baseline,0.1,0.01,1,2013-06-28,0.30368326056866535,4,0.3765500337503653,0.01,0.01,0.01,0.08782699993600089,0.018573420966838596,0.05949643326770174,0.03168949765857939,0.01,0.3858636144205142
baseline,0.1,0.01,1,2013-07-31,0.302430139117731,4,0.3654337680090961,0.01,0.01,0.01,0.088271935294998,0.019209600339083036,0.06104452481713926,0.0315733868227933,0.01,0.39446678471689023
baseline,0.1,0.01,1,2013-08-30,0.30111089381460887,3,0.36335945827352284,0.010000000000000002,0.010000000000000002,0.010050244667392606,0.0890757612205531,0.019483925659265065,0.06148749584049863,0.03214252920292738,0.010000000000000002,0.3944005851358404
baseline,0.1,0.01,1,2013-09-30,0.30143040206721394,4,0.36423431681175306,0.010000000000000002,0.010000000000000002,0.010000000000000002,0.08774639148639682,0.019737111743891242,0.0615998228905405,0.03243882002425706,0.010000000000000002,0.39424353704316134
baseline,0.1,0.01,1,2013-10-31,0.2999874806238556,3,0.3626195997708911,0.010000000000000002,0.010000000000000002,0.010130010168374287,0.08842778883048139,0.020242646323395914,0.06193967302445957,0.03302155157414676,0.010000000000000002,0.3936187303082511
baseline,0.1,0.01,1,2013-11-29,0.3006771891613046,4,0.3628064768153473,0.010000000000000002,0.010000000000000002,0.01000009595934594,0.087959019802164,0.02006617252327612,0.06179410525255238,0.03290214787980802,0.010000000000000002,0.3944719817675062
baseline,0.1,0.01,1,2013-12-31,0.30021288066796126,3,0.36324729847329246,0.009999999999999998,0.009999999999999998,0.010157097490212336,0.08862731022621981,0.02013362115539385,0.061764302744441876,0.03273246420438036,0.009999999999999998,0.3933379057060592
baseline,0.1,0.01,1,2014-01-31,0.2991329301053208,3,0.3675799434436713,0.01,0.01,0.01043113854848167,0.09016409402220957,0.02004983258372494,0.061153371244338346,0.03300240854655542,0.01,0.3876192116110188
baseline,0.1,0.01,1,2014-02-28,0.29807963410086435,3,0.3653708964882421,0.01,0.01,0.010547652231953763,0.09027493354074156,0.020729626774609974,0.06156439406055826,0.03332085043126613,0.01,0.38819164647262827
baseline,0.1,0.01,1,2014-03-31,0.2981214002143414,3,0.36606706190005256,0.01,0.01,0.010598221464487537,0.08995371065751377,0.020731386303114843,0.06145367475020886,0.0335344845291516,0.01,0.3876614603954708
baseline,0.1,0.01,1,2014-04-30,0.2967077018095985,3,0.3599205008738014,0.010000000000000002,0.010000000000000002,0.010843703725751587,0.089755043469318,0.021570939134370585,0.06231485657094037,0.03422340248229583,0.010000000000000002,0.3913715537435221
baseline,0.1,0.01,1,2014-05-30,0.29605227020470415,3,0.359980732068671,0.010000000000000002,0.010000000000000002,0.011031310254597219,0.08983752134054013,0.021620978003049105,0.062481462126346476,0.03466257260801132,0.010000000000000002,0.3903854235987848
baseline,0.1,0.01,1,2014-06-30,0.2962557096052574,3,0.35848002465048107,0.010000000000000002,0.010000000000000002,0.01101001750794693,0.08955249769730281,0.02170479928380546,0.06262012295245645,0.0345610286237515,0.010000000000000002,0.3920715092842559
baseline,0.1,0.01,1,2014-07-31,0.29712758095831826,3,0.36082634472420766,0.010000000000000002,0.010000000000000002,0.010904646206343432,0.08966974827497051,0.021277683513550263,0.06203949932896671,0.03412172259755254,0.010000000000000002,0.3911603553544089
baseline,0.1,0.01,1,2014-08-29,0.2977440961083075,3,0.3611369740780157,0.01,0.01,0.010740459127536895,0.08940566070038618,0.020976082593312566,0.06205085261056275,0.033932754972108896,0.01,0.39175721591807705
baseline,0.1,0.01,1,2014-09-30,0.2990817025049176,3,0.3665654606818635,0.01,0.01,0.010597132651885183,0.08951969056955977,0.02009734961596217,0.061195999799535154,0.033411149516864774,0.01,0.38861321716432934
baseline,0.1,0.01,1,2014-10-31,0.30033119017014775,3,0.37258105986747814,0.010000000000000002,0.010000000000000002,0.010384303675280185,0.08969109063156265,0.01976680019535062,0.06022284186768075,0.03267615510595193,0.010000000000000002,0.3846777486566958
baseline,0.1,0.01,1,2014-11-28,0.2988392260474465,3,0.37158820430503486,0.01,0.01,0.010649728946537238,0.08989740980569455,0.020269653902577876,0.06082700742438136,0.0333012935420638,0.01,0.38346670207371036
baseline,0.1,0.01,2,2008-04-30,0.2643288248211062,3,0.15623063706022666,0.010000000000000002,0.010000000000000002,0.045608112408326545,0.45637360890045414,0.10572647859530121,0.11090649475967371,0.07266017431996433,0.010000000000000002,0.022494493956053574
baseline,0.1,0.01,2,2008-05-30,0.22991145813833555,3,0.18882494626968513,0.010000000000000002,0.010000000000000002,0.05147961466769436,0.39945884797163334,0.10626821179662387,0.11692160643484119,0.07639230830916145,0.010000000000000002,0.03065446455036066
baseline,0.1,0.01,2,2008-06-30,0.23377819861538354,3,0.18743083716410278,0.01,0.01,0.05155674835136696,0.40614991954081103,0.1052741863148929,0.11468700340645623,0.0747454892161029,0.01,0.0301558160062672
baseline,0.1,0.01,2,2008-07-31,0.28350441715907215,3,0.14284140447601185,0.010000000000000002,0.010000000000000002,0.04212958011755434,0.48315951580265915,0.1053911040398961,0.10324145305516876,0.07373013784803764,0.010000000000000002,0.01950680466067224
baseline,0.1,0.01,2,2008-08-29,0.30289763254447916,3,0.12898695907191338,0.010000000000000002,0.010000000000000002,0.039189173735355125,0.5079460504102546,0.10694564214148711,0.09537640045479358,0.07484468463116407,0.010000000000000002,0.016711089555032217
baseline,0.1,0.01,2,2008-09-30,0.357105551851154,3,0.10087814342270518,0.01,0.01,0.03259943741469754,0.5679920179772665,0.10472993132854372,0.08651735113471307,0.06613288019094712,0.01,0.011150238531126866
baseline,0.1,0.01,2,2008-10-31,0.3435740682421452,3,0.09327155997075293,0.01,0.01,0.03283314241406177,0.5541521435154542,0.10778805262748135,0.09018424469511313,0.08088159662135685,0.01,0.010889260155779786
baseline,0.1,0.01,2,2008-11-28,0.22467068689872138,3,0.08665939379719387,0.010000000000000002,0.010000000000000002,0.04335081292409951,0.36697303681135424,0.1470710970248984,0.09211863653457168,0.22382245527909353,0.010000000000000002,0.010004567628788805
baseline,0.1,0.01,2,2008-12-31,0.4365600435930882,5,0.025088294833894166,0.01,0.01,0.01,0.04624236145453486,0.07263954533409533,0.17588746405598826,0.6301423343214875,0.01,0.01
baseline,0.1,0.01,2,2009-01-30,0.4145366576316966,5,0.02811515712964217,0.010000000000000002,0.010000000000000002,0.010000000000000002,0.04915258089983034,0.075392480989223,0.18977897397584764,0.6075608070054569,0.010000000000000002,0.010000000000000002
baseline,0.1,0.01,2,2009-02-27,0.3091503172518812,4,0.06047945327144506,0.01,0.01,0.01,0.0714232197711154,0.06748891476532089,0.46222738813199515,0.2856946272542636,0.01,0.012686396805859862
baseline,0.1,0.01,2,2009-03-31,0.33697994762917516,4,0.0661325954008952,0.01,0.01,0.01,0.062425503199671974,0.0644662206677633,0.5184744136356984,0.23484320320971036,0.01,0.0136580638862608
baseline,0.1,0.01,2,2009-04-30,0.3303833483544984,4,0.07099945137141864,0.01,0.01,0.01,0.06346901152475054,0.0652113694450779,0.5118231991211896,0.2333888280601505,0.01,0.015108140477412886
baseline,0.1,0.01,2,2009-05-29,0.31806861571175454,4,0.08675109501868092,0.010000000000000002,0.010000000000000002,0.010000000000000002,0.06929676392830823,0.06791192500296889,0.5053344477638042,0.2121860197921549,0.010000000000000002,0.018519748494082895
baseline,0.1,0.01,2,2009-06-30,0.2305000527101938,3,0.18417783337326876,0.01,0.01,0.02004447248836099,0.13246865994838505,0.07901613541453882,0.3912684116132543,0.1349249778717554,0.01,0.0280995092904366
baseline,0.1,0.01,2,2009-07-31,0.20476864913289425,3,0.2163620455641494,0.01,0.01,0.027491127572195923,0.1785363560207262,0.08489851798741181,0.32457240307120644,0.10733758810808375,0.01,0.030801961676226397
baseline,0.1,0.01,2,2009-08-31,0.19866277118517223,3,0.19669777997099042,0.010000000000000002,0.010000000000000002,0.026269559811134446,0.2094942177231938,0.08777853439058395,0.304688119667386,0.11743580647446779,0.010000000000000002,0.027635981962243632
baseline,0.1,0.01,2,2009-09-30,0.2052975192159884,3,0.20058235213392211,0.010000000000000002,0.010000000000000002,0.024963289373174692,0.17577861220413954,0.08489050269847173,0.3322214489927982,0.12149662341626966,0.010000000000000002,0.03006717118122406
baseline,0.1,0.01,2,2009-10-30,0.1996810202484089,3,0.20350978991113236,0.010000000000000002,0.010000000000000002,0.02726218784037519,0.20698460755194123,0.08765071893531773,0.30636240460528286,0.10964015530975753,0.010000000000000002,0.02859013584619312
baseline,0.1,0.01,2,2009-11-30,0.20141290348094942,3,0.21120114669564538,0.010000000000000002,0.010000000000000002,0.028264100552070296,0.20142554192646267,0.08744213810624568,0.3101078451643341,0.10231009740761768,0.010000000000000002,0.02924913014762428
baseline,0.1,0.01,2,2009-12-31,0.18750543813812828,3,0.23503737913230946,0.010000000000000002,0.010000000000000002,0.04050960141870566,0.250148767747387,0.09475666141947164,0.22211711211128832,0.08934076324257086,0.010000000000000002,0.03808971492826715
baseline,0.1,0.01,2,2010-01-29,0.20224984256448322,3,0.21462590540573814,0.010000000000000002,0.010000000000000002,0.04826198384898867,0.33466165254972136,0.10205822704398797,0.15153630375563584,0.08304388755290049,0.010000000000000002,0.03581203984302761
baseline,0.1,0.01,2,2010-02-26,0.2559033485785945,3,0.1656669627672383,0.009999999999999998,0.009999999999999998,0.04630160726943093,0.4433141751957524,0.10619389025209665,0.10983366577945845,0.07460454529965811,0.009999999999999998,0.024085153436365025
baseline,0.1,0.01,2,2010-03-31,0.22321340467216766,3,0.20039948819073583,0.009999999999999998,0.009999999999999998,0.05253016066162507,0.38488105192079874,0.10639897155971,0.11694342085820027,0.0761061481902151,0.009999999999999998,0.03274075861871496
baseline,0.1,0.01,2,2010-04-30,0.218323465487813,3,0.1998469829429493,0.01,0.01,0.05067108049155425,0.3752553435812491,0.10517654979886008,0.12856610024996756,0.07766760443085387,0.01,0.03281633850456571
baseline,0.1,0.01,2,2010-05-28,0.30415221910519286,3,0.12348166777104301,0.01,0.01,0.037300730716802115,0.5093352465246938,0.10440663093197809,0.10558790529642857,0.07410980262157052,0.01,0.01577801613748393
baseline,0.1,0.01,2,2010-06-30,0.3109659687177078,3,0.12168043906747507,0.010000000000000002,0.010000000000000002,0.03699075467960691,0.5174964375509247,0.10473672544064667,0.10072546836391909,0.07307206650094561,0.010000000000000002,0.015298108396482029
baseline,0.1,0.01,2,2010-07-30,0.2939064497736459,3,0.13154235931189864,0.010000000000000002,0.010000000000000002,0.03920834385767857,0.496818499242274,0.10573015885579704,0.10327160147936086,0.07611485364247313,0.010000000000000002,0.017314183610517925
baseline,0.1,0.01,2,2010-08-31,0.2592744249954329,3,0.15852427706082658,0.01,0.01,0.044373402913844465,0.4489665320875209,0.10559126939982665,0.11268464977847632,0.07705178528846117,0.01,0.022808083471043766
baseline,0.1,0.01,2,2010-09-30,0.19707806212731557,3,0.21042784709642506,0.010000000000000002,0.010000000000000002,0.044301021501143414,0.3172095791331447,0.10034428758122907,0.17623012992294634,0.08727740421636539,0.010000000000000002,0.034209730548746146
baseline,0.1,0.01,2,2010-10-29,0.19045321619659225,3,0.23132184956483476,0.01,0.01,0.04752959618338566,0.29116262843983937,0.10017393719115826,0.17583303667791492,0.08402597586324498,0.01,0.039952976079621935
baseline,0.1,0.01,2,2010-11-30,0.19241503491416007,3,0.23324006122732013,0.01,0.01,0.04783279809901306,0.2948238405633475,0.10061757171777662,0.17440893991823342,0.08043122046855945,0.01,0.03864556800574987
baseline,0.1,0.01,2,2010-12-31,0.19217383606973032,2,0.24161170993775077,0.010277523120297834,0.009999999999999995,0.05312775391802673,0.2954390473034485,0.10169309285412091,0.15991043708207303,0.07505429515421794,0.009999999999999995,0.0428861406300641
baseline,0.1,0.01,2,2011-01-31,0.19289210078421049,2,0.23842810088940794,0.01016379091151568,0.010000000000000002,0.0543616435480947,0.3028313332284902,0.10305425769364032,0.15015345816070738,0.07769666903200036,0.010000000000000002,0.04331074653614359
baseline,0.1,0.01,2,2011-02-28,0.19979065720968814,3,0.2244626120261011,0.01,0.01,0.05615699333935391,0.3295329305221344,0.10610943471739567,0.1363583781830001,0.07629411651214207,0.01,0.041085534699872896
baseline,0.1,0.01,2,2011-03-31,0.22447026182446037,3,0.19296535517165128,0.010000000000000002,0.010000000000000002,0.05128952807793462,0.38862104077023557,0.1062778462638096,0.12343053704345788,0.07582753112884667,0.010000000000000002,0.031588161544064415
baseline,0.1,0.01,2,2011-04-29,0.2083929476868013,3,0.21322137165932611,0.01,0.01,0.05529488971839341,0.35290416842135963,0.10633805574110837,0.12881825467338015,0.07537140843143847,0.01,0.038051851354993955
baseline,0.1,0.01,2,2011-05-31,0.22566551748744726,3,0.19576572825532024,0.01,0.01,0.0514900914305374,0.3903098118522017,0.10658049274193324,0.11773676795714869,0.0762206377960078,0.01,0.0318964699668508
baseline,0.1,0.01,2,2011-06-30,0.24856824278319795,3,0.17102654298940775,0.010000000000000002,0.010000000000000002,0.04782773476777039,0.4319496009499652,0.1071723458451507,0.11118411479819727,0.07509853293524937,0.010000000000000002,0.02574112771425931
baseline,0.1,0.01,2,2011-07-29,0.2569745852537103,3,0.16625347737661933,0.01,0.01,0.047571761344281344,0.44505818544113346,0.10686655910435829,0.10605040297931742,0.07365356535435015,0.01,0.024546048399939867
baseline,0.1,0.01,2,2011-08-31,0.3363670751576034,3,0.10961531502232659,0.01,0.01,0.03420323796844671,0.5461545990986737,0.10331233154651155,0.09457842653062827,0.06939793218133714,0.01,0.012738157652076079
baseline,0.1,0.01,2,2011-09-30,0.3364519799622092,3,0.11200714403377882,0.010000000000000002,0.010000000000000002,0.03466568857263178,0.5462085968324871,0.10404396662152911,0.09116304662922159,0.0689757604370171,0.010000000000000002,0.012935796873334593
baseline,0.1,0.01,2,2011-10-31,0.3258385792748394,3,0.11400820145861962,0.01,0.01,0.03508345534591352,0.5345800840705367,0.10505331743297186,0.09502582086309187,0.07269170937139302,0.01,0.013557411457473446
baseline,0.1,0.01,2,2011-11-30,0.31680228498751944,3,0.1167471476700339,0.01,0.01,0.03636289528232227,0.5244069497606362,0.10607323972330165,0.09832841117700213,0.073606774371338,0.01,0.01447458201536588
baseline,0.1,0.01,2,2011-12-30,0.28986512717712637,3,0.13537506112917014,0.01,0.01,0.04056007924159627,0.4915239269059597,0.10644978807713938,0.10418962090951622,0.07412743424784479,0.01,0.017774089488773508
baseline,0.1,0.01,2,2012-01-31,0.25234652260928786,3,0.1706823645312334,0.010000000000000002,0.010000000000000002,0.04867618438782347,0.4376683053714874,0.10742296189854557,0.10710787483659785,0.073031896819583,0.010000000000000002,0.02541041215472949
baseline,0.1,0.01,2,2012-02-29,0.19514329820109247,3,0.23014191163951717,0.01,0.01,0.05471746962236706,0.3148555336467466,0.10468110089686178,0.14339468209262277,0.08062727460172002,0.01,0.04158202750016456
baseline,0.1,0.01,2,2012-03-30,0.19206430033218114,2,0.2345455892764183,0.010021265961915826,0.01,0.05417828526307222,0.30281140780728494,0.10439292361630932,0.15199060834057998,0.07938569863899601,0.01,0.04267422109542343
baseline,0.1,0.01,2,2012-04-30,0.21338261301174088,3,0.20585152906628493,0.009999999999999998,0.009999999999999998,0.05174359210869996,0.36430723908862994,0.1056475807307438,0.12972879616504165,0.07834453233940337,0.009999999999999998,0.034376730501196245
baseline,0.1,0.01,2,2012-05-31,0.25782316815034056,3,0.16827091576383668,0.010000000000000002,0.010000000000000002,0.04902234349501772,0.4463699126422767,0.10839897101299101,0.09753110811131596,0.07525698099818355,0.010000000000000002,0.0251497679763784
baseline,0.1,0.01,2,2012-06-29,0.2979063464990234,3,0.13373559693122178,0.009999999999999998,0.009999999999999998,0.040743852352165856,0.5016518167052255,0.1078097596957565,0.09562755276440318,0.07305485380365612,0.009999999999999998,0.017376567747570987
baseline,0.1,0.01,2,2012-07-31,0.2847500606316369,3,0.14329569261375247,0.010000000000000002,0.010000000000000002,0.04268133700450344,0.4847326900458791,0.10773719694077533,0.09877199880237256,0.07342340749045004,0.010000000000000002,0.019357677102267087
baseline,0.1,0.01,2,2012-08-31,0.2103796384042993,3,0.2121713014409405,0.01,0.01,0.05505703848180376,0.3572369921285573,0.10676387916732347,0.12622959199099146,0.07561271489181905,0.01,0.03692848189856438
baseline,0.1,0.01,2,2012-09-28,0.19203423299242015,2,0.23361364009153152,0.010151907197963118,0.01,0.05380584764249234,0.3030911093722845,0.10335499490527346,0.15333204292121075,0.0797915678891969,0.01,0.04285888998004747
baseline,0.1,0.01,2,2012-10-31,0.18754429688744936,2,0.24018944930505692,0.010614622917325052,0.010000000000000002,0.05283404137979399,0.28586015078164273,0.1021077094043858,0.16014524337054586,0.08331859539900946,0.010000000000000002,0.04493018744224032
baseline,0.1,0.01,2,2012-11-30,0.2039182640057069,3,0.2161299155698231,0.01,0.01,0.052145951567609386,0.3410809969045596,0.1042740815944521,0.13781614139366116,0.0811500407746857,0.01,0.037402872195208964
baseline,0.1,0.01,2,2012-12-31,0.19495456403704992,3,0.22806096823298402,0.009999999999999998,0.009999999999999998,0.055018856244731414,0.3171815805547342,0.10449754082595548,0.1388054345927116,0.08361219090635257,0.009999999999999998,0.04282342864253064
baseline,0.1,0.01,2,2013-01-31,0.19090414836932176,2,0.23523010612615905,0.010485438597764565,0.01,0.05588757115471323,0.3025859733904095,0.10478903293276635,0.1448441567769089,0.08123175719164849,0.01,0.04494596382962988
baseline,0.1,0.01,2,2013-02-28,0.18785995325869653,2,0.23531736688186006,0.010611022380209228,0.010000000000000004,0.055434912946343805,0.29453966398704695,0.10456405121563458,0.14850508573521568,0.08519765868126437,0.010000000000000004,0.04583023817242543
baseline,0.1,0.01,2,2013-03-28,0.19777724232841515,3,0.22583157537631007,0.010000000000000002,0.010000000000000002,0.057051905031696576,0.32609233868083504,0.10663193081422556,0.13132791624010826,0.08019232891104695,0.010000000000000002,0.042872004945777656
baseline,0.1,0.01,2,2013-04-30,0.23136965331656412,3,0.190877188968139,0.010000000000000002,0.010000000000000002,0.05285990318990665,0.4019878753884506,0.10842570302291783,0.10689019966500088,0.07824337017092105,0.010000000000000002,0.03071575959466416
baseline,0.1,0.01,2,2013-05-31,0.22297484898813522,3,0.20122352874244903,0.010000000000000002,0.010000000000000002,0.05370682797775671,0.38482901396883584,0.10715817512961148,0.1121625279297511,0.07772231830649265,0.010000000000000002,0.03319760794510335
baseline,0.1,0.01,2,2013-06-28,0.2549838934837353,3,0.17075453316212744,0.010000000000000002,0.010000000000000002,0.04854951444841095,0.44160743354626475,0.1075745143071245,0.10133189647454019,0.07552671219462313,0.010000000000000002,0.024655395866909062
baseline,0.1,0.01,2,2013-07-31,0.2377868241258761,3,0.19063234949805058,0.01,0.01,0.052682546304919566,0.4115409823308826,0.10799461435187584,0.10673999507042596,0.07150501744615476,0.01,0.028904494997690613
baseline,0.1,0.01,2,2013-08-30,0.2159165031412577,3,0.21207545452435744,0.009999999999999998,0.009999999999999998,0.05292198028777714,0.36685187661361107,0.10555706719794261,0.12433888595950887,0.07409574883799212,0.009999999999999998,0.03415898657881075
baseline,0.1,0.01,2,2013-09-30,0.19485173238335415,3,0.23197765159805145,0.01,0.01,0.04881253401381463,0.30579686733053746,0.1017800639817698,0.1627528069295653,0.08100181161487714,0.01,0.037878264531384216
baseline,0.1,0.01,2,2013-10-31,0.18774245297410813,3,0.2380637618492962,0.01,0.01,0.04473235329435026,0.27253534049710515,0.09792705496993032,0.18819167512071494,0.0890060713110591,0.01,0.039543742957543884
baseline,0.1,0.01,2,2013-11-29,0.18545279635454903,3,0.24743789925443851,0.01,0.01,0.045653598275484826,0.2585877554042962,0.0980027666639463,0.18855249660254988,0.08973380557923218,0.01,0.042031678220052146
baseline,0.1,0.01,2,2013-12-31,0.19248171537541894,3,0.23669098540267192,0.009999999999999998,0.009999999999999998,0.05038866460301576,0.2996147703826232,0.10150214911722642,0.15816409059541475,0.0829046840353325,0.009999999999999998,0.04073465586371536
baseline,0.1,0.01,2,2014-01-31,0.2121315920104414,3,0.21124403051816443,0.01,0.01,0.05240721454821777,0.360384287555947,0.10557544614620426,0.12657881879531113,0.0785782117597861,0.01,0.035231990676369236
baseline,0.1,0.01,2,2014-02-28,0.22633039691060527,3,0.19500766060227054,0.01,0.01,0.051899266750453435,0.3914861873145224,0.10712984383840378,0.11839564962549369,0.07456366422691171,0.01,0.03151772764194445
baseline,0.1,0.01,2,2014-03-31,0.22563704127230655,3,0.19500177406159835,0.01,0.01,0.052906041710554866,0.39076187981959,0.10759646495626797,0.11645957750054432,0.07512826070653182,0.01,0.03214600124491272
baseline,0.1,0.01,2,2014-04-30,0.20810697010266996,3,0.2121020256492366,0.010000000000000002,0.010000000000000002,0.05458800407118802,0.3530435431475361,0.1058790524463638,0.12797829012934034,0.07864657369051557,0.010000000000000002,0.03776251086581962
baseline,0.1,0.01,2,2014-05-30,0.19809511993327203,3,0.22259522266074966,0.01,0.01,0.05547710402069657,0.32786592819249494,0.10536059530692565,0.1338890218149386,0.08310089412190363,0.01,0.04171123388229102
baseline,0.1,0.01,2,2014-06-30,0.19509815740495903,3,0.22741530679102412,0.010000000000000002,0.010000000000000002,0.05575121247909927,0.318176396043929,0.10485808943777204,0.13811710001975244,0.08241768530464771,0.010000000000000002,0.0432642099237755
baseline,0.1,0.01,2,2014-07-31,0.19875357600974522,3,0.22184797871059203,0.009999999999999998,0.009999999999999998,0.055803221072782405,0.3297749877729075,0.10562554747607585,0.13312731487303148,0.08223356810619699,0.009999999999999998,0.04158738198841371
baseline,0.1,0.01,2,2014-08-29,0.2066788103484871,3,0.2143402704142203,0.010000000000000002,0.010000000000000002,0.05464743055889753,0.34947637950386456,0.10602048612211157,0.12749745345485505,0.07970816168486347,0.010000000000000002,0.038309818261187414
baseline,0.1,0.01,2,2014-09-30,0.2182409685967812,3,0.2037536988913683,0.01,0.01,0.05389076994004736,0.37586647565127773,0.10698962642150561,0.11504250367941642,0.07974317433298725,0.01,0.03471375108339738
baseline,0.1,0.01,2,2014-10-31,0.25286999083939615,3,0.17118218420782594,0.01,0.01,0.04958714185582651,0.43874187858609665,0.10888837569375344,0.10086220929597914,0.07495947776728137,0.01,0.02577873259323692
baseline,0.1,0.01,2,2014-11-28,0.2402380808059793,3,0.18681734809519243,0.009999999999999998,0.009999999999999998,0.05298406257931672,0.41702682634798244,0.10890604230554171,0.09984950021233535,0.07497708236881494,0.009999999999999998,0.029439138090816306
baseline,0.1,0.01,3,2008-04-30,0.21649408202480183,3,0.06820675765507635,0.01,0.01,0.20163287488655687,0.3528979769226828,0.18158393832084233,0.048725770572768994,0.10410105801571952,0.01,0.012851623626353089
baseline,0.1,0.01,3,2008-05-30,0.21676090656418354,3,0.06856089773620856,0.01,0.01,0.20033312710479922,0.35381915100956574,0.1821709662694353,0.048802175421139994,0.10347023212067612,0.01,0.012843450338175149
baseline,0.1,0.01,3,2008-06-30,0.21515060328965205,3,0.06906965274950613,0.010000000000000002,0.010000000000000002,0.20047306193786757,0.35045048310172183,0.18292874204847895,0.04931556572067189,0.10495751253925698,0.010000000000000002,0.012804981902496758
baseline,0.1,0.01,3,2008-07-31,0.21734795862590142,3,0.06616560319143283,0.010000000000000002,0.010000000000000002,0.20225001987692123,0.3526322088256303,0.1843733930866581,0.04767530527701006,0.10490511423324982,0.010000000000000002,0.011998355509097697
baseline,0.1,0.01,3,2008-08-29,0.2200564124015628,3,0.06433055563573606,0.010000000000000002,0.010000000000000002,0.2034704943728891,0.3565670728854851,0.18532297265805972,0.04640341922533316,0.10218857560999668,0.010000000000000002,0.01171690961250017
baseline,0.1,0.01,3,2008-09-30,0.22900626543839053,4,0.0563406722236774,0.01,0.01,0.21284569984802024,0.36486971234994675,0.19135226419510606,0.04155043936689137,0.0930412120163582,0.01,0.01
baseline,0.1,0.01,3,2008-10-31,0.22697503174936579,4,0.055849685918088934,0.01,0.01,0.21181811195844588,0.359810666739704,0.1958323121649209,0.041577565461576524,0.09511165775726374,0.01,0.01
baseline,0.1,0.01,3,2008-11-28,0.22098722079520217,4,0.0600842592074376,0.01,0.01,0.20576166545287658,0.3526450934107298,0.19419738413466137,0.04434965374811272,0.10296194404618185,0.01,0.01
baseline,0.1,0.01,3,2008-12-31,0.2172231963845009,3,0.06326512492401067,0.010000000000000002,0.010000000000000002,0.19989632585311917,0.3494507200746353,0.1915249321314209,0.04679011524511655,0.10896358638878478,0.010000000000000002,0.010109195382912701
baseline,0.1,0.01,3,2009-01-30,0.21551516484800454,3,0.06666009592026412,0.01,0.01,0.19877253284280122,0.3501145515790158,0.18481334020314344,0.04880184425398321,0.10962460821336757,0.01,0.011213026987424579
baseline,0.1,0.01,3,2009-02-27,0.2159628388639203,3,0.06677162966869735,0.01,0.01,0.20014040753243018,0.35059132752896366,0.1846372049697398,0.048423574046059376,0.10801764245090073,0.01,0.011418213803209025
baseline,0.1,0.01,3,2009-03-31,0.21504983734911065,3,0.06701615304416386,0.01,0.01,0.19896619945956606,0.3488572239937323,0.1860490353714506,0.04916065148251464,0.10868193098361774,0.01,0.011268805664954765
baseline,0.1,0.01,3,2009-04-30,0.32593985129828157,4,0.49590314853655626,0.01,0.01,0.01,0.023450646099720227,0.0538933314723579,0.25629898587775624,0.03386441876386459,0.01,0.09658946924974474
baseline,0.1,0.01,3,2009-05-29,0.325750436101476,4,0.4980022090401546,0.010000000000000002,0.010000000000000002,0.010000000000000002,0.02334359324855853,0.05313778833024764,0.2495494788603957,0.03293177128470847,0.010000000000000002,0.10303515923593512
baseline,0.1,0.01,3,2009-06-30,0.32463266119240347,4,0.4978439836588894,0.009999999999999998,0.009999999999999998,0.009999999999999998,0.024239837092344833,0.05341370885439473,0.2467223883951537,0.032974705153058635,0.009999999999999998,0.10480537684615861
baseline,0.1,0.01,3,2009-07-31,0.3235132025924206,4,0.4961089219122593,0.01,0.01,0.01,0.024494481379185876,0.05436899725937317,0.24821109284553194,0.03330093313020752,0.01,0.10351557347344219
baseline,0.1,0.01,3,2009-08-31,0.32098285109571195,3,0.49293019039346847,0.01,0.01,0.010322338438419393,0.02546532835626614,0.05555711610636391,0.24945291952776633,0.033863257766723324,0.01,0.10240884941099239
baseline,0.1,0.01,3,2009-09-30,0.3196906689944479,3,0.4915057674070095,0.01,0.01,0.010417600247628962,0.02531123232077731,0.055554329937500174,0.2486974472763659,0.033662928399156015,0.01,0.10485069441156201
baseline,0.1,0.01,3,2009-10-30,0.3203446554035177,3,0.4928282156785219,0.010000000000000002,0.010000000000000002,0.010445715818598563,0.025692148612640055,0.0560315967487313,0.24782597600389392,0.033732209718696636,0.010000000000000002,0.10344413741891767
baseline,0.1,0.01,3,2009-11-30,0.32081355723624333,3,0.4924919750395919,0.01,0.01,0.010214630826694214,0.025079363227839737,0.05512014732080923,0.24948138671738868,0.03356347606255108,0.01,0.10404902080512514
baseline,0.1,0.01,3,2009-12-31,0.3200428002336619,3,0.49295771465286836,0.010000000000000002,0.010000000000000002,0.01059386826501242,0.025523047803385334,0.05521199717432202,0.2458554461562116,0.03319715780487776,0.010000000000000002,0.10666076814332257
baseline,0.1,0.01,3,2010-01-29,0.3192753103173926,3,0.4913591703367987,0.01,0.01,0.010598304520189705,0.025969562609285353,0.055900659635402375,0.24829637113162625,0.03376783752539246,0.01,0.10410809424130524
baseline,0.1,0.01,3,2010-02-26,0.31936202565745514,3,0.4905987294768339,0.01,0.01,0.010697773619842641,0.026108590117692163,0.056111694362263716,0.2509176590048788,0.03400698676072422,0.01,0.1015585666577646
baseline,0.1,0.01,3,2010-03-31,0.19478061079443726,3,0.10205921135537667,0.009999999999999998,0.009999999999999998,0.1612600292831703,0.3166656436588464,0.21339881014055784,0.07769373959243027,0.07509714539868555,0.009999999999999998,0.02382542057093291
baseline,0.1,0.01,3,2010-04-30,0.21430104620163448,3,0.07085774275951276,0.01,0.01,0.1973117156910104,0.3507726644843947,0.18243536914951838,0.05036619180819189,0.10492748037741367,0.01,0.01332883572995812
baseline,0.1,0.01,3,2010-05-28,0.21985423653373398,3,0.0643436730719264,0.01,0.01,0.20390743672784548,0.35573374820801057,0.1861514471137308,0.046674427774058135,0.10160917196990635,0.01,0.011580095134522286
baseline,0.1,0.01,3,2010-06-30,0.21796514242962325,3,0.06570941083741665,0.01,0.01,0.20234984587936544,0.3532317795231359,0.18576222260952813,0.04742775237743344,0.10358499021884462,0.01,0.011933998554275814
baseline,0.1,0.01,3,2010-07-30,0.2162519261110171,3,0.06760503731590849,0.010000000000000002,0.010000000000000002,0.19951977203105484,0.35191098794319214,0.18479062092891718,0.04865298452501488,0.10519180893009245,0.010000000000000002,0.012328788325820014
baseline,0.1,0.01,3,2010-08-31,0.2129717142817712,3,0.07128195364212996,0.010000000000000002,0.010000000000000002,0.1964338196087219,0.3480080425819504,0.18389256962764308,0.05072914291425035,0.1064439430317522,0.010000000000000002,0.01321052859355218
baseline,0.1,0.01,3,2010-09-30,0.2108386501021892,3,0.07371042668391593,0.01,0.01,0.1949874669015804,0.3454649886332866,0.18264222710874845,0.05226331703872663,0.10703504866560445,0.01,0.01389652496813762
baseline,0.1,0.01,3,2010-10-29,0.21068069338633325,3,0.07468724053271576,0.01,0.01,0.194752090895713,0.3453658604921612,0.18328067971371065,0.05271517745889779,0.10499585497156615,0.01,0.014203095935235489
baseline,0.1,0.01,3,2010-11-30,0.1728334414920204,3,0.14196434904010477,0.01,0.01,0.1389082883262727,0.26681338296363666,0.21157539538695766,0.10148349115254612,0.07540357364301832,0.01,0.03385151948746368
baseline,0.1,0.01,3,2010-12-31,0.3206240998845012,3,0.49438032557713896,0.01,0.01,0.010580915697888304,0.02558102565397764,0.0552410632724916,0.24389406740901248,0.03298105538624439,0.01,0.1073415470032466
baseline,0.1,0.01,3,2011-01-31,0.31987272330852606,3,0.4932061543131466,0.010000000000000002,0.010000000000000002,0.010664933477673794,0.02587655830211056,0.05551118464244424,0.24494170603895302,0.03324458433620123,0.010000000000000002,0.10655487888947056
baseline,0.1,0.01,3,2011-02-28,0.3161158774760974,3,0.4888458724375839,0.010000000000000002,0.010000000000000002,0.011055870164222903,0.026808586675676257,0.0565866950319668,0.24483468361398739,0.03354915313446463,0.010000000000000002,0.10831913894209823
baseline,0.1,0.01,3,2011-03-31,0.3156110188400767,3,0.4875115687644415,0.009999999999999998,0.009999999999999998,0.011172037044070243,0.026976655741338448,0.05686042207815,0.24724197949905488,0.03409107177721125,0.009999999999999998,0.10614626509573351
baseline,0.1,0.01,3,2011-04-29,0.21218768544168295,3,0.07387858280551787,0.01,0.01,0.195882776607413,0.3475096191749652,0.1846102790710823,0.052377104305771895,0.10131194741037167,0.01,0.014429690624877997
baseline,0.1,0.01,3,2011-05-31,0.2150218302550818,3,0.06969424897562226,0.009999999999999998,0.009999999999999998,0.19864913242012308,0.35120033047778054,0.18302910304733144,0.04990045401419104,0.1044000714022912,0.009999999999999998,0.01312665966266037
baseline,0.1,0.01,3,2011-06-30,0.2158346876233702,3,0.0686890098965784,0.01,0.01,0.19915945180509972,0.3519266985903733,0.18405040948408993,0.04924750719280804,0.10409128339017322,0.01,0.012835639640877364
baseline,0.1,0.01,3,2011-07-29,0.2157286999056695,3,0.06888809987141457,0.010000000000000002,0.010000000000000002,0.19900591088414132,0.35186030063053647,0.18379109907001007,0.04913509879801436,0.10447867371837355,0.010000000000000002,0.012840817027509659
baseline,0.1,0.01,3,2011-08-31,0.22219359856330215,3,0.06110929981401327,0.010000000000000002,0.010000000000000002,0.20872475736798812,0.35621722033402464,0.18891948385094776,0.04492039829618514,0.09939473882402022,0.010000000000000002,0.01071410151282077
baseline,0.1,0.01,3,2011-09-30,0.22009432744642987,3,0.06361888241074004,0.010000000000000002,0.010000000000000002,0.2044793884273656,0.3544757838848084,0.18936448946696616,0.04584034577026335,0.10097160524252483,0.010000000000000002,0.011249504797331755
baseline,0.1,0.01,3,2011-10-31,0.21916150820507943,3,0.0648901653565772,0.01,0.01,0.20302669053808944,0.3546488826987347,0.18658390399149374,0.04671793255811221,0.10259578480560998,0.01,0.011536640051382744
baseline,0.1,0.01,3,2011-11-30,0.2196550906736271,3,0.06491571133313372,0.01,0.01,0.20157148187433238,0.3557782863614,0.18819559502764094,0.04711560793026803,0.10079206973843235,0.01,0.01163124773479254
baseline,0.1,0.01,3,2011-12-30,0.21703737843927268,3,0.06826477459013998,0.010000000000000002,0.010000000000000002,0.1999933461752472,0.35412102394321204,0.1829354703656963,0.04882236351506497,0.10330293075226123,0.010000000000000002,0.012560090658378336
baseline,0.1,0.01,3,2012-01-31,0.21481248282612947,3,0.0702858233507566,0.01,0.01,0.1975842764915833,0.35104695821806775,0.18379862505474745,0.049959962271314926,0.1041508471942652,0.01,0.013173507419264697
baseline,0.1,0.01,3,2012-02-29,0.2088852128222243,3,0.07695385879069885,0.01,0.01,0.19191380172471856,0.3439829388870664,0.18132967840169523,0.053981448006630545,0.10724092125050153,0.01,0.014597352938688893
baseline,0.1,0.01,3,2012-03-30,0.21046964566575715,3,0.0756427927573685,0.01,0.01,0.1935242843215651,0.345741530848482,0.18322445992893002,0.05335525930298878,0.10408029449130904,0.01,0.014431378349356483
baseline,0.1,0.01,3,2012-04-30,0.1899268286498533,3,0.10940805879919782,0.010000000000000002,0.010000000000000002,0.15629367695672988,0.306427436456402,0.21526417312481938,0.08314037610478293,0.07353924558282829,0.010000000000000002,0.025927032975239756
baseline,0.1,0.01,3,2012-05-31,0.21309517408185474,3,0.07707512856433016,0.01,0.01,0.18498487180510825,0.34860998917312025,0.20057662789701858,0.057335701300033376,0.08567405157184849,0.01,0.01574362968854085
baseline,0.1,0.01,3,2012-06-29,0.2192176603813651,3,0.06564057841594109,0.01,0.01,0.20093259406761782,0.3559141802263958,0.18679942169110464,0.047349153346366434,0.10139495985100044,0.01,0.011969112401573627
baseline,0.1,0.01,3,2012-07-31,0.2165047321769513,3,0.06828973876576826,0.009999999999999998,0.009999999999999998,0.19929561693835315,0.35282759918474665,0.184577823640107,0.04876490621478242,0.10357447663602273,0.009999999999999998,0.012669838620219748
baseline,0.1,0.01,3,2012-08-31,0.21082007590273708,3,0.0743699238169199,0.010000000000000002,0.010000000000000002,0.19485211712283795,0.34622089494401226,0.1812151740063133,0.05249008068417033,0.10655727641375645,0.010000000000000002,0.014294533011989886
baseline,0.1,0.01,3,2012-09-28,0.20775379009842374,3,0.07762554823396468,0.01,0.01,0.19080344258002527,0.3417688352653139,0.1828126296903508,0.05449474596063765,0.1077422977131815,0.01,0.014752500556526198
baseline,0.1,0.01,3,2012-10-31,0.1886257676841676,3,0.1091679865734643,0.010000000000000002,0.010000000000000002,0.15992654732367453,0.307799231655109,0.20541550533320685,0.08006544494963158,0.08291285379344059,0.010000000000000002,0.024712430371473266
baseline,0.1,0.01,3,2012-11-30,0.31657662530506714,3,0.48899461134763644,0.01,0.01,0.011002759920224666,0.026754752226153842,0.05698702009529223,0.2465453539714695,0.034279140718950996,0.01,0.10543636172027228
baseline,0.1,0.01,3,2012-12-31,0.31436412215920695,3,0.48708500316496606,0.01,0.01,0.011360675372774253,0.02745783718661884,0.05770849304837243,0.24485001518016475,0.03449899596604397,0.01,0.10703898008105978
baseline,0.1,0.01,3,2013-01-31,0.2023196848977684,3,0.0887531145536821,0.010000000000000002,0.010000000000000002,0.17812576978248176,0.33365190285785173,0.1960102902645189,0.06421273729685197,0.09053627542150093,0.010000000000000002,0.018709909823112627
baseline,0.1,0.01,3,2013-02-28,0.18650196791375848,3,0.11443768536927959,0.010000000000000002,0.010000000000000002,0.1546594853706714,0.30081507102126215,0.21212787366620628,0.08539955523748682,0.07521853673901754,0.010000000000000002,0.02734179259607627
baseline,0.1,0.01,3,2013-03-28,0.19357419382886085,3,0.10319569022179757,0.01,0.01,0.1620663280777784,0.3149391447392832,0.2115709386483994,0.07842136945399523,0.07519989358981351,0.01,0.024606635268932666
baseline,0.1,0.01,3,2013-04-30,0.20935566801487515,3,0.08217129200243871,0.010000000000000002,0.010000000000000002,0.1798080961052192,0.3422592956485636,0.20527705750647277,0.062242621648863565,0.08068540301434068,0.010000000000000002,0.01755623407410147
baseline,0.1,0.01,3,2013-05-31,0.21486101826113838,3,0.07085246484412815,0.01,0.01,0.19686895573353733,0.35175497531820094,0.1828908298823256,0.049867290398760325,0.10460932716086249,0.01,0.013156156662185175
baseline,0.1,0.01,3,2013-06-28,0.21698609128782628,3,0.06938567742579088,0.01,0.01,0.19553160136535283,0.3550984588592579,0.18525040598590942,0.049092771640739476,0.10326255516904527,0.01,0.012378529553904161
baseline,0.1,0.01,3,2013-07-31,0.212867032902927,3,0.07391639449536994,0.01,0.01,0.1921955975492359,0.35028183866506335,0.1830898451521579,0.0516614324424321,0.10532323907556311,0.01,0.013531652620177711
baseline,0.1,0.01,3,2013-08-30,0.20352818798993064,3,0.08762035301908132,0.009999999999999998,0.009999999999999998,0.1774710661174645,0.33669657999370783,0.19361318873277164,0.06225810209757287,0.09501581642944192,0.009999999999999998,0.017324893609959927
baseline,0.1,0.01,3,2013-09-30,0.16363034923387512,3,0.17298438505848074,0.010000000000000002,0.010000000000000002,0.12093855871728589,0.23582838009235937,0.20353748428236274,0.11914472533147957,0.07655514664980144,0.010000000000000002,0.04101131986823019
baseline,0.1,0.01,3,2013-10-31,0.320699511168291,3,0.49387316468579195,0.01,0.01,0.010506996655924493,0.025649402455002183,0.055602210462478124,0.24614977930181725,0.03384571219283193,0.01,0.10437273424615406
baseline,0.1,0.01,3,2013-11-29,0.3210619345695419,3,0.49425182102227094,0.010000000000000004,0.010000000000000004,0.010461211995766408,0.025657642792510465,0.05521120345037683,0.2462514181982159,0.03389625421025883,0.010000000000000004,0.10427044833060084
baseline,0.1,0.01,3,2013-12-31,0.3200099919376327,3,0.4929723504688831,0.01,0.01,0.010573040746373464,0.0260208732095931,0.055807003446556945,0.24649399713476378,0.03381484212560337,0.01,0.10431789286822628
baseline,0.1,0.01,3,2014-01-31,0.3175815124586535,3,0.49008473422375115,0.01,0.01,0.010885588557306576,0.026953061236452438,0.05702123689888126,0.24714508182746667,0.03422933533585574,0.01,0.10368096192028625
baseline,0.1,0.01,3,2014-02-28,0.31468367519743357,3,0.4869201910459658,0.010000000000000002,0.010000000000000002,0.011280716715163236,0.027538017324985547,0.05791948303091438,0.24640586664266886,0.03429375049639199,0.010000000000000002,0.10564197474391022
baseline,0.1,0.01,3,2014-03-31,0.21135564720946054,3,0.07759754452466945,0.009999999999999998,0.009999999999999998,0.18859360728397453,0.3465372504557757,0.19391921731268202,0.05616224601395565,0.09150898584639357,0.009999999999999998,0.015681148562548892
baseline,0.1,0.01,3,2014-04-30,0.21296609556695995,3,0.0722210829147699,0.010000000000000002,0.010000000000000002,0.19617891680943758,0.3488763742071619,0.18275875912320078,0.05101918551204898,0.10514318107412234,0.010000000000000002,0.013802500359258557
baseline,0.1,0.01,3,2014-05-30,0.2117699561032974,3,0.07361393533109194,0.01,0.01,0.19421021614437797,0.3473992617924817,0.18320585291686886,0.05166017749054216,0.10591537084698507,0.01,0.013995185477652407
baseline,0.1,0.01,3,2014-06-30,0.21172128376993085,3,0.07356895886042211,0.01,0.01,0.19531553685940886,0.34703319246559144,0.18294888877042925,0.05174327553730679,0.10526935555833689,0.01,0.014120791948504623
baseline,0.1,0.01,3,2014-07-31,0.21232615606760977,3,0.07372338409064898,0.010000000000000002,0.010000000000000002,0.19480094855244398,0.34810142204368083,0.18407815546083972,0.05172705962010619,0.10349086069694775,0.010000000000000002,0.014078169535332629
baseline,0.1,0.01,3,2014-08-29,0.21237340135004396,3,0.07319404254919866,0.009999999999999998,0.009999999999999998,0.194619582056094,0.3480944280665979,0.1841420929925989,0.05158875720180921,0.10443060920758661,0.009999999999999998,0.013930487926114676
baseline,0.1,0.01,3,2014-09-30,0.2134595642062952,3,0.07208462424155175,0.009999999999999998,0.009999999999999998,0.1941788048607844,0.34993620017887656,0.18414890605655396,0.05071608879622804,0.10554840852551142,0.009999999999999998,0.013386967340493881
baseline,0.1,0.01,3,2014-10-31,0.21670292730548923,3,0.06877945551935245,0.010000000000000002,0.010000000000000002,0.19750615504150493,0.353909593481835,0.18504617567010823,0.049054836237614544,0.10296001355554212,0.010000000000000002,0.01274377049404276
baseline,0.1,0.01,3,2014-11-28,0.21648993566667785,3,0.06938735648449026,0.01,0.01,0.19719229024725451,0.35419083256805456,0.1836930885718685,0.049085151872967824,0.10353806645061059,0.01,0.01291321380475376
baseline,0.1,0.01,4,2008-04-30,0.33682059515208884,3,0.2614538508888134,0.009999999999999998,0.009999999999999998,0.01409691578150782,0.06484474870550075,0.029889973837582594,0.05709853198412691,0.034253975069442666,0.009999999999999998,0.5083620037330256
baseline,0.1,0.01,4,2008-05-30,0.3358505183283778,3,0.2700107119058923,0.01,0.01,0.014274606128358116,0.06319631927222298,0.02934341819651242,0.05665019405412796,0.033265024132065744,0.01,0.5032597263108204
baseline,0.1,0.01,4,2008-06-30,0.33821908423905245,3,0.26268752895865155,0.01,0.01,0.014150065936878817,0.06380316418653531,0.0297446539406543,0.05701693481469128,0.03328464910592051,0.01,0.5093130030566683
baseline,0.1,0.01,4,2008-07-31,0.3012001688840088,3,0.21633253486963677,0.01,0.01,0.016053000341813582,0.08599416101143062,0.04604423556748565,0.07351164656338406,0.04537704943717472,0.01,0.48668737220907454
baseline,0.1,0.01,4,2008-08-29,0.23568969949509744,3,0.17800644896463444,0.010000000000000002,0.010000000000000002,0.021433913406981513,0.12936235032254434,0.08169665066861716,0.08614199777520208,0.06292606580195964,0.010000000000000002,0.41043257306006087
baseline,0.1,0.01,4,2008-09-30,0.32105474641590986,4,0.024179670100409875,0.010000000000000002,0.010000000000000002,0.051735425466002315,0.2306895872571731,0.5028065079603761,0.07190538743101192,0.07868342178502677,0.010000000000000002,0.010000000000000002
baseline,0.1,0.01,4,2008-10-31,0.33690295687037414,4,0.020769442809952573,0.01,0.01,0.04992080401628475,0.21757617621759315,0.5248038325196743,0.0697994624722925,0.07713028196420278,0.01,0.01
baseline,0.1,0.01,4,2008-11-28,0.33355120387824877,4,0.021472548809082274,0.010000000000000002,0.010000000000000002,0.05004121832276401,0.21359970711493215,0.522398518241596,0.07208064954128933,0.08040735797033627,0.010000000000000002,0.010000000000000002
baseline,0.1,0.01,4,2008-12-31,0.2311423027017057,3,0.03134055237491076,0.009999999999999998,0.009999999999999998,0.047152287365842864,0.17795714874049953,0.3847955295871923,0.1495584197544903,0.15843498565230774,0.009999999999999998,0.02076107652475638
baseline,0.1,0.01,4,2009-01-30,0.17950473198320718,2,0.05997872842607756,0.012845572020065362,0.010000000000000002,0.05093206700095839,0.17053571540867585,0.28196089790662326,0.1604661021322999,0.1888031324291996,0.010000000000000002,0.05447778467610017
baseline,0.1,0.01,4,2009-02-27,0.1886200446962018,3,0.13386565353373064,0.010000000000000002,0.010000000000000002,0.02203521921179233,0.12912303185956,0.11824134572110036,0.14470521370143044,0.09004649956214529,0.010000000000000002,0.3319830364102411
baseline,0.1,0.01,4,2009-03-31,0.16293678365963982,3,0.10758688848969698,0.01,0.01,0.025722020787336628,0.12048816686909919,0.18467429733727866,0.20510450027077004,0.10649338388109164,0.01,0.21993074236472668
baseline,0.1,0.01,4,2009-04-30,0.20848056954231142,3,0.14219549265434378,0.009999999999999998,0.009999999999999998,0.0190051775619538,0.12866055744863727,0.10418636165265248,0.1286799183585476,0.07597681528133536,0.009999999999999998,0.37129567704252964
baseline,0.1,0.01,4,2009-05-29,0.29981644542066177,3,0.19278776585439983,0.010000000000000002,0.010000000000000002,0.014616469986438037,0.09070668623441204,0.048993351329970306,0.07967421129561111,0.05068674031222446,0.010000000000000002,0.4925347749869443
baseline,0.1,0.01,4,2009-06-30,0.35430905482188096,3,0.2697314611139754,0.010000000000000002,0.010000000000000002,0.012359589472430337,0.055930364568476124,0.025492624212611063,0.05283568687381581,0.030586195948690782,0.010000000000000002,0.5230640778100005
baseline,0.1,0.01,4,2009-07-31,0.3518883705870607,3,0.26883130552377554,0.010000000000000002,0.010000000000000002,0.012511869773417695,0.05703821666295271,0.02612051311477551,0.05333500311892042,0.03119458119018983,0.010000000000000002,0.5209685106159685
baseline,0.1,0.01,4,2009-08-31,0.33878869544142176,3,0.266692297967233,0.010000000000000002,0.010000000000000002,0.013281614916241562,0.06227065835244257,0.02954201396996942,0.056601580385914015,0.03357004472392871,0.010000000000000002,0.5080417896842708
baseline,0.1,0.01,4,2009-09-30,0.33978338169366307,3,0.2690251607505446,0.010000000000000002,0.010000000000000002,0.013380283693499017,0.06103863228509429,0.028830506206995284,0.05653218839585755,0.033181412458867035,0.010000000000000002,0.5080118162091424
baseline,0.1,0.01,4,2009-10-30,0.33812535700294133,3,0.26549514119812245,0.01,0.01,0.013543118016509925,0.06334156067635527,0.029603003231311972,0.05656695609252517,0.033573483229120085,0.01,0.5078767375560551
baseline,0.1,0.01,4,2009-11-30,0.3410171610047754,3,0.25623708921234795,0.009999999999999998,0.009999999999999998,0.013550833406451558,0.06367752725586599,0.029794828424395355,0.05747931187150896,0.03402039572536635,0.009999999999999998,0.5152400141040637
baseline,0.1,0.01,4,2009-12-31,0.3492950733727137,3,0.26693069228240673,0.01,0.01,0.01329227196551694,0.05854021391963053,0.02636595762809126,0.0539301342407176,0.03178206952706476,0.01,0.5191586604365722
baseline,0.1,0.01,4,2010-01-29,0.3395832195076115,3,0.26565266637473767,0.010000000000000002,0.010000000000000002,0.013750450832950097,0.0625576449617578,0.029119452909843406,0.05599269936619633,0.03351259039432249,0.010000000000000002,0.5094144951601923
baseline,0.1,0.01,4,2010-02-26,0.3322080130175251,3,0.25500961715940135,0.009999999999999998,0.009999999999999998,0.013924187459394223,0.06779914789816294,0.03247052084767522,0.059008565679963355,0.03553886808816038,0.009999999999999998,0.5062490928672424
baseline,0.1,0.01,4,2010-03-31,0.34172642403072195,3,0.26947684218743495,0.009999999999999998,0.009999999999999998,0.013778650318315126,0.06061045709845395,0.027979829955162464,0.05503182336917964,0.03318876381103501,0.009999999999999998,0.5099336332604187
baseline,0.1,0.01,4,2010-04-30,0.34227089058261945,3,0.2693333712224726,0.009999999999999998,0.009999999999999998,0.013582084195358205,0.06094508270257996,0.027994719479067683,0.05485604492318159,0.03273280106337952,0.009999999999999998,0.5105558964139603
baseline,0.1,0.01,4,2010-05-28,0.26198161981375956,3,0.19825953694208714,0.010000000000000002,0.010000000000000002,0.0178849011648254,0.11079613059631677,0.06409874932510647,0.08304245899023979,0.05327092235515926,0.010000000000000002,0.44264730062626517
baseline,0.1,0.01,4,2010-06-30,0.18242480215250534,3,0.15878365007432202,0.01,0.01,0.029692384947807147,0.19604986710042097,0.12474029276560482,0.08666964150214136,0.07621331114363439,0.01,0.2978508524660693
baseline,0.1,0.01,4,2010-07-30,0.19025787053589027,3,0.15621700854827267,0.009999999999999998,0.009999999999999998,0.028938183563830627,0.17839769587757084,0.10556996676959453,0.09219500040394488,0.08240773678718818,0.009999999999999998,0.3262744080495983
baseline,0.1,0.01,4,2010-08-31,0.3271057829808582,3,0.2563857419097217,0.01,0.01,0.014636507261352048,0.06949754035336382,0.03300496289901753,0.059331944698683456,0.03710142903946257,0.01,0.5000418738383989
baseline,0.1,0.01,4,2010-09-30,0.34041057821543924,3,0.27030211822457045,0.01,0.01,0.01383774551561054,0.06116967578560921,0.02810029792962443,0.055356594498192815,0.033137033545610636,0.01,0.508096534500782
baseline,0.1,0.01,4,2010-10-29,0.34163388624958546,3,0.2699259381064485,0.010000000000000002,0.010000000000000002,0.014021103923291067,0.06082684097639293,0.027655653005865664,0.055168954492274054,0.03280063854196679,0.010000000000000002,0.509600870953761
baseline,0.1,0.01,4,2010-11-30,0.35114015798854553,3,0.26908460348872715,0.010000000000000002,0.010000000000000002,0.01286289673002187,0.057568453296390744,0.025994394863531622,0.053178016177281975,0.031240000343353214,0.010000000000000002,0.5200716351006935
baseline,0.1,0.01,4,2010-12-31,0.35303787806786485,3,0.27121225795225806,0.01,0.01,0.013046469653249836,0.056192591408905306,0.025062718886271883,0.05226496675675,0.031140916878055973,0.01,0.521080078464509
baseline,0.1,0.01,4,2011-01-31,0.35000046716020594,3,0.27144711832135615,0.010000000000000002,0.010000000000000002,0.013295587897902375,0.05701947048226284,0.025869593700404266,0.05301669678716887,0.03155503803545488,0.010000000000000002,0.5177964947754509
baseline,0.1,0.01,4,2011-02-28,0.34365162648327613,3,0.2721980410283549,0.010000000000000004,0.010000000000000004,0.01392604348356222,0.059693821911089524,0.027154030808586433,0.0541796299324786,0.03216746972400212,0.010000000000000004,0.5106809631119263
baseline,0.1,0.01,4,2011-03-31,0.3363170189723376,3,0.2667451387088809,0.009999999999999998,0.009999999999999998,0.014269560187969094,0.06409934763005,0.02949647160629228,0.05629609226454764,0.03374850774803249,0.009999999999999998,0.5053448818542275
baseline,0.1,0.01,4,2011-04-29,0.3364082389729725,3,0.27021425981209984,0.01,0.01,0.014747621550597213,0.06309193825797313,0.028643446436591405,0.05601532593619431,0.03348698542189206,0.01,0.5038004225846521
baseline,0.1,0.01,4,2011-05-31,0.32964912561214593,3,0.2622476941316267,0.01,0.01,0.014874278992623969,0.06715455277202537,0.03154281394743548,0.05874705977090736,0.03528018727751908,0.01,0.500153413107862
baseline,0.1,0.01,4,2011-06-30,0.32269914357930096,3,0.2552573287886475,0.01,0.01,0.01492041287321224,0.07160475792702886,0.03430966011183742,0.06102746159263824,0.037299701060441955,0.01,0.49558067764619385
baseline,0.1,0.01,4,2011-07-29,0.32401646330328626,3,0.25770308727781494,0.010000000000000002,0.010000000000000002,0.014915905626348898,0.07099423659817072,0.03363192690081638,0.059772789076318944,0.03703069496024497,0.010000000000000002,0.4959513595602852
baseline,0.1,0.01,4,2011-08-31,0.23874141441342858,3,0.06799386343032428,0.009999999999999998,0.009999999999999998,0.0464893124310147,0.3475514425014244,0.31263666882213015,0.07245581372952997,0.07417578417737274,0.009999999999999998,0.04869711490820367
baseline,0.1,0.01,4,2011-09-30,0.14909386776540007,2,0.09878255291009597,0.015074002515688897,0.010000000000000002,0.053333049276836575,0.19158811101734982,0.18593788270846165,0.13372694553503545,0.17755548278719702,0.010000000000000002,0.12400197324933473
baseline,0.1,0.01,4,2011-10-31,0.15596825924265378,2,0.08585136652527833,0.016238643879953354,0.010000000000000002,0.054678961094898136,0.18623107641234452,0.21892781707614903,0.1373998559286904,0.18651910351904286,0.010000000000000002,0.0941531755636433
baseline,0.1,0.01,4,2011-11-30,0.21179253868303421,3,0.1683689770033694,0.010000000000000002,0.010000000000000002,0.02440426503774424,0.15843755406998045,0.09784910359463886,0.0836778007570468,0.06818046206319718,0.010000000000000002,0.36908183747402307
baseline,0.1,0.01,4,2011-12-30,0.3029243633915484,3,0.2301889591448055,0.010000000000000002,0.010000000000000002,0.016341381070497367,0.08924676706934524,0.04363771539195448,0.06314542916046972,0.0441550306841397,0.010000000000000002,0.48328471747878793
baseline,0.1,0.01,4,2012-01-31,0.33694023384710403,3,0.2702105894879257,0.01,0.01,0.014189209021186073,0.06303809706289262,0.02899821105602477,0.05544466434709419,0.033740494518377295,0.01,0.5043787345064994
baseline,0.1,0.01,4,2012-02-29,0.3468547627527644,3,0.27406734032817315,0.01,0.01,0.013704179626172288,0.0573948544360619,0.02608355084626955,0.05348365951005318,0.03204923413470682,0.01,0.5132171811185632
baseline,0.1,0.01,4,2012-03-30,0.34542063724912075,3,0.27261647345129214,0.010000000000000002,0.010000000000000002,0.01361790114831814,0.05873524556576613,0.02675979114879011,0.054037651121475974,0.03187209317400009,0.010000000000000002,0.5123608443903575
baseline,0.1,0.01,4,2012-04-30,0.3395963929565068,3,0.2705090598053603,0.01,0.01,0.013805923261691179,0.061763953813193856,0.028534127133416326,0.05505760316049851,0.03321274937179615,0.01,0.5071165834540438
baseline,0.1,0.01,4,2012-05-31,0.31975100540056606,3,0.260608820993331,0.009999999999999998,0.009999999999999998,0.015149712285110029,0.07233462364982801,0.03522280752669309,0.05948777497758468,0.03740700961345253,0.009999999999999998,0.4897892509540006
baseline,0.1,0.01,4,2012-06-29,0.2835888121014511,3,0.22749929631297916,0.01,0.01,0.01760164629393635,0.09635858849771312,0.05132229244051403,0.06970095254105092,0.04680569463275173,0.01,0.46071152928105463
baseline,0.1,0.01,4,2012-07-31,0.3101010761384008,3,0.25185128063337003,0.01,0.01,0.01618193160781567,0.07933809891510411,0.038464804258641565,0.06158906135308003,0.03992724904295106,0.01,0.4826475741890376
baseline,0.1,0.01,4,2012-08-31,0.3406967105357817,3,0.27289636234810616,0.01,0.01,0.014291493773051748,0.06053720691769349,0.02744813827228443,0.05462946033467122,0.0330217562102883,0.01,0.5071755821439046
baseline,0.1,0.01,4,2012-09-28,0.34321054117605543,3,0.2719373640221458,0.01,0.01,0.014050785680764708,0.05970728956602782,0.027104026901698268,0.05430431865886334,0.032548035696755455,0.01,0.5103481794737447
baseline,0.1,0.01,4,2012-10-31,0.34199238688182076,3,0.26853631301232395,0.010000000000000002,0.010000000000000002,0.014081537524012073,0.06030465699816692,0.027752629740536775,0.055367250742628625,0.03326871886476464,0.010000000000000002,0.5106888931175673
baseline,0.1,0.01,4,2012-11-30,0.33681539643355946,3,0.26578262379526857,0.010000000000000002,0.010000000000000002,0.014279584598022624,0.06307986346191621,0.02943626322855189,0.056728345128755554,0.034303458502469304,0.010000000000000002,0.506389861285016
baseline,0.1,0.01,4,2012-12-31,0.33633702095765244,3,0.270813688900665,0.010000000000000002,0.010000000000000002,0.01457163753089625,0.06164372936308264,0.028917952380213677,0.05646564155911709,0.034102400644616664,0.010000000000000002,0.5034849496214088
baseline,0.1,0.01,4,2013-01-31,0.3393517231649402,3,0.273100924067105,0.01,0.01,0.014355822403131753,0.06030868641140607,0.027870884968205913,0.055347821001697516,0.03337749591814275,0.01,0.505638365230311
baseline,0.1,0.01,4,2013-02-28,0.33872692656836917,3,0.2731126555866034,0.01,0.01,0.0142724317253437,0.06059166172070353,0.028163797820046715,0.055458077798141915,0.03345237510402911,0.01,0.5049490002451316
baseline,0.1,0.01,4,2013-03-28,0.3381115384381807,3,0.2717167428386369,0.009999999999999998,0.009999999999999998,0.014502914224985897,0.06131516611684215,0.028327529322544905,0.05554436325630248,0.033624541670654595,0.009999999999999998,0.504968742570033
baseline,0.1,0.01,4,2013-04-30,0.33160569750287944,3,0.2737393904114957,0.01,0.01,0.014227144782379056,0.06434956928030998,0.03039190713344524,0.05668946326642388,0.03386846257003387,0.01,0.4967340625559123
baseline,0.1,0.01,4,2013-05-31,0.3400328215356875,3,0.2740505502971515,0.01,0.01,0.013725598411503158,0.06057484753397464,0.02803928563366202,0.054678938871602245,0.033062943673831856,0.01,0.5058678355782746
baseline,0.1,0.01,4,2013-06-28,0.33987208158403137,3,0.26859007635797366,0.010000000000000002,0.010000000000000002,0.013061013500386182,0.06260111506283667,0.029383176440297788,0.05497893285369274,0.03309372853854085,0.010000000000000002,0.5082919572462723
baseline,0.1,0.01,4,2013-07-31,0.35180648448286167,3,0.27059454068672334,0.01,0.01,0.012724588568590661,0.057077626857663745,0.02578845782761114,0.052308290223962654,0.031433376505438454,0.01,0.52007311933001
baseline,0.1,0.01,4,2013-08-30,0.34945188254945714,3,0.2682567515325364,0.01,0.01,0.013055352243699641,0.05821701605482298,0.026524381482065828,0.05315126032859083,0.03207248891149989,0.01,0.5187227494467844
baseline,0.1,0.01,4,2013-09-30,0.34952702649065204,3,0.2711917551305985,0.01,0.01,0.013000053635727494,0.057417514468937614,0.026077426367450987,0.05327064025939712,0.0316482940895368,0.01,0.5173943160483514
baseline,0.1,0.01,4,2013-10-31,0.3458230437063561,3,0.27145601588010293,0.010000000000000002,0.010000000000000002,0.01342656640190557,0.05830954070067615,0.026894886995084973,0.053984972972238886,0.03254979537046005,0.010000000000000002,0.5133782216795315
baseline,0.1,0.01,4,2013-11-29,0.34812953853413775,3,0.27517433066578584,0.009999999999999998,0.009999999999999998,0.013211026020874159,0.056504008589642364,0.02603928974963577,0.052853719265270126,0.032180416320031754,0.009999999999999998,0.51403720938876
baseline,0.1,0.01,4,2013-12-31,0.3483699710275768,3,0.2727944101129279,0.009999999999999998,0.009999999999999998,0.013277266223388423,0.05730387099692201,0.026229772872181548,0.052873877789024665,0.032078793140967544,0.009999999999999998,0.5154420088645879
baseline,0.1,0.01,4,2014-01-31,0.340315824329467,3,0.27078999191359016,0.01,0.01,0.013838068503935527,0.06133063199724869,0.028446902050237696,0.05445615585692954,0.033350170844500315,0.01,0.5077880788335581
baseline,0.1,0.01,4,2014-02-28,0.33678304272266274,3,0.27082166565558197,0.009999999999999998,0.009999999999999998,0.014272691648933964,0.06304083323039124,0.029034095925252298,0.05530221054799647,0.0336142432342878,0.009999999999999998,0.5039142597575562
baseline,0.1,0.01,4,2014-03-31,0.33182915503955335,3,0.2714741878076968,0.01,0.01,0.01469746906896396,0.06518578818422043,0.03005423882915046,0.05635332489072491,0.03411564176082147,0.01,0.49811934945842207
baseline,0.1,0.01,4,2014-04-30,0.3358169233824853,3,0.2723829818879602,0.009999999999999998,0.009999999999999998,0.014722671431446269,0.06241061104027913,0.028769846862897127,0.05571997113068014,0.03386512204402093,0.009999999999999998,0.5021287956027162
baseline,0.1,0.01,4,2014-05-30,0.3346871578136886,3,0.2745445948016238,0.009999999999999998,0.009999999999999998,0.014865869972860912,0.06208230457086108,0.02882770513128869,0.05579664457127103,0.034049352554818973,0.009999999999999998,0.49983352839727546
baseline,0.1,0.01,4,2014-06-30,0.33649120460063076,3,0.2739687599138931,0.01,0.01,0.014760897137457298,0.061457638505319274,0.028330451835959603,0.055684049760647114,0.03370451054746653,0.01,0.5020936922992572
baseline,0.1,0.01,4,2014-07-31,0.33294456026835745,3,0.27339255799289225,0.01,0.01,0.014899530790128006,0.06340227875807497,0.02935665490992064,0.05622170677173154,0.03426736385646536,0.01,0.4984599069207871
baseline,0.1,0.01,4,2014-08-29,0.33549190586637834,3,0.2704227417702836,0.01,0.01,0.014647399307216988,0.06277663047242167,0.029153478562519878,0.05602840925302232,0.03423177315359187,0.01,0.5027395674809437
baseline,0.1,0.01,4,2014-09-30,0.3339473421877734,3,0.26734472252469293,0.01,0.01,0.014434353748876699,0.06390454137091832,0.030250999660037883,0.056713841630124245,0.034819961972719055,0.01,0.5025315790926309
baseline,0.1,0.01,4,2014-10-31,0.3257117368897526,3,0.25925926256746623,0.01,0.01,0.014797618218685324,0.06974392830428125,0.03352842897882326,0.05865864580001933,0.03682816570992769,0.01,0.49718395042079694
baseline,0.1,0.01,4,2014-11-28,0.3320132229071891,3,0.2672733665199815,0.010000000000000002,0.010000000000000002,0.01440544394417327,0.06529605746149877,0.030750995190124034,0.056946676705245274,0.03492913229918508,0.010000000000000002,0.5003983278797921
baseline,0.25,0.025,0,2008-04-30,0.18453329987813916,4,0.14169197148002938,0.024999999999999994,0.024999999999999994,0.07697844345243693,0.08978123299192464,0.26545355985795527,0.05273911141240661,0.2733556808052472,0.024999999999999994,0.024999999999999994
baseline,0.25,0.025,0,2008-05-30,0.22551536100749203,4,0.10102517006468498,0.025,0.025,0.04926862336884547,0.07858555881483724,0.20401220985906474,0.07001514017427324,0.3970932977182943,0.025,0.025
baseline,0.25,0.025,0,2008-06-30,0.245844597025679,4,0.08333050675299689,0.025,0.025,0.05655530673782501,0.06704485810181947,0.23216297107060577,0.045263913727320824,0.4156424436094321,0.025,0.025
baseline,0.25,0.025,0,2008-07-31,0.3671396112735386,4,0.5852348852652858,0.025,0.025,0.032193293880607585,0.06216407115685599,0.07127300808853367,0.0973547924339666,0.05177994917475034,0.025,0.025
baseline,0.25,0.025,0,2008-08-29,0.3111752556729752,4,0.05096186853482964,0.025,0.025,0.04585039486583682,0.05600179313129392,0.19234934166081136,0.04298324860202601,0.5118533532052022,0.025,0.025
baseline,0.25,0.025,0,2008-09-30,0.18683119082587635,4,0.08801494247000559,0.024999999999999994,0.024999999999999994,0.09544624644199605,0.10559746988317455,0.2771097162182717,0.05780078745288182,0.2760308375336703,0.024999999999999994,0.024999999999999994
baseline,0.25,0.025,0,2008-10-31,0.19940039020386957,4,0.07657841640906146,0.025,0.025,0.09135225419662589,0.09598484385058724,0.2830112118426762,0.05193307065221064,0.30114020304883865,0.025,0.025
baseline,0.25,0.025,0,2008-11-28,0.2492537421600608,4,0.05616468905389182,0.025000000000000005,0.025000000000000005,0.06828144251284206,0.07152092021590849,0.2417188058542588,0.04605371056199872,0.4162604318011002,0.025000000000000005,0.025000000000000005
baseline,0.25,0.025,0,2008-12-31,0.48620433580580974,6,0.025,0.025,0.025,0.025,0.029456634797413873,0.09319500097616314,0.0408867034265004,0.6864616607999225,0.025,0.025
baseline,0.25,0.025,0,2009-01-30,0.4750109801194703,5,0.027382768534129208,0.025,0.025,0.025,0.030747137012834134,0.09442322370939435,0.04475045708372474,0.6776964136599175,0.025,0.025
baseline,0.25,0.025,0,2009-02-27,0.2697378254109576,5,0.46703239821503445,0.024999999999999994,0.024999999999999994,0.024999999999999994,0.05820479203061418,0.06695993980871437,0.15919752231263867,0.12360534763299817,0.024999999999999994,0.024999999999999994
baseline,0.25,0.025,0,2009-03-31,0.24929886987222905,5,0.4302578907054059,0.025,0.025,0.025,0.055434267057862974,0.06255989906953115,0.18185652065202917,0.14489142251517095,0.025,0.025
baseline,0.25,0.025,0,2009-04-30,0.27526619673259617,5,0.472267053858238,0.025,0.025,0.025,0.05564267880758562,0.061750419539951355,0.16993152862607575,0.11540831916814923,0.025,0.025
baseline,0.25,0.025,0,2009-05-29,0.40989160973088923,5,0.6232366290138323,0.024999999999999994,0.024999999999999994,0.024999999999999994,0.04862652125942236,0.05303620114861122,0.1058742957439823,0.04422635283415181,0.024999999999999994,0.024999999999999994
baseline,0.25,0.025,0,2009-06-30,0.4146668266684958,5,0.6275845473502317,0.025,0.025,0.025,0.05189613387460926,0.052644093435186584,0.10312505736802606,0.03975016797194639,0.025,0.025
baseline,0.25,0.025,0,2009-07-31,0.414877879677893,5,0.6278282093988298,0.024999999999999994,0.024999999999999994,0.024999999999999994,0.05193461111613241,0.05282685463962988,0.10248125910023403,0.03992906574517394,0.024999999999999994,0.024999999999999994
baseline,0.25,0.025,0,2009-08-31,0.40950562570038535,5,0.6231999230513438,0.025,0.025,0.025,0.05404520059291638,0.05421971643372884,0.1021044320141067,0.04143072790790435,0.025,0.025
baseline,0.25,0.025,0,2009-09-30,0.40914897592650107,5,0.6227299909109064,0.025000000000000005,0.025000000000000005,0.025000000000000005,0.054038661074534526,0.054028387327598806,0.10368346795676689,0.04051949273019342,0.025000000000000005,0.025000000000000005
baseline,0.25,0.025,0,2009-10-30,0.4088465182972751,5,0.6226205738230177,0.025,0.025,0.025,0.054550015374566906,0.05471336276586403,0.10201111502934143,0.04110493300720986,0.025,0.025
baseline,0.25,0.025,0,2009-11-30,0.4116028673096125,5,0.6249935672735847,0.025000000000000005,0.025000000000000005,0.025000000000000005,0.05352736119575975,0.05437607038551293,0.10221511141817115,0.0398878897269716,0.025000000000000005,0.025000000000000005
baseline,0.25,0.025,0,2009-12-31,0.40903581653220944,5,0.6226300830491553,0.025,0.025,0.025,0.053658771005185874,0.05503595543920268,0.10356373537447004,0.040111455131985954,0.025,0.025
baseline,0.25,0.025,0,2010-01-29,0.40622979255612435,5,0.6202635596718117,0.025,0.025,0.025,0.0548787179071383,0.055770086959579794,0.10266496625857571,0.04142266920289464,0.025,0.025
baseline,0.25,0.025,0,2010-02-26,0.40344969611976217,4,0.6179935392822096,0.024999999999999994,0.024999999999999994,0.025493935641192532,0.05569589702289545,0.05731714684453949,0.1009079465636263,0.04259153464553671,0.024999999999999994,0.024999999999999994
baseline,0.25,0.025,0,2010-03-31,0.4054310766672836,4,0.6195307684309419,0.025,0.025,0.025089095283567956,0.054816255037126775,0.05594138007265598,0.10306143098256758,0.04156107019313975,0.025,0.025
baseline,0.25,0.025,0,2010-04-30,0.39690971369100836,4,0.6121217307506438,0.024999999999999994,0.024999999999999994,0.026591303389937825,0.057058442850860654,0.05922942745791995,0.10193968351769951,0.04305941203293819,0.024999999999999994,0.024999999999999994
baseline,0.25,0.025,0,2010-05-28,0.3986799526102108,4,0.6138857624848665,0.024999999999999994,0.024999999999999994,0.02637788350426888,0.057637826877981406,0.058833508782386836,0.09976164803580309,0.04350337031469327,0.024999999999999994,0.024999999999999994
baseline,0.25,0.025,0,2010-06-30,0.37749351291645855,4,0.5949489402281937,0.025,0.025,0.03054275263553205,0.06164866522549193,0.06723531634297986,0.09702005315965001,0.04860427240815236,0.025,0.025
baseline,0.25,0.025,0,2010-07-30,0.30236360990124395,4,0.05531190665055423,0.025000000000000005,0.025000000000000005,0.04627681095406058,0.05754415165240352,0.194198359365699,0.04506376265257424,0.5016050087247085,0.025000000000000005,0.025000000000000005
baseline,0.25,0.025,0,2010-08-31,0.40495439682078344,5,0.6191081256026976,0.025,0.025,0.025,0.05464071520808813,0.055886272728468585,0.10317971595838113,0.04218517050236454,0.025,0.025
baseline,0.25,0.025,0,2010-09-30,0.4072658980546683,5,0.620955444073959,0.025,0.025,0.025,0.05371879754220878,0.054566465200000226,0.10504438210343502,0.04071491108039694,0.025,0.025
baseline,0.25,0.025,0,2010-10-29,0.4074665117143848,5,0.6212187751419206,0.025000000000000005,0.025000000000000005,0.025000000000000005,0.054087290218388574,0.05499592882465987,0.10405074995462722,0.04064725586040379,0.025000000000000005,0.025000000000000005
baseline,0.25,0.025,0,2010-11-30,0.4118386802007107,5,0.6251454911858241,0.025000000000000005,0.025000000000000005,0.025000000000000005,0.053001938998260216,0.05394622219148434,0.10288788813221368,0.04001845949221778,0.025000000000000005,0.025000000000000005
baseline,0.25,0.025,0,2010-12-31,0.4113124346586072,5,0.6245919876989986,0.025,0.025,0.025,0.05309496404665531,0.054073104655074235,0.10379501636452916,0.03944492723474276,0.025,0.025
baseline,0.25,0.025,0,2011-01-31,0.4084147936132816,5,0.6220691948885,0.024999999999999994,0.024999999999999994,0.024999999999999994,0.05360008177290193,0.05491718830355426,0.10385490724299638,0.04055862779204736,0.024999999999999994,0.024999999999999994
baseline,0.25,0.025,0,2011-02-28,0.40399133974029094,4,0.6180453346162619,0.024999999999999994,0.024999999999999994,0.025198416910490115,0.05480359027664407,0.055613549344850376,0.10536020615012706,0.04097890270162642,0.024999999999999994,0.024999999999999994
baseline,0.25,0.025,0,2011-03-31,0.40246985271636376,4,0.6168090068195,0.025,0.025,0.025413488605120157,0.05511653276460832,0.05638749543183392,0.10440421049349558,0.041869265885441945,0.025,0.025
baseline,0.25,0.025,0,2011-04-29,0.4014538717089314,4,0.6158030359512289,0.025,0.025,0.025771396394677043,0.055367993060928836,0.056231899410825,0.1055826770120477,0.04124299817029257,0.025,0.025
baseline,0.25,0.025,0,2011-05-31,0.4012911234866149,4,0.6158667499142769,0.025,0.025,0.025657797932252664,0.05562407444870748,0.05687803585112101,0.10346363235173357,0.042509709501908306,0.025,0.025
baseline,0.25,0.025,0,2011-06-30,0.4005665308115003,4,0.6152117487147165,0.025000000000000005,0.025000000000000005,0.02600551561235184,0.05589970623727617,0.056948215525331795,0.10369513749422637,0.04223967641609735,0.025000000000000005,0.025000000000000005
baseline,0.25,0.025,0,2011-07-29,0.40029846753798465,4,0.615083208733969,0.024999999999999994,0.024999999999999994,0.026080167513010774,0.05609956563169525,0.0574811257074648,0.10254497396698535,0.04271095844687475,0.024999999999999994,0.024999999999999994
baseline,0.25,0.025,0,2011-08-31,0.29637559299157495,4,0.5117976941004643,0.025,0.025,0.04911371757497131,0.07898941832089575,0.106357931889861,0.08573160150930556,0.06800963660450209,0.025,0.025
baseline,0.25,0.025,0,2011-09-30,0.19377015615937368,4,0.11726032848717954,0.025,0.025,0.0824457691538876,0.08772578633420285,0.2759369839446704,0.045381489332451445,0.29124964274760823,0.025,0.025
baseline,0.25,0.025,0,2011-10-31,0.3796046842339054,4,0.5969613449932761,0.025,0.025,0.029832221818800797,0.061874151651683675,0.06625737755123061,0.09609653467165846,0.04897836931335026,0.025,0.025
baseline,0.25,0.025,0,2011-11-30,0.40175768391850336,4,0.6165976975297851,0.025,0.025,0.025761690605487438,0.0567005140787386,0.05795593768603046,0.09982249292212618,0.043161667177832166,0.025,0.025
baseline,0.25,0.025,0,2011-12-30,0.4082321316158041,5,0.6220946038009048,0.025,0.025,0.025,0.05454825250398855,0.05522006840169733,0.10187164450307225,0.041265430790337045,0.025,0.025
baseline,0.25,0.025,0,2012-01-31,0.40434731675187835,4,0.6186461240996796,0.024999999999999994,0.024999999999999994,0.025282328016033688,0.055369429979671494,0.056457235795168,0.1023598973062245,0.04188498480322261,0.024999999999999994,0.024999999999999994
baseline,0.25,0.025,0,2012-02-29,0.4078820020318614,5,0.6214822352485924,0.024999999999999994,0.024999999999999994,0.024999999999999994,0.05339819176987291,0.054414215676566874,0.10517553416218907,0.04052982314277876,0.024999999999999994,0.024999999999999994
baseline,0.25,0.025,0,2012-03-30,0.40779653147549627,5,0.6214525286388577,0.024999999999999994,0.024999999999999994,0.024999999999999994,0.05389412654620437,0.05469548715136971,0.10461708904481186,0.04034076861875627,0.024999999999999994,0.024999999999999994
baseline,0.25,0.025,0,2012-04-30,0.4051841232710316,5,0.6192594437430171,0.025,0.025,0.025,0.05476015619603795,0.05573735563987223,0.10363576175811953,0.04160728266295322,0.025,0.025
baseline,0.25,0.025,0,2012-05-31,0.3933891163188901,4,0.6091586268216481,0.024999999999999994,0.024999999999999994,0.027421225354741795,0.058104601980512885,0.06022447101828649,0.1002413711247435,0.04484970370006714,0.024999999999999994,0.024999999999999994
baseline,0.25,0.025,0,2012-06-29,0.3595634760833788,4,0.5782003840822656,0.02500000000000001,0.02500000000000001,0.03459157530583488,0.0654422677006823,0.07442668485212973,0.09458352970220248,0.05275555835688503,0.02500000000000001,0.02500000000000001
baseline,0.25,0.025,0,2012-07-31,0.29189659419030384,4,0.06021637143266342,0.024999999999999994,0.024999999999999994,0.046402128873008014,0.060801189934677494,0.19466248251096513,0.04833551957119404,0.48958230767749183,0.024999999999999994,0.024999999999999994
baseline,0.25,0.025,0,2012-08-31,0.20003850945109664,4,0.13405648159514108,0.024999999999999994,0.024999999999999994,0.06172593828565627,0.08029016974025562,0.24430253711296393,0.05275494041639168,0.3268699328495914,0.024999999999999994,0.024999999999999994
baseline,0.25,0.025,0,2012-09-28,0.19784124181624824,4,0.3614765515768036,0.024999999999999994,0.024999999999999994,0.06116110994831144,0.10046971446431197,0.17205005795793044,0.09102745344847366,0.11381511260416884,0.024999999999999994,0.024999999999999994
baseline,0.25,0.025,0,2012-10-31,0.40411381329530455,4,0.6181150567000367,0.025,0.025,0.025102219961826187,0.054200410182018745,0.05535704543705047,0.10584415459707211,0.04138111312199572,0.025,0.025
baseline,0.25,0.025,0,2012-11-30,0.4039922354332417,4,0.6181434131618259,0.024999999999999994,0.024999999999999994,0.02517373076584358,0.0545747797966486,0.05586580610136848,0.1044615547009877,0.04178071547332569,0.024999999999999994,0.024999999999999994
baseline,0.25,0.025,0,2012-12-31,0.400159895774008,4,0.6146009927245676,0.025,0.025,0.02569572525053148,0.05479383908541159,0.05629777476354962,0.10632713181128337,0.04228453636465641,0.025,0.025
baseline,0.25,0.025,0,2013-01-31,0.4007787046741213,4,0.6150915615139404,0.025,0.025,0.0255974404476246,0.05487258415181158,0.05588703328977995,0.10681589121167166,0.04173548938517174,0.025,0.025
baseline,0.25,0.025,0,2013-02-28,0.3997462362775069,4,0.6141854534348639,0.025,0.025,0.025613288827185193,0.054950228611063766,0.05615262097889504,0.10678747619450965,0.042310931953482546,0.025,0.025
baseline,0.25,0.025,0,2013-03-28,0.3978202470334825,4,0.6124811574950456,0.024999999999999994,0.024999999999999994,0.026161469885673437,0.05567898999211433,0.05660350245469337,0.10683983840690019,0.04223504176557297,0.024999999999999994,0.024999999999999994
baseline,0.25,0.025,0,2013-04-30,0.40005615070938483,4,0.6149771231174748,0.025,0.025,0.025825557238555258,0.056051753509391525,0.058087374672334054,0.10129928622325268,0.04375890523899165,0.025,0.025
baseline,0.25,0.025,0,2013-05-31,0.40355441120599,4,0.6178875760527615,0.025,0.025,0.025082099400926778,0.054944146301125416,0.056385573785186056,0.10308040015761293,0.042620204302387395,0.025,0.025
baseline,0.25,0.025,0,2013-06-28,0.22746039274087673,4,0.09577885231431099,0.025,0.025,0.06298443862175394,0.07044761002970769,0.2535508949531838,0.04199830033964297,0.3752399037414006,0.025,0.025
baseline,0.25,0.025,0,2013-07-31,0.41009544731518904,5,0.6238011146771447,0.024999999999999994,0.024999999999999994,0.024999999999999994,0.05383809621947867,0.05555279873352886,0.10093072931226117,0.04087726105758644,0.024999999999999994,0.024999999999999994
baseline,0.25,0.025,0,2013-08-30,0.40787004570846086,5,0.6219040281484252,0.025,0.025,0.025,0.05449392592071973,0.05674904651375958,0.10033097655253147,0.04152202286456408,0.025,0.025
baseline,0.25,0.025,0,2013-09-30,0.41329875034689,5,0.6265236572481265,0.025000000000000005,0.025000000000000005,0.025000000000000005,0.05274421650866044,0.053995601661494246,0.10168837488937875,0.04004814969234,0.025000000000000005,0.025000000000000005
baseline,0.25,0.025,0,2013-10-31,0.41093510201226496,5,0.6244250694511538,0.024999999999999994,0.024999999999999994,0.024999999999999994,0.0532143925193926,0.05451987875339777,0.10222226895590554,0.040618390320150195,0.024999999999999994,0.024999999999999994
baseline,0.25,0.025,0,2013-11-29,0.4109576734377061,5,0.6243949990821368,0.024999999999999994,0.024999999999999994,0.024999999999999994,0.05279743845993728,0.054033019296793446,0.1028780947873632,0.0408964483737691,0.024999999999999994,0.024999999999999994
baseline,0.25,0.025,0,2013-12-31,0.41010925708207235,5,0.6237179051580741,0.025,0.025,0.025,0.05332661198228422,0.05490827408490011,0.1021041029909108,0.04094310578383079,0.025,0.025
baseline,0.25,0.025,0,2014-01-31,0.4056290003935569,4,0.6198181287751834,0.025,0.025,0.0250044479797878,0.054954739419736,0.05635381005065848,0.10180384853121781,0.04206502524341646,0.025,0.025
baseline,0.25,0.025,0,2014-02-28,0.4041192351526089,4,0.6183985349496337,0.024999999999999994,0.024999999999999994,0.025589476034928088,0.05558727030248516,0.05635012749230831,0.10288887932359816,0.041185711897046486,0.024999999999999994,0.024999999999999994
baseline,0.25,0.025,0,2014-03-31,0.4022163632511587,4,0.616700785917284,0.025,0.025,0.02585038354502102,0.05585800774681963,0.05676356423202645,0.10322413808839588,0.04160312047045305,0.025,0.025
baseline,0.25,0.025,0,2014-04-30,0.40122121166154995,4,0.6156398326647847,0.025000000000000005,0.025000000000000005,0.025665886818079256,0.05537703581615266,0.0564054760529521,0.10516032126648041,0.041751447381550906,0.025000000000000005,0.025000000000000005
baseline,0.25,0.025,0,2014-05-30,0.400108284011425,4,0.6146420076817063,0.024999999999999994,0.024999999999999994,0.025624634654420293,0.05526918880618122,0.05658591945608415,0.10537339475935621,0.04250485464225173,0.024999999999999994,0.024999999999999994
baseline,0.25,0.025,0,2014-06-30,0.40086663707697295,4,0.6152593659569429,0.024999999999999994,0.024999999999999994,0.025652730981235293,0.05505986259296524,0.05623159535343437,0.10590612543584006,0.04189031967958213,0.024999999999999994,0.024999999999999994
baseline,0.25,0.025,0,2014-07-31,0.3997336797568552,4,0.6143239244706726,0.025,0.025,0.02581279215720102,0.05549720229148806,0.05660386096695873,0.10528749440656067,0.042474725707118924,0.025,0.025
baseline,0.25,0.025,0,2014-08-29,0.40098272588212935,4,0.6154835149285095,0.025,0.025,0.0257687109367483,0.05549916218896369,0.05654302672391491,0.10465939756589261,0.04204618765597105,0.025,0.025
baseline,0.25,0.025,0,2014-09-30,0.39923292453438114,4,0.614075454748338,0.025000000000000005,0.025000000000000005,0.02587626165291778,0.05586349647483202,0.05743590336725488,0.10326966571888667,0.04347921803777071,0.025000000000000005,0.025000000000000005
baseline,0.25,0.025,0,2014-10-31,0.39485392582490675,4,0.6103659200070243,0.025000000000000005,0.025000000000000005,0.027043864323339783,0.057653135612283406,0.05953034258368386,0.10131012961533194,0.04409660785833678,0.025000000000000005,0.025000000000000005
baseline,0.25,0.025,0,2014-11-28,0.16412109965776459,4,0.2041901983335583,0.025,0.025,0.09475473544348573,0.10858167197581965,0.25328211595950595,0.06302285807872454,0.17616842020890577,0.025,0.025
baseline,0.25,0.025,1,2008-04-30,0.15075727755035048,3,0.20910040269520377,0.02500000000000001,0.02500000000000001,0.0310713959140347,0.12162526322660815,0.1254079966756296,0.14625005846394495,0.07582350226280563,0.02500000000000001,0.21572138076177327
baseline,0.25,0.025,1,2008-05-30,0.15452250084823907,3,0.1946682108635449,0.024999999999999994,0.024999999999999994,0.03489949802932485,0.11659023481912596,0.12315988651405117,0.12927821068482429,0.07720911632035515,0.024999999999999994,0.2491948427687736
baseline,0.25,0.025,1,2008-06-30,0.14679449558721758,3,0.18846279211619668,0.024999999999999994,0.024999999999999994,0.03474026285521591,0.12193956647577776,0.13684008840168993,0.13974760262649152,0.08423946587867193,0.024999999999999994,0.21903022164595617
baseline,0.25,0.025,1,2008-07-31,0.1390887870216888,3,0.16586520168536156,0.02500000000000001,0.02500000000000001,0.036149802176187205,0.1234888836571699,0.17368332406477224,0.14620399771975232,0.10434903339553571,0.02500000000000001,0.1752597573012212
baseline,0.25,0.025,1,2008-08-29,0.15168085773529086,3,0.11103150245779148,0.025,0.025,0.05239068649272226,0.14159546306243334,0.2688005613196519,0.1104589778719535,0.14541276275162537,0.025,0.09531004604382225
baseline,0.25,0.025,1,2008-09-30,0.24722517660345933,3,0.03838165572750849,0.025,0.025,0.0769570169623986,0.10402327328203925,0.4247701223987477,0.044783764282238334,0.20977727812228494,0.025,0.02630688922478277
baseline,0.25,0.025,1,2008-10-31,0.27876371746384765,5,0.025,0.025,0.025,0.08319757761027699,0.03910540199431496,0.4003548604794504,0.02645278624967587,0.32588937366628173,0.025,0.025
baseline,0.25,0.025,1,2008-11-28,0.3007863011658258,5,0.025,0.025,0.025,0.05482095354403331,0.02882568594069846,0.3523300979640479,0.028046446990734906,0.41097681556048543,0.025,0.025
baseline,0.25,0.025,1,2008-12-31,0.3184908732801037,6,0.024999999999999994,0.024999999999999994,0.024999999999999994,0.04258356478885407,0.024999999999999994,0.3170967887454952,0.03048511349484556,0.45983453297080507,0.024999999999999994,0.024999999999999994
baseline,0.25,0.025,1,2009-01-30,0.24815252408009195,3,0.05000397782329923,0.025000000000000005,0.025000000000000005,0.041600764161526936,0.06552717473792959,0.30335706962675385,0.04578203777912817,0.3766430098401686,0.025000000000000005,0.042085966031193654
baseline,0.25,0.025,1,2009-02-27,0.14431249119742356,3,0.20378460665794493,0.025,0.025,0.028253319390907625,0.13362019238459777,0.14265853066518622,0.15780722338400574,0.0876426178687397,0.025,0.17123350964861803
baseline,0.25,0.025,1,2009-03-31,0.14459676015818995,3,0.1937895725221555,0.025,0.025,0.027973315893604335,0.11746295711343364,0.14695772316960687,0.16476947844549486,0.09070453088280139,0.025,0.18334242197290346
baseline,0.25,0.025,1,2009-04-30,0.14792437194349106,4,0.1961113928074036,0.024999999999999994,0.024999999999999994,0.024999999999999994,0.10008893715573094,0.14009911259291474,0.1716806829324549,0.09498505892499501,0.024999999999999994,0.19703481558650074
baseline,0.25,0.025,1,2009-05-29,0.15997657358823494,4,0.22419160938406577,0.024999999999999994,0.024999999999999994,0.024999999999999994,0.098627968664004,0.10630733658091283,0.15988404502299697,0.07718114202220538,0.024999999999999994,0.23380789832581494
baseline,0.25,0.025,1,2009-06-30,0.233739884094616,4,0.264854009025761,0.025,0.025,0.025,0.08544648149843719,0.0448053080552054,0.08697736971616396,0.040300004835250224,0.025,0.37761682686918235
baseline,0.25,0.025,1,2009-07-31,0.2638585191225296,4,0.27175188691693236,0.025,0.025,0.025,0.07943719656151518,0.03157188234192885,0.06812990724826909,0.031278606710482784,0.025,0.41783052022087164
baseline,0.25,0.025,1,2009-08-31,0.2531409615686004,4,0.262566998061733,0.024999999999999994,0.024999999999999994,0.024999999999999994,0.08458420853124048,0.0366992237274797,0.07229965164147974,0.03555221792780588,0.024999999999999994,0.4082977001102612
baseline,0.25,0.025,1,2009-09-30,0.24842537723836977,4,0.26299742154977224,0.025,0.025,0.025,0.08375461801436669,0.03868786465576138,0.07651260331494682,0.03674762973256486,0.025,0.40129986273258816
baseline,0.25,0.025,1,2009-10-30,0.1742690267237799,3,0.2203690291821833,0.025,0.025,0.028170929401535538,0.10688658215938161,0.09143186932007787,0.12414004778742609,0.06478648749654087,0.025,0.2892150546528547
baseline,0.25,0.025,1,2009-11-30,0.1642504555213907,3,0.21859615238815108,0.024999999999999994,0.024999999999999994,0.02748532892985308,0.1112247847923973,0.10108899703603605,0.137796257621582,0.06900906237861451,0.024999999999999994,0.25979941685336594
baseline,0.25,0.025,1,2009-12-31,0.22479305628821591,4,0.2399362284849763,0.025000000000000005,0.025000000000000005,0.025000000000000005,0.09214285655365298,0.05475894305817575,0.08859592771693207,0.0460641703585947,0.025000000000000005,0.3785018738276682
baseline,0.25,0.025,1,2010-01-29,0.25752448772842074,4,0.2635496748764616,0.024999999999999994,0.024999999999999994,0.024999999999999994,0.08615530318020925,0.035069293942708045,0.06813846990956382,0.0333764582432158,0.024999999999999994,0.41371079984784137
baseline,0.25,0.025,1,2010-02-26,0.24263092176256051,4,0.25230591018690574,0.025000000000000005,0.025000000000000005,0.025000000000000005,0.09251620639945715,0.0429295583584466,0.07515010217213586,0.038416538124436066,0.025000000000000005,0.3986816847586187
baseline,0.25,0.025,1,2010-03-31,0.22267892327429917,3,0.2298117404091229,0.025,0.025,0.026350156608677816,0.09520893607056587,0.05772567291621892,0.08691420421561893,0.048167892077118385,0.025,0.38082139770267714
baseline,0.25,0.025,1,2010-04-30,0.18764113484621275,3,0.2211702724783073,0.025000000000000005,0.025000000000000005,0.02827239111305599,0.10292337439747158,0.08104695589548667,0.11070278046155589,0.05987185399382314,0.025000000000000005,0.3210123716602995
baseline,0.25,0.025,1,2010-05-28,0.1519211981234996,3,0.19617040144470016,0.025,0.025,0.03533049589719263,0.12530222367890373,0.12536238883328227,0.132235805547443,0.0741307760885917,0.025,0.23646790850988655
baseline,0.25,0.025,1,2010-06-30,0.14085427268171885,3,0.18973645555128313,0.025,0.025,0.03478229130024772,0.14348581638192953,0.16824511046467538,0.14776587118908327,0.08884227385082306,0.025,0.15214218126195805
baseline,0.25,0.025,1,2010-07-30,0.14053243480032573,3,0.1860569610183476,0.025,0.025,0.034864830983428845,0.13671993469357197,0.16914994992800786,0.14784220005678808,0.09111162535736138,0.025,0.15925449796249425
baseline,0.25,0.025,1,2010-08-31,0.15120722680177706,3,0.21293022719081953,0.024999999999999994,0.024999999999999994,0.03164413855790444,0.12865801773020522,0.12362050737068433,0.14022419528566887,0.07309520555473989,0.024999999999999994,0.21482770830997777
baseline,0.25,0.025,1,2010-09-30,0.17756948436876888,3,0.23169773277402447,0.024999999999999994,0.024999999999999994,0.02807077414123251,0.11220751745735465,0.08690997668163572,0.11706890661516733,0.05950637669680375,0.024999999999999994,0.2895387156337816
baseline,0.25,0.025,1,2010-10-29,0.2588342001598894,4,0.2638822175991069,0.024999999999999994,0.024999999999999994,0.024999999999999994,0.08443800496277788,0.03474204310455349,0.068247016429196,0.033237727320895326,0.024999999999999994,0.41545299058347035
baseline,0.25,0.025,1,2010-11-30,0.2646386919560654,4,0.2747505912518272,0.025000000000000005,0.025000000000000005,0.025000000000000005,0.08095959392851282,0.031145592907883827,0.06592840473913085,0.03024458134969497,0.025000000000000005,0.4169712358229503
baseline,0.25,0.025,1,2010-12-31,0.26591610661998966,4,0.2756253764172251,0.025000000000000005,0.025000000000000005,0.025000000000000005,0.0813097338460969,0.030629179692898734,0.06470170781356435,0.029601513112818764,0.025000000000000005,0.41813248911739614
baseline,0.25,0.025,1,2011-01-31,0.26328483936664704,4,0.2731297000690413,0.024999999999999994,0.024999999999999994,0.024999999999999994,0.08265963453941616,0.032037444373554345,0.06527833349514711,0.030824480161887435,0.024999999999999994,0.41607040736095363
baseline,0.25,0.025,1,2011-02-28,0.2600212339544842,4,0.27256314679877985,0.025,0.025,0.025,0.08389778625791397,0.03396021620494296,0.06587791489320496,0.031767235847318394,0.025,0.4119336999978399
baseline,0.25,0.025,1,2011-03-31,0.25624626973353626,4,0.2656333710001061,0.025,0.025,0.025,0.08688836845436085,0.03561567054529565,0.06771478817490154,0.033462938992511106,0.025,0.4106848628328248
baseline,0.25,0.025,1,2011-04-29,0.25896485226454263,4,0.2640842642349028,0.024999999999999994,0.024999999999999994,0.024999999999999994,0.08482932672862882,0.0352516120820242,0.06687239116492448,0.03339205457104224,0.024999999999999994,0.4155703512184773
baseline,0.25,0.025,1,2011-05-31,0.2462457169111757,4,0.2468997847011744,0.024999999999999994,0.024999999999999994,0.024999999999999994,0.09067185227557831,0.04252032380544609,0.07370661514546906,0.03901332795486324,0.024999999999999994,0.4071880961174689
baseline,0.25,0.025,1,2011-06-30,0.24360353557605385,4,0.24947352329838016,0.025,0.025,0.025,0.09290743497079325,0.04283515075282051,0.07457724776039869,0.03851705438809048,0.025,0.40168958882951694
baseline,0.25,0.025,1,2011-07-29,0.1450589083572554,3,0.19829425607390544,0.024999999999999994,0.024999999999999994,0.03518165293088023,0.13402788407049912,0.14183103959288856,0.14023143895856427,0.07877068395923813,0.024999999999999994,0.19666304441402435
baseline,0.25,0.025,1,2011-08-31,0.14422754674031907,3,0.14477536598529378,0.025,0.025,0.044513260831129636,0.16763518960105006,0.23055859233622666,0.12284589371357951,0.11044277639690128,0.025,0.10422892113581902
baseline,0.25,0.025,1,2011-09-30,0.14263787738416386,3,0.14817459353916468,0.024999999999999994,0.024999999999999994,0.04495518605258405,0.16680983433534521,0.22316964514116297,0.1253035708303211,0.10831733506588541,0.024999999999999994,0.10826983503553649
baseline,0.25,0.025,1,2011-10-31,0.14662705981549917,3,0.12670947656174741,0.025,0.025,0.04777351471487039,0.162344761415262,0.24352842035519892,0.11249097202382924,0.14006448453810294,0.025,0.09208837039098917
baseline,0.25,0.025,1,2011-11-30,0.14222487829951375,3,0.18896012486050473,0.025,0.025,0.035584028411276045,0.1555506896009831,0.1837327303730947,0.14487949650035684,0.08531437320053943,0.025,0.1309785570532451
baseline,0.25,0.025,1,2011-12-30,0.14426272040224572,3,0.20825801353702045,0.025,0.025,0.03238831990926325,0.1418232481519623,0.15629904411207757,0.14817000939610128,0.07945080362777071,0.025,0.15861056126580464
baseline,0.25,0.025,1,2012-01-31,0.15468906397439655,3,0.21637192961468052,0.025,0.025,0.03239724183085647,0.12614598953117262,0.11803402971764161,0.13352199316465296,0.06953054376914998,0.025,0.22899827237184597
baseline,0.25,0.025,1,2012-02-29,0.24928502539813502,4,0.25909882887266844,0.025000000000000005,0.025000000000000005,0.025000000000000005,0.08506155250751117,0.04035085645074891,0.07359858220676015,0.036908482118423055,0.025000000000000005,0.4049816978438884
baseline,0.25,0.025,1,2012-03-30,0.26235047136674927,4,0.27419903142731367,0.024999999999999994,0.024999999999999994,0.024999999999999994,0.08225994501757071,0.032801217287210194,0.0656856799777025,0.030861276027062606,0.024999999999999994,0.4141928502631402
baseline,0.25,0.025,1,2012-04-30,0.25806364301176143,4,0.26880904645208775,0.025,0.025,0.025,0.08617561074907845,0.034323400467340955,0.06686791865307536,0.03251849649665781,0.025,0.4113055271817596
baseline,0.25,0.025,1,2012-05-31,0.24435167208948033,4,0.24795681716655713,0.025,0.025,0.025,0.09481627508493923,0.04336254827538256,0.0710697060430158,0.039169177646352416,0.025,0.40362547578375296
baseline,0.25,0.025,1,2012-06-29,0.1464045504867967,3,0.12899507993143808,0.025,0.025,0.046559610333051865,0.13998370325070703,0.2517768218961183,0.12313248492445998,0.12302148809285793,0.025,0.11153081157136693
baseline,0.25,0.025,1,2012-07-31,0.14026950948648045,3,0.18605829064510093,0.024999999999999994,0.024999999999999994,0.0372288309937122,0.14778605846948276,0.17258182115699658,0.14146131872092402,0.08845980245375869,0.024999999999999994,0.15142387756002498
baseline,0.25,0.025,1,2012-08-31,0.20995619348614386,3,0.24426502055460508,0.025,0.025,0.02627228640996911,0.10127095438269836,0.06400700251349485,0.09047392023982484,0.048189654531640286,0.025,0.3505211613677677
baseline,0.25,0.025,1,2012-09-28,0.2622790310210447,4,0.2697176368087902,0.025000000000000005,0.025000000000000005,0.025000000000000005,0.08328622274981405,0.033000750589395715,0.06568956743082227,0.03153722065252689,0.025000000000000005,0.416768601768651
baseline,0.25,0.025,1,2012-10-31,0.26191640143706607,4,0.2678094352049959,0.025,0.025,0.025,0.08400911279262889,0.03314316138444725,0.06598857975244361,0.03170214722445715,0.025,0.4173475636410272
baseline,0.25,0.025,1,2012-11-30,0.2589949190532693,4,0.2621170486388339,0.024999999999999994,0.024999999999999994,0.024999999999999994,0.08589150407367693,0.034876403737464645,0.06723154040368583,0.03326729496799711,0.024999999999999994,0.4166162081783416
baseline,0.25,0.025,1,2012-12-31,0.2591684050628066,4,0.2641116460919897,0.024999999999999994,0.024999999999999994,0.024999999999999994,0.085277040222869,0.034963552814220894,0.06656661754570016,0.033293651909373806,0.024999999999999994,0.4157874914158463
baseline,0.25,0.025,1,2013-01-31,0.25950202995790006,4,0.27117485319663087,0.025000000000000005,0.025000000000000005,0.025000000000000005,0.084133226765574,0.03428965677324165,0.06620153182648598,0.0321368681427347,0.025000000000000005,0.4120638632953329
baseline,0.25,0.025,1,2013-02-28,0.25865303622922103,4,0.2728212079315575,0.024999999999999994,0.024999999999999994,0.024999999999999994,0.08451095290284508,0.03447778125968156,0.06618541411869006,0.03215549962216068,0.024999999999999994,0.40984914416506507
baseline,0.25,0.025,1,2013-03-28,0.25811313448801393,4,0.27071948726201767,0.024999999999999994,0.024999999999999994,0.024999999999999994,0.08547684901065147,0.03482050616427436,0.06617860578162658,0.03247399460929605,0.024999999999999994,0.41033055717213374
baseline,0.25,0.025,1,2013-04-30,0.24939346197452233,4,0.2619017421076269,0.02499999999999999,0.02499999999999999,0.02499999999999999,0.0894641280718773,0.03958303894343825,0.06964648252768864,0.03620645296267103,0.02499999999999999,0.40319815538669773
baseline,0.25,0.025,1,2013-05-31,0.2596671795339463,4,0.2690463022189916,0.02499999999999999,0.02499999999999999,0.02499999999999999,0.08498798756869169,0.03389153697775134,0.06609904109408776,0.03247027025549267,0.02499999999999999,0.41350486188498475
baseline,0.25,0.025,1,2013-06-28,0.14183055116600496,3,0.1572161851310113,0.025,0.025,0.03834461929874491,0.12515677319286056,0.21670197245783343,0.14528918645226868,0.10266761979676958,0.025,0.13962364367051155
baseline,0.25,0.025,1,2013-07-31,0.14661461385535185,3,0.20147299153807102,0.02500000000000001,0.02500000000000001,0.03190965675904793,0.11983250231408692,0.1425141082046036,0.15163185271385632,0.07997207071516689,0.02500000000000001,0.1976668177551674
baseline,0.25,0.025,1,2013-08-30,0.17987734749684992,3,0.21417055159840703,0.025,0.025,0.03067359852375428,0.1062899441730309,0.09052618507136187,0.11164720333187185,0.06305141237907212,0.025,0.308641104922502
baseline,0.25,0.025,1,2013-09-30,0.26367140671506595,4,0.26623838616681084,0.025,0.025,0.025,0.08219810403332382,0.0321778968683401,0.0670177881732232,0.03165001466090577,0.025,0.4207178100973963
baseline,0.25,0.025,1,2013-10-31,0.2622713527201542,4,0.2670517773125973,0.024999999999999994,0.024999999999999994,0.024999999999999994,0.08298107847880334,0.03290466449219557,0.0667347793056566,0.03198637354738237,0.024999999999999994,0.41834132686336467
baseline,0.25,0.025,1,2013-11-29,0.26322549371450044,4,0.2711521411345145,0.025000000000000005,0.025000000000000005,0.025000000000000005,0.0823048428125034,0.03212821943169447,0.06596468193375649,0.031234632070677067,0.025000000000000005,0.41721548261685415
baseline,0.25,0.025,1,2013-12-31,0.26299519827889184,4,0.2704363139225474,0.025,0.025,0.025,0.08320930317655151,0.032310569248476806,0.06552295029622006,0.031241134816141908,0.025,0.4172797285400623
baseline,0.25,0.025,1,2014-01-31,0.25757780884395554,4,0.26416853164361354,0.02499999999999999,0.02499999999999999,0.02499999999999999,0.08765127897114222,0.03498565086736323,0.06660497068344018,0.033257011234650115,0.02499999999999999,0.41333255659979057
baseline,0.25,0.025,1,2014-02-28,0.2566548554582893,4,0.2659551290493408,0.02500000000000001,0.02500000000000001,0.02500000000000001,0.08721454376519447,0.03548834686725294,0.06708171802606097,0.033220922577748856,0.02500000000000001,0.411039339714402
baseline,0.25,0.025,1,2014-03-31,0.25540655557226777,4,0.2632175189658242,0.02500000000000001,0.02500000000000001,0.02500000000000001,0.08765112015814187,0.036383504296692494,0.06766650172880365,0.03414063316061129,0.02500000000000001,0.41094072168992657
baseline,0.25,0.025,1,2014-04-30,0.25800236272006144,4,0.2635890001447942,0.025000000000000005,0.025000000000000005,0.025000000000000005,0.08531396352478247,0.03565795578157241,0.06718238736970145,0.03374355875549518,0.025000000000000005,0.4145131344236543
baseline,0.25,0.025,1,2014-05-30,0.25736069747022483,4,0.263342571520827,0.025,0.025,0.025,0.08556213815866337,0.03605434153863683,0.0669725729053941,0.034267710112076626,0.025,0.4138006657644021
baseline,0.25,0.025,1,2014-06-30,0.25911872942196884,4,0.26484566358204836,0.025,0.025,0.025,0.08444892850715843,0.035171540311237724,0.06656904195468558,0.03357575965137318,0.025,0.4153890659934968
baseline,0.25,0.025,1,2014-07-31,0.2578170512755519,4,0.26385344861325016,0.024999999999999994,0.024999999999999994,0.024999999999999994,0.08582381397082332,0.035661977263454776,0.06683554622151623,0.033754509703321,0.024999999999999994,0.4140707042276344
baseline,0.25,0.025,1,2014-08-29,0.25849327059251115,4,0.2622958995851733,0.025000000000000005,0.025000000000000005,0.025000000000000005,0.08561742813204463,0.03531733989053711,0.06707283997877121,0.03379296670742864,0.025000000000000005,0.4159035257060452
baseline,0.25,0.025,1,2014-09-30,0.25677730315979286,4,0.2579711121570199,0.025,0.025,0.025,0.08772382302016359,0.0361574808244153,0.06748680163149444,0.034774182768197076,0.025,0.4158865995987097
baseline,0.25,0.025,1,2014-10-31,0.24317654479001127,4,0.25044993397148707,0.025,0.025,0.025,0.09400199469530139,0.04353979617153887,0.07289623768495954,0.038592300953219964,0.025,0.40051973652349315
baseline,0.25,0.025,1,2014-11-28,0.13917986641649396,3,0.17136497899429398,0.025,0.025,0.03924704379615094,0.13163863659435954,0.18291494279334136,0.1402603622412588,0.09624850401373228,0.025,0.1633255315668631
baseline,0.25,0.025,2,2008-04-30,0.15392892053020624,3,0.25494822787000093,0.025,0.025,0.0786232040489127,0.19806307834432568,0.08352372017793516,0.10783968841410954,0.06469195221288267,0.025,0.13731012893183342
baseline,0.25,0.025,2,2008-05-30,0.1542036903128268,3,0.2610658745327288,0.024999999999999994,0.024999999999999994,0.07795853247626662,0.18756429867785945,0.08187976245167462,0.10969894416037648,0.06608408907833642,0.024999999999999994,0.14074849862275754
baseline,0.25,0.025,2,2008-06-30,0.15431929901569502,3,0.2563074948662863,0.025,0.025,0.07887898970902231,0.19794302604921918,0.08237646002514927,0.10909527892450975,0.06428322372071257,0.025,0.13611552670510071
baseline,0.25,0.025,2,2008-07-31,0.15755277948265842,3,0.23138274626296357,0.025,0.025,0.08092692149494862,0.24528972589604955,0.08994620442109214,0.09714419159128472,0.06151607291459693,0.025,0.11879413741906455
baseline,0.25,0.025,2,2008-08-29,0.1651213951375062,3,0.21675979483956415,0.024999999999999994,0.024999999999999994,0.08692703322219743,0.2797450055577474,0.09738707152075572,0.08049367990116355,0.05852257834742825,0.024999999999999994,0.10516483661114343
baseline,0.25,0.025,2,2008-09-30,0.3015803425928679,4,0.07663339938790403,0.025,0.025,0.07790935281343798,0.5130850036660197,0.13955795592063813,0.05340383401826572,0.039410454193734464,0.025,0.025
baseline,0.25,0.025,2,2008-10-31,0.28355160077060326,4,0.06053276384667769,0.025,0.025,0.10032467625130247,0.48785169180204385,0.15744032921159826,0.03881193703497826,0.05503860185339957,0.025,0.025
baseline,0.25,0.025,2,2008-11-28,0.2600360887377245,4,0.06048598116909395,0.024999999999999994,0.024999999999999994,0.10811938404387934,0.4564237436713752,0.16533436058437953,0.038700501410147324,0.0709360291211245,0.024999999999999994,0.024999999999999994
baseline,0.25,0.025,2,2008-12-31,0.35293098216261265,7,0.024999999999999994,0.024999999999999994,0.024999999999999994,0.024999999999999994,0.024999999999999994,0.07620648896746171,0.19775772794924643,0.5510357830832918,0.024999999999999994,0.024999999999999994
baseline,0.25,0.025,2,2009-01-30,0.344133248518755,6,0.025,0.025,0.025,0.025,0.02518508240385493,0.07667001894313973,0.20974005196057435,0.538404846692431,0.025,0.025
baseline,0.25,0.025,2,2009-02-27,0.2990566864167452,4,0.06375464001040178,0.025,0.025,0.025,0.03500000809794928,0.050227934773986994,0.49564653191202496,0.2000441227787298,0.025,0.05532676242690727
baseline,0.25,0.025,2,2009-03-31,0.3039676645063901,4,0.06318404963101072,0.025000000000000005,0.025000000000000005,0.025000000000000005,0.033401020920459615,0.05037509891138853,0.5024316030855519,0.19595255311911602,0.025000000000000005,0.054655674332473266
baseline,0.25,0.025,2,2009-04-30,0.29174133125603374,4,0.0701907269451768,0.025,0.025,0.025,0.03509277351851824,0.05057478362336417,0.4889707461386263,0.19420672447342693,0.025,0.060964245300887655
baseline,0.25,0.025,2,2009-05-29,0.2756752590160251,4,0.08560336298584868,0.025,0.025,0.025,0.040488861834385895,0.05306626471679853,0.4754160458645622,0.1739704189214737,0.025,0.07145504567693103
baseline,0.25,0.025,2,2009-06-30,0.2439900252385711,4,0.11314469210200993,0.024999999999999994,0.024999999999999994,0.024999999999999994,0.055084189789391606,0.05793141543595259,0.4388264322724309,0.15001610101772136,0.024999999999999994,0.08499716938249358
baseline,0.25,0.025,2,2009-07-31,0.15841024271255108,3,0.2796126433617779,0.025,0.025,0.06659157247596206,0.14971660844681844,0.07387353229453024,0.14007579363662248,0.06704604568476126,0.025,0.1480838040995277
baseline,0.25,0.025,2,2009-08-31,0.15452880465682703,3,0.2624156966222396,0.025,0.025,0.0707964575612144,0.18327936236174203,0.08008203408588212,0.12013210361170859,0.06774509866965037,0.025,0.14054924708756292
baseline,0.25,0.025,2,2009-09-30,0.1540208128273489,3,0.2656738483617419,0.024999999999999994,0.024999999999999994,0.06787951171822453,0.16465454119645104,0.07819743577054043,0.13187297735474426,0.0705785224990648,0.024999999999999994,0.14614316309923303
baseline,0.25,0.025,2,2009-10-30,0.15447184514084542,3,0.26228969084092485,0.025,0.025,0.07187987646148736,0.18374055605516465,0.08074382738407697,0.12292636421306977,0.06597880679314916,0.025,0.13744087825212728
baseline,0.25,0.025,2,2009-11-30,0.15518122759485614,3,0.26664643971933627,0.025,0.025,0.07097264048940917,0.17541267868086055,0.07958057693723836,0.13012310150024647,0.06453573905794166,0.025,0.13772882361496763
baseline,0.25,0.025,2,2009-12-31,0.15617797382508028,3,0.27190556342787076,0.025000000000000005,0.025000000000000005,0.07486018591870568,0.1710735923372141,0.07862663303993123,0.12058856166653513,0.06425050612972433,0.025000000000000005,0.14369495748001893
baseline,0.25,0.025,2,2010-01-29,0.15464040705501975,3,0.26177071251658784,0.025,0.025,0.07595267759792433,0.1885865713056986,0.0817171829069306,0.11390310522390795,0.06522014077101196,0.025,0.13784960967793874
baseline,0.25,0.025,2,2010-02-26,0.15625013287582884,3,0.25327485387250565,0.025,0.025,0.07908526625784355,0.2133846175302237,0.08533552947854953,0.10233392882779467,0.06164205136917156,0.025,0.1299437526639114
baseline,0.25,0.025,2,2010-03-31,0.15483978557824027,3,0.2655755696544756,0.025,0.025,0.07533253251199666,0.17978280308187375,0.08006250538223252,0.11495630244530781,0.06649158987966922,0.025,0.14279869704444445
baseline,0.25,0.025,2,2010-04-30,0.15403867182401518,3,0.2624493649473556,0.025,0.025,0.07460152663495229,0.18119849870708044,0.08085641280396817,0.11791470518451697,0.06646410613297006,0.025,0.14151538558915644
baseline,0.25,0.025,2,2010-05-28,0.167233512298075,3,0.19646707253225437,0.02500000000000001,0.02500000000000001,0.0810518440612812,0.29723608390635575,0.10251277732151354,0.09676748620635897,0.0585631621461719,0.02500000000000001,0.09240157382606433
baseline,0.25,0.025,2,2010-06-30,0.21622639006672714,3,0.1262187170580324,0.025000000000000005,0.025000000000000005,0.0797736181013846,0.4047311586339037,0.1235747127970898,0.08740741610176146,0.052961417067883744,0.025000000000000005,0.05033296023994443
baseline,0.25,0.025,2,2010-07-30,0.2299440871831626,3,0.11196701457956365,0.025,0.025,0.08162428068557946,0.4249684162101617,0.13128190325108,0.0808962401857877,0.05213012545366524,0.025,0.042132019634162396
baseline,0.25,0.025,2,2010-08-31,0.1528731453564579,3,0.25322521509509827,0.024999999999999994,0.024999999999999994,0.0743312056537102,0.19407492628742853,0.08264982305120447,0.11623356878178642,0.06733859156494616,0.024999999999999994,0.1371466695658258
baseline,0.25,0.025,2,2010-09-30,0.15406490749158042,3,0.26517286971149434,0.025,0.025,0.07339543858300343,0.17216057723156178,0.07973774155355376,0.12272498365453909,0.06719905298293974,0.025,0.14460933628290792
baseline,0.25,0.025,2,2010-10-29,0.15486112176981343,2,0.26893765684513116,0.025039561126822756,0.025,0.07390428010888378,0.1685507407133136,0.0791722626113126,0.12390774276218121,0.06643949346972025,0.025,0.14404826236263477
baseline,0.25,0.025,2,2010-11-30,0.15800642270370013,3,0.27834464496523215,0.025,0.025,0.07276997534907201,0.1647848715900666,0.07727185070878177,0.12517803663246366,0.06324140581803624,0.025,0.14340921493634748
baseline,0.25,0.025,2,2010-12-31,0.15756007725931961,2,0.2779148780212055,0.026060275441303505,0.02500000000000001,0.07495259552170613,0.16430243538619216,0.07736203899208849,0.12118862814579802,0.06268553255357234,0.02500000000000001,0.14553361593813383
baseline,0.25,0.025,2,2011-01-31,0.1565901693195386,2,0.274562084084428,0.025593275930808897,0.025,0.07547557109231935,0.16742152732358387,0.07805750174637006,0.11869193640162132,0.06446707415399427,0.025,0.1457310292668744
baseline,0.25,0.025,2,2011-02-28,0.15421141297373842,2,0.2656484732118421,0.025617628594801187,0.024999999999999994,0.07793947702693964,0.17611823332567828,0.08131096412980608,0.11442341218469414,0.06502908706453854,0.024999999999999994,0.1439127244617
baseline,0.25,0.025,2,2011-03-31,0.15383681470694024,3,0.2576391506787949,0.025,0.025,0.07820875933853409,0.19227194337457487,0.08339353522052613,0.11086559899791625,0.06439524912208686,0.025,0.13822576326756705
baseline,0.25,0.025,2,2011-04-29,0.1526435378376668,2,0.25995259423656913,0.025483790675822363,0.025,0.0776408938738595,0.17903619001575063,0.08236717634038207,0.11657894706860422,0.06649884875792916,0.025,0.14244155903108294
baseline,0.25,0.025,2,2011-05-31,0.1542499528327597,3,0.25883119055989445,0.025,0.025,0.07732025544149881,0.19304936509868223,0.08337775294069406,0.11015540396452872,0.06512571255696824,0.025,0.13714031943773355
baseline,0.25,0.025,2,2011-06-30,0.15371830658823932,3,0.24856481426723323,0.025,0.025,0.07859865567939295,0.208701296029754,0.08651605574475738,0.10690038927122568,0.06424974749473088,0.025,0.13146904151290584
baseline,0.25,0.025,2,2011-07-29,0.15419143328109366,3,0.2468279347932737,0.025,0.025,0.07973758197522245,0.21383662298231312,0.08650883250155474,0.10407472963661034,0.06405173073338202,0.025,0.12996256737764372
baseline,0.25,0.025,2,2011-08-31,0.2823912069894928,3,0.08479025371100238,0.025000000000000005,0.025000000000000005,0.07955370240456715,0.4921379059886038,0.13511803289741323,0.06296632742769645,0.042152668220847685,0.025000000000000005,0.02828110934986945
baseline,0.25,0.025,2,2011-09-30,0.28798741216546736,3,0.08307573822462355,0.025,0.025,0.07991323351823472,0.49822593190605086,0.13696571657669682,0.057833052987740656,0.04196991375361538,0.025,0.027016413033038103
baseline,0.25,0.025,2,2011-10-31,0.2769540701447383,3,0.08623258484964616,0.024999999999999994,0.024999999999999994,0.08068965501877999,0.48520969415049225,0.13835849417617752,0.061363167408565594,0.044320274776104354,0.024999999999999994,0.02882612962023407
baseline,0.25,0.025,2,2011-11-30,0.2651916941203947,3,0.09069821404441664,0.024999999999999994,0.024999999999999994,0.08198124669325735,0.47091793787435776,0.1386071647762209,0.06578430557838774,0.04561263696270985,0.024999999999999994,0.03139849407064961
baseline,0.25,0.025,2,2011-12-30,0.22203118474893527,3,0.11769263218143047,0.024999999999999994,0.024999999999999994,0.08411905837378428,0.41252873052226596,0.13249158525547997,0.0835528248997369,0.051640585564622844,0.024999999999999994,0.04297458320267949
baseline,0.25,0.025,2,2012-01-31,0.15509626973793553,3,0.250764939426562,0.024999999999999994,0.024999999999999994,0.07908918594645335,0.21219936029740502,0.08626525945417993,0.10554168743981475,0.06235354407544356,0.024999999999999994,0.1287860233601413
baseline,0.25,0.025,2,2012-02-29,0.15498827734455803,1,0.2730724396722711,0.026575837021643435,0.025000000000000005,0.0726173743888922,0.15360100361806386,0.07634491454423255,0.1262917242872,0.0687728506563946,0.025928794751673426,0.15179506105962898
baseline,0.25,0.025,2,2012-03-30,0.15535670017929032,2,0.2719983772316127,0.0256736203789866,0.025,0.07498718641620093,0.16422808561122548,0.07899800435133629,0.12223738534686827,0.06567802492075672,0.025,0.1461993157430131
baseline,0.25,0.025,2,2012-04-30,0.15460586122670045,3,0.2620327480216519,0.024999999999999994,0.024999999999999994,0.07711199856943257,0.1876774597060031,0.08200465823298923,0.11154414887081304,0.06491637310389223,0.024999999999999994,0.1397126134952179
baseline,0.25,0.025,2,2012-05-31,0.15654706586131747,3,0.2398112319242194,0.024999999999999994,0.024999999999999994,0.08237354321429052,0.2331733624682546,0.08932065252723465,0.09325988563267697,0.0632332482847538,0.024999999999999994,0.12382807594857001
baseline,0.25,0.025,2,2012-06-29,0.16198907937871837,3,0.22016170346837588,0.025,0.025,0.08518809170214982,0.2690662206314435,0.09740155325277149,0.08690717705227474,0.05941409828776763,0.025,0.10686115560521703
baseline,0.25,0.025,2,2012-07-31,0.1562322684342607,3,0.23973503864557408,0.025,0.025,0.08203192005147945,0.2320632364165656,0.08997359668123145,0.09549881322809357,0.062477943480443866,0.025,0.12321945149661206
baseline,0.25,0.025,2,2012-08-31,0.15375121582149126,2,0.26703343296894494,0.026443309672489878,0.025,0.0757472074543475,0.1662090105805007,0.07924609889244924,0.11991985219425416,0.06724990327199715,0.025,0.14815118496501647
baseline,0.25,0.025,2,2012-09-28,0.15408251215758342,2,0.2681988290443318,0.026014214779676,0.025000000000000005,0.07514071340719912,0.1653866314282149,0.07911038467931591,0.12371773457374294,0.06685716380124727,0.025000000000000005,0.14557432828627215
baseline,0.25,0.025,2,2012-10-31,0.15389476373944688,2,0.2682300404984332,0.02628061889937533,0.025000000000000005,0.07427936360160302,0.16223019795842966,0.0783498007009548,0.1243786862401428,0.06825323912018169,0.025000000000000005,0.14799805298087962
baseline,0.25,0.025,2,2012-11-30,0.15371073346982317,3,0.26291689917949074,0.025,0.025,0.07567924870871252,0.1782503206999771,0.0805173208463032,0.11797076671716376,0.06721642125053603,0.025,0.14244902259781672
baseline,0.25,0.025,2,2012-12-31,0.15258077829117678,2,0.2631414887924944,0.025937068719854156,0.025,0.0754774464196155,0.16716839737070885,0.07917146986346833,0.11939551673560021,0.07040093189699782,0.025,0.14930768020126078
baseline,0.25,0.025,2,2013-01-31,0.15328202201916047,1,0.26682999584219946,0.026767274713053936,0.025,0.07582538990043398,0.16421267479100177,0.07899269195282889,0.11929270659579239,0.06847888497413283,0.025557188794232556,0.1490431924363241
baseline,0.25,0.025,2,2013-02-28,0.15256544582486406,1,0.2643800191554697,0.026316325603667916,0.025000000000000005,0.07576777229750702,0.1644976867435928,0.07937592347732024,0.1192783556185676,0.07054756060856311,0.025119861219923777,0.14971649527538786
baseline,0.25,0.025,2,2013-03-28,0.1528139900918001,2,0.26163414134017954,0.025908154327301976,0.025,0.0782355888375378,0.17608114551192908,0.08140872540809499,0.11203417598545272,0.06805342982396725,0.025,0.1466446387655367
baseline,0.25,0.025,2,2013-04-30,0.154764422223779,3,0.25626042828104145,0.025000000000000005,0.025000000000000005,0.0796099100329833,0.20236319809772083,0.08464489825985776,0.10233652266050301,0.06571022260618638,0.025000000000000005,0.13407482006170746
baseline,0.25,0.025,2,2013-05-31,0.15533103947720778,3,0.2658423506794912,0.025,0.025,0.07684619927587592,0.18334758814467625,0.08012815755553955,0.10955779497201949,0.06629737221510346,0.025,0.14298053715729406
baseline,0.25,0.025,2,2013-06-28,0.15741527636934322,3,0.2581977906860047,0.024999999999999994,0.024999999999999994,0.07950279355884925,0.2117774104060435,0.08414959043502097,0.10010874342022705,0.06164653439439087,0.024999999999999994,0.1296171370994636
baseline,0.25,0.025,2,2013-07-31,0.15836923258124042,3,0.27405899444747245,0.025,0.025,0.07707174115196587,0.18394364858850185,0.07929088558441877,0.1102425719939786,0.060879395342298276,0.025,0.13951276289136416
baseline,0.25,0.025,2,2013-08-30,0.15741673094894093,3,0.2727961302837159,0.025,0.025,0.0757553193243264,0.18036158766746863,0.07895709331697152,0.11603343744986121,0.0622274456658229,0.025,0.1388689862918335
baseline,0.25,0.025,2,2013-09-30,0.15786278586177294,3,0.2786139791385465,0.025,0.025,0.07120026282918716,0.16106529038464118,0.07621068893128108,0.12888052150310295,0.06523576545560489,0.025,0.1437934917576363
baseline,0.25,0.025,2,2013-10-31,0.15668749536925253,3,0.27538925354350524,0.025,0.025,0.0703896010804493,0.15909322997217468,0.07552971709258872,0.1298968292474532,0.06809740895401041,0.025,0.14660396010981844
baseline,0.25,0.025,2,2013-11-29,0.158127330751913,3,0.2801174856376972,0.025,0.025,0.07030159855274788,0.15422522637668296,0.07431369388770805,0.12714167841769147,0.06814287184239011,0.025,0.15075744528508234
baseline,0.25,0.025,2,2013-12-31,0.15705677375101695,3,0.27559463306711274,0.025,0.025,0.0733163654215522,0.16572983018543802,0.07647646620383039,0.12089581524202354,0.06623459332168916,0.025,0.14675229655835406
baseline,0.25,0.025,2,2014-01-31,0.15512058894876626,3,0.2632935636638149,0.025,0.025,0.07710684519713427,0.1886519471448247,0.08124711699682804,0.11050089964659265,0.06517571046300365,0.025,0.13902391688780194
baseline,0.25,0.025,2,2014-02-28,0.15417742254767247,3,0.2587204911414475,0.025,0.025,0.07790037954417789,0.1926880532769098,0.08340787349394249,0.11100655047353525,0.06435126181534313,0.025,0.13692539025464404
baseline,0.25,0.025,2,2014-03-31,0.15310337880347488,3,0.2533570057006031,0.025,0.025,0.07913881268281935,0.1976685513037134,0.08523455357636153,0.10921560030808646,0.06531686859920556,0.025,0.13506860782921057
baseline,0.25,0.025,2,2014-04-30,0.15264947233618648,2,0.2607657771689278,0.025297599202660816,0.02500000000000001,0.07673298849848953,0.17599092472546238,0.08089607506855684,0.11679680653780652,0.06855697907524803,0.02500000000000001,0.1449628497228481
baseline,0.25,0.025,2,2014-05-30,0.1518639408805496,2,0.2601917049197939,0.025604302733358376,0.02500000000000001,0.07617179260273177,0.17099784837560328,0.08011466120153331,0.11785905934438097,0.07136400619463862,0.02500000000000001,0.14769662462795982
baseline,0.25,0.025,2,2014-06-30,0.1520903229807462,2,0.2618265824053632,0.026047787297936463,0.025,0.07563903562692355,0.16781138860493575,0.07969444682182095,0.11998796992191763,0.07076971148260533,0.025,0.1482230778384972
baseline,0.25,0.025,2,2014-07-31,0.15174117744760104,2,0.25850029239140815,0.025341200131760642,0.024999999999999994,0.07722786990715251,0.17588911485335465,0.08126575659365684,0.11657538481941322,0.07034479073644533,0.024999999999999994,0.14485559056680872
baseline,0.25,0.025,2,2014-08-29,0.15264211530559457,3,0.25957435009990415,0.025,0.025,0.07666749294030084,0.17921160846000977,0.08120324966579702,0.11599151984473699,0.06876648196721107,0.025,0.14358529702204012
baseline,0.25,0.025,2,2014-09-30,0.15327303892415597,3,0.2569909272342317,0.02500000000000001,0.02500000000000001,0.07746162338285692,0.1905893521934965,0.08228416234468305,0.10951068572893483,0.06802711600493667,0.02500000000000001,0.14013613311086043
baseline,0.25,0.025,2,2014-10-31,0.15503586963056284,3,0.24866479570406722,0.025000000000000005,0.025000000000000005,0.08051505770834311,0.21525323302357202,0.08671666831194377,0.0999238251461026,0.0637835433832619,0.025000000000000005,0.1301428767227094
baseline,0.25,0.025,2,2014-11-28,0.1548857443029547,3,0.25638246951632515,0.025,0.025,0.07914836970532596,0.202086496373866,0.08422853358658136,0.10210737498816508,0.0655584220873592,0.025,0.13548833374237734
baseline,0.25,0.025,3,2008-04-30,0.13921957469455898,2,0.1638949802928656,0.02500000000000001,0.0271294432103826,0.11895523191714504,0.2157248495996035,0.15418613742582218,0.06844428691883546,0.12195195483999424,0.02500000000000001,0.07971311579535147
baseline,0.25,0.025,3,2008-05-30,0.15782442858006004,3,0.2851028923479338,0.025,0.025,0.08041702341395078,0.11201097581941659,0.1085214998061253,0.09537915611723463,0.07120993372255885,0.025,0.1723585187727801
baseline,0.25,0.025,3,2008-06-30,0.14573687933817486,2,0.14225639132616763,0.02500000000000001,0.02584753803262824,0.13305689721308614,0.2398998110693496,0.1604785683541107,0.06002579496351666,0.1188701322582215,0.02500000000000001,0.06956486678291961
baseline,0.25,0.025,3,2008-07-31,0.1469887368674845,3,0.14169794015116524,0.025,0.025,0.12228257952451764,0.2413340327407739,0.16728686340209903,0.061008586920934575,0.12584693173259248,0.025,0.06554306552791728
baseline,0.25,0.025,3,2008-08-29,0.1760137638797501,3,0.08631706929763386,0.025,0.025,0.15392181461140986,0.3069409130989709,0.17664456198589693,0.04166057719916957,0.1192673124514344,0.025,0.0402477513554845
baseline,0.25,0.025,3,2008-09-30,0.20388589432479184,4,0.05729325860233862,0.025,0.025,0.17426565008058595,0.34760528731765383,0.18841223272502144,0.029891999573961752,0.10253157170043838,0.025,0.025
baseline,0.25,0.025,3,2008-10-31,0.2021758922806478,4,0.0562565135488984,0.025000000000000005,0.025000000000000005,0.171574268220108,0.3423330019831413,0.19449815891392733,0.029631188957354036,0.10570686837657092,0.025000000000000005,0.025000000000000005
baseline,0.25,0.025,3,2008-11-28,0.19465880569408608,4,0.06259534186003024,0.025,0.025,0.16597862582936768,0.3306167472559355,0.1915400889231699,0.03246802984135865,0.11680116629013805,0.025,0.025
baseline,0.25,0.025,3,2008-12-31,0.18705780213098042,3,0.06958769074999953,0.025,0.025,0.15960984618679322,0.31786485515243873,0.19014539714995907,0.036329299598488705,0.12513484357578714,0.025,0.026328067586533645
baseline,0.25,0.025,3,2009-01-30,0.14587649790046808,3,0.14916703067883474,0.025,0.025,0.10763080774917616,0.2283783578480575,0.17628241635033542,0.06737500472842535,0.1377954270459617,0.025,0.058370955599209164
baseline,0.25,0.025,3,2009-02-27,0.27331327462568045,5,0.45313978972254504,0.025000000000000005,0.025000000000000005,0.025000000000000005,0.025000000000000005,0.04601773974132135,0.13017414671079333,0.03447919010143347,0.025000000000000005,0.21118913372390688
baseline,0.25,0.025,3,2009-03-31,0.2743468113489526,5,0.45618158455552144,0.025,0.025,0.025,0.025,0.04530221688241843,0.1339981374989615,0.034823964846047745,0.025,0.20469409621705084
baseline,0.25,0.025,3,2009-04-30,0.2790601890763781,5,0.4602713177541611,0.025,0.025,0.025,0.025,0.041501354401037756,0.1328155750404306,0.031255726611556706,0.025,0.20915602619281382
baseline,0.25,0.025,3,2009-05-29,0.278066242422528,5,0.45695562413705487,0.025,0.025,0.025,0.025,0.04045046292163949,0.1334011798803385,0.03021154784940628,0.025,0.21398118521156087
baseline,0.25,0.025,3,2009-06-30,0.2765251788877544,5,0.45330244470226705,0.025,0.025,0.025,0.025,0.04102825815861342,0.13076977187439445,0.030323828165842927,0.025,0.2195756970988821
baseline,0.25,0.025,3,2009-07-31,0.2755173205100395,5,0.45233117918315147,0.025,0.025,0.025,0.025,0.041858948739481115,0.13120321865491605,0.030806975831371933,0.025,0.21879967759107946
baseline,0.25,0.025,3,2009-08-31,0.27302717043078245,5,0.44817877569104153,0.024999999999999994,0.024999999999999994,0.024999999999999994,0.024999999999999994,0.043376760714383206,0.1292169802453478,0.031867803566940876,0.024999999999999994,0.2223596797822865
baseline,0.25,0.025,3,2009-09-30,0.27165717669356865,5,0.44552146571286444,0.025,0.025,0.025,0.025,0.043370766791035464,0.13076905001273711,0.03159047941243163,0.025,0.22374823807093144
baseline,0.25,0.025,3,2009-10-30,0.2712358016530623,5,0.44487902770712767,0.025,0.025,0.025,0.025,0.044278341329679144,0.12906492978284628,0.03193230380113313,0.025,0.22484539737921386
baseline,0.25,0.025,3,2009-11-30,0.27190451087559353,5,0.4460959875957782,0.025,0.025,0.025,0.025,0.0432918170979768,0.13113073811733625,0.0315118855188078,0.025,0.2229695716701011
baseline,0.25,0.025,3,2009-12-31,0.2704160076416058,5,0.4417740477527419,0.024999999999999994,0.024999999999999994,0.024999999999999994,0.024999999999999994,0.04382725641901605,0.12876682719646051,0.031168345567965217,0.024999999999999994,0.22946352306381618
baseline,0.25,0.025,3,2010-01-29,0.2695984928748799,5,0.4414130727168098,0.025,0.025,0.025,0.025,0.04479849603806024,0.12826432997440923,0.03219843646815333,0.025,0.22832566480256744
baseline,0.25,0.025,3,2010-02-26,0.2688693254682372,5,0.4411281139854589,0.025,0.025,0.025,0.025,0.04583403987695965,0.12782746124087496,0.033009952459224466,0.025,0.227200432437482
baseline,0.25,0.025,3,2010-03-31,0.2625718613366905,4,0.4316668422701889,0.025,0.025,0.025,0.026984724967171688,0.04974408310217545,0.12449491405704828,0.03516711564654581,0.025,0.23194231995686992
baseline,0.25,0.025,3,2010-04-30,0.13763507901378305,3,0.18722823819239146,0.025,0.025,0.12714978881263744,0.1955185229903839,0.14754821092978884,0.07311134248585219,0.08515656805377647,0.025,0.1092873285351698
baseline,0.25,0.025,3,2010-05-28,0.15576967835946148,3,0.12395216950524346,0.025,0.025,0.15235431338544086,0.26354140456778763,0.17589852785940352,0.055488682192456035,0.08031179027036776,0.025,0.07345311221930073
baseline,0.25,0.025,3,2010-06-30,0.1782684925610212,3,0.08280748232710619,0.025,0.025,0.15689030081343427,0.3095795278131564,0.17892872141344524,0.04059020714823552,0.11822359034771956,0.025,0.03798017013690295
baseline,0.25,0.025,3,2010-07-30,0.1513425314643155,3,0.12893358131017396,0.025000000000000005,0.025000000000000005,0.12816859190979232,0.25407366338476023,0.16962569061484856,0.05718015817469509,0.12766086511174032,0.025000000000000005,0.05935744949398962
baseline,0.25,0.025,3,2010-08-31,0.23028371032235767,3,0.3929675794845469,0.024999999999999994,0.024999999999999994,0.03108003553817693,0.044574921144189844,0.06690068639203936,0.11746415478149233,0.0472275507757238,0.024999999999999994,0.22478507188383082
baseline,0.25,0.025,3,2010-09-30,0.16325181888051588,3,0.2953530711365105,0.025,0.025,0.07340188406780176,0.10266467779986199,0.10612483728465043,0.09926415867332632,0.06797003637499772,0.025,0.18022133466285123
baseline,0.25,0.025,3,2010-10-29,0.15485623882936184,3,0.2775924121522738,0.025,0.025,0.08280171946486317,0.11594890827278441,0.11246485128617457,0.09547943413509266,0.07092225763538382,0.025,0.16979041705342765
baseline,0.25,0.025,3,2010-11-30,0.2729649902522293,5,0.44700471577263423,0.024999999999999994,0.024999999999999994,0.024999999999999994,0.024999999999999994,0.042973696021277964,0.1297628122661088,0.03077091651516753,0.024999999999999994,0.22448785942481123
baseline,0.25,0.025,3,2010-12-31,0.2714075349892518,5,0.443087941425223,0.025,0.025,0.025,0.025,0.043472441661023625,0.12808748112446697,0.03075841895089018,0.025,0.22959371683839627
baseline,0.25,0.025,3,2011-01-31,0.2703888633739609,5,0.44156129952702994,0.024999999999999994,0.024999999999999994,0.024999999999999994,0.024999999999999994,0.04388663361483328,0.12810077923343374,0.031294139792251284,0.024999999999999994,0.23015714783245156
baseline,0.25,0.025,3,2011-02-28,0.2662962516393004,5,0.43398559159080097,0.025,0.025,0.025,0.025,0.04565858574977935,0.12796374779836972,0.03216015737239107,0.025,0.23523191748865896
baseline,0.25,0.025,3,2011-03-31,0.2646461057117611,5,0.4326392323967399,0.025,0.025,0.025,0.025,0.047272507867990046,0.12787246179012954,0.03346749133710455,0.025,0.23374830660803583
baseline,0.25,0.025,3,2011-04-29,0.1866581117787525,3,0.3325556986789275,0.02500000000000001,0.02500000000000001,0.05389015341118254,0.0766842858650723,0.08913086055043758,0.10751356875943067,0.05936844059443229,0.02500000000000001,0.20585699214051725
baseline,0.25,0.025,3,2011-05-31,0.1566727924892321,3,0.11711074620963642,0.025,0.025,0.15236670680290926,0.26842629205512414,0.1633528622789035,0.050991342413505544,0.1147368075151789,0.025,0.05801524272474213
baseline,0.25,0.025,3,2011-06-30,0.1572521329171536,3,0.1161444818453346,0.02500000000000001,0.02500000000000001,0.14428715124318367,0.2702748948932371,0.16752062536692447,0.05160315239362427,0.11882612812976258,0.02500000000000001,0.0563435661279334
baseline,0.25,0.025,3,2011-07-29,0.15169768667564976,2,0.12773473948039268,0.025,0.02529140726537946,0.13400188966823054,0.2572317835141809,0.16531934301514908,0.055759926391488086,0.12297103552886074,0.025,0.06168987513631857
baseline,0.25,0.025,3,2011-08-31,0.19028514481560707,3,0.06839139408134248,0.024999999999999994,0.024999999999999994,0.16691744640165082,0.3266523806651936,0.18541522009466888,0.03544205412275832,0.11248409206217572,0.024999999999999994,0.029697412572210116
baseline,0.25,0.025,3,2011-09-30,0.18888881291867224,3,0.07043088587783414,0.024999999999999994,0.024999999999999994,0.16432456549468055,0.3256174192634205,0.18422338971613875,0.0353739033061279,0.11324352980983177,0.024999999999999994,0.0317863065319664
baseline,0.25,0.025,3,2011-10-31,0.1848079101845016,3,0.07504892243833813,0.024999999999999994,0.024999999999999994,0.16176411326227852,0.31965918361208034,0.1811829605637346,0.03750912820634668,0.11669930257920211,0.024999999999999994,0.0331363893380196
baseline,0.25,0.025,3,2011-11-30,0.18065280024932723,3,0.08082295767618627,0.025,0.025,0.15711823699916683,0.31360383005052755,0.1811492626722691,0.03988712764752845,0.11614797237083178,0.025,0.036270612583490104
baseline,0.25,0.025,3,2011-12-30,0.15541368404361608,3,0.12102189148363245,0.02500000000000001,0.02500000000000001,0.13546200365930564,0.2652591358615406,0.16974287787359185,0.05449481900039479,0.12396063350480392,0.02500000000000001,0.055058638616730785
baseline,0.25,0.025,3,2012-01-31,0.18817045230231816,3,0.3381284442227914,0.024999999999999994,0.024999999999999994,0.052344314803710074,0.07442543320412384,0.08967866032480788,0.10947556115766492,0.06115008469178383,0.024999999999999994,0.19979750159511794
baseline,0.25,0.025,3,2012-02-29,0.23989276557833422,3,0.40273559991935,0.025000000000000005,0.025000000000000005,0.027513413634863107,0.03893096194618164,0.06197415851757477,0.11972825799184723,0.04271021943447497,0.025000000000000005,0.2314073885557084
baseline,0.25,0.025,3,2012-03-30,0.16184136828714496,3,0.29235475204316796,0.025,0.025,0.07491133410889733,0.10504940883514113,0.1066501466353463,0.09979303515045083,0.06745342395900246,0.025,0.17878789926799396
baseline,0.25,0.025,3,2012-04-30,0.26784023829239645,5,0.43799916620910107,0.025,0.025,0.025,0.025,0.04574107701852905,0.12731708641229147,0.032630468828888586,0.025,0.23131220153118975
baseline,0.25,0.025,3,2012-05-31,0.24720370619636522,4,0.41314388794897033,0.025,0.025,0.025,0.035840419991527046,0.05835716065784938,0.12167875211032964,0.041136826542113106,0.025,0.22984295274921054
baseline,0.25,0.025,3,2012-06-29,0.18043122209159748,3,0.08098678311146487,0.025,0.025,0.1589097122662528,0.31383838144548726,0.17861843899360444,0.03951000199713978,0.11568053874405172,0.025,0.03745614344199911
baseline,0.25,0.025,3,2012-07-31,0.16662589633855585,3,0.09928090759780392,0.025,0.025,0.14992568717089041,0.2897999715572539,0.17114280129950246,0.04610524737610353,0.12165142494463868,0.025,0.047093960053807095
baseline,0.25,0.025,3,2012-08-31,0.1900530526776431,3,0.3393645535496591,0.024999999999999994,0.024999999999999994,0.047921809236408985,0.07115793066438751,0.0888121197380343,0.1149710867459329,0.060607846619408226,0.024999999999999994,0.20216465344616902
baseline,0.25,0.025,3,2012-09-28,0.25680499272921553,4,0.4231183254811199,0.025,0.025,0.025,0.029512453628460077,0.05278631146658898,0.12370247953125248,0.0363743563413318,0.025,0.2345060735512469
baseline,0.25,0.025,3,2012-10-31,0.2671278368037494,5,0.43682899990656615,0.025,0.025,0.025,0.025,0.046000488114391995,0.12789127410462872,0.03266781147456239,0.025,0.23161142639985077
baseline,0.25,0.025,3,2012-11-30,0.26702955114493426,5,0.4371300020833522,0.025,0.025,0.025,0.025,0.046358038581287904,0.12753299957549716,0.03308110535136781,0.025,0.23089785440849503
baseline,0.25,0.025,3,2012-12-31,0.26520727349471873,5,0.43334581212689116,0.025000000000000005,0.025000000000000005,0.025000000000000005,0.025000000000000005,0.04719508759644187,0.12681444502270064,0.033404276201591435,0.025000000000000005,0.23424037905237496
baseline,0.25,0.025,3,2013-01-31,0.24567870244107015,4,0.4083253826564103,0.024999999999999994,0.024999999999999994,0.024999999999999994,0.03627317916027854,0.059013784711862326,0.12016039453802571,0.0404882119191167,0.024999999999999994,0.23573904701430626
baseline,0.25,0.025,3,2013-02-28,0.266075150914495,5,0.43405367400249867,0.024999999999999994,0.024999999999999994,0.024999999999999994,0.024999999999999994,0.046070321535892564,0.12750987133211167,0.03262864406487591,0.024999999999999994,0.2347374890646211
baseline,0.25,0.025,3,2013-03-28,0.2633523707799891,4,0.42954244843561173,0.025000000000000005,0.025000000000000005,0.025000000000000005,0.025371703786440984,0.04763674503094442,0.12680575586069248,0.03351533126486698,0.025000000000000005,0.2371280156214434
baseline,0.25,0.025,3,2013-04-30,0.23436517921812347,3,0.39810098271301037,0.025,0.025,0.029403555824631514,0.042414584504077306,0.06440212651163625,0.1199039028508049,0.045503799472011705,0.025,0.22527104812382806
baseline,0.25,0.025,3,2013-05-31,0.15243600403262209,3,0.1283584784246686,0.025,0.025,0.1411621470191628,0.2592125938267769,0.16264241018486617,0.054313149469794514,0.11693615032248124,0.025,0.06237507075224987
baseline,0.25,0.025,3,2013-06-28,0.13876814441669824,3,0.1880148257415021,0.025000000000000005,0.025000000000000005,0.11240264934594704,0.20265193364483636,0.1520063058120201,0.07297676297296914,0.10127730198831755,0.025000000000000005,0.09567022049440783
baseline,0.25,0.025,3,2013-07-31,0.13840147057332491,3,0.19050749648076654,0.025,0.025,0.11840637151923115,0.19878222640857038,0.14913003393014754,0.07334981290137023,0.09031438902766085,0.025,0.10450966973225335
baseline,0.25,0.025,3,2013-08-30,0.19212961062850298,3,0.34445968917838277,0.025,0.025,0.050907824954223434,0.07259750479334307,0.08730348075472431,0.10884072102611582,0.058891461905492055,0.025,0.20199931738771865
baseline,0.25,0.025,3,2013-09-30,0.2736580193967916,5,0.44851295073374814,0.025,0.025,0.025,0.025,0.043238603076521866,0.1281360736210614,0.03127648711815654,0.025,0.223835885450512
baseline,0.25,0.025,3,2013-10-31,0.2724041013436074,5,0.44656175607664533,0.025000000000000005,0.025000000000000005,0.025000000000000005,0.025000000000000005,0.043681942469048274,0.12812827036192775,0.03185739208681731,0.025000000000000005,0.2247706390055614
baseline,0.25,0.025,3,2013-11-29,0.2733113575715583,5,0.4480921881275504,0.025,0.025,0.025,0.025,0.043206434425895425,0.12786953804339257,0.031849877966767075,0.025,0.22398196143639446
baseline,0.25,0.025,3,2013-12-31,0.2721071276127932,5,0.44560999510634397,0.024999999999999994,0.024999999999999994,0.024999999999999994,0.024999999999999994,0.04377167026527147,0.12734117859548297,0.03185399463861764,0.024999999999999994,0.22642316139428387
baseline,0.25,0.025,3,2014-01-31,0.26887573977165435,5,0.44030429819386535,0.024999999999999994,0.024999999999999994,0.024999999999999994,0.024999999999999994,0.04566515390649313,0.12657714086938088,0.03290353620244774,0.024999999999999994,0.22954987082781275
baseline,0.25,0.025,3,2014-02-28,0.2651578623884049,4,0.43366086324867914,0.025000000000000005,0.025000000000000005,0.025000000000000005,0.02522312488455812,0.047570094381153276,0.12634953437688023,0.03350863226870888,0.025000000000000005,0.23368775084002044
baseline,0.25,0.025,3,2014-03-31,0.20984014142622734,3,0.3654808875877998,0.025,0.025,0.04039327924901226,0.0582203792157076,0.07660952292776105,0.11292366316093752,0.05224332092719556,0.025,0.2191289469315863
baseline,0.25,0.025,3,2014-04-30,0.14270205589131787,2,0.15172687841410892,0.02500000000000001,0.026251582768476563,0.13408182804281532,0.23090342465611163,0.15618357273113023,0.062361118518792544,0.10840168611941037,0.02500000000000001,0.0800899087491544
baseline,0.25,0.025,3,2014-05-30,0.1377116286037751,2,0.18538965470107185,0.025,0.025015428382529337,0.1275656848146242,0.19787840726816328,0.14599957856757204,0.07155512295749315,0.08653722712017892,0.025,0.11005889618836726
baseline,0.25,0.025,3,2014-06-30,0.13832796102551154,3,0.21583523946823233,0.025,0.025,0.1137194150053183,0.16785753236545392,0.13517278532194224,0.08006024533205189,0.07850744088208716,0.025,0.1338473416249142
baseline,0.25,0.025,3,2014-07-31,0.13771330180082433,3,0.20204536867898565,0.024999999999999994,0.024999999999999994,0.12067889977737482,0.18208522241918013,0.13986798391007246,0.07614075394933406,0.07872445107600265,0.024999999999999994,0.12545732018905023
baseline,0.25,0.025,3,2014-08-29,0.1375785198681589,3,0.19826224972521916,0.024999999999999994,0.024999999999999994,0.12185236903041706,0.1851542412725972,0.14199627942309986,0.07560461803333968,0.07917690302416035,0.024999999999999994,0.12295333949116673
baseline,0.25,0.025,3,2014-09-30,0.1411587162524533,3,0.16543995976566322,0.025,0.025,0.1358538285882027,0.22080845090628654,0.15267581733247604,0.06514374954292822,0.0893674249150704,0.025,0.09571076894937292
baseline,0.25,0.025,3,2014-10-31,0.16646876123462337,3,0.10322570680059098,0.025000000000000005,0.025000000000000005,0.15816454753885514,0.2899515978531279,0.16895404100178665,0.04568985425392211,0.10756478551999675,0.025000000000000005,0.05144946703172063
baseline,0.25,0.025,3,2014-11-28,0.1624223531163574,3,0.10834405957530273,0.025,0.025,0.14779081829838275,0.2825090406349682,0.16701177084411487,0.04786659237875192,0.11942110712618836,0.025,0.05205661114229113
baseline,0.25,0.025,4,2008-04-30,0.24268342215884764,3,0.26307005670739264,0.02500000000000001,0.02500000000000001,0.027981069726705114,0.0902099110749423,0.04281147828648066,0.048073889795229724,0.05909525719227252,0.02500000000000001,0.393758337216977
baseline,0.25,0.025,4,2008-05-30,0.26918535694852536,4,0.3350651526346783,0.024999999999999994,0.024999999999999994,0.024999999999999994,0.06530555102265416,0.030042055609558093,0.04461528274449075,0.043728380134148565,0.024999999999999994,0.38124357785447005
baseline,0.25,0.025,4,2008-06-30,0.2710883528217058,4,0.3182238145192868,0.025,0.025,0.025,0.06415482883704599,0.029746460582653757,0.04574624486143692,0.04430223734343551,0.025,0.39782641385614115
baseline,0.25,0.025,4,2008-07-31,0.16112071460862515,3,0.1825869159405395,0.025000000000000005,0.025000000000000005,0.04308408726624086,0.21809300633685716,0.10932153936946995,0.06280729604392571,0.07449933749793522,0.025000000000000005,0.23460781754503174
baseline,0.25,0.025,4,2008-08-29,0.15897659784980084,3,0.15194927597432684,0.025,0.025,0.05357797774658596,0.2677424423218331,0.11597312568945693,0.06734415501437695,0.08201157107687618,0.025,0.186401452176544
baseline,0.25,0.025,4,2008-09-30,0.23960787096160016,5,0.025000000000000005,0.025000000000000005,0.025000000000000005,0.06539994514698479,0.3185416573428056,0.34684172907336885,0.07649706521696419,0.0677196032198766,0.025000000000000005,0.025000000000000005
baseline,0.25,0.025,4,2008-10-31,0.24537379926495267,5,0.025,0.025,0.025,0.06054973276525598,0.31218417731690706,0.36235804660193915,0.07402122773583761,0.06588681558006024,0.025,0.025
baseline,0.25,0.025,4,2008-11-28,0.2243374969065261,5,0.025,0.025,0.025,0.05866827852375809,0.29233675531189696,0.3394040040933751,0.09853093857836058,0.08606002349260927,0.025,0.025
baseline,0.25,0.025,4,2008-12-31,0.17366433054466826,3,0.052861715429136105,0.025,0.025,0.031603914771678114,0.10601598322193616,0.20153922517218154,0.2601459753280929,0.2113959634822412,0.025,0.06143722259473393
baseline,0.25,0.025,4,2009-01-30,0.19154270512273305,3,0.042713526135677075,0.024999999999999994,0.024999999999999994,0.07039848154038804,0.2582754634467994,0.2986206848034467,0.10458075761995786,0.12398003894439617,0.024999999999999994,0.026431047509334647
baseline,0.25,0.025,4,2009-02-27,0.1607465131553313,3,0.10387309767147467,0.024999999999999994,0.024999999999999994,0.04518109377299259,0.27423112585920667,0.20196635854421768,0.10744892838772178,0.09363572592766935,0.024999999999999994,0.09866366983671726
baseline,0.25,0.025,4,2009-03-31,0.1435016377572869,3,0.12831877344770934,0.025,0.025,0.03479536063892935,0.11803742644942897,0.0947894179211621,0.1722141517847994,0.1748466620257898,0.025,0.20199820773218113
baseline,0.25,0.025,4,2009-04-30,0.1465119098859931,3,0.0725037325697204,0.025,0.025,0.05319733726974855,0.16875191831219907,0.18981054382882456,0.17559546580420377,0.18762168790392278,0.025,0.07751931431138091
baseline,0.25,0.025,4,2009-05-29,0.16234392488643373,3,0.1904269121803772,0.025,0.025,0.04192886030339261,0.21343312551551893,0.10555017305616467,0.061021423604228374,0.07520685514571007,0.025,0.23743265019460816
baseline,0.25,0.025,4,2009-06-30,0.2946205211743225,5,0.3270487507103448,0.025,0.025,0.025,0.04476900176441564,0.025,0.04193928950962438,0.03774984404030695,0.025,0.42349311397530826
baseline,0.25,0.025,4,2009-07-31,0.29454747945310306,5,0.3252645357351957,0.025,0.025,0.025,0.04484286118886713,0.025,0.042227660373345806,0.037939116834052856,0.025,0.4247258258685385
baseline,0.25,0.025,4,2009-08-31,0.2792270683219489,4,0.32017052508869365,0.024999999999999994,0.024999999999999994,0.024999999999999994,0.05600379161622252,0.026097672589314825,0.046024274418893125,0.04382985920927159,0.024999999999999994,0.4078738770776042
baseline,0.25,0.025,4,2009-09-30,0.2461601317473726,4,0.31328317758620994,0.024999999999999994,0.024999999999999994,0.024999999999999994,0.08422878488949895,0.0401140818455331,0.04797965220702398,0.05123756046016284,0.024999999999999994,0.36315674301157125
baseline,0.25,0.025,4,2009-10-30,0.2571607317016748,4,0.30545160138355604,0.025,0.025,0.025,0.07499414761725602,0.035199004786398334,0.04743884710956698,0.04993736303375496,0.025,0.3869790360694677
baseline,0.25,0.025,4,2009-11-30,0.2175681076825205,3,0.2605995032630016,0.025,0.025,0.030053559541694294,0.11312317314434986,0.054342610872131054,0.05263875177046001,0.06124694538202255,0.025,0.35299545602634064
baseline,0.25,0.025,4,2009-12-31,0.26926934117245943,4,0.315243559208826,0.025,0.025,0.025,0.06680401047250671,0.03010726558728167,0.04429924752493867,0.04614166494100774,0.025,0.3974042522654393
baseline,0.25,0.025,4,2010-01-29,0.2792259719498145,4,0.32346243679979036,0.025000000000000005,0.025000000000000005,0.025000000000000005,0.056633321874458,0.026117943474299715,0.04527589776583595,0.04317807917919448,0.025000000000000005,0.4053323209064215
baseline,0.25,0.025,4,2010-02-26,0.18986428922620324,3,0.24924644909213484,0.025,0.025,0.03548338486168223,0.14488491547656174,0.07581093325338371,0.05392084810430794,0.06427547507474807,0.025,0.3013779941371814
baseline,0.25,0.025,4,2010-03-31,0.2568594543542396,4,0.30442264493045784,0.025,0.025,0.025,0.07609631755242635,0.03537600807406574,0.04555600404948678,0.05133669269528671,0.025,0.38721233269827654
baseline,0.25,0.025,4,2010-04-30,0.27356420421687594,4,0.32939572645651766,0.025,0.025,0.025,0.061797418413847026,0.028046961045338215,0.04439933311341349,0.04385223297696406,0.025,0.3925083279939196
baseline,0.25,0.025,4,2010-05-28,0.18082685281111383,3,0.1392188154896579,0.025,0.025,0.05465639134534113,0.33131499358353966,0.14963225349344664,0.05455132604524547,0.06380898752365151,0.025,0.13181723251911773
baseline,0.25,0.025,4,2010-06-30,0.1649791511011824,3,0.12119407281068195,0.02500000000000001,0.02500000000000001,0.06433495701966996,0.31032420328870514,0.1305117167292303,0.07967585655004567,0.09183114894686216,0.02500000000000001,0.12712804465480484
baseline,0.25,0.025,4,2010-07-30,0.15886282931794116,3,0.17012469842876748,0.024999999999999994,0.024999999999999994,0.049293621221169134,0.23304694443181492,0.10159305572406616,0.06545096827529763,0.08190253294087604,0.024999999999999994,0.22358817897800862
baseline,0.25,0.025,4,2010-08-31,0.17822586287385495,3,0.23222430260658122,0.02499999999999999,0.02499999999999999,0.0449287624559937,0.1718641985983471,0.07922424664958494,0.05024942625545887,0.06829956975737461,0.02499999999999999,0.2782094936766594
baseline,0.25,0.025,4,2010-09-30,0.24854281731801459,3,0.3090131782875461,0.025000000000000005,0.025000000000000005,0.025516701092394796,0.08449881371101542,0.037876195754069295,0.04606425687601751,0.05167933822459558,0.025000000000000005,0.37035151605436134
baseline,0.25,0.025,4,2010-10-29,0.2876951973931049,5,0.33225034345676263,0.024999999999999994,0.024999999999999994,0.024999999999999994,0.05010543044476922,0.024999999999999994,0.04291325000091122,0.039529536261974155,0.024999999999999994,0.41020143983558266
baseline,0.25,0.025,4,2010-11-30,0.29547117257748207,5,0.32970262932381394,0.025,0.025,0.025,0.04393220860870751,0.025,0.04169478927675143,0.03705885411155967,0.025,0.4226115186791674
baseline,0.25,0.025,4,2010-12-31,0.2963172425711227,5,0.3369558441923586,0.024999999999999994,0.024999999999999994,0.024999999999999994,0.04269424400493684,0.024999999999999994,0.04083189117802644,0.03637993302632164,0.024999999999999994,0.41813808759835636
baseline,0.25,0.025,4,2011-01-31,0.2954659434532379,5,0.3363191742029716,0.025,0.025,0.025,0.04291156144134682,0.025,0.041528959646018916,0.03672953715716676,0.025,0.41751076755249594
baseline,0.25,0.025,4,2011-02-28,0.2900703233202917,5,0.34048822643126336,0.024999999999999994,0.024999999999999994,0.024999999999999994,0.04768761862455113,0.024999999999999994,0.04214426062973576,0.03782336375058133,0.024999999999999994,0.40685653056386833
baseline,0.25,0.025,4,2011-03-31,0.2764276744479875,4,0.3301977739848942,0.024999999999999994,0.024999999999999994,0.024999999999999994,0.05932293369768559,0.02698099703963014,0.0446796948748635,0.042812637328472986,0.024999999999999994,0.3960059630744535
baseline,0.25,0.025,4,2011-04-29,0.2807625820927669,5,0.336902704355429,0.024999999999999994,0.024999999999999994,0.024999999999999994,0.05658307785205545,0.024999999999999994,0.04370044905799773,0.041167851095270394,0.024999999999999994,0.3966459176392472
baseline,0.25,0.025,4,2011-05-31,0.2481282208746834,4,0.3095390833502967,0.025,0.025,0.025,0.08226349305685454,0.03958489838125441,0.04831025052041411,0.050748112087383855,0.025,0.3695541626037965
baseline,0.25,0.025,4,2011-06-30,0.1776330223869237,3,0.23486556884110238,0.024999999999999994,0.024999999999999994,0.04283155254820567,0.17150979220716428,0.08107896874552353,0.05313742763557529,0.06683803651881033,0.024999999999999994,0.2747386535036185
baseline,0.25,0.025,4,2011-07-29,0.18780558230951216,3,0.23135220881717303,0.025,0.025,0.04071204353582735,0.15469933400090252,0.06940469147902273,0.05257767399401472,0.06885337659783548,0.025,0.3074006715752242
baseline,0.25,0.025,4,2011-08-31,0.2608462327528444,3,0.04499513761219624,0.024999999999999994,0.024999999999999994,0.06342113723487819,0.4396747671543867,0.22600387698659175,0.06278776223406568,0.06287543900237437,0.024999999999999994,0.025241879775506976
baseline,0.25,0.025,4,2011-09-30,0.1646627763056298,3,0.16932364640662195,0.025,0.025,0.03428925133457055,0.14588337708533433,0.07584672607711418,0.09531221549977034,0.11535341255034891,0.025,0.2889913710462398
baseline,0.25,0.025,4,2011-10-31,0.138300416287908,2,0.08768009838537401,0.028279714177203992,0.02500000000000001,0.06636154491799666,0.19739808677190865,0.15594922988234242,0.13548175678529648,0.18208041303981481,0.02500000000000001,0.09676915604006306
baseline,0.25,0.025,4,2011-11-30,0.1946828391341388,3,0.12536316230262365,0.025,0.025,0.06515654304657244,0.36566054311449264,0.13824372664011003,0.05113259736135373,0.06409880928658437,0.025,0.11534461824826313
baseline,0.25,0.025,4,2011-12-30,0.20441171666138797,3,0.22611072204801,0.025,0.025,0.035203680704517404,0.13191271940539837,0.0584798585547137,0.05419597264127758,0.07063824868614756,0.025,0.3484587979599354
baseline,0.25,0.025,4,2012-01-31,0.2277242798925371,3,0.29495260154271274,0.025,0.025,0.030831991747974588,0.10360747784282588,0.04777097796536526,0.04613532949000842,0.05580859224736714,0.025,0.34589302916374604
baseline,0.25,0.025,4,2012-02-29,0.2898647484944643,5,0.34549197937913373,0.024999999999999994,0.024999999999999994,0.024999999999999994,0.047880568922333056,0.024999999999999994,0.041264519658775006,0.03794538937912368,0.024999999999999994,0.40241754266063445
baseline,0.25,0.025,4,2012-03-30,0.2914103815545804,5,0.34066184842226493,0.025000000000000005,0.025000000000000005,0.025000000000000005,0.0465062324107182,0.025000000000000005,0.04194728725588168,0.03732721751840565,0.025000000000000005,0.40855741439272963
baseline,0.25,0.025,4,2012-04-30,0.282900199855651,5,0.3389107081046986,0.025,0.025,0.025,0.053561625169344644,0.025,0.043565900731839774,0.04086932067825454,0.025,0.3980924453158624
baseline,0.25,0.025,4,2012-05-31,0.20829658230669146,3,0.2830206488705825,0.024999999999999994,0.024999999999999994,0.031148999681431967,0.11862671443545086,0.06341277034058944,0.05166158606499612,0.05919116736932684,0.024999999999999994,0.31793811323762217
baseline,0.25,0.025,4,2012-06-29,0.16899467672854762,3,0.16401213252594407,0.025,0.025,0.06122307576175311,0.2944006021632668,0.11364877727403608,0.05139367774410147,0.06836755292325591,0.025,0.17195418160764261
baseline,0.25,0.025,4,2012-07-31,0.1725561332534013,3,0.2203929081948683,0.024999999999999994,0.024999999999999994,0.04785689982588481,0.18734516419665673,0.08497259311645823,0.05031707031332752,0.06920340693040819,0.024999999999999994,0.26491195742239615
baseline,0.25,0.025,4,2012-08-31,0.27394837659650434,4,0.33757246361553955,0.024999999999999994,0.024999999999999994,0.024999999999999994,0.06284303760045458,0.02711071934829747,0.04274517236636976,0.04362108133434743,0.024999999999999994,0.38610752573499113
baseline,0.25,0.025,4,2012-09-28,0.2916410515804694,5,0.33636864955251805,0.025,0.025,0.025,0.04656766180859297,0.025,0.04189570086219445,0.03783712783690755,0.025,0.412330859939787
baseline,0.25,0.025,4,2012-10-31,0.29035354309350925,5,0.33178476267566337,0.025,0.025,0.025,0.04675092988911218,0.025,0.04326431414476789,0.038990232684748,0.025,0.4142097606057085
baseline,0.25,0.025,4,2012-11-30,0.2781066878244891,4,0.3288923449982976,0.024999999999999994,0.024999999999999994,0.024999999999999994,0.05702549576757798,0.026240665620976558,0.04522990204969238,0.043123615143977584,0.024999999999999994,0.3994879764194778
baseline,0.25,0.025,4,2012-12-31,0.28215485946277596,5,0.34038964706775426,0.025,0.025,0.025,0.0530781990589894,0.025,0.044430059230421606,0.041288104658935953,0.025,0.3958139899838988
baseline,0.25,0.025,4,2013-01-31,0.286772015542751,5,0.343294561474405,0.025,0.025,0.025,0.049189565265682376,0.025,0.04321443865856081,0.039351128638024216,0.025,0.39995030596332753
baseline,0.25,0.025,4,2013-02-28,0.2886153736714715,5,0.3406380550104711,0.025,0.025,0.025,0.047179616345724235,0.025,0.043413068445631156,0.039018695202312145,0.025,0.4047505649958614
baseline,0.25,0.025,4,2013-03-28,0.2866518966843952,5,0.34021140009227746,0.025,0.025,0.025,0.04934400558025305,0.025,0.04338758992306945,0.039702016941338014,0.025,0.402354987463062
baseline,0.25,0.025,4,2013-04-30,0.26592190764597184,4,0.3488435461172812,0.025000000000000005,0.025000000000000005,0.025000000000000005,0.06756086780005462,0.03238227696860348,0.04422841143005057,0.04326994822229439,0.025000000000000005,0.36371494946171584
baseline,0.25,0.025,4,2013-05-31,0.27233789416215487,4,0.35246647624897015,0.024999999999999994,0.024999999999999994,0.024999999999999994,0.06265490346373948,0.028739757658473888,0.04332825328316467,0.042438799621128634,0.024999999999999994,0.3703718097245231
baseline,0.25,0.025,4,2013-06-28,0.24967877661417387,4,0.32626090984922085,0.025,0.025,0.025,0.07963624978862834,0.040409806639337166,0.04741446531556427,0.04825474418941888,0.025,0.3580238242178304
baseline,0.25,0.025,4,2013-07-31,0.2514495823291184,4,0.3290653450528913,0.024999999999999994,0.024999999999999994,0.024999999999999994,0.08166741180157769,0.03879110969067269,0.04461334770457541,0.04778853378868777,0.024999999999999994,0.35807425196159504
baseline,0.25,0.025,4,2013-08-30,0.2846204113973886,5,0.3306900374615497,0.025,0.025,0.025,0.05239208890823794,0.025,0.043412369558021156,0.04131648974956667,0.025,0.40718901432262444
baseline,0.25,0.025,4,2013-09-30,0.29224888834797796,5,0.33587320879482774,0.025,0.025,0.025,0.045840103059598986,0.025,0.04189083002901747,0.037844516911441424,0.025,0.4135513412051144
baseline,0.25,0.025,4,2013-10-31,0.2902733215160139,5,0.3356087041757031,0.024999999999999994,0.024999999999999994,0.024999999999999994,0.04690908785844335,0.024999999999999994,0.0424099299056304,0.03898033183768824,0.024999999999999994,0.41109194622253475
baseline,0.25,0.025,4,2013-11-29,0.2927263964205667,5,0.3443338045860023,0.025,0.025,0.025,0.04425840386430533,0.025,0.041342763557681024,0.03769994454742569,0.025,0.4073650834445856
baseline,0.25,0.025,4,2013-12-31,0.2917957772963369,5,0.34196459004305874,0.025,0.025,0.025,0.04558254663051785,0.025,0.04146942805910422,0.03794726058924082,0.025,0.4080361746780784
baseline,0.25,0.025,4,2014-01-31,0.28280760784816955,5,0.340870808638766,0.024999999999999994,0.024999999999999994,0.024999999999999994,0.053597484100366945,0.024999999999999994,0.04318990155280952,0.04102277556569966,0.024999999999999994,0.39631903014235775
baseline,0.25,0.025,4,2014-02-28,0.26551945432485424,4,0.3409360510405937,0.025,0.025,0.025,0.06875194436451643,0.031666346398086465,0.04404037798338098,0.04426253461997751,0.025,0.3703427455934448
baseline,0.25,0.025,4,2014-03-31,0.2574796682112735,4,0.33701072778044816,0.025000000000000005,0.025000000000000005,0.025000000000000005,0.07598339284410091,0.03497813974925863,0.04502284954960625,0.04609700664899676,0.025000000000000005,0.36090788342758934
baseline,0.25,0.025,4,2014-04-30,0.2750642609568888,4,0.34317627384079974,0.025000000000000005,0.025000000000000005,0.025000000000000005,0.06039064964305584,0.02721144217040732,0.04359309362584069,0.0426281549880062,0.025000000000000005,0.3830003857318902
baseline,0.25,0.025,4,2014-05-30,0.2841774378938592,5,0.34429669317672285,0.02500000000000001,0.02500000000000001,0.02500000000000001,0.051766099085109936,0.02500000000000001,0.043196613937405565,0.040343375071090516,0.02500000000000001,0.3953972187296711
baseline,0.25,0.025,4,2014-06-30,0.2866032230951971,5,0.34168193763618504,0.024999999999999994,0.024999999999999994,0.024999999999999994,0.04979546040884527,0.024999999999999994,0.042977754741661794,0.039489238402225076,0.024999999999999994,0.4010556088110827
baseline,0.25,0.025,4,2014-07-31,0.28289218571434543,5,0.34245793885019893,0.025,0.025,0.025,0.05309232234782995,0.025,0.04360486486781709,0.04073723748211289,0.025,0.39510763645204117
baseline,0.25,0.025,4,2014-08-29,0.2796585636457604,4,0.33787740382179365,0.025,0.025,0.025,0.05602273098006025,0.02551031196673855,0.04403972484388795,0.04223411276921963,0.025,0.39431571561829987
baseline,0.25,0.025,4,2014-09-30,0.2738098658072391,4,0.3318575806034466,0.025,0.025,0.025,0.05927981105699186,0.027942091270553287,0.0456328063184052,0.044344249256306104,0.025,0.3909434614942971
baseline,0.25,0.025,4,2014-10-31,0.17281516663374202,3,0.23674848007898858,0.025,0.025,0.045852182981553545,0.18073050025834064,0.08946456797521266,0.05102536234466577,0.06588215162701624,0.025,0.2552967547342226
baseline,0.25,0.025,4,2014-11-28,0.20883472912455098,3,0.2637508765431085,0.024999999999999994,0.024999999999999994,0.03537920165538809,0.12172876991136833,0.058496466909890715,0.048820211751833084,0.06279228616360145,0.024999999999999994,0.33403218706480975
baseline,0.5,0.05,0,2008-04-30,0.13024919244262614,4,0.14610937114058065,0.05,0.05,0.11169248994455702,0.19637678810905324,0.18033037754663142,0.054026915040444094,0.11146405821873373,0.05,0.05
baseline,0.5,0.05,0,2008-05-30,0.1308701630802031,5,0.12769123936789328,0.05,0.05,0.10588443311140253,0.19611897480865909,0.1835319997591724,0.05,0.13677335295287268,0.05,0.05
baseline,0.5,0.05,0,2008-06-30,0.13208751996189932,5,0.11254752261219446,0.05,0.05,0.10335063830303189,0.19510363162439615,0.18839224103464572,0.05,0.1506059664257318,0.05,0.05
baseline,0.5,0.05,0,2008-07-31,0.13347963342302047,5,0.09865745978049034,0.05,0.05,0.10485428099523801,0.19439983393442004,0.19149564889498435,0.05,0.16059277639486733,0.05,0.05
baseline,0.5,0.05,0,2008-08-29,0.13466169390142185,5,0.09328574933730278,0.05,0.05,0.10438350767116096,0.20226010149265233,0.18881339250724472,0.05,0.16125724899163932,0.05,0.05
baseline,0.5,0.05,0,2008-09-30,0.14095301535215765,5,0.10639678982019789,0.05,0.05,0.13024808384333958,0.2425493267723509,0.18372529969531082,0.05,0.08708049986880088,0.05,0.05
baseline,0.5,0.05,0,2008-10-31,0.14620149060728885,5,0.10274171648678407,0.05000000000000002,0.05000000000000002,0.13561031019867303,0.26013830042715663,0.17798021792323895,0.05000000000000002,0.07352945496414735,0.05000000000000002,0.05000000000000002
baseline,0.5,0.05,0,2008-11-28,0.13897433969504971,5,0.08571985823907671,0.05000000000000001,0.05000000000000001,0.12004488673745671,0.23195727541503786,0.18894695282071866,0.05000000000000001,0.12333102678771007,0.05000000000000001,0.05000000000000001
baseline,0.5,0.05,0,2008-12-31,0.2973899421341085,8,0.05,0.05,0.05,0.05,0.05,0.07933062952223241,0.05,0.5206693704777676,0.05,0.05
baseline,0.5,0.05,0,2009-01-30,0.3180854779873663,8,0.05,0.05,0.05,0.05,0.05,0.05701288307055634,0.05,0.5429871169294437,0.05,0.05
baseline,0.5,0.05,0,2009-02-27,0.2909972725857795,7,0.5138897255068935,0.05000000000000002,0.05000000000000002,0.05000000000000002,0.0767620078937708,0.05000000000000002,0.059348266599335765,0.05000000000000002,0.05000000000000002,0.05000000000000002
baseline,0.5,0.05,0,2009-03-31,0.28604251906948186,7,0.5081514157153024,0.05000000000000001,0.05000000000000001,0.05000000000000001,0.08241662315544811,0.05000000000000001,0.05943196112924958,0.05000000000000001,0.05000000000000001,0.05000000000000001
baseline,0.5,0.05,0,2009-04-30,0.31359728089731065,8,0.05,0.05,0.05,0.05,0.05,0.061675346536168636,0.05,0.5383246534638314,0.05,0.05
baseline,0.5,0.05,0,2009-05-29,0.2921203745266511,7,0.5152542898989119,0.05,0.05,0.05,0.07262585762506867,0.05,0.062119852476019505,0.05,0.05,0.05
baseline,0.5,0.05,0,2009-06-30,0.288544567785171,7,0.5111087140427655,0.05,0.05,0.05,0.07858499627342103,0.05,0.06030628968381347,0.05,0.05,0.05
baseline,0.5,0.05,0,2009-07-31,0.28833270704428726,7,0.5108367408568343,0.05000000000000001,0.05000000000000001,0.05000000000000001,0.0794640606333421,0.05000000000000001,0.059699198509823664,0.05000000000000001,0.05000000000000001,0.05000000000000001
baseline,0.5,0.05,0,2009-08-31,0.284581697149087,7,0.5064472094387849,0.05000000000000001,0.05000000000000001,0.05000000000000001,0.08380177181937969,0.05000000000000001,0.05975101874183551,0.05000000000000001,0.05000000000000001,0.05000000000000001
baseline,0.5,0.05,0,2009-09-30,0.28353454201306244,7,0.5052756287332032,0.05000000000000001,0.05000000000000001,0.05000000000000001,0.08373120498521193,0.05000000000000001,0.060993166281584944,0.05000000000000001,0.05000000000000001,0.05000000000000001
baseline,0.5,0.05,0,2009-10-30,0.2827317168200718,7,0.5042627843248852,0.05000000000000002,0.05000000000000002,0.05000000000000002,0.0857350982024274,0.05000000000000002,0.06000211747268733,0.05000000000000002,0.05000000000000002,0.05000000000000002
baseline,0.5,0.05,0,2009-11-30,0.2825600746944488,7,0.504078803178787,0.05000000000000002,0.05000000000000002,0.05000000000000002,0.085572835314166,0.05000000000000002,0.06034836150704696,0.05000000000000002,0.05000000000000002,0.05000000000000002
baseline,0.5,0.05,0,2009-12-31,0.2706698501888412,7,0.48961308621204014,0.05000000000000001,0.05000000000000001,0.05000000000000001,0.09732376543687142,0.05000000000000001,0.06306314835108842,0.05000000000000001,0.05000000000000001,0.05000000000000001
baseline,0.5,0.05,0,2010-01-29,0.13023762890904722,4,0.16671195512283063,0.05,0.05,0.10702388772431319,0.18949413683925748,0.17505486690311609,0.05475670851725534,0.10695844489322733,0.05,0.05
baseline,0.5,0.05,0,2010-02-26,0.1400230676922677,4,0.24131818230467847,0.05,0.05,0.10645770256153542,0.17672952444655085,0.14271041121243302,0.061922486408843375,0.07086169306595884,0.05,0.05
baseline,0.5,0.05,0,2010-03-31,0.1478248892547566,4,0.2751893174518884,0.05000000000000002,0.05000000000000002,0.09556810413630913,0.16532011152266796,0.12799590335555192,0.06564375592987498,0.07028280760370771,0.05000000000000002,0.05000000000000002
baseline,0.5,0.05,0,2010-04-30,0.13144425144617472,4,0.1432510550665325,0.05,0.05,0.1066321848540281,0.20398507709769342,0.1783594335741621,0.051814324296984196,0.1159579251105998,0.05,0.05
baseline,0.5,0.05,0,2010-05-28,0.13493993096291346,4,0.1793976791314842,0.05,0.05,0.12022042057572074,0.20569338830995343,0.16608547772311655,0.055937067165933246,0.07266596709379186,0.05,0.05
baseline,0.5,0.05,0,2010-06-30,0.13442535466164668,5,0.1299848407806927,0.05,0.05,0.12054306717326457,0.2182320455755422,0.18139659248694354,0.05,0.09984345398355697,0.05,0.05
baseline,0.5,0.05,0,2010-07-30,0.13211015206400284,5,0.11458046807395997,0.05000000000000002,0.05000000000000002,0.11085187815436072,0.20317924915214566,0.1858563654881544,0.05000000000000002,0.1355320391313793,0.05000000000000002,0.05000000000000002
baseline,0.5,0.05,0,2010-08-31,0.13120687446317175,5,0.12101977272045754,0.05,0.05,0.10333139646817786,0.19586480898552786,0.18280761379207763,0.05,0.14697640803375916,0.05,0.05
baseline,0.5,0.05,0,2010-09-30,0.13010668093875605,4,0.14958686114684197,0.04999999999999999,0.04999999999999999,0.10362857828367858,0.19562687136566753,0.17661115053685664,0.05338410219030473,0.12116243647665058,0.04999999999999999,0.04999999999999999
baseline,0.5,0.05,0,2010-10-29,0.1439636069047827,4,0.2601476936032122,0.05,0.05,0.09663977755393369,0.17085305202581968,0.13567426534306729,0.0663623745285068,0.07032283694546042,0.05,0.05
baseline,0.5,0.05,0,2010-11-30,0.28600347147530525,7,0.5081459991477564,0.05000000000000001,0.05000000000000001,0.05000000000000001,0.08164698751891777,0.05000000000000001,0.0602070133333259,0.05000000000000001,0.05000000000000001,0.05000000000000001
baseline,0.5,0.05,0,2010-12-31,0.2853629747514603,7,0.5074283472088952,0.05000000000000001,0.05000000000000001,0.05000000000000001,0.08168075570063997,0.05000000000000001,0.06089089709046492,0.05000000000000001,0.05000000000000001,0.05000000000000001
baseline,0.5,0.05,0,2011-01-31,0.28510223710661114,7,0.5071214237205793,0.05000000000000002,0.05000000000000002,0.05000000000000002,0.08199757707321315,0.05000000000000002,0.06088099920620757,0.05000000000000002,0.05000000000000002,0.05000000000000002
baseline,0.5,0.05,0,2011-02-28,0.2807367861485597,7,0.502007589516115,0.05000000000000001,0.05000000000000001,0.05000000000000001,0.08570708557529248,0.05000000000000001,0.062285324908592586,0.05000000000000001,0.05000000000000001,0.05000000000000001
baseline,0.5,0.05,0,2011-03-31,0.27950971503052086,7,0.5005077540505126,0.05000000000000002,0.05000000000000002,0.05000000000000002,0.08754724336167503,0.05000000000000002,0.06194500258781242,0.05000000000000002,0.05000000000000002,0.05000000000000002
baseline,0.5,0.05,0,2011-04-29,0.2760697150090944,7,0.496390409137952,0.05000000000000002,0.05000000000000002,0.05000000000000002,0.0903754166870332,0.05000000000000002,0.06323417417501484,0.05000000000000002,0.05000000000000002,0.05000000000000002
baseline,0.5,0.05,0,2011-05-31,0.13111768975880328,4,0.14329611446750867,0.05000000000000001,0.05000000000000001,0.11054132683365112,0.20235957968564397,0.17896777206878597,0.05241474739853171,0.1124204595458786,0.05000000000000001,0.05000000000000001
baseline,0.5,0.05,0,2011-06-30,0.13065839792438988,4,0.14291454133498038,0.05,0.05,0.11225384728805683,0.19945045683736165,0.17978935004981847,0.05264720751881692,0.11294459697096583,0.05,0.05
baseline,0.5,0.05,0,2011-07-29,0.13207102425220668,4,0.13658616840178464,0.05,0.05,0.1130188205987612,0.20760461886737994,0.18009232151142007,0.050740736519749335,0.1119573341009048,0.05,0.05
baseline,0.5,0.05,0,2011-08-31,0.13859788936170647,5,0.13642432947574917,0.05000000000000001,0.05000000000000001,0.13043413363029416,0.2317966719530409,0.17644846411100654,0.05000000000000001,0.07489640082990935,0.05000000000000001,0.05000000000000001
baseline,0.5,0.05,0,2011-09-30,0.1380605998010609,5,0.1280823958837602,0.05,0.05,0.12591103563055983,0.23370333277718103,0.17742887625100695,0.05,0.08487435945749197,0.05,0.05
baseline,0.5,0.05,0,2011-10-31,0.13682911344318469,5,0.12564209657689818,0.05,0.05,0.12277520009654277,0.23051026608027383,0.17792909164727658,0.05,0.09314334559900866,0.05,0.05
baseline,0.5,0.05,0,2011-11-30,0.13500859248254493,5,0.13326356621468416,0.05,0.05,0.12146334664704446,0.22061156128598322,0.17979917447400287,0.05,0.09486235137828522,0.05,0.05
baseline,0.5,0.05,0,2011-12-30,0.13244096432141061,5,0.13793811491214247,0.05,0.05,0.11235097659509137,0.20886491978020535,0.17985444468980036,0.05,0.11099154402276039,0.05,0.05
baseline,0.5,0.05,0,2012-01-31,0.13181855351634947,4,0.14436980967179877,0.05,0.05,0.1095363554078767,0.20553282603909917,0.17799770838090676,0.05097192975997644,0.11159137074034213,0.05,0.05
baseline,0.5,0.05,0,2012-02-29,0.129659400411078,4,0.16812097213045,0.05,0.05,0.09744461865800684,0.18587185236218148,0.17175539686270336,0.055082132903662866,0.1217250270829955,0.05,0.05
baseline,0.5,0.05,0,2012-03-30,0.2757215252678723,7,0.49591936052804614,0.05000000000000001,0.05000000000000001,0.05000000000000001,0.09144676605842188,0.05000000000000001,0.06263387341353206,0.05000000000000001,0.05000000000000001,0.05000000000000001
baseline,0.5,0.05,0,2012-04-30,0.2824606099720306,7,0.503999781861852,0.05000000000000002,0.05000000000000002,0.05000000000000002,0.08497504136622629,0.05000000000000002,0.06102517677192167,0.05000000000000002,0.05000000000000002,0.05000000000000002
baseline,0.5,0.05,0,2012-05-31,0.27639096935913104,7,0.49652924201133214,0.05000000000000002,0.05000000000000002,0.05000000000000002,0.09366234576299724,0.05000000000000002,0.0598084122256706,0.05000000000000002,0.05000000000000002,0.05000000000000002
baseline,0.5,0.05,0,2012-06-29,0.1342892836748581,4,0.19723226776587657,0.05,0.05,0.11775433334944908,0.1941479620097511,0.15729542662768428,0.057650537570287964,0.07591947267695105,0.05,0.05
baseline,0.5,0.05,0,2012-07-31,0.1334786063530154,5,0.12329498465495159,0.05,0.05,0.11239528433138742,0.2161705023298791,0.18046282423180776,0.05,0.11767640445197414,0.05,0.05
baseline,0.5,0.05,0,2012-08-31,0.1305255363542368,4,0.16209043267995504,0.05,0.05,0.10341252003280572,0.1970706906314231,0.17175599467401287,0.0554694592177616,0.11020090276404176,0.05,0.05
baseline,0.5,0.05,0,2012-09-28,0.1305450271602176,4,0.17262775353920615,0.05,0.05,0.10021222124734208,0.19069061575960153,0.1707395912798631,0.055901125082181556,0.10982869309180569,0.05,0.05
baseline,0.5,0.05,0,2012-10-31,0.2825323406750279,7,0.5041585644481164,0.05000000000000001,0.05000000000000001,0.05000000000000001,0.0834473603253321,0.05000000000000001,0.06239407522655169,0.05000000000000001,0.05000000000000001,0.05000000000000001
baseline,0.5,0.05,0,2012-11-30,0.281651220610834,7,0.5030703823612162,0.05000000000000001,0.05000000000000001,0.05000000000000001,0.08523882113538045,0.05000000000000001,0.06169079650340349,0.05000000000000001,0.05000000000000001,0.05000000000000001
baseline,0.5,0.05,0,2012-12-31,0.2811581174236186,7,0.5025454664392949,0.05000000000000002,0.05000000000000002,0.05000000000000002,0.08456128383608047,0.05000000000000002,0.06289324972462464,0.05000000000000002,0.05000000000000002,0.05000000000000002
baseline,0.5,0.05,0,2013-01-31,0.16420278091541426,4,0.32236477266186997,0.05000000000000001,0.05000000000000001,0.08462596742212546,0.1484636961162058,0.10895605238745011,0.07071294701954987,0.0648765643927988,0.05000000000000001,0.05000000000000001
baseline,0.5,0.05,0,2013-02-28,0.2820980875335014,7,0.5036679564838338,0.05000000000000001,0.05000000000000001,0.05000000000000001,0.08341647699411267,0.05000000000000001,0.06291556652205356,0.05000000000000001,0.05000000000000001,0.05000000000000001
baseline,0.5,0.05,0,2013-03-28,0.2795301308276987,7,0.5006145920167919,0.05000000000000001,0.05000000000000001,0.05000000000000001,0.08603203881347213,0.05000000000000001,0.06335336916973602,0.05000000000000001,0.05000000000000001,0.05000000000000001
baseline,0.5,0.05,0,2013-04-30,0.28228289211990865,7,0.5037002262878735,0.05000000000000001,0.05000000000000001,0.05000000000000001,0.08669909833393027,0.05000000000000001,0.05960067537819632,0.05000000000000001,0.05000000000000001,0.05000000000000001
baseline,0.5,0.05,0,2013-05-31,0.28314290528961367,7,0.5047796475986066,0.05000000000000001,0.05000000000000001,0.05000000000000001,0.08477441238813942,0.05000000000000001,0.06044594001325401,0.05000000000000001,0.05000000000000001,0.05000000000000001
baseline,0.5,0.05,0,2013-06-28,0.1419290537613084,4,0.2528993168478862,0.05,0.05,0.10194796226577695,0.1689958743198076,0.14007244351116482,0.05972881042463339,0.07635559263073094,0.05,0.05
baseline,0.5,0.05,0,2013-07-31,0.2866216330589174,7,0.5087964618084887,0.05000000000000001,0.05000000000000001,0.05000000000000001,0.08240375857168115,0.05000000000000001,0.05879977961983019,0.05000000000000001,0.05000000000000001,0.05000000000000001
baseline,0.5,0.05,0,2013-08-30,0.20253439676609986,4,0.3942532361078902,0.05000000000000001,0.05000000000000001,0.0701148985404261,0.13396506738785874,0.08709531572975093,0.06388642344036097,0.05068505879371322,0.05000000000000001,0.05000000000000001
baseline,0.5,0.05,0,2013-09-30,0.28783567319647196,7,0.5102378735772155,0.05000000000000001,0.05000000000000001,0.05000000000000001,0.08051731191016268,0.05000000000000001,0.05924481451262189,0.05000000000000001,0.05000000000000001,0.05000000000000001
baseline,0.5,0.05,0,2013-10-31,0.28645041909999414,7,0.5086466787507697,0.05000000000000002,0.05000000000000002,0.05000000000000002,0.08159899054344032,0.05000000000000002,0.059754330705789886,0.05000000000000002,0.05000000000000002,0.05000000000000002
baseline,0.5,0.05,0,2013-11-29,0.287779932377358,7,0.510203827204739,0.05000000000000001,0.05000000000000001,0.05000000000000001,0.07991063150098857,0.05000000000000001,0.059885541294272475,0.05000000000000001,0.05000000000000001,0.05000000000000001
baseline,0.5,0.05,0,2013-12-31,0.28703761700360453,7,0.5093233984051762,0.05000000000000002,0.05000000000000002,0.05000000000000002,0.0811165131369498,0.05000000000000002,0.05956008845787407,0.05000000000000002,0.05000000000000002,0.05000000000000002
baseline,0.5,0.05,0,2014-01-31,0.2835738814531534,7,0.5052505329191866,0.05000000000000002,0.05000000000000002,0.05000000000000002,0.08501546785336299,0.05000000000000002,0.05973399922745033,0.05000000000000002,0.05000000000000002,0.05000000000000002
baseline,0.5,0.05,0,2014-02-28,0.27947399734310036,7,0.5004044742806638,0.05000000000000001,0.05000000000000001,0.05000000000000001,0.0885808830682877,0.05000000000000001,0.061014642651048515,0.05000000000000001,0.05000000000000001,0.05000000000000001
baseline,0.5,0.05,0,2014-03-31,0.27722830894893224,7,0.49769809334722726,0.05000000000000001,0.05000000000000001,0.05000000000000001,0.09076227500568669,0.05000000000000001,0.06153963164708605,0.05000000000000001,0.05000000000000001,0.05000000000000001
baseline,0.5,0.05,0,2014-04-30,0.1303179470625379,4,0.1779853569660582,0.05,0.05,0.10438623865356807,0.18846298643752554,0.1683500617056769,0.058592052825429994,0.1022233034117414,0.05,0.05
baseline,0.5,0.05,0,2014-05-30,0.12933594141667143,4,0.179880271769953,0.05,0.05,0.10194541507318139,0.1811122325903442,0.1670565045351647,0.05830356379518012,0.1117020122361766,0.05,0.05
baseline,0.5,0.05,0,2014-06-30,0.13798596026721638,4,0.2405555399107745,0.05,0.05,0.0980978694093046,0.17107866122899565,0.14126036226720942,0.06523624109037257,0.08377132609334327,0.05,0.05
baseline,0.5,0.05,0,2014-07-31,0.18773265274333067,4,0.36935344144331267,0.05,0.05,0.07489198194173288,0.13920993970118353,0.0924073211255723,0.0683265402591623,0.05581077552903634,0.05,0.05
baseline,0.5,0.05,0,2014-08-29,0.27838472877833637,7,0.49916551172904516,0.05000000000000002,0.05000000000000002,0.05000000000000002,0.08851303072194193,0.05000000000000002,0.06232145754901293,0.05000000000000002,0.05000000000000002,0.05000000000000002
baseline,0.5,0.05,0,2014-09-30,0.14603879352374016,4,0.2710762687553391,0.05000000000000001,0.05000000000000001,0.09683495857223115,0.16410307038152813,0.128140495024187,0.06485823455547897,0.07498697271123579,0.05000000000000001,0.05000000000000001
baseline,0.5,0.05,0,2014-10-31,0.13075444959058075,4,0.15414081793414317,0.05,0.05,0.1113031552542788,0.19822405129693976,0.17604047343438098,0.052970763933686285,0.10732073814657106,0.05,0.05
baseline,0.5,0.05,0,2014-11-28,0.1309947821898163,5,0.13003161436885877,0.05,0.05,0.10803551412271203,0.20005169393973954,0.1810331617264577,0.05,0.130848015842232,0.05,0.05
baseline,0.5,0.05,1,2008-04-30,0.22509500107711672,7,0.18447512575947386,0.05000000000000001,0.05000000000000001,0.05000000000000001,0.05219773294913471,0.05000000000000001,0.05000000000000001,0.05000000000000001,0.05000000000000001,0.4133271412913914
baseline,0.5,0.05,1,2008-05-30,0.2222768751745608,7,0.1831725910430068,0.05000000000000002,0.05000000000000002,0.05000000000000002,0.05697566692933003,0.05000000000000002,0.05000000000000002,0.05000000000000002,0.05000000000000002,0.4098517420276632
baseline,0.5,0.05,1,2008-06-30,0.22784722610303243,7,0.17407171453587336,0.05000000000000002,0.05000000000000002,0.05000000000000002,0.05521787348264443,0.05000000000000002,0.05000000000000002,0.05000000000000002,0.05000000000000002,0.42071041198148224
baseline,0.5,0.05,1,2008-07-31,0.21604833131414747,6,0.16850873235152525,0.05000000000000002,0.05000000000000002,0.05000000000000002,0.06941286807091683,0.05000000000000002,0.05628684858353726,0.05000000000000002,0.05000000000000002,0.4057915509940207
baseline,0.5,0.05,1,2008-08-29,0.18968627417075062,5,0.18018740512978793,0.04999999999999999,0.04999999999999999,0.04999999999999999,0.09436697215743783,0.05357685066728872,0.0626836888436506,0.04999999999999999,0.04999999999999999,0.35918508320183495
baseline,0.5,0.05,1,2008-09-30,0.2016528986725961,5,0.07120224886790269,0.05000000000000001,0.05000000000000001,0.05000000000000001,0.20468085213828555,0.3697860508599683,0.05369853363900203,0.05063231449484148,0.05000000000000001,0.05000000000000001
baseline,0.5,0.05,1,2008-10-31,0.1634818774433926,6,0.05,0.05,0.05,0.09281812195290151,0.09614616561236075,0.26019967353168794,0.05,0.25083603890304995,0.05,0.05
baseline,0.5,0.05,1,2008-11-28,0.19595264083691397,6,0.05,0.05,0.05,0.06336600728577448,0.06506127302073163,0.2173877715514234,0.05,0.3541849481420704,0.05,0.05
baseline,0.5,0.05,1,2008-12-31,0.22810654271816316,8,0.05,0.05,0.05,0.05,0.05,0.18145350549644415,0.05,0.4185464945035558,0.05,0.05
baseline,0.5,0.05,1,2009-01-30,0.27114316583393266,7,0.05,0.05,0.05,0.055333482132353506,0.05,0.10528217477569468,0.05,0.48938434309195183,0.05,0.05
baseline,0.5,0.05,1,2009-02-27,0.17812497119525308,5,0.2293615010286966,0.05,0.05,0.05,0.08904054490650162,0.05241821101415529,0.06619265359078493,0.05,0.05,0.3129870894598616
baseline,0.5,0.05,1,2009-03-31,0.226541738844846,6,0.1764556558949665,0.05000000000000001,0.05000000000000001,0.05000000000000001,0.05416277209486158,0.05000000000000001,0.0512350632881956,0.05000000000000001,0.05000000000000001,0.41814650872197634
baseline,0.5,0.05,1,2009-04-30,0.22919205785569663,8,0.17918597379505846,0.05000000000000001,0.05000000000000001,0.05000000000000001,0.05000000000000001,0.05000000000000001,0.05000000000000001,0.05000000000000001,0.05000000000000001,0.42081402620494157
baseline,0.5,0.05,1,2009-05-29,0.2227023506932795,8,0.19345810520438583,0.05000000000000001,0.05000000000000001,0.05000000000000001,0.05000000000000001,0.05000000000000001,0.05000000000000001,0.05000000000000001,0.05000000000000001,0.40654189479561426
baseline,0.5,0.05,1,2009-06-30,0.2240801180061041,8,0.19027279734244534,0.05000000000000001,0.05000000000000001,0.05000000000000001,0.05000000000000001,0.05000000000000001,0.05000000000000001,0.05000000000000001,0.05000000000000001,0.40972720265755463
baseline,0.5,0.05,1,2009-07-31,0.22639170809095727,8,0.18512679143734767,0.05000000000000001,0.05000000000000001,0.05000000000000001,0.05000000000000001,0.05000000000000001,0.05000000000000001,0.05000000000000001,0.05000000000000001,0.41487320856265236
baseline,0.5,0.05,1,2009-08-31,0.22706972778960774,8,0.18366056603711775,0.05000000000000001,0.05000000000000001,0.05000000000000001,0.05000000000000001,0.05000000000000001,0.05000000000000001,0.05000000000000001,0.05000000000000001,0.4163394339628823
baseline,0.5,0.05,1,2009-09-30,0.22513271834712845,8,0.18790022670154863,0.05000000000000001,0.05000000000000001,0.05000000000000001,0.05000000000000001,0.05000000000000001,0.05000000000000001,0.05000000000000001,0.05000000000000001,0.41209977329845143
baseline,0.5,0.05,1,2009-10-30,0.2273192956851329,7,0.18222613709679678,0.05000000000000001,0.05000000000000001,0.05000000000000001,0.05057471522445011,0.05000000000000001,0.05000000000000001,0.05000000000000001,0.05000000000000001,0.41719914767875316
baseline,0.5,0.05,1,2009-11-30,0.2282165267743771,7,0.18112608169624703,0.05000000000000001,0.05000000000000001,0.05000000000000001,0.050061671123648205,0.05000000000000001,0.05000000000000001,0.05000000000000001,0.05000000000000001,0.4188122471801048
baseline,0.5,0.05,1,2009-12-31,0.22674766614762037,7,0.18433118561745496,0.05000000000000001,0.05000000000000001,0.05000000000000001,0.05001488168556907,0.05000000000000001,0.05000000000000001,0.05000000000000001,0.05000000000000001,0.415653932696976
baseline,0.5,0.05,1,2010-01-29,0.22459459241110413,7,0.1809770651343933,0.05000000000000001,0.05000000000000001,0.05000000000000001,0.055136667653859925,0.05000000000000001,0.05000000000000001,0.05000000000000001,0.05000000000000001,0.4138862672117468
baseline,0.5,0.05,1,2010-02-26,0.22157284566084978,7,0.18231691601319128,0.05000000000000001,0.05000000000000001,0.05000000000000001,0.05852803100154941,0.05000000000000001,0.05000000000000001,0.05000000000000001,0.05000000000000001,0.40915505298525934
baseline,0.5,0.05,1,2010-03-31,0.22450457198754256,7,0.18319053810431324,0.05000000000000002,0.05000000000000002,0.05000000000000002,0.053835438084441516,0.05000000000000002,0.05000000000000002,0.05000000000000002,0.05000000000000002,0.41297402381124526
baseline,0.5,0.05,1,2010-04-30,0.2249644178001622,7,0.18473520881695113,0.05000000000000001,0.05000000000000001,0.05000000000000001,0.052213913353400476,0.05000000000000001,0.05000000000000001,0.05000000000000001,0.05000000000000001,0.4130508778296485
baseline,0.5,0.05,1,2010-05-28,0.20147020038888064,6,0.18429671023291821,0.05000000000000001,0.05000000000000001,0.05000000000000001,0.07845108165559177,0.05000000000000001,0.05932198605485165,0.05000000000000001,0.05000000000000001,0.37793022205663845
baseline,0.5,0.05,1,2010-06-30,0.20688911799410042,6,0.17983424092079917,0.05000000000000001,0.05000000000000001,0.05000000000000001,0.0762279228136193,0.05000000000000001,0.05583995266322241,0.05000000000000001,0.05000000000000001,0.3880978836023592
baseline,0.5,0.05,1,2010-07-30,0.20741038252700092,6,0.18415578105849403,0.05000000000000001,0.05000000000000001,0.05000000000000001,0.072584458388307,0.05000000000000001,0.05581534598093926,0.05000000000000001,0.05000000000000001,0.38744441457225975
baseline,0.5,0.05,1,2010-08-31,0.22150053306368672,6,0.1798310811096785,0.05000000000000001,0.05000000000000001,0.05000000000000001,0.05937139169477102,0.05000000000000001,0.05085883399426071,0.05000000000000001,0.05000000000000001,0.40993869320128984
baseline,0.5,0.05,1,2010-09-30,0.22464326368824628,7,0.187088381632474,0.05000000000000002,0.05000000000000002,0.05000000000000002,0.05118154876846276,0.05000000000000002,0.05000000000000002,0.05000000000000002,0.05000000000000002,0.4117300695990633
baseline,0.5,0.05,1,2010-10-29,0.22416609908384255,7,0.18291304173078643,0.05000000000000002,0.05000000000000002,0.05000000000000002,0.0544851018437899,0.05000000000000002,0.05000000000000002,0.05000000000000002,0.05000000000000002,0.4126018564254237
baseline,0.5,0.05,1,2010-11-30,0.22646865119674245,8,0.18495946106536532,0.05000000000000001,0.05000000000000001,0.05000000000000001,0.05000000000000001,0.05000000000000001,0.05000000000000001,0.05000000000000001,0.05000000000000001,0.4150405389346347
baseline,0.5,0.05,1,2010-12-31,0.22633822687090124,8,0.18524324231030848,0.05000000000000001,0.05000000000000001,0.05000000000000001,0.05000000000000001,0.05000000000000001,0.05000000000000001,0.05000000000000001,0.05000000000000001,0.4147567576896916
baseline,0.5,0.05,1,2011-01-31,0.22663983364057766,8,0.18458805598947403,0.05000000000000001,0.05000000000000001,0.05000000000000001,0.05000000000000001,0.05000000000000001,0.05000000000000001,0.05000000000000001,0.05000000000000001,0.41541194401052606
baseline,0.5,0.05,1,2011-02-28,0.22442593110907494,7,0.1867239080113776,0.05000000000000001,0.05000000000000001,0.05000000000000001,0.05171063760149816,0.05000000000000001,0.05000000000000001,0.05000000000000001,0.05000000000000001,0.4115654543871243
baseline,0.5,0.05,1,2011-03-31,0.22181024781853242,6,0.18285839823862887,0.05000000000000001,0.05000000000000001,0.05000000000000001,0.05778147552690667,0.05000000000000001,0.050057552959126866,0.05000000000000001,0.05000000000000001,0.40930257327533764
baseline,0.5,0.05,1,2011-04-29,0.2193832627470894,6,0.18220325896114792,0.05000000000000002,0.05000000000000002,0.05000000000000002,0.05949338356976926,0.05000000000000002,0.05219859349903387,0.05000000000000002,0.05000000000000002,0.40610476397004897
baseline,0.5,0.05,1,2011-05-31,0.21416883403869008,6,0.17890390175765708,0.05000000000000001,0.05000000000000001,0.05000000000000001,0.06647538715372728,0.05000000000000001,0.054968753773320105,0.05000000000000001,0.05000000000000001,0.39965195731529557
baseline,0.5,0.05,1,2011-06-30,0.21404740372610073,6,0.18109397443561476,0.05000000000000001,0.05000000000000001,0.05000000000000001,0.06610764993932798,0.05000000000000001,0.05410732746450231,0.05000000000000001,0.05000000000000001,0.39869104816055506
baseline,0.5,0.05,1,2011-07-29,0.21513972885663105,6,0.1797973208360044,0.05,0.05,0.05,0.06599895318987867,0.05,0.05345527057839536,0.05,0.05,0.4007484553957216
baseline,0.5,0.05,1,2011-08-31,0.14806383485096453,5,0.15178098438358048,0.05,0.05,0.05,0.20984749029804098,0.2396433063097265,0.07351480910716303,0.05,0.05,0.07521340990148899
baseline,0.5,0.05,1,2011-09-30,0.21960523823794298,7,0.18627406466272722,0.05000000000000001,0.05000000000000001,0.05000000000000001,0.058822019451523905,0.05000000000000001,0.05000000000000001,0.05000000000000001,0.05000000000000001,0.4049039158857489
baseline,0.5,0.05,1,2011-10-31,0.13529379082807458,5,0.21148198258828854,0.04999999999999999,0.04999999999999999,0.04999999999999999,0.16653227241947322,0.14400206657781278,0.07149895673825743,0.04999999999999999,0.04999999999999999,0.15648472167616795
baseline,0.5,0.05,1,2011-11-30,0.21393822206581534,6,0.18780836023839695,0.05,0.05,0.05,0.06572818205549194,0.05,0.0504873534878766,0.05,0.05,0.39597610421823454
baseline,0.5,0.05,1,2011-12-30,0.22192643717808297,7,0.1903975241860178,0.05000000000000002,0.05000000000000002,0.05000000000000002,0.052942534311795277,0.05000000000000002,0.05000000000000002,0.05000000000000002,0.05000000000000002,0.40665994150218693
baseline,0.5,0.05,1,2012-01-31,0.2237146968282601,7,0.18276797828112787,0.05000000000000001,0.05000000000000001,0.05000000000000001,0.0552096181999563,0.05000000000000001,0.05000000000000001,0.05000000000000001,0.05000000000000001,0.41202240351891584
baseline,0.5,0.05,1,2012-02-29,0.223460964307448,8,0.19169264958589385,0.05000000000000001,0.05000000000000001,0.05000000000000001,0.05000000000000001,0.05000000000000001,0.05000000000000001,0.05000000000000001,0.05000000000000001,0.4083073504141062
baseline,0.5,0.05,1,2012-03-30,0.22512377681453744,8,0.18792016948947193,0.05000000000000001,0.05000000000000001,0.05000000000000001,0.05000000000000001,0.05000000000000001,0.05000000000000001,0.05000000000000001,0.05000000000000001,0.4120798305105281
baseline,0.5,0.05,1,2012-04-30,0.2237859066561664,7,0.18468652836911198,0.05000000000000002,0.05000000000000002,0.05000000000000002,0.05388526234367202,0.05000000000000002,0.05000000000000002,0.05000000000000002,0.05000000000000002,0.411428209287216
baseline,0.5,0.05,1,2012-05-31,0.21088756828869742,6,0.1804419329422977,0.05000000000000001,0.05000000000000001,0.05000000000000001,0.07085253301592219,0.05000000000000001,0.05458841924711152,0.05000000000000001,0.05000000000000001,0.3941171147946686
baseline,0.5,0.05,1,2012-06-29,0.19841467254031092,6,0.18746110428002738,0.05000000000000001,0.05000000000000001,0.05000000000000001,0.08249972422932594,0.05000000000000001,0.05849489453603238,0.05000000000000001,0.05000000000000001,0.37154427695461445
baseline,0.5,0.05,1,2012-07-31,0.20972331307911116,6,0.18220694418509667,0.05000000000000002,0.05000000000000002,0.05000000000000002,0.07174342853800114,0.05000000000000002,0.054358444681090176,0.05000000000000002,0.05000000000000002,0.3916911825958121
baseline,0.5,0.05,1,2012-08-31,0.222773195216297,7,0.18781949453513738,0.05000000000000001,0.05000000000000001,0.05000000000000001,0.05333814603185726,0.05000000000000001,0.05000000000000001,0.05000000000000001,0.05000000000000001,0.40884235943300534
baseline,0.5,0.05,1,2012-09-28,0.22569695797957223,7,0.18381893093475965,0.05000000000000002,0.05000000000000002,0.05000000000000002,0.051782558932856396,0.05000000000000002,0.05000000000000002,0.05000000000000002,0.05000000000000002,0.414398510132384
baseline,0.5,0.05,1,2012-10-31,0.22522629409192096,7,0.1823894668509273,0.05000000000000001,0.05000000000000001,0.05000000000000001,0.05334672408101038,0.05000000000000001,0.05000000000000001,0.05000000000000001,0.05000000000000001,0.4142638090680623
baseline,0.5,0.05,1,2012-11-30,0.22070872440818626,6,0.1819492533344781,0.05000000000000001,0.05000000000000001,0.05000000000000001,0.058782533671881874,0.05000000000000001,0.05119061176930067,0.05000000000000001,0.05000000000000001,0.4080776012243394
baseline,0.5,0.05,1,2012-12-31,0.22048929924177343,6,0.18426897216746366,0.05000000000000001,0.05000000000000001,0.05000000000000001,0.05776764508944795,0.05000000000000001,0.05103238067859258,0.05000000000000001,0.05000000000000001,0.40693100206449584
baseline,0.5,0.05,1,2013-01-31,0.22192115998911943,7,0.18914441179750965,0.05000000000000001,0.05000000000000001,0.05000000000000001,0.053719538937314355,0.05000000000000001,0.05000000000000001,0.05000000000000001,0.05000000000000001,0.40713604926517605
baseline,0.5,0.05,1,2013-02-28,0.22336237688042926,7,0.18879313620314356,0.05000000000000001,0.05000000000000001,0.05000000000000001,0.05190866001583441,0.05000000000000001,0.05000000000000001,0.05000000000000001,0.05000000000000001,0.40929820378102205
baseline,0.5,0.05,1,2013-03-28,0.22168146177393586,7,0.18736870348356147,0.05000000000000001,0.05000000000000001,0.05000000000000001,0.05516149350933942,0.05000000000000001,0.05000000000000001,0.05000000000000001,0.05000000000000001,0.4074698030070991
baseline,0.5,0.05,1,2013-04-30,0.2192367219269748,7,0.18868906721990192,0.05000000000000001,0.05000000000000001,0.05000000000000001,0.057841593267206205,0.05000000000000001,0.05000000000000001,0.05000000000000001,0.05000000000000001,0.4034693395128919
baseline,0.5,0.05,1,2013-05-31,0.22482799612448226,7,0.18817668315231592,0.05000000000000001,0.05000000000000001,0.05000000000000001,0.05025017380388098,0.05000000000000001,0.05000000000000001,0.05000000000000001,0.05000000000000001,0.4115731430438032
baseline,0.5,0.05,1,2013-06-28,0.22526426399765864,8,0.18760724223140846,0.05000000000000001,0.05000000000000001,0.05000000000000001,0.05000000000000001,0.05000000000000001,0.05000000000000001,0.05000000000000001,0.05000000000000001,0.4123927577685916
baseline,0.5,0.05,1,2013-07-31,0.2257867192277795,8,0.18645106951675106,0.05000000000000001,0.05000000000000001,0.05000000000000001,0.05000000000000001,0.05000000000000001,0.05000000000000001,0.05000000000000001,0.05000000000000001,0.41354893048324903
baseline,0.5,0.05,1,2013-08-30,0.22834891697507748,8,0.18094346516239138,0.05000000000000001,0.05000000000000001,0.05000000000000001,0.05000000000000001,0.05000000000000001,0.05000000000000001,0.05000000000000001,0.05000000000000001,0.4190565348376087
baseline,0.5,0.05,1,2013-09-30,0.226697939345947,8,0.1844622586642205,0.05000000000000001,0.05000000000000001,0.05000000000000001,0.05000000000000001,0.05000000000000001,0.05000000000000001,0.05000000000000001,0.05000000000000001,0.41553774133577953
baseline,0.5,0.05,1,2013-10-31,0.2267552304872854,8,0.18433835880620295,0.05000000000000001,0.05000000000000001,0.05000000000000001,0.05000000000000001,0.05000000000000001,0.05000000000000001,0.05000000000000001,0.05000000000000001,0.41566164119379717
baseline,0.5,0.05,1,2013-11-29,0.22451678789652876,8,0.1892823683948018,0.05000000000000001,0.05000000000000001,0.05000000000000001,0.05000000000000001,0.05000000000000001,0.05000000000000001,0.05000000000000001,0.05000000000000001,0.4107176316051982
baseline,0.5,0.05,1,2013-12-31,0.22554425903007944,8,0.18698615343667097,0.05000000000000001,0.05000000000000001,0.05000000000000001,0.05000000000000001,0.05000000000000001,0.05000000000000001,0.05000000000000001,0.05000000000000001,0.4130138465633291
baseline,0.5,0.05,1,2014-01-31,0.22479692509445548,7,0.18249121150404385,0.05000000000000002,0.05000000000000002,0.05000000000000002,0.05387714560635104,0.05000000000000002,0.05000000000000002,0.05000000000000002,0.05000000000000002,0.41363164288960513
baseline,0.5,0.05,1,2014-02-28,0.22043003271978912,6,0.1840664976454681,0.05000000000000001,0.05000000000000001,0.05000000000000001,0.058808270194266946,0.05000000000000001,0.05022388559473007,0.05000000000000001,0.05000000000000001,0.4069013465655349
baseline,0.5,0.05,1,2014-03-31,0.21703829275697448,6,0.18319894749971558,0.05000000000000001,0.05000000000000001,0.05000000000000001,0.06220408917709135,0.05000000000000001,0.05225864312435799,0.05000000000000001,0.05000000000000001,0.40233832019883514
baseline,0.5,0.05,1,2014-04-30,0.2176059354383399,6,0.18550502601786495,0.05,0.05,0.05,0.05989220784724102,0.05,0.05226580566832873,0.05,0.05,0.40233696046656525
baseline,0.5,0.05,1,2014-05-30,0.21905268015081408,6,0.1854118447038867,0.05,0.05,0.05,0.05870632719747245,0.05,0.05142664473091686,0.05,0.05,0.404455183367724
baseline,0.5,0.05,1,2014-06-30,0.2226034988123355,7,0.18460183830382706,0.05000000000000001,0.05000000000000001,0.05000000000000001,0.05560032922615294,0.05000000000000001,0.05000000000000001,0.05000000000000001,0.05000000000000001,0.40979783247002
baseline,0.5,0.05,1,2014-07-31,0.21921640767121325,6,0.1846840263369221,0.05,0.05,0.05,0.05903228982425584,0.05,0.05132837131191126,0.05,0.05,0.40495531252691075
baseline,0.5,0.05,1,2014-08-29,0.22050808544297235,6,0.18348196932021932,0.05,0.05,0.05,0.0582137919653922,0.05,0.051061946705011005,0.05,0.05,0.4072422920093775
baseline,0.5,0.05,1,2014-09-30,0.22141922200821484,6,0.18140406588412977,0.05000000000000001,0.05000000000000001,0.05000000000000001,0.0589153465551655,0.05000000000000001,0.050413919549682884,0.05000000000000001,0.05000000000000001,0.40926666801102185
baseline,0.5,0.05,1,2014-10-31,0.21153117231294688,6,0.18605285643316904,0.05000000000000001,0.05000000000000001,0.05000000000000001,0.06732084121926596,0.05000000000000001,0.05353994320325719,0.05000000000000001,0.05000000000000001,0.3930863591443079
baseline,0.5,0.05,1,2014-11-28,0.21805018949546334,6,0.18454185824262592,0.05000000000000001,0.05000000000000001,0.05000000000000001,0.06129006113460014,0.05000000000000001,0.05086869232822809,0.05000000000000001,0.05000000000000001,0.4032993882945459
baseline,0.5,0.05,2,2008-04-30,0.13774036979664445,3,0.20214309067818148,0.05,0.05,0.06751148065806008,0.17836931658457672,0.06588735854015595,0.06274059933069595,0.07597813801471706,0.05,0.19737001619361277
baseline,0.5,0.05,2,2008-05-30,0.14044302610128048,3,0.22127988698632212,0.05,0.05,0.0636233410428826,0.16290559070288235,0.062126534716252534,0.06618999018216526,0.07510047876642881,0.05,0.1987741776030662
baseline,0.5,0.05,2,2008-06-30,0.1382643146707209,3,0.20946701004079252,0.05,0.05,0.06604268880833178,0.1725720102835713,0.06403815590761808,0.06564860764917041,0.07578532536863086,0.05,0.19644620194188503
baseline,0.5,0.05,2,2008-07-31,0.13825338125848033,3,0.14988966118305105,0.05,0.05,0.07346142839826943,0.24512470413317192,0.08493047158522601,0.05627600961737657,0.0780441980315336,0.05,0.16227352705137138
baseline,0.5,0.05,2,2008-08-29,0.1442633735644505,4,0.15086970372027877,0.05,0.05,0.07459847728001937,0.26103711690410386,0.0817867355748926,0.05,0.0696856182301512,0.05,0.1620223482905542
baseline,0.5,0.05,2,2008-09-30,0.2506813467603514,7,0.05,0.05,0.05,0.06015759005135237,0.4616625868094139,0.12817982313923368,0.05,0.05,0.05,0.05
baseline,0.5,0.05,2,2008-10-31,0.21295550606459668,6,0.05,0.05,0.05,0.07187757524267435,0.40658850802739027,0.14908319024545263,0.05,0.07245072648448277,0.05,0.05
baseline,0.5,0.05,2,2008-11-28,0.1611603329191846,6,0.05,0.05,0.05,0.05701936728411835,0.2013847554066361,0.1715544338278354,0.05,0.2700414434814101,0.05,0.05
baseline,0.5,0.05,2,2008-12-31,0.26365863735506817,7,0.05,0.05,0.05,0.05,0.05,0.08314268295548144,0.08520867632750481,0.48164864071701374,0.05,0.05
baseline,0.5,0.05,2,2009-01-30,0.21448604927956785,7,0.05000000000000001,0.05000000000000001,0.05000000000000001,0.05000000000000001,0.05000000000000001,0.07824705653658787,0.16880227892349153,0.40295066453992057,0.05000000000000001,0.05000000000000001
baseline,0.5,0.05,2,2009-02-27,0.2043128404795499,6,0.09687087072692147,0.05,0.05,0.05,0.05,0.05,0.3892211075243142,0.1596677825923559,0.05,0.05424023915640843
baseline,0.5,0.05,2,2009-03-31,0.20943991626437425,6,0.09271759297000816,0.05000000000000001,0.05000000000000001,0.05000000000000001,0.05000000000000001,0.05000000000000001,0.3975254569997587,0.15881309382512693,0.05000000000000001,0.050943856205106226
baseline,0.5,0.05,2,2009-04-30,0.19777354241992004,6,0.10712532329733201,0.05,0.05,0.05,0.05,0.05,0.3795648501045828,0.15397135352754632,0.05,0.05933847307053887
baseline,0.5,0.05,2,2009-05-29,0.1845538275394385,6,0.13044575740737377,0.05,0.05,0.05,0.05,0.05,0.3575997037107955,0.1391270850022544,0.05,0.0728274538795762
baseline,0.5,0.05,2,2009-06-30,0.15012477530887547,6,0.20990325338260604,0.05,0.05,0.05,0.05,0.05,0.24875500078323257,0.11503926690873703,0.05,0.12630247892542434
baseline,0.5,0.05,2,2009-07-31,0.16435701147190895,5,0.3056744123392113,0.05,0.05,0.05,0.06480115019999551,0.05,0.13157533864532445,0.06843389535860102,0.05,0.17951520345686778
baseline,0.5,0.05,2,2009-08-31,0.16564071347268305,5,0.30685622484703035,0.04999999999999999,0.04999999999999999,0.04999999999999999,0.07813460946439797,0.04999999999999999,0.10443013509673045,0.06697054167527276,0.04999999999999999,0.1936084889165684
baseline,0.5,0.05,2,2009-09-30,0.16408419040091443,5,0.30414305208538256,0.05,0.05,0.05,0.07314416493525654,0.05,0.11389373133329163,0.06913642809062441,0.05,0.18968262355544482
baseline,0.5,0.05,2,2009-10-30,0.1660858320677382,5,0.3088797633121844,0.05000000000000002,0.05000000000000002,0.05000000000000002,0.0796570031734598,0.05000000000000002,0.10661773604468541,0.06420316988542185,0.05000000000000002,0.19064232758424865
baseline,0.5,0.05,2,2009-11-30,0.16900048461275588,5,0.31641525917172614,0.05,0.05,0.05,0.07897644202031225,0.05,0.10732625621860886,0.06019237901458585,0.05,0.1870896635747669
baseline,0.5,0.05,2,2009-12-31,0.17086797513025734,5,0.3188187092381721,0.05,0.05,0.05,0.08239101258794804,0.05,0.09839015353967338,0.05847827692161878,0.05,0.1919218477125878
baseline,0.5,0.05,2,2010-01-29,0.1668070244464007,5,0.3076577842743814,0.05000000000000001,0.05000000000000001,0.05000000000000001,0.09276886982168468,0.05000000000000001,0.09025238051164133,0.061548533378229936,0.05000000000000001,0.19777243201406267
baseline,0.5,0.05,2,2010-02-26,0.15629860991712247,5,0.2663696365010324,0.05,0.05,0.05,0.14058281021524627,0.05,0.06643908791405809,0.06615152594599095,0.05,0.21045693942367244
baseline,0.5,0.05,2,2010-03-31,0.14642137616119713,3,0.24301779550763905,0.05,0.05,0.057483710413688036,0.1467588161019008,0.05614278753402906,0.06988921090885329,0.072395080639821,0.05,0.20431259889406883
baseline,0.5,0.05,2,2010-04-30,0.1505450045423288,3,0.2571230962958332,0.05,0.05,0.05234267203614576,0.13582664538534048,0.053803770099080564,0.0742760852446721,0.07096829507802874,0.05,0.20565943586089913
baseline,0.5,0.05,2,2010-05-28,0.1463752274797225,3,0.1575823369548382,0.05,0.05,0.06743480117771891,0.26589210955104897,0.08298551401487597,0.050037478302182935,0.06914021643944654,0.05,0.15692754355988853
baseline,0.5,0.05,2,2010-06-30,0.14888458708361504,4,0.1515119429246251,0.05,0.05,0.06778957370740266,0.27288523500921924,0.08115272722812572,0.05,0.06540490511965402,0.05,0.16125561601097332
baseline,0.5,0.05,2,2010-07-30,0.13949540389886608,3,0.16899502304251182,0.05,0.05,0.06876685578715601,0.2310662389599517,0.07613751549892825,0.05444995841894736,0.07451028430291197,0.05,0.17607412398959293
baseline,0.5,0.05,2,2010-08-31,0.13934470597872337,3,0.21132322848005922,0.05,0.05,0.060882464835536894,0.17115499193836733,0.06309474130881697,0.06595994279715035,0.07826042589308309,0.05,0.19932420474698612
baseline,0.5,0.05,2,2010-09-30,0.14898470467688898,3,0.25283613281667383,0.05,0.05,0.05328855804561484,0.13565262919405593,0.05482554536697137,0.0751345747127449,0.07223128912371053,0.05,0.20603127074022862
baseline,0.5,0.05,2,2010-10-29,0.1646056621912192,5,0.30277544017533753,0.05,0.05,0.05,0.09486349259741865,0.05,0.09217706445155888,0.0626785608549132,0.05,0.19750544192077185
baseline,0.5,0.05,2,2010-11-30,0.17478422596824025,5,0.32790795510695236,0.05,0.05,0.05,0.07922627801180793,0.05,0.09921344335344534,0.05490359047468612,0.05,0.1887487330531083
baseline,0.5,0.05,2,2010-12-31,0.1762161823671694,5,0.32989342088722573,0.05,0.05,0.05,0.0809608538860501,0.05,0.09473821669573373,0.05332339224305838,0.05,0.191084116287932
baseline,0.5,0.05,2,2011-01-31,0.17420545777025412,5,0.32500565155598443,0.04999999999999999,0.04999999999999999,0.04999999999999999,0.08274829027660272,0.04999999999999999,0.0930442831026103,0.055602685681120034,0.04999999999999999,0.19359908938368253
baseline,0.5,0.05,2,2011-02-28,0.1682499139948015,5,0.30983457690981747,0.05,0.05,0.05,0.09584353916016373,0.05,0.08661835266236326,0.05864431974908278,0.05,0.19905921151857267
baseline,0.5,0.05,2,2011-03-31,0.15463088420518167,3,0.2666770472900012,0.05,0.05,0.05078922429350446,0.1315870777063237,0.05143978147331632,0.07317753968153465,0.06766792828535531,0.05,0.20866140126996433
baseline,0.5,0.05,2,2011-04-29,0.13906982944579063,2,0.2252699257968932,0.05,0.05,0.06437173347888434,0.15331966119957666,0.06271284780991174,0.07213296879028176,0.07330358146968259,0.05306455715683889,0.1958247242979309
baseline,0.5,0.05,2,2011-05-31,0.1401604713644001,3,0.21783368545331466,0.05,0.05,0.06426659523862412,0.16725540592846688,0.06246484304873982,0.065405155217711,0.07425107169864918,0.05,0.19852324341449437
baseline,0.5,0.05,2,2011-06-30,0.13720425180880158,3,0.1945434057229742,0.04999999999999999,0.04999999999999999,0.06800363606059488,0.19368348053743822,0.06978267300660712,0.06080132516576284,0.07449804191487587,0.04999999999999999,0.1886874375917466
baseline,0.5,0.05,2,2011-07-29,0.13675886669912152,3,0.1890684952605565,0.05000000000000001,0.05000000000000001,0.07044394621959149,0.1988204833798149,0.07035900355250882,0.059511814224270064,0.07495462579350176,0.05000000000000001,0.18684163156975653
baseline,0.5,0.05,2,2011-08-31,0.2386783051368769,5,0.06329964371402377,0.04999999999999999,0.04999999999999999,0.059350601746389904,0.44822835735042615,0.1186988910259596,0.04999999999999999,0.04999999999999999,0.04999999999999999,0.06042250616320051
baseline,0.5,0.05,2,2011-09-30,0.16810370975129302,4,0.13053954202316279,0.05,0.05,0.06684850640026606,0.32907300414289925,0.0862398548258991,0.05,0.052859932124188366,0.05,0.13443916048358448
baseline,0.5,0.05,2,2011-10-31,0.19226481989868388,6,0.10884349560691906,0.05,0.05,0.05,0.05,0.05,0.3694723763753588,0.15740465710034798,0.05,0.06427947091737411
baseline,0.5,0.05,2,2011-11-30,0.15009631841671692,4,0.15518477595000812,0.05,0.05,0.06889628918795697,0.27640906382537467,0.08114263439668881,0.05,0.06207161154013871,0.05,0.15629562509983272
baseline,0.5,0.05,2,2011-12-30,0.14250681227224032,3,0.20270953633930605,0.05000000000000001,0.05000000000000001,0.0639963108212301,0.20291652622301562,0.06628562456422259,0.05466250043704384,0.06802437228650042,0.05000000000000001,0.1914051293286815
baseline,0.5,0.05,2,2012-01-31,0.14286980962268664,3,0.22629197010235091,0.05,0.05,0.06184167410915651,0.16427253989755644,0.05971215756665143,0.06416598431531394,0.07279168578031839,0.05,0.20092398822865237
baseline,0.5,0.05,2,2012-02-29,0.15950829053675078,5,0.2872200287211722,0.05,0.05,0.05,0.10699038462783692,0.05,0.08521026824737775,0.0674714107480337,0.05,0.20310790765557937
baseline,0.5,0.05,2,2012-03-30,0.16952139515302142,5,0.31476317501471945,0.05,0.05,0.05,0.08819527559743717,0.05,0.09325550718105681,0.05882370003700521,0.05,0.19496234216978134
baseline,0.5,0.05,2,2012-04-30,0.1659728481391284,5,0.30338879500462873,0.05,0.05,0.05,0.09868518172774803,0.05,0.08448800463775925,0.06153601865962875,0.05,0.2019019999702353
baseline,0.5,0.05,2,2012-05-31,0.14234398911066504,3,0.21037766470496772,0.05000000000000001,0.05000000000000001,0.06390256644827796,0.18743811200025157,0.06172922745925965,0.055593670948738315,0.07319709716603867,0.05000000000000001,0.1977616612724662
baseline,0.5,0.05,2,2012-06-29,0.1427688920647482,4,0.16768409343313287,0.05,0.05,0.07124569958872876,0.24456076277547076,0.0770799128855751,0.05,0.06891881468191847,0.05,0.17051071663517411
baseline,0.5,0.05,2,2012-07-31,0.1382896555917813,3,0.1824538037210495,0.05,0.05,0.07131986522571027,0.21206982224726006,0.0716270721518195,0.05454645234543072,0.0739607307986894,0.05,0.18402225351004042
baseline,0.5,0.05,2,2012-08-31,0.14316076375315906,2,0.23974657106215477,0.04999999999999999,0.04999999999999999,0.06053850824491304,0.1416133822931539,0.05875829354490826,0.07411193679851677,0.07215886070739334,0.05309156704940654,0.19998088029955338
baseline,0.5,0.05,2,2012-09-28,0.16103008092486576,5,0.2919245839104101,0.05000000000000001,0.05000000000000001,0.05000000000000001,0.10673166668464695,0.05000000000000001,0.08655202631064271,0.0639492108174957,0.05000000000000001,0.20084251227680458
baseline,0.5,0.05,2,2012-10-31,0.1664862330502575,5,0.3073310761667552,0.05,0.05,0.05,0.09019586208253753,0.05,0.09363283019037447,0.06184678705844878,0.05,0.19699344450188408
baseline,0.5,0.05,2,2012-11-30,0.16042576135830797,5,0.28899911286607144,0.05,0.05,0.05,0.10612515580826794,0.05,0.08461203507601427,0.06634850642555243,0.05,0.20391518982409396
baseline,0.5,0.05,2,2012-12-31,0.15520153819778737,5,0.27211555557522077,0.05,0.05,0.05,0.11604758180140506,0.05,0.08173502581772349,0.07193892447573165,0.05,0.20816291232991901
baseline,0.5,0.05,2,2013-01-31,0.15745036130496123,4,0.27974661649162375,0.05,0.05,0.05,0.11531184313007772,0.05015453269729337,0.08150678336991417,0.06809998772014687,0.05,0.20518023659094412
baseline,0.5,0.05,2,2013-02-28,0.16169294942454382,5,0.29279855189572457,0.05000000000000001,0.05000000000000001,0.05000000000000001,0.10133434287118535,0.05000000000000001,0.0858924008592983,0.0665306747881827,0.05000000000000001,0.20344402958560914
baseline,0.5,0.05,2,2013-03-28,0.1572052346556438,4,0.27628043337802866,0.05000000000000001,0.05000000000000001,0.05032803456905669,0.12053873771003827,0.05000000000000001,0.07652582911590813,0.06824438630164442,0.05000000000000001,0.2080825789253239
baseline,0.5,0.05,2,2013-04-30,0.14304041201456677,3,0.22486045130963034,0.04999999999999999,0.04999999999999999,0.062423715910938496,0.16883284187924774,0.05971989162743662,0.06069729030799962,0.07374663691893794,0.04999999999999999,0.19971917204580905
baseline,0.5,0.05,2,2013-05-31,0.1472992234899857,3,0.2435136600486841,0.05,0.05,0.05777556643001653,0.14824865186808805,0.0552562936726438,0.06668560426589998,0.07256057405202032,0.05,0.20595964966264724
baseline,0.5,0.05,2,2013-06-28,0.14924766600134148,3,0.23943849773005169,0.05,0.05,0.056892541704845895,0.16864158593163203,0.055390181619595656,0.057545585336715624,0.06769509827098388,0.05,0.20439650940617526
baseline,0.5,0.05,2,2013-07-31,0.15933144860723375,4,0.2780713910828103,0.05,0.05,0.050849145379927366,0.1317114783948383,0.05,0.06843263256474637,0.06236434837640831,0.05,0.20857100420126948
baseline,0.5,0.05,2,2013-08-30,0.16846750721342513,5,0.310244310983914,0.04999999999999999,0.04999999999999999,0.04999999999999999,0.0995726845385655,0.04999999999999999,0.08397398836727393,0.05764851285624908,0.04999999999999999,0.19856050325399752
baseline,0.5,0.05,2,2013-09-30,0.17369623475795973,5,0.3257183306486936,0.05,0.05,0.05,0.07703287829382065,0.05,0.10099864308179587,0.05736244818196318,0.05,0.18888769979372672
baseline,0.5,0.05,2,2013-10-31,0.1713224698374286,5,0.3204326045512422,0.05,0.05,0.05,0.07553093104829954,0.05,0.10329095669901735,0.06081728281654728,0.05,0.1899282248848936
baseline,0.5,0.05,2,2013-11-29,0.1742111980849395,5,0.3259183335672006,0.05,0.05,0.05,0.07480709154957361,0.05,0.09856304053075046,0.05921377107595519,0.05,0.1914977632765202
baseline,0.5,0.05,2,2013-12-31,0.17376342826834826,5,0.32443606901010885,0.05,0.05,0.05,0.0796886022460727,0.05,0.09446649686698129,0.05814972453017466,0.05,0.1932591073466624
baseline,0.5,0.05,2,2014-01-31,0.16902510655468506,5,0.3114688116799365,0.05000000000000001,0.05000000000000001,0.05000000000000001,0.09391764813490153,0.05000000000000001,0.08506008226224365,0.059874851590925135,0.05000000000000001,0.19967860633199327
baseline,0.5,0.05,2,2014-02-28,0.15850172498687604,5,0.2788136154756355,0.04999999999999999,0.04999999999999999,0.04999999999999999,0.12466392624702499,0.04999999999999999,0.07418796254449765,0.06497488263171898,0.04999999999999999,0.2073596131011229
baseline,0.5,0.05,2,2014-03-31,0.13948573368323547,3,0.2165331327589753,0.05,0.05,0.06542578929595047,0.17010938935064837,0.06405476853166918,0.065268429395179,0.07329950791998409,0.05,0.19530898274759367
baseline,0.5,0.05,2,2014-04-30,0.1404144033771119,2,0.22788492389337844,0.04999999999999999,0.04999999999999999,0.06281081659611755,0.1511079502654162,0.06059772187232672,0.07106021509192492,0.07516881278881594,0.05240880372514177,0.1989607557668783
baseline,0.5,0.05,2,2014-05-30,0.14687545136875313,2,0.24833815168753368,0.05,0.05,0.05645203661036787,0.13404251686399363,0.05497628449035518,0.07494298998075832,0.07558246877841591,0.050323438628774815,0.20534211295980065
baseline,0.5,0.05,2,2014-06-30,0.1537825895623715,3,0.26942616582433665,0.05000000000000002,0.05000000000000002,0.050722318008889926,0.11857238647371741,0.05104497022155965,0.08140189105079151,0.07250427970975543,0.05000000000000002,0.20632798871094948
baseline,0.5,0.05,2,2014-07-31,0.1489561678135656,3,0.2554798962244406,0.05,0.05,0.054989000024314186,0.1309054848188191,0.05384918444973453,0.076457178184117,0.07377646753313413,0.05,0.20454278876544046
baseline,0.5,0.05,2,2014-08-29,0.14486487537486747,3,0.24080965271094462,0.05,0.05,0.05873834184501798,0.1440188167520163,0.05684953630714203,0.07216540223646128,0.07442920465283497,0.05,0.20298904549558275
baseline,0.5,0.05,2,2014-09-30,0.14449600064474757,3,0.2337695414338661,0.05,0.05,0.05884208084066678,0.153052717287993,0.05687843346945866,0.06688306124929996,0.0755149974936084,0.05,0.205059168225107
baseline,0.5,0.05,2,2014-10-31,0.13914089123983764,3,0.19832257827189637,0.05,0.05,0.06836313352468512,0.19535764801534306,0.06700689562802878,0.05702117655340981,0.0732257345584824,0.05,0.19070283344815456
baseline,0.5,0.05,2,2014-11-28,0.13934576112724548,3,0.20957177805752303,0.05,0.05,0.06723334520617959,0.17843201739853523,0.06379340317930657,0.06016286417671364,0.07536226925496646,0.05,0.1954443227267755
baseline,0.5,0.05,3,2008-04-30,0.1526578640218139,3,0.19346372179779386,0.05000000000000002,0.05000000000000002,0.06865569295945385,0.13454899330315404,0.06001820361156953,0.05610876859563703,0.0653822533538767,0.05000000000000002,0.271822366378515
baseline,0.5,0.05,3,2008-05-30,0.1524536475704802,3,0.18983039325269424,0.05000000000000002,0.05000000000000002,0.06845346647399887,0.14318253231348124,0.05955298362002762,0.05288483625241787,0.06580455297086338,0.05000000000000002,0.27029123511651676
baseline,0.5,0.05,3,2008-06-30,0.15550230143013394,3,0.18813788642339221,0.05,0.05,0.06637960319454603,0.13826990468116307,0.05816908347799846,0.05322954457903026,0.0655036867177386,0.05,0.2803102909261314
baseline,0.5,0.05,3,2008-07-31,0.14061789868623614,3,0.16316942581208457,0.05,0.05,0.07792195095762446,0.17260322308250786,0.07210362110020462,0.05045445543993233,0.07420970858993466,0.05,0.23953761501771145
baseline,0.5,0.05,3,2008-08-29,0.14519425757652257,4,0.09384424692360978,0.04999999999999999,0.04999999999999999,0.10378891828769417,0.28536799886546543,0.1188838253603384,0.04999999999999999,0.08452585151151462,0.04999999999999999,0.11358915905137759
baseline,0.5,0.05,3,2008-09-30,0.18487959007227872,6,0.05000000000000001,0.05000000000000001,0.05000000000000001,0.11492369416755217,0.35675388335566705,0.15498545035548814,0.05000000000000001,0.07333697212129271,0.05000000000000001,0.05000000000000001
baseline,0.5,0.05,3,2008-10-31,0.16446061724854094,6,0.05,0.05,0.05,0.10229716729269134,0.3132415561941131,0.1566619474100324,0.05,0.12779932910316322,0.05,0.05
baseline,0.5,0.05,3,2008-11-28,0.1505438452613892,6,0.05000000000000001,0.05000000000000001,0.05000000000000001,0.0876116802612381,0.24765561151050683,0.17922290021833234,0.05000000000000001,0.18550980800992273,0.05000000000000001,0.05000000000000001
baseline,0.5,0.05,3,2008-12-31,0.14897964590888793,6,0.05000000000000002,0.05000000000000002,0.05000000000000002,0.08528990529311078,0.2169140393467192,0.1825773863291095,0.05000000000000002,0.21521866903106057,0.05000000000000002,0.05000000000000002
baseline,0.5,0.05,3,2009-01-30,0.14314325323661642,5,0.06781274747807756,0.05,0.05,0.09300435337373672,0.2217319640144558,0.1647555434949325,0.05,0.20269539163879752,0.05,0.05
baseline,0.5,0.05,3,2009-02-27,0.20048581977889243,7,0.24909370634740394,0.05000000000000001,0.05000000000000001,0.05000000000000001,0.05000000000000001,0.05000000000000001,0.05801857045546922,0.05000000000000001,0.05000000000000001,0.34288772319712685
baseline,0.5,0.05,3,2009-03-31,0.19994423265795092,7,0.24608445957337838,0.05000000000000002,0.05000000000000002,0.05000000000000002,0.05000000000000002,0.05000000000000002,0.05998455176108959,0.05000000000000002,0.05000000000000002,0.34393098866553207
baseline,0.5,0.05,3,2009-04-30,0.19866101881500947,7,0.25104672325832506,0.05000000000000001,0.05000000000000001,0.05000000000000001,0.05000000000000001,0.05000000000000001,0.06063373605889419,0.05000000000000001,0.05000000000000001,0.3383195406827808
baseline,0.5,0.05,3,2009-05-29,0.19788628440505324,7,0.24973755179221924,0.05000000000000001,0.05000000000000001,0.05000000000000001,0.05000000000000001,0.05000000000000001,0.0624496605101421,0.05000000000000001,0.05000000000000001,0.3378127876976386
baseline,0.5,0.05,3,2009-06-30,0.1998474548318285,7,0.2452634410039856,0.05000000000000001,0.05000000000000001,0.05000000000000001,0.05000000000000001,0.05000000000000001,0.060439673775366076,0.05000000000000001,0.05000000000000001,0.34429688522064833
baseline,0.5,0.05,3,2009-07-31,0.19992656431604588,7,0.24451363266051507,0.05000000000000002,0.05000000000000002,0.05000000000000002,0.05000000000000002,0.05000000000000002,0.060563630445450156,0.05000000000000002,0.05000000000000002,0.34492273689403474
baseline,0.5,0.05,3,2009-08-31,0.20182666285613782,7,0.2408484031835629,0.05000000000000001,0.05000000000000001,0.05000000000000001,0.05000000000000001,0.05000000000000001,0.0586028643564815,0.05000000000000001,0.05000000000000001,0.35054873245995566
baseline,0.5,0.05,3,2009-09-30,0.20100370030038406,7,0.24013462567899546,0.05000000000000002,0.05000000000000002,0.05000000000000002,0.05000000000000002,0.05000000000000002,0.06028786472163278,0.05000000000000002,0.05000000000000002,0.3495775095993718
baseline,0.5,0.05,3,2009-10-30,0.20235641910822566,7,0.234631845579166,0.05000000000000001,0.05000000000000001,0.05000000000000001,0.05000000000000001,0.05000000000000001,0.06013922929146189,0.05000000000000001,0.05000000000000001,0.3552289251293721
baseline,0.5,0.05,3,2009-11-30,0.2018631549764347,7,0.2341891645156759,0.05000000000000001,0.05000000000000001,0.05000000000000001,0.05000000000000001,0.05000000000000001,0.06115858686190334,0.05000000000000001,0.05000000000000001,0.35465224862242084
baseline,0.5,0.05,3,2009-12-31,0.20290246526371875,7,0.2296670333026405,0.05000000000000001,0.05000000000000001,0.05000000000000001,0.05000000000000001,0.05000000000000001,0.06131149076969231,0.05000000000000001,0.05000000000000001,0.3590214759276672
baseline,0.5,0.05,3,2010-01-29,0.20328471758009575,7,0.2307179960879038,0.05000000000000002,0.05000000000000002,0.05000000000000002,0.05000000000000002,0.05000000000000002,0.06021673274417237,0.05000000000000002,0.05000000000000002,0.3590652711679238
baseline,0.5,0.05,3,2010-02-26,0.20121744409615588,6,0.2291950614915357,0.05,0.05,0.05,0.055654978269174434,0.05,0.058553427090288185,0.05,0.05,0.3565965331490017
baseline,0.5,0.05,3,2010-03-31,0.20021066936691145,6,0.23008952479709907,0.05000000000000001,0.05000000000000001,0.05000000000000001,0.05696754953798518,0.05000000000000001,0.058547076207324855,0.05000000000000001,0.05000000000000001,0.35439584945759095
baseline,0.5,0.05,3,2010-04-30,0.200880988357746,6,0.22850071561761615,0.05000000000000001,0.05000000000000001,0.05000000000000001,0.05527655827243935,0.05000000000000001,0.05980048253648172,0.05000000000000001,0.05000000000000001,0.35642224357346286
baseline,0.5,0.05,3,2010-05-28,0.17050648793431472,3,0.20417266185337513,0.05,0.05,0.05745824820261826,0.11518421959636164,0.05062874286933624,0.053433173734231586,0.059647694195210856,0.05,0.30947525954886634
baseline,0.5,0.05,3,2010-06-30,0.14051819062102355,4,0.10166581210384312,0.05,0.05,0.10274446277959948,0.27114513398757545,0.12328500569149192,0.05,0.08221729127915003,0.05,0.11894229415834004
baseline,0.5,0.05,3,2010-07-30,0.13686708283098928,3,0.1650752760382255,0.05,0.05,0.08076603519175113,0.1812166301246041,0.07713708357381929,0.050080633867483224,0.07516425434432643,0.05,0.22056008685979042
baseline,0.5,0.05,3,2010-08-31,0.1634753559211991,3,0.20084635138508306,0.05,0.05,0.06043858209688949,0.12456782468750001,0.053602618931902796,0.05256310658266095,0.06333041499464112,0.05,0.29465110132132244
baseline,0.5,0.05,3,2010-09-30,0.1890461151081072,5,0.22232776209777202,0.05000000000000001,0.05000000000000001,0.05000000000000001,0.08207064880026611,0.05000000000000001,0.0561188760163006,0.05089565835795203,0.05000000000000001,0.3385870547277092
baseline,0.5,0.05,3,2010-10-29,0.20097960105906798,6,0.22648389021103962,0.05000000000000002,0.05000000000000002,0.05000000000000002,0.054809239151587766,0.05000000000000002,0.06099091633546234,0.05000000000000002,0.05000000000000002,0.35771595430191033
baseline,0.5,0.05,3,2010-11-30,0.20161520783652542,7,0.23584244421580822,0.05000000000000001,0.05000000000000001,0.05000000000000001,0.05000000000000001,0.05000000000000001,0.06091053777771464,0.05000000000000001,0.05000000000000001,0.3532470180064772
baseline,0.5,0.05,3,2010-12-31,0.20271713368969463,7,0.2315921662612584,0.05000000000000001,0.05000000000000001,0.05000000000000001,0.05000000000000001,0.05000000000000001,0.06079629484620946,0.05000000000000001,0.05000000000000001,0.35761153889253217
baseline,0.5,0.05,3,2011-01-31,0.20306852423021923,7,0.23073214817933113,0.05000000000000001,0.05000000000000001,0.05000000000000001,0.05000000000000001,0.05000000000000001,0.06057280716770051,0.05000000000000001,0.05000000000000001,0.35869504465296836
baseline,0.5,0.05,3,2011-02-28,0.2027425608659512,6,0.2227785392844237,0.05000000000000001,0.05000000000000001,0.05000000000000001,0.0531565459101357,0.05000000000000001,0.0614151626741924,0.05000000000000001,0.05000000000000001,0.3626497521312482
baseline,0.5,0.05,3,2011-03-31,0.19421034329146786,6,0.21625878615969388,0.05000000000000001,0.05000000000000001,0.05000000000000001,0.0727271241858252,0.05000000000000001,0.059412973830823376,0.05000000000000001,0.05000000000000001,0.3516011158236576
baseline,0.5,0.05,3,2011-04-29,0.16855908739069986,3,0.1983324176132424,0.05000000000000001,0.05000000000000001,0.05714823212980277,0.11647720342452901,0.05204016362550688,0.0570600048384429,0.06023861482539754,0.05000000000000001,0.3087033635430785
baseline,0.5,0.05,3,2011-05-31,0.14162058000283714,3,0.17029242384671628,0.05,0.05,0.07801127444112893,0.17201638855167786,0.06911336329182538,0.05047301811236303,0.07125389102731453,0.05,0.23883964072897396
baseline,0.5,0.05,3,2011-06-30,0.13752574702922918,4,0.1588655529850648,0.05,0.05,0.08272744271569532,0.1900937580929505,0.07541705416607372,0.05,0.0732149247625385,0.05,0.21968126727767717
baseline,0.5,0.05,3,2011-07-29,0.1339880929102576,4,0.14274164979853934,0.05,0.05,0.08932790167705491,0.2148967183016069,0.08562471200988092,0.05,0.07727996679263247,0.05,0.19012905142028547
baseline,0.5,0.05,3,2011-08-31,0.16808871174442916,4,0.06497085378488449,0.05,0.05,0.11273230440088286,0.32768087687777786,0.15470040925420306,0.05,0.07560456416677297,0.05,0.0643109915154788
baseline,0.5,0.05,3,2011-09-30,0.14228884539720263,4,0.10013544892878432,0.05,0.05,0.10393294271295964,0.27653048200094454,0.12253676205765444,0.05,0.08114741736613663,0.05,0.11571694693352046
baseline,0.5,0.05,3,2011-10-31,0.141853812877817,4,0.1003516859447696,0.05,0.05,0.10543035328911358,0.27441467892972676,0.1302937119661599,0.05,0.08007509343688252,0.05,0.10943447643334757
baseline,0.5,0.05,3,2011-11-30,0.13480150714366979,4,0.1421282466880163,0.05,0.05,0.09161285209637973,0.224134771018189,0.08700942972995132,0.05,0.07343082102107194,0.05,0.18168387944639164
baseline,0.5,0.05,3,2011-12-30,0.13445534696045347,4,0.1625086039635189,0.05,0.05,0.0868030244760542,0.19802493498284715,0.08232961178271221,0.05,0.07200320733381706,0.05,0.1983306174610506
baseline,0.5,0.05,3,2012-01-31,0.15242423769286811,3,0.18941781539975916,0.05,0.05,0.06811503762011677,0.14635088256440784,0.05967466515780304,0.050892614304529196,0.06643544467030273,0.05,0.26911354028308115
baseline,0.5,0.05,3,2012-02-29,0.19410164335797742,6,0.2307840306673046,0.05000000000000001,0.05000000000000001,0.05000000000000001,0.06892153544378055,0.05000000000000001,0.05701724175096714,0.05000000000000001,0.05000000000000001,0.3432771921379477
baseline,0.5,0.05,3,2012-03-30,0.2033988333138145,7,0.22949619229796472,0.05,0.05,0.05,0.05,0.05,0.06055453432069659,0.05,0.05,0.35994927338133864
baseline,0.5,0.05,3,2012-04-30,0.2034816065208227,6,0.22776686959739953,0.05000000000000001,0.05000000000000001,0.05000000000000001,0.05184035949239618,0.05000000000000001,0.05928019042364904,0.05000000000000001,0.05000000000000001,0.36111258048655537
baseline,0.5,0.05,3,2012-05-31,0.17396149723669255,4,0.20551573119933997,0.05,0.05,0.052912439267060504,0.11051578925314572,0.05,0.053755961948844105,0.06089257839874812,0.05,0.31640749993286166
baseline,0.5,0.05,3,2012-06-29,0.14723409336599133,4,0.09305257414132947,0.05,0.05,0.10396484367368314,0.29024384006531523,0.12454117426968274,0.05,0.08174018297438401,0.05,0.10645738487560541
baseline,0.5,0.05,3,2012-07-31,0.13369471081201395,4,0.14199191148479573,0.05,0.05,0.09155005620432519,0.21951235575819666,0.08565590205560802,0.05,0.07823871357570654,0.05,0.18305106092136791
baseline,0.5,0.05,3,2012-08-31,0.16318875584031284,3,0.2011431513042015,0.04999999999999999,0.04999999999999999,0.05962177825289364,0.12240341025205051,0.054402440029356756,0.05584323114313561,0.06202184264294236,0.04999999999999999,0.29456414637541956
baseline,0.5,0.05,3,2012-09-28,0.194161088525947,6,0.22341680690654267,0.05000000000000001,0.05000000000000001,0.05000000000000001,0.07007056507381873,0.05000000000000001,0.058843924551451224,0.05000000000000001,0.05000000000000001,0.34766870346818746
baseline,0.5,0.05,3,2012-10-31,0.20339152137096955,7,0.22736631715311278,0.05,0.05,0.05,0.05,0.05,0.06150618716808354,0.05,0.05,0.36112749567880364
baseline,0.5,0.05,3,2012-11-30,0.20014093211993061,6,0.22573880207182148,0.05000000000000002,0.05000000000000002,0.05000000000000002,0.05813507451342425,0.05000000000000002,0.059364098738006424,0.05000000000000002,0.05000000000000002,0.35676202467674784
baseline,0.5,0.05,3,2012-12-31,0.19981294095107216,6,0.2226720302784397,0.05000000000000001,0.05000000000000001,0.05000000000000001,0.05968275717510124,0.05000000000000001,0.059734855942695744,0.05000000000000001,0.05000000000000001,0.35791035660376336
baseline,0.5,0.05,3,2013-01-31,0.20120972715059474,6,0.2247665548563218,0.05000000000000001,0.05000000000000001,0.05000000000000001,0.05567353245169045,0.05000000000000001,0.06049010306736157,0.05000000000000001,0.05000000000000001,0.35906980962462626
baseline,0.5,0.05,3,2013-02-28,0.2030243007480505,6,0.22537525082276721,0.05000000000000001,0.05000000000000001,0.05000000000000001,0.052166560463259445,0.05000000000000001,0.060773974091319516,0.05000000000000001,0.05000000000000001,0.3616842146226539
baseline,0.5,0.05,3,2013-03-28,0.19864322074727309,6,0.2191855347657492,0.05000000000000001,0.05000000000000001,0.05000000000000001,0.06259975903868899,0.05000000000000001,0.06039551425180393,0.05000000000000001,0.05000000000000001,0.3578191919437579
baseline,0.5,0.05,3,2013-04-30,0.16473475666582055,3,0.20714573780877366,0.05,0.05,0.0592503094096085,0.12299798224500456,0.05270018204386535,0.052052272245615726,0.061987794815517035,0.05,0.29386572143161516
baseline,0.5,0.05,3,2013-05-31,0.1578542655423894,3,0.20087996654039272,0.05,0.05,0.06330541752120009,0.13361394087094888,0.056592529415799356,0.05139126556391269,0.06474262455330002,0.05,0.2794742555344462
baseline,0.5,0.05,3,2013-06-28,0.181393653986255,5,0.2289384958844418,0.05,0.05,0.05,0.09477765013728015,0.05,0.052223478394821214,0.055101907774881796,0.05,0.31895846780857506
baseline,0.5,0.05,3,2013-07-31,0.202710114330574,7,0.23922714426118044,0.05000000000000002,0.05000000000000002,0.05000000000000002,0.05000000000000002,0.05000000000000002,0.0577156483067254,0.05000000000000002,0.05000000000000002,0.3530572074320941
baseline,0.5,0.05,3,2013-08-30,0.20254289252820432,7,0.23720274820449205,0.05000000000000001,0.05000000000000001,0.05000000000000001,0.05000000000000001,0.05000000000000001,0.058789406626939655,0.05000000000000001,0.05000000000000001,0.35400784516856826
baseline,0.5,0.05,3,2013-09-30,0.20168248533996697,7,0.24017969561997948,0.05000000000000002,0.05000000000000002,0.05000000000000002,0.05000000000000002,0.05000000000000002,0.059102302245649184,0.05000000000000002,0.05000000000000002,0.3507180021343713
baseline,0.5,0.05,3,2013-10-31,0.20167759735966206,7,0.23918845656690424,0.05000000000000001,0.05000000000000001,0.05000000000000001,0.05000000000000001,0.05000000000000001,0.05948898464963248,0.05000000000000001,0.05000000000000001,0.3513225587834633
baseline,0.5,0.05,3,2013-11-29,0.20132147734804023,7,0.24262410196884288,0.05000000000000001,0.05000000000000001,0.05000000000000001,0.05000000000000001,0.05000000000000001,0.05881306964805862,0.05000000000000001,0.05000000000000001,0.3485628283830985
baseline,0.5,0.05,3,2013-12-31,0.2024332644191612,7,0.23813863419015063,0.05000000000000001,0.05000000000000001,0.05000000000000001,0.05000000000000001,0.05000000000000001,0.05860729202310722,0.05000000000000001,0.05000000000000001,0.3532540737867421
baseline,0.5,0.05,3,2014-01-31,0.20390558525834185,7,0.23193988107916183,0.05000000000000002,0.05000000000000002,0.05000000000000002,0.05000000000000002,0.05000000000000002,0.05865994057492802,0.05000000000000002,0.05000000000000002,0.35940017834591015
baseline,0.5,0.05,3,2014-02-28,0.19910183843416868,6,0.2231937907116826,0.05000000000000001,0.05000000000000001,0.05000000000000001,0.06144904913935535,0.05000000000000001,0.05893450567438593,0.05000000000000001,0.05000000000000001,0.3564226544745762
baseline,0.5,0.05,3,2014-03-31,0.17365812581336265,4,0.20505078895120912,0.05000000000000001,0.05000000000000001,0.053972467369471214,0.11021375553536306,0.05000000000000001,0.055356864680168955,0.05920609798095713,0.05000000000000001,0.31620002548283055
baseline,0.5,0.05,3,2014-04-30,0.15466359275545188,3,0.18843211967450865,0.04999999999999999,0.04999999999999999,0.06556967305447868,0.13921686291518356,0.058910429431536654,0.053908387635556755,0.06604602625069715,0.04999999999999999,0.27791650103803844
baseline,0.5,0.05,3,2014-05-30,0.1742690153918665,4,0.20654209012344996,0.05000000000000002,0.05000000000000002,0.05299469811743037,0.10798489569033784,0.05000000000000002,0.05562258937187474,0.05990507771700747,0.05000000000000002,0.31695064897989966
baseline,0.5,0.05,3,2014-06-30,0.19134179499119128,5,0.21708979374992912,0.05000000000000001,0.05000000000000001,0.05000000000000001,0.07801101202130799,0.05000000000000001,0.058278770403200585,0.050699570245720846,0.05000000000000001,0.3459208535798414
baseline,0.5,0.05,3,2014-07-31,0.18207102525042912,5,0.2113541907577176,0.05,0.05,0.05,0.09478039347053575,0.05,0.057023803509407896,0.05586685733723719,0.05,0.3309747549251016
baseline,0.5,0.05,3,2014-08-29,0.17841451165477723,4,0.20992102236441187,0.05000000000000002,0.05000000000000002,0.05045697743845083,0.1020228427180312,0.05000000000000002,0.05580519107861694,0.05786395483034135,0.05000000000000002,0.32393001157014784
baseline,0.5,0.05,3,2014-09-30,0.18483619514225608,5,0.2161290825714001,0.05000000000000002,0.05000000000000002,0.05000000000000002,0.08963160410977229,0.05000000000000002,0.05502672644023546,0.05528753870986512,0.05000000000000002,0.3339250481687271
baseline,0.5,0.05,3,2014-10-31,0.14648009369782472,4,0.17789656677614693,0.05,0.05,0.07200216609161075,0.16311718838432462,0.06412068743275477,0.05,0.06975419330236801,0.05,0.253109198012795
baseline,0.5,0.05,3,2014-11-28,0.13635585408663337,4,0.15852619345062918,0.05,0.05,0.08287115413375805,0.1951806404543972,0.07608650971797695,0.05,0.07587325615600138,0.05,0.21146224608723727
baseline,0.5,0.05,4,2008-04-30,0.1818183567697629,5,0.14913125621984494,0.05,0.05,0.05294570153803476,0.13168054579596553,0.05,0.05,0.06615945087655145,0.05,0.3500830455696034
baseline,0.5,0.05,4,2008-05-30,0.19224115099310218,7,0.24597159493299942,0.05000000000000001,0.05000000000000001,0.05000000000000001,0.07430427843062083,0.05000000000000001,0.05000000000000001,0.05000000000000001,0.05000000000000001,0.3297241266363798
baseline,0.5,0.05,4,2008-06-30,0.16904341189639088,5,0.21631271978958055,0.05,0.05,0.05005664509242027,0.13562833747753245,0.05,0.05,0.05505009601430958,0.05,0.29295220162615715
baseline,0.5,0.05,4,2008-07-31,0.1844383103998305,4,0.0749565325362529,0.05,0.05,0.08812744286257275,0.36677164256267947,0.08589326268920593,0.05,0.05910999826627011,0.05,0.1251411210830189
baseline,0.5,0.05,4,2008-08-29,0.15923557541337724,4,0.0930349729184647,0.05,0.05,0.08165142686556368,0.2889826366040452,0.061936290644515335,0.05,0.07041475236036733,0.05,0.2039799206070438
baseline,0.5,0.05,4,2008-09-30,0.18622600155775762,6,0.05,0.05,0.05,0.08748020976171075,0.3334061737133426,0.22159744551870042,0.05,0.05751617100624618,0.05,0.05
baseline,0.5,0.05,4,2008-10-31,0.15396914186709473,6,0.05000000000000001,0.05000000000000001,0.05000000000000001,0.1080188531886537,0.2337142520167178,0.24432981874678517,0.05000000000000001,0.11393707604784331,0.05000000000000001,0.05000000000000001
baseline,0.5,0.05,4,2008-11-28,0.1812406798888275,5,0.05,0.05,0.05,0.05317414103659134,0.07498428379259209,0.22641155743211355,0.0735258285944389,0.32190418914426405,0.05,0.05
baseline,0.5,0.05,4,2008-12-31,0.21464554229120505,7,0.05000000000000002,0.05000000000000002,0.05000000000000002,0.05000000000000002,0.05000000000000002,0.13295669714319394,0.10719225827981382,0.4098510445769923,0.05000000000000002,0.05000000000000002
baseline,0.5,0.05,4,2009-01-30,0.21314813048716955,5,0.05,0.05,0.05,0.05,0.05521922769292901,0.1305702223345051,0.10255967715463127,0.4089702270356389,0.05,0.052680645782295726
baseline,0.5,0.05,4,2009-02-27,0.1976932851494235,5,0.06703476200045716,0.05,0.05,0.05,0.05,0.08451167507071222,0.12168961759859032,0.3885437350998169,0.05,0.08822021023042351
baseline,0.5,0.05,4,2009-03-31,0.19996268816132085,5,0.05885440625346784,0.05,0.05,0.05,0.05,0.09025227709219341,0.13297882577927272,0.3899989386071412,0.05,0.07791555226792475
baseline,0.5,0.05,4,2009-04-30,0.18031671276492078,5,0.07999369856559319,0.05,0.05,0.05,0.05,0.08445513795019136,0.13062431700094124,0.3573539937441976,0.05,0.09757285273907669
baseline,0.5,0.05,4,2009-05-29,0.21232936521628054,8,0.22148450720946694,0.05000000000000001,0.05000000000000001,0.05000000000000001,0.05000000000000001,0.05000000000000001,0.05000000000000001,0.05000000000000001,0.05000000000000001,0.3785154927905331
baseline,0.5,0.05,4,2009-06-30,0.21062331601508655,8,0.2271188775639173,0.05000000000000001,0.05000000000000001,0.05000000000000001,0.05000000000000001,0.05000000000000001,0.05000000000000001,0.05000000000000001,0.05000000000000001,0.3728811224360827
baseline,0.5,0.05,4,2009-07-31,0.2109436829114087,8,0.22602810360884115,0.05000000000000001,0.05000000000000001,0.05000000000000001,0.05000000000000001,0.05000000000000001,0.05000000000000001,0.05000000000000001,0.05000000000000001,0.37397189639115885
baseline,0.5,0.05,4,2009-08-31,0.20984079064748185,8,0.2298544703937529,0.05000000000000001,0.05000000000000001,0.05000000000000001,0.05000000000000001,0.05000000000000001,0.05000000000000001,0.05000000000000001,0.05000000000000001,0.3701455296062472
baseline,0.5,0.05,4,2009-09-30,0.20710968620761544,7,0.2365713187177424,0.05000000000000001,0.05000000000000001,0.05000000000000001,0.05150148660775546,0.05000000000000001,0.05000000000000001,0.05000000000000001,0.05000000000000001,0.36192719467450213
baseline,0.5,0.05,4,2009-10-30,0.20490435554988706,7,0.2344917047315752,0.05000000000000002,0.05000000000000002,0.05000000000000002,0.055941064792958906,0.05000000000000002,0.05000000000000002,0.05000000000000002,0.05000000000000002,0.35956723047546585
baseline,0.5,0.05,4,2009-11-30,0.20494928743065696,7,0.2256230244023934,0.05000000000000001,0.05000000000000001,0.05000000000000001,0.059716146730844105,0.05000000000000001,0.05000000000000001,0.05000000000000001,0.05000000000000001,0.3646608288667625
baseline,0.5,0.05,4,2009-12-31,0.20066220488805964,7,0.2422293020692756,0.05000000000000001,0.05000000000000001,0.05000000000000001,0.06009957244063734,0.05000000000000001,0.05000000000000001,0.05000000000000001,0.05000000000000001,0.34767112549008705
baseline,0.5,0.05,4,2010-01-29,0.20351709931339218,7,0.23645788402358225,0.05000000000000001,0.05000000000000001,0.05000000000000001,0.057445528433889496,0.05000000000000001,0.05000000000000001,0.05000000000000001,0.05000000000000001,0.35609658754252826
baseline,0.5,0.05,4,2010-02-26,0.1688301798030682,6,0.2068029849766041,0.05000000000000002,0.05000000000000002,0.05000000000000002,0.13293878326783812,0.05000000000000002,0.05000000000000002,0.06076205941478163,0.05000000000000002,0.29949617234077625
baseline,0.5,0.05,4,2010-03-31,0.1535686976166905,4,0.14582765556180846,0.05,0.05,0.07146486971074711,0.19685635000956261,0.05042201919573275,0.05,0.06860698515721746,0.05,0.26682212036493164
baseline,0.5,0.05,4,2010-04-30,0.16577690866367661,5,0.20518647875728696,0.05,0.05,0.052368830272454675,0.14297506180724698,0.05,0.05,0.05870347385344119,0.05,0.29076615530957023
baseline,0.5,0.05,4,2010-05-28,0.19559439115735944,4,0.0675953019528567,0.05,0.05,0.08121351577865776,0.3871143767467397,0.09928275885110134,0.05,0.058559181906353376,0.05,0.10623486476429116
baseline,0.5,0.05,4,2010-06-30,0.1969668261297372,4,0.06706476058968931,0.05,0.05,0.09589636173115167,0.38953336470645955,0.0859242999712402,0.05,0.0573432177237444,0.05,0.10423799527771488
baseline,0.5,0.05,4,2010-07-30,0.14784159444807624,4,0.11642374471530245,0.04999999999999999,0.04999999999999999,0.07785444856497704,0.23042695772245664,0.06345012523417946,0.04999999999999999,0.07692956522802243,0.04999999999999999,0.23491515853506187
baseline,0.5,0.05,4,2010-08-31,0.1669876043875766,5,0.1719091830288989,0.05000000000000001,0.05000000000000001,0.05684267581546443,0.1418847844971732,0.05000000000000001,0.05000000000000001,0.06799729739919319,0.05000000000000001,0.31136605925927047
baseline,0.5,0.05,4,2010-09-30,0.17240716059955719,6,0.20062588853682856,0.05000000000000001,0.05000000000000001,0.05000000000000001,0.12856552920554845,0.05000000000000001,0.05000000000000001,0.05915490338671539,0.05000000000000001,0.31165367887090767
baseline,0.5,0.05,4,2010-10-29,0.1924338355781951,7,0.24326848268892426,0.05000000000000001,0.05000000000000001,0.05000000000000001,0.07483751794296396,0.05000000000000001,0.05000000000000001,0.05000000000000001,0.05000000000000001,0.3318939993681118
baseline,0.5,0.05,4,2010-11-30,0.2092486340762712,8,0.2319976688771955,0.05000000000000001,0.05000000000000001,0.05000000000000001,0.05000000000000001,0.05000000000000001,0.05000000000000001,0.05000000000000001,0.05000000000000001,0.3680023311228046
baseline,0.5,0.05,4,2010-12-31,0.2081995184176561,8,0.235970637916437,0.05000000000000001,0.05000000000000001,0.05000000000000001,0.05000000000000001,0.05000000000000001,0.05000000000000001,0.05000000000000001,0.05000000000000001,0.36402936208356307
baseline,0.5,0.05,4,2011-01-31,0.20864138591249354,8,0.23426802181398498,0.05000000000000001,0.05000000000000001,0.05000000000000001,0.05000000000000001,0.05000000000000001,0.05000000000000001,0.05000000000000001,0.05000000000000001,0.36573197818601505
baseline,0.5,0.05,4,2011-02-28,0.20584609798327283,7,0.24140068383641347,0.05000000000000002,0.05000000000000002,0.05000000000000002,0.05166429644840652,0.05000000000000002,0.05000000000000002,0.05000000000000002,0.05000000000000002,0.35693501971518
baseline,0.5,0.05,4,2011-03-31,0.19624923287190055,7,0.24233840797638279,0.05000000000000002,0.05000000000000002,0.05000000000000002,0.06794970445423068,0.05000000000000002,0.05000000000000002,0.05000000000000002,0.05000000000000002,0.33971188756938653
baseline,0.5,0.05,4,2011-04-29,0.1829310387542958,7,0.2482011420209607,0.05000000000000001,0.05000000000000001,0.05000000000000001,0.09341438185003018,0.05000000000000001,0.05000000000000001,0.05000000000000001,0.05000000000000001,0.3083844761290092
baseline,0.5,0.05,4,2011-05-31,0.14653548233178848,4,0.137602385877922,0.05,0.05,0.08229543573010854,0.24939774780343985,0.06780960808108076,0.05,0.06262044131339506,0.05,0.2002743811940538
baseline,0.5,0.05,4,2011-06-30,0.16419373432599751,4,0.09542988280381949,0.05,0.05,0.08976681155387642,0.321703230827417,0.07779246057618813,0.05,0.06125622466281784,0.05,0.15405138957588113
baseline,0.5,0.05,4,2011-07-29,0.15161077470064993,4,0.12183007453888978,0.05,0.05,0.07637530539438919,0.225617732469708,0.05513562248630514,0.05,0.07260597126173002,0.05,0.24843529384897794
baseline,0.5,0.05,4,2011-08-31,0.23888248604845203,6,0.05,0.05,0.05,0.08606122756148528,0.44921086186086656,0.10600618957030507,0.05,0.05,0.05,0.058721721007343075
baseline,0.5,0.05,4,2011-09-30,0.21604166106895448,6,0.1332111624305279,0.05000000000000001,0.05000000000000001,0.05000000000000001,0.07118940806483882,0.05000000000000001,0.05000000000000001,0.08133782994143753,0.05000000000000001,0.41426159956319586
baseline,0.5,0.05,4,2011-10-31,0.23251261325623673,6,0.05,0.05,0.05,0.08971272630448156,0.44038825063131093,0.10829035215601356,0.05,0.05,0.05,0.06160867090819394
baseline,0.5,0.05,4,2011-11-30,0.16049217849217934,5,0.10622902439753669,0.05,0.05,0.06623943591453682,0.2168916802605164,0.05,0.05,0.07970344267676445,0.05,0.28093641675064573
baseline,0.5,0.05,4,2011-12-30,0.15921553122664608,5,0.11914327707140995,0.05,0.05,0.06777649508131608,0.21300940664307963,0.05,0.05,0.07188755502066188,0.05,0.2781832661835325
baseline,0.5,0.05,4,2012-01-31,0.17720066708655063,6,0.22775451498178526,0.05000000000000001,0.05000000000000001,0.05000000000000001,0.1100140453214098,0.05000000000000001,0.05000000000000001,0.05340579487862749,0.05000000000000001,0.30882564481817754
baseline,0.5,0.05,4,2012-02-29,0.19381113421725396,7,0.25379036785571196,0.05000000000000001,0.05000000000000001,0.05000000000000001,0.0688559338739597,0.05000000000000001,0.05000000000000001,0.05000000000000001,0.05000000000000001,0.32735369827032845
baseline,0.5,0.05,4,2012-03-30,0.2029048418343718,7,0.246007205976898,0.05000000000000001,0.05000000000000001,0.05000000000000001,0.05489063976439974,0.05000000000000001,0.05000000000000001,0.05000000000000001,0.05000000000000001,0.3491021542587023
baseline,0.5,0.05,4,2012-04-30,0.20025120508001726,7,0.24620776936177302,0.05000000000000002,0.05000000000000002,0.05000000000000002,0.059402507350159846,0.05000000000000002,0.05000000000000002,0.05000000000000002,0.05000000000000002,0.3443897232880671
baseline,0.5,0.05,4,2012-05-31,0.16369261179010275,4,0.20897194892472729,0.05000000000000001,0.05000000000000001,0.05151412142955551,0.14290395828690597,0.05073238550257878,0.05000000000000001,0.062126647352080365,0.05000000000000001,0.2837509385041522
baseline,0.5,0.05,4,2012-06-29,0.1985723063222806,4,0.07044203239661445,0.05000000000000001,0.05000000000000001,0.09465442000114219,0.3921029903449033,0.09127016427416168,0.05000000000000001,0.052366059269287134,0.05000000000000001,0.09916433371389134
baseline,0.5,0.05,4,2012-07-31,0.1540961947404127,4,0.12648930994285962,0.05,0.05,0.07410970063654795,0.20737662136147406,0.05083538179815514,0.05,0.07361475251576155,0.05,0.26757423374520184
baseline,0.5,0.05,4,2012-08-31,0.18606685661522504,6,0.23034752905465494,0.05000000000000001,0.05000000000000001,0.05000000000000001,0.0922131242187428,0.05000000000000001,0.05000000000000001,0.05038424412198842,0.05000000000000001,0.3270551026046139
baseline,0.5,0.05,4,2012-09-28,0.20424433117430602,7,0.24136462738984596,0.05000000000000001,0.05000000000000001,0.05000000000000001,0.05432432987695534,0.05000000000000001,0.05000000000000001,0.05000000000000001,0.05000000000000001,0.35431104273319874
baseline,0.5,0.05,4,2012-10-31,0.2084347747372077,8,0.23505858510469743,0.05000000000000001,0.05000000000000001,0.05000000000000001,0.05000000000000001,0.05000000000000001,0.05000000000000001,0.05000000000000001,0.05000000000000001,0.36494141489530263
baseline,0.5,0.05,4,2012-11-30,0.1993563481442383,7,0.24088490086703887,0.05000000000000001,0.05000000000000001,0.05000000000000001,0.06288322142403119,0.05000000000000001,0.05000000000000001,0.05000000000000001,0.05000000000000001,0.34623187770892994
baseline,0.5,0.05,4,2012-12-31,0.19562370472966514,7,0.24965378801762358,0.05000000000000001,0.05000000000000001,0.05000000000000001,0.0666475538788722,0.05000000000000001,0.05000000000000001,0.05000000000000001,0.05000000000000001,0.33369865810350424
baseline,0.5,0.05,4,2013-01-31,0.1960602464869876,7,0.2532330424425496,0.05000000000000001,0.05000000000000001,0.05000000000000001,0.06473980440994025,0.05000000000000001,0.05000000000000001,0.05000000000000001,0.05000000000000001,0.33202715314751013
baseline,0.5,0.05,4,2013-02-28,0.20481350285701017,7,0.24323241040864474,0.05000000000000001,0.05000000000000001,0.05000000000000001,0.05268283027847537,0.05000000000000001,0.05000000000000001,0.05000000000000001,0.05000000000000001,0.3540847593128799
baseline,0.5,0.05,4,2013-03-28,0.20247538902762743,7,0.2443553150357773,0.05000000000000001,0.05000000000000001,0.05000000000000001,0.05620709119232955,0.05000000000000001,0.05000000000000001,0.05000000000000001,0.05000000000000001,0.34943759377189315
baseline,0.5,0.05,4,2013-04-30,0.18343711118732509,7,0.2545167713457515,0.05000000000000002,0.05000000000000002,0.05000000000000002,0.09060891106228261,0.05000000000000002,0.05000000000000002,0.05000000000000002,0.05000000000000002,0.30487431759196587
baseline,0.5,0.05,4,2013-05-31,0.16622867420852375,5,0.2400030451352644,0.05,0.05,0.05097855944947212,0.1388427298676447,0.05,0.05,0.05286174693353784,0.05,0.2673139186140809
baseline,0.5,0.05,4,2013-06-28,0.14518600220523203,4,0.1530164830624749,0.05,0.05,0.07265384735680243,0.22567077154390458,0.06791017548798242,0.05,0.06439948085250964,0.05,0.21634924169632605
baseline,0.5,0.05,4,2013-07-31,0.16165019396832053,5,0.2196914111846756,0.05000000000000001,0.05000000000000001,0.05513343591912086,0.15203543224974997,0.05000000000000001,0.05000000000000001,0.05545254346434617,0.05000000000000001,0.26768717718210744
baseline,0.5,0.05,4,2013-08-30,0.18354909502178424,7,0.24987390355808145,0.05000000000000002,0.05000000000000002,0.05000000000000002,0.09152346830766893,0.05000000000000002,0.05000000000000002,0.05000000000000002,0.05000000000000002,0.3086026281342496
baseline,0.5,0.05,4,2013-09-30,0.2060978322082216,7,0.24279920670418587,0.05000000000000001,0.05000000000000001,0.05000000000000001,0.05072768096314303,0.05000000000000001,0.05000000000000001,0.05000000000000001,0.05000000000000001,0.35647311233267115
baseline,0.5,0.05,4,2013-10-31,0.20704459601771302,8,0.24065104879733357,0.05000000000000001,0.05000000000000001,0.05000000000000001,0.05000000000000001,0.05000000000000001,0.05000000000000001,0.05000000000000001,0.05000000000000001,0.35934895120266647
baseline,0.5,0.05,4,2013-11-29,0.2061818506510048,8,0.2444039090807422,0.05000000000000001,0.05000000000000001,0.05000000000000001,0.05000000000000001,0.05000000000000001,0.05000000000000001,0.05000000000000001,0.05000000000000001,0.35559609091925787
baseline,0.5,0.05,4,2013-12-31,0.20608331600887736,8,0.24484877150562573,0.05000000000000001,0.05000000000000001,0.05000000000000001,0.05000000000000001,0.05000000000000001,0.05000000000000001,0.05000000000000001,0.05000000000000001,0.35515122849437425
baseline,0.5,0.05,4,2014-01-31,0.19890522369265762,7,0.24914781517943213,0.05000000000000001,0.05000000000000001,0.05000000000000001,0.060802754736631166,0.05000000000000001,0.05000000000000001,0.05000000000000001,0.05000000000000001,0.3400494300839368
baseline,0.5,0.05,4,2014-02-28,0.1775530121810144,7,0.2498240394889257,0.05000000000000002,0.05000000000000002,0.05000000000000002,0.10635815098819659,0.05000000000000002,0.05000000000000002,0.05000000000000002,0.05000000000000002,0.2938178095228777
baseline,0.5,0.05,4,2014-03-31,0.1461700521352789,4,0.16583086685744455,0.05,0.05,0.07750486215116677,0.22753461231112287,0.0616960128604399,0.05,0.05846924216865113,0.05,0.20896440365117477
baseline,0.5,0.05,4,2014-04-30,0.14744099405677658,4,0.1669842414410257,0.04999999999999999,0.04999999999999999,0.07741333191281898,0.21068924595482422,0.05597155303118138,0.04999999999999999,0.05991897173862637,0.04999999999999999,0.2290226559215233
baseline,0.5,0.05,4,2014-05-30,0.18353653188546815,7,0.25424944431107493,0.05000000000000001,0.05000000000000001,0.05000000000000001,0.09044041202118511,0.05000000000000001,0.05000000000000001,0.05000000000000001,0.05000000000000001,0.30531014366774
baseline,0.5,0.05,4,2014-06-30,0.19711399843395203,7,0.24980507366051138,0.05000000000000002,0.05000000000000002,0.05000000000000002,0.0638377220987219,0.05000000000000002,0.05000000000000002,0.05000000000000002,0.05000000000000002,0.3363572042407667
baseline,0.5,0.05,4,2014-07-31,0.19495469391722806,7,0.25026320450061285,0.05000000000000002,0.05000000000000002,0.05000000000000002,0.06771645952657655,0.05000000000000002,0.05000000000000002,0.05000000000000002,0.05000000000000002,0.33202033597281055
baseline,0.5,0.05,4,2014-08-29,0.1879146241507203,7,0.25050444801736577,0.05000000000000001,0.05000000000000001,0.05000000000000001,0.08171431114494329,0.05000000000000001,0.05000000000000001,0.05000000000000001,0.05000000000000001,0.317781240837691
baseline,0.5,0.05,4,2014-09-30,0.1831949055075604,6,0.24681830369585253,0.05000000000000001,0.05000000000000001,0.05000000000000001,0.09307439148937263,0.05000000000000001,0.05000000000000001,0.0501033684010323,0.05000000000000001,0.3100039364137426
baseline,0.5,0.05,4,2014-10-31,0.14751129230925938,4,0.12251681654591576,0.05,0.05,0.08748184284154953,0.27041496654078645,0.07747825539196501,0.05,0.06443010507762285,0.05,0.17767801360216043
baseline,0.5,0.05,4,2014-11-28,0.1521787429544162,4,0.1124461093183233,0.05,0.05,0.08912051298050713,0.2784395941130289,0.0675521628924454,0.05,0.06442735839430834,0.05,0.18801426230138693
regime,0.05,0.005,0,2008-04-30,0.19552550750016473,2,0.16144482423618817,0.005,0.005002965224345149,0.039140288423726646,0.16625383761372584,0.12309540113321114,0.18151304188472994,0.3033312857572349,0.005,0.010218355726838341
regime,0.05,0.005,0,2008-05-30,0.2186977908382597,3,0.23175466029877245,0.005,0.005,0.04547920613880872,0.34750260506361574,0.1496133350192967,0.11137349936604704,0.0840622644497348,0.005,0.015214429663724582
regime,0.05,0.005,0,2008-06-30,0.24843266568955508,0,0.10956751233464268,0.005713406970069663,0.005672057501864628,0.0354894866840151,0.13871370624861792,0.09830490465783727,0.17212552741616607,0.42007373342126325,0.005436520932387441,0.00890314383313587
regime,0.05,0.005,0,2008-07-31,0.33162686963407473,0,0.06302896293484768,0.008002422081164338,0.0067412244160738564,0.030201887268332856,0.11685133391497055,0.0785075821465672,0.1474588553318853,0.5338062815993354,0.006466770861977401,0.008934679444845519
regime,0.05,0.005,0,2008-08-29,0.3557176790215889,0,0.07633764036502763,0.005527666019126591,0.005317913469565077,0.02421396159021969,0.08585476532136188,0.0663835001084802,0.16885891998888836,0.5557736997929541,0.005264606751862691,0.006467326592513847
regime,0.05,0.005,0,2008-09-30,0.2204119222514999,3,0.07292017042966539,0.005,0.005,0.06054708147822628,0.3633244724330197,0.18586922946429346,0.12843246873528447,0.16814728888621694,0.005,0.005759288573293817
regime,0.05,0.005,0,2008-10-31,0.5131876350867899,3,0.021711068564693323,0.006097136476505536,0.005,0.02256381346818044,0.024971791101840897,0.06283585568201906,0.15049013411051979,0.696330200596241,0.005,0.005
regime,0.05,0.005,0,2008-11-28,0.3276226460181773,3,0.0984527707324542,0.005,0.005,0.055177587043754917,0.5175251104917107,0.20129881877788589,0.07272259830890378,0.03360755811950684,0.005,0.006215556525783648
regime,0.05,0.005,0,2008-12-31,0.5781306918193566,3,0.020950013889341684,0.005735570207564522,0.005000000000000002,0.016183413215406006,0.016667409754573283,0.03986701328862602,0.14004908926756438,0.7455474903769241,0.005000000000000002,0.005000000000000002
regime,0.05,0.005,0,2009-01-30,0.5080612969642165,2,0.02895755759288298,0.007188941640480629,0.005,0.020621163789334016,0.019865976405489268,0.05040259319571121,0.16749216660997127,0.6896910354017256,0.005780565364405099,0.005
regime,0.05,0.005,0,2009-02-27,0.4824741570843159,2,0.03224902730380397,0.0077854996650425935,0.004999999999999999,0.022442788379411105,0.021574483849061066,0.05437196309935207,0.17745195500376443,0.667733522969894,0.006390759729670742,0.004999999999999999
regime,0.05,0.005,0,2009-03-31,0.46764859942296727,2,0.03357185641145271,0.007828732373467684,0.005,0.022861096143010764,0.021581248667840603,0.05583630305674032,0.18872298617406313,0.6531819344804298,0.006415842692994974,0.005
regime,0.05,0.005,0,2009-04-30,0.46740790166126905,1,0.035504540018763756,0.008495427544365471,0.005423864921411737,0.020932743553952478,0.024078307618037396,0.05265120205543982,0.18711664177463844,0.6535793052806672,0.0072179672327236655,0.005000000000000001
regime,0.05,0.005,0,2009-05-29,0.39054297404273663,0,0.05434772263829512,0.00992292094458848,0.008102833524480145,0.02228532609044821,0.03497970553357122,0.06109167586677902,0.21171407672508605,0.5805191464746748,0.009594853813029085,0.007441738389047865
regime,0.05,0.005,0,2009-06-30,0.3723389816400308,0,0.06966885668153816,0.008375773525336356,0.007762402411216369,0.021864351602774237,0.05056789039161738,0.06047725973201896,0.1967920947114076,0.5672621911650151,0.00828380533217848,0.008945374446897447
regime,0.05,0.005,0,2009-07-31,0.35439674239223284,0,0.08332788839100831,0.007242831123036042,0.006948525074388494,0.022294142480112376,0.06122912142737099,0.062349536353526386,0.19016557350226493,0.5503870297771989,0.007236800570397593,0.008818551300695995
regime,0.05,0.005,0,2009-08-31,0.3508549070394886,0,0.0862789576979878,0.006542793554715088,0.006226213355581331,0.02249130679945889,0.06746854011112152,0.06468254072296321,0.18422409755859825,0.5477638517184706,0.006364023440584572,0.00795767504051881
regime,0.05,0.005,0,2009-09-30,0.3687047312678047,0,0.08016605485924913,0.006801922183353192,0.0067053934141678515,0.02242744331147986,0.06344499317894692,0.06058806208803509,0.17677021547522073,0.5680012607641308,0.006968440545768204,0.008126214179648305
regime,0.05,0.005,0,2009-10-30,0.31601279285800177,0,0.09738469355009978,0.005637997888041783,0.005658516601298056,0.027494862996093158,0.09406996467687564,0.07520312238619016,0.16881250281095866,0.5124615836828785,0.005663402168864111,0.007613353238700008
regime,0.05,0.005,0,2009-11-30,0.18600641921960834,3,0.18468511048824648,0.005,0.005,0.038581860353238004,0.1773619672969388,0.1297789299301165,0.18330500924392787,0.26141190643908957,0.005,0.00987521624844286
regime,0.05,0.005,0,2009-12-31,0.25572141958077294,2,0.372430902907188,0.005644168459454561,0.005000000000000001,0.040909570996332814,0.3030045442238719,0.1203536715255374,0.08026275417687237,0.04490703279943311,0.005000000000000001,0.022487354911309976
regime,0.05,0.005,0,2010-01-29,0.2368620319244728,2,0.33420768939946494,0.0068307470402416155,0.005,0.04019784582070637,0.30780060154173144,0.12996242035476585,0.08357069135147453,0.06626740840795131,0.005,0.021162596083663863
regime,0.05,0.005,0,2010-02-26,0.21073665286216992,2,0.2762792899158092,0.005393430498982728,0.005000000000000001,0.03769045960115179,0.29762716908592335,0.14521243051454769,0.11071814188459089,0.1039592650345918,0.005000000000000001,0.01311981346440271
regime,0.05,0.005,0,2010-03-31,0.231758539771746,2,0.363714036318363,0.006711005555589524,0.004999999999999999,0.03602789331367792,0.25498640005039486,0.12473463032905896,0.09871717151356,0.08595940239842464,0.004999999999999999,0.019149460520930927
regime,0.05,0.005,0,2010-04-30,0.19405001725939422,2,0.23991436562541166,0.006422097564810092,0.005000000000000001,0.0385643877345513,0.27741723748357877,0.14501469057416785,0.11459113048609552,0.1535620039486431,0.005000000000000001,0.014514086582741717
regime,0.05,0.005,0,2010-05-28,0.3082329433939762,3,0.11279961371706891,0.005,0.005,0.04529744039193735,0.5081437322378718,0.14721870712449212,0.09462010856617013,0.06663459637255643,0.005,0.01028580158990318
regime,0.05,0.005,0,2010-06-30,0.29712014421597677,3,0.1888718314103479,0.004999999999999999,0.004999999999999999,0.04518996193331172,0.4817970725552914,0.14102619086195767,0.07410430538513241,0.04048891353214528,0.004999999999999999,0.013521724321813502
regime,0.05,0.005,0,2010-07-30,0.2432552866595086,3,0.31089389935065187,0.005000000000000001,0.005000000000000001,0.04007204428417629,0.33563080190817723,0.139157568162921,0.10432327596476565,0.04350888132332536,0.005000000000000001,0.011413529005982545
regime,0.05,0.005,0,2010-08-31,0.21534514663882975,3,0.34654565865574777,0.005000000000000001,0.005000000000000001,0.03118156712059349,0.21094782240922222,0.13242770796860495,0.13079513838699602,0.12223959686605256,0.005000000000000001,0.010862508592783057
regime,0.05,0.005,0,2010-09-30,0.2416924586342265,3,0.4024517397879072,0.005,0.005,0.029814119802029415,0.19830079572990347,0.12114137426405286,0.12166525200920138,0.09899923775789088,0.005,0.012627480649014863
regime,0.05,0.005,0,2010-10-29,0.26349748148150115,3,0.4390535590247624,0.005,0.005,0.030390607986802733,0.1942002271995187,0.11418901279607224,0.10942612783786768,0.08224184573711818,0.005,0.01549861941785811
regime,0.05,0.005,0,2010-11-30,0.18650093043942462,2,0.2445780254218479,0.005937803819703048,0.005000000000000001,0.032780270777062644,0.20778098175337834,0.12830987696132237,0.14679909458316687,0.2101160355867076,0.005000000000000001,0.01369791109681124
regime,0.05,0.005,0,2010-12-31,0.2846804785619722,3,0.45202827365064874,0.004999999999999999,0.004999999999999999,0.034839511508920014,0.24011206197202364,0.10502905733433328,0.09025969174471216,0.04282858038719314,0.004999999999999999,0.019902823402168993
regime,0.05,0.005,0,2011-01-31,0.26781706773896624,2,0.4244401718527566,0.005142346835267452,0.004999999999999999,0.03485775592228409,0.24983302401026616,0.11196272483498809,0.09034618730463624,0.05353729754699233,0.004999999999999999,0.019880491692808935
regime,0.05,0.005,0,2011-02-28,0.2576799664612994,2,0.3886945567912826,0.0054061821658126135,0.005,0.040070949661001255,0.2844732617591701,0.11993135682325999,0.08337253694696663,0.04699811316439214,0.005,0.021053042688114657
regime,0.05,0.005,0,2011-03-31,0.22962467040427878,2,0.33825431317488736,0.00648487798214978,0.005,0.04001854676518541,0.28466037630669816,0.133756649732849,0.09211937940932038,0.07583275806930138,0.005,0.01887309855960861
regime,0.05,0.005,0,2011-04-29,0.2643129775677844,3,0.4245605823325965,0.004999999999999999,0.004999999999999999,0.035204576264960485,0.2359535143899292,0.11694257018998847,0.09982987320000783,0.05628602869766262,0.004999999999999999,0.016222854924854646
regime,0.05,0.005,0,2011-05-31,0.22364541079276545,3,0.3660013035567877,0.005000000000000001,0.005000000000000001,0.03201701743526636,0.20867103797728506,0.12988043322376544,0.12494959511767292,0.11143792189110197,0.005000000000000001,0.012042690798120561
regime,0.05,0.005,0,2011-06-30,0.2342707966495692,3,0.3233265478801102,0.005000000000000001,0.005000000000000001,0.038897142693838004,0.306344865084673,0.1367598776159347,0.11023267419659016,0.05741514550607616,0.005000000000000001,0.012023747022777927
regime,0.05,0.005,0,2011-07-29,0.21799522181631045,2,0.31086335395346576,0.005323161488428083,0.004999999999999999,0.0387274987502466,0.28272880790960886,0.14193145158523685,0.10688227251139527,0.08995865147300687,0.004999999999999999,0.013584802328611782
regime,0.05,0.005,0,2011-08-31,0.3284110578149087,3,0.10522302135193437,0.005,0.005,0.04810334954240791,0.5277133564601286,0.16464860204243303,0.08432536907057121,0.0466918234721656,0.005,0.008294478060359342
regime,0.05,0.005,0,2011-09-30,0.32536461609502326,3,0.10984745213854386,0.005,0.005,0.04811688414604736,0.5251876626336152,0.15968603091975642,0.08448515864747286,0.04865203787474273,0.005,0.009024773639821628
regime,0.05,0.005,0,2011-10-31,0.31247140523693434,3,0.111683288826973,0.005,0.005,0.04323064108068689,0.5140665325025907,0.14009340696016434,0.0962360618070042,0.06923180240250816,0.005,0.010458266420072781
regime,0.05,0.005,0,2011-11-30,0.30614958473130116,3,0.12798076301408048,0.005,0.005,0.044477395447795984,0.5043767103450222,0.1459441029153934,0.0912007466631791,0.059822759108725775,0.005,0.011197522505803163
regime,0.05,0.005,0,2011-12-30,0.22149182497127928,3,0.28493383642238423,0.005000000000000001,0.005000000000000001,0.039522441126931956,0.31139597969916405,0.14616367311595296,0.12656712913111828,0.06463972442410179,0.005000000000000001,0.011777216080346825
regime,0.05,0.005,0,2012-01-31,0.22490416797311896,2,0.3515486137852885,0.005739963881872985,0.005,0.035822011846965124,0.24941780365460223,0.13119970654558308,0.10766471566296879,0.09328770028162274,0.005,0.015319484341096484
regime,0.05,0.005,0,2012-02-29,0.23808290674845842,2,0.3946734594806513,0.005676767668587191,0.005,0.031774536135618,0.21027567173945172,0.11697612809845363,0.11351845263545905,0.10086927287019867,0.005,0.01623571137158058
regime,0.05,0.005,0,2012-03-30,0.2782468472960183,3,0.4516265587925414,0.005,0.005,0.03256881309781947,0.21808616822762694,0.11010539355447792,0.10042841241386105,0.055696133861906916,0.005,0.016488520051766216
regime,0.05,0.005,0,2012-04-30,0.250573733741289,2,0.35782373276403046,0.005898527374437118,0.004999999999999999,0.04186946173165598,0.30964904104757,0.12537701520958977,0.07915573840601271,0.0486156597394538,0.004999999999999999,0.02161082372725016
regime,0.05,0.005,0,2012-05-31,0.19481721343819958,2,0.2089616796865263,0.0050225352345194966,0.005000000000000002,0.03961178574177987,0.2942440601922853,0.15278147906594533,0.12243374886983184,0.15648219043611636,0.005000000000000002,0.010462520772995646
regime,0.05,0.005,0,2012-06-29,0.22586543625726674,3,0.2661281197176336,0.005,0.005,0.04021750784716113,0.33528119048094535,0.1487529654304498,0.12071628872945174,0.0643798070896851,0.005,0.009524120704673332
regime,0.05,0.005,0,2012-07-31,0.24231519935207788,2,0.2940912871320637,0.006204056601384562,0.005,0.043939229952706896,0.353851862127811,0.1370441755186209,0.0785142195945913,0.05734243468477745,0.005,0.019012734388044267
regime,0.05,0.005,0,2012-08-31,0.2521558569347846,2,0.4152280165131094,0.005329890496127263,0.005000000000000001,0.03313739727969594,0.21633298198292242,0.11700251152059434,0.10755624762649063,0.07897425028458473,0.005000000000000001,0.016438704296475343
regime,0.05,0.005,0,2012-09-28,0.2710791459090873,3,0.4491030465909765,0.005000000000000001,0.005000000000000001,0.030225710130791412,0.19584085764752604,0.11149808364717329,0.10892541732738181,0.07428383841962412,0.005000000000000001,0.015123046236526883
regime,0.05,0.005,0,2012-10-31,0.27514182815804455,3,0.4441251888995295,0.005000000000000001,0.005000000000000001,0.034015629085810246,0.2286042380442662,0.10957766713968992,0.09501811121634118,0.05491467521362412,0.005000000000000001,0.018744490400738844
regime,0.05,0.005,0,2012-11-30,0.248229203453267,2,0.3849533340476842,0.00560748120309257,0.005,0.03776417275717436,0.2659931427921437,0.12285711301217461,0.09228864249717474,0.06178675686495704,0.005,0.01874935682559886
regime,0.05,0.005,0,2012-12-31,0.25913167337938103,2,0.4238124088795116,0.005067679676440499,0.005,0.033923272251263535,0.22160686316300146,0.11566916797049995,0.103022609718843,0.07000081916988081,0.005,0.01689717917055908
regime,0.05,0.005,0,2013-01-31,0.2636361982493778,2,0.4225697231914099,0.00518366893122135,0.004999999999999999,0.03596603595773252,0.24073728084525567,0.11469393362778751,0.09460643702593205,0.057286466622428145,0.004999999999999999,0.01895645379823286
regime,0.05,0.005,0,2013-02-28,0.26261353469660137,2,0.4132855148234249,0.005349446800662906,0.004999999999999999,0.037349637627504005,0.2568482763260467,0.115087870697076,0.08904166884008081,0.052691109774273714,0.004999999999999999,0.020346475110930917
regime,0.05,0.005,0,2013-03-28,0.2500950127035718,2,0.3741363953866106,0.005824077087767444,0.005000000000000001,0.04064631751028408,0.2878466094739146,0.12271261201483663,0.08515904956105416,0.05266165316712815,0.005000000000000001,0.02101328579840436
regime,0.05,0.005,0,2013-04-30,0.23048536865519315,2,0.33110442628838155,0.005998071758050966,0.004999999999999999,0.039432658314290055,0.2941595410124591,0.1347418734360715,0.09358660814298142,0.0740564337971082,0.004999999999999999,0.01692038725065711
regime,0.05,0.005,0,2013-05-31,0.2356651117700539,3,0.3867984154871547,0.005,0.005,0.03073142695952674,0.21278571418670683,0.12346651252021792,0.1225938465546064,0.09663278180560748,0.005,0.011991302486179937
regime,0.05,0.005,0,2013-06-28,0.20489203237229706,2,0.18024270826889238,0.006331454406569774,0.005000000000000001,0.03819899493354798,0.3329116668795086,0.14145231978123005,0.11202681155420026,0.16516509922009212,0.005000000000000001,0.013670944955958926
regime,0.05,0.005,0,2013-07-31,0.25687458099509214,2,0.41758157850684957,0.005047630222536541,0.005,0.02987596879212851,0.22705124857119222,0.11074732827744997,0.1085900184513929,0.0753268401257052,0.005,0.0157793870527451
regime,0.05,0.005,0,2013-08-30,0.2585922022269969,2,0.4084167480269199,0.005710609549225182,0.005,0.034399535932425326,0.254911715347474,0.11399138690486717,0.09194493120341937,0.06085435410331925,0.005,0.01977071893234978
regime,0.05,0.005,0,2013-09-30,0.2782051326743365,3,0.45975442337079947,0.005,0.005,0.028144046124074763,0.19387603514922563,0.10605213722247225,0.10615111969683243,0.07482287932028438,0.005,0.016199359116311117
regime,0.05,0.005,0,2013-10-31,0.25414891979689197,3,0.4256958061044336,0.004999999999999999,0.004999999999999999,0.027831705207159975,0.1866274606777318,0.11584013151367363,0.12015643435311413,0.09609009796036845,0.004999999999999999,0.01275836418351825
regime,0.05,0.005,0,2013-11-29,0.24275947912507603,3,0.4075498052690457,0.005,0.005,0.026834826303153664,0.18333096256222428,0.11442562362170343,0.12684528672385484,0.11367545102774317,0.005,0.012338044492275073
regime,0.05,0.005,0,2013-12-31,0.23196640537567753,3,0.3859085312348993,0.004999999999999999,0.004999999999999999,0.028503074741863952,0.19269326907380072,0.12167458978589499,0.1302568328799058,0.11454692760710633,0.004999999999999999,0.011416774676528718
regime,0.05,0.005,0,2014-01-31,0.23121744952801393,3,0.37773958352008213,0.005000000000000001,0.005000000000000001,0.03106308065776953,0.21356144766181218,0.12697956925261275,0.12648645910962109,0.0981749813608881,0.005000000000000001,0.010994878437214247
regime,0.05,0.005,0,2014-02-28,0.26848997782018175,3,0.4145074613774335,0.005,0.005,0.03719648024448065,0.26648993453684516,0.1144962864894893,0.09565045538612041,0.04126272838259379,0.005,0.015396653583037238
regime,0.05,0.005,0,2014-03-31,0.23944270493325906,2,0.3335277946701473,0.006460541650458459,0.005,0.04277932073410296,0.31288050359993763,0.13367548228648013,0.08169291240804687,0.05851589031248952,0.005,0.020467554338337142
regime,0.05,0.005,0,2014-04-30,0.25187649227172704,3,0.41102395541658593,0.005,0.005,0.03362916107571748,0.22263326267309747,0.12052696821170726,0.11016855844440052,0.07278680766835152,0.005,0.014231286510139792
regime,0.05,0.005,0,2014-05-30,0.25796842799768616,3,0.42580345384204377,0.005000000000000001,0.005000000000000001,0.03296635532841321,0.21084655730963237,0.11615313113582915,0.1071647795275595,0.07626452425479821,0.005000000000000001,0.015801198601723833
regime,0.05,0.005,0,2014-06-30,0.275097541603443,3,0.44945518357246633,0.005,0.005,0.03286483528560828,0.21329562892808526,0.11047297902286042,0.10119706722364706,0.06090907648549707,0.005,0.016805229481835576
regime,0.05,0.005,0,2014-07-31,0.2723284247758359,3,0.4332234418680119,0.005,0.005,0.0359557264373743,0.24242770588805285,0.11238660148016748,0.09649246848823555,0.04781805260458834,0.005,0.01669600323356969
regime,0.05,0.005,0,2014-08-29,0.2542542890564054,2,0.3713067570095689,0.005480766893351927,0.004999999999999999,0.04165184320666601,0.30082018885714834,0.12174363219428327,0.08182271846537556,0.04594082618815448,0.004999999999999999,0.021233267185451377
regime,0.05,0.005,0,2014-09-30,0.2397110705990822,3,0.3897084652647781,0.005,0.005,0.033223684813752055,0.22637172892461369,0.12283147903059032,0.1125879345623667,0.08636048462618867,0.005,0.013916222777710449
regime,0.05,0.005,0,2014-10-31,0.24294136434911753,2,0.28651738033852076,0.006004021246145836,0.005,0.04346789081713309,0.3605172438897286,0.13620489745534176,0.08188980018764502,0.057708952497340156,0.005,0.017689813568144676
regime,0.05,0.005,0,2014-11-28,0.23235944351425333,2,0.2901808884907466,0.0065679216804953346,0.004999999999999999,0.04180102197084552,0.3391741145548711,0.1354999935719087,0.08506611604945209,0.07299445607608798,0.004999999999999999,0.018715487605592624
regime,0.05,0.005,1,2008-04-30,0.21199693804470215,3,0.16147988470285968,0.005000000000000001,0.005000000000000001,0.02387301159485129,0.20599382095689206,0.07995396420947369,0.05211573013709438,0.34742030629213405,0.005000000000000001,0.11416328210669492
regime,0.05,0.005,1,2008-05-30,0.20212220494639305,3,0.2592849568309981,0.005000000000000001,0.005000000000000001,0.0160944551998366,0.170732682619057,0.06492549238068362,0.033169414893579115,0.25877013897120565,0.005000000000000001,0.18202285910464003
regime,0.05,0.005,1,2008-06-30,0.19770019278257378,3,0.18978589523379533,0.005000000000000002,0.005000000000000002,0.01972101885868122,0.270927782351094,0.08762245270672517,0.044473564761663045,0.25254244122023334,0.005000000000000002,0.11992684486780811
regime,0.05,0.005,1,2008-07-31,0.2732889723581435,2,0.08599283731369872,0.005,0.005515686767061475,0.024678512063314926,0.45820424529884335,0.12534174489097452,0.06158785690804135,0.18363218341721793,0.005,0.04504693334084773
regime,0.05,0.005,1,2008-08-29,0.35921215218303826,3,0.05420577785786951,0.004999999999999999,0.004999999999999999,0.0313382330590803,0.15341206747429237,0.07339228859836171,0.06192333433462704,0.5660997278166727,0.004999999999999999,0.044628570859096266
regime,0.05,0.005,1,2008-09-30,0.27203927229533015,2,0.03687157393662419,0.005,0.009714866427673299,0.07103819535157407,0.4388839782391297,0.23368600085963415,0.07073902761608988,0.11416980736327173,0.005,0.014896550206002983
regime,0.05,0.005,1,2008-10-31,0.2346854286331739,1,0.03045390862323208,0.0054137883339567,0.011118594350697635,0.09004783269572013,0.37105933092107923,0.22843400371857447,0.0711527150926366,0.17427397836178557,0.005,0.013045847902317541
regime,0.05,0.005,1,2008-11-28,0.2860709467415226,0,0.023413761345052308,0.008970939874253346,0.01365963241212872,0.0910777936159385,0.1561318081783436,0.13391991417163243,0.07416745348858322,0.47844085117660273,0.005750603243670079,0.014467242493794984
regime,0.05,0.005,1,2008-12-31,0.5939820777910532,2,0.010867720375070165,0.005,0.008510040781963378,0.039814711251778545,0.056557511368138885,0.050977543305983156,0.046545879730349154,0.7642224837921449,0.005,0.01250410939457185
regime,0.05,0.005,1,2009-01-30,0.3399242999167175,0,0.01622085304131741,0.013167797854451099,0.026990047622033633,0.09171846303222649,0.09798622057441948,0.08829593489107461,0.08318988247656185,0.5527955148890226,0.012944228029936637,0.016691057588956285
regime,0.05,0.005,1,2009-02-27,0.306899640757029,0,0.018585331167302648,0.014382942121744695,0.02895998641369335,0.09850091620724626,0.10763252081049811,0.09614051850071921,0.0867147459114945,0.5166450717087377,0.013895309561295503,0.01854265759726791
regime,0.05,0.005,1,2009-03-31,0.32514359824916944,0,0.017700313037693496,0.012008818136454597,0.02366307815737042,0.08903184552967718,0.10268282439023053,0.10452043398205124,0.08524521886846069,0.5357335247462777,0.011432508201631058,0.017981434950153138
regime,0.05,0.005,1,2009-04-30,0.4024357222610473,0,0.021807731330782384,0.009195007141245137,0.015503862202787858,0.06359322576456289,0.08801141897279335,0.08110805275879673,0.07342995357366024,0.6141661163989643,0.008717792116842054,0.024466839739565083
regime,0.05,0.005,1,2009-05-29,0.2248916154937387,2,0.1340482698152469,0.005000000000000001,0.005773682072764806,0.024374311465903995,0.38632406158035293,0.12411056064301901,0.05925107194748444,0.17947208962737776,0.005000000000000001,0.07664595284785021
regime,0.05,0.005,1,2009-06-30,0.1961952505734153,3,0.2610727663577858,0.005000000000000001,0.005000000000000001,0.016588879663591103,0.18668573070263972,0.07228020150488086,0.03553482675922387,0.23018765205602723,0.005000000000000001,0.18264994295585138
regime,0.05,0.005,1,2009-07-31,0.20623642328039316,3,0.2754634423988541,0.005,0.005,0.015332188591427253,0.15156707635059757,0.06180515206613532,0.03132158989309278,0.24968391481428204,0.005,0.19982663588561098
regime,0.05,0.005,1,2009-08-31,0.2083200797446769,3,0.27894085884784636,0.005000000000000001,0.005000000000000001,0.014778817068002076,0.15017368746507154,0.05989932925475434,0.03006861938730319,0.25213452568630557,0.005000000000000001,0.199004162290717
regime,0.05,0.005,1,2009-09-30,0.20756618962180795,3,0.27731119106915275,0.005,0.005,0.015072681911310292,0.15022871788780562,0.06059038161056903,0.030456444179766978,0.2515632355950297,0.005,0.19977734774636566
regime,0.05,0.005,1,2009-10-30,0.20411807009950145,3,0.25401296663051154,0.005,0.005,0.0163085374318256,0.16693382202643964,0.0635476978322334,0.0327277410208157,0.2724570078758947,0.005,0.1790122271822795
regime,0.05,0.005,1,2009-11-30,0.21016663501188076,3,0.2858996929226588,0.004999999999999999,0.004999999999999999,0.01471850887463546,0.14188515342892058,0.05892489874384298,0.029622362003510858,0.24458604744006615,0.004999999999999999,0.20936333658636508
regime,0.05,0.005,1,2009-12-31,0.21935348394168253,3,0.31159983180878037,0.005,0.005,0.013310957605110939,0.12590715864825455,0.05418034343690756,0.027548886246567438,0.2190498647490013,0.005,0.23340295750537782
regime,0.05,0.005,1,2010-01-29,0.21686167236276196,3,0.302343676460494,0.005,0.005,0.013471721473974727,0.12894284988026705,0.05437291647175871,0.028074106781844292,0.23305978061194435,0.005,0.22473494831971685
regime,0.05,0.005,1,2010-02-26,0.21333873936392414,3,0.2936507200894552,0.005,0.005,0.013913157117941746,0.1374754072477263,0.05602495479876082,0.02872544518425777,0.24116554047743907,0.005,0.21404477508441908
regime,0.05,0.005,1,2010-03-31,0.22015279344562438,3,0.3082075544985851,0.005,0.005,0.013081087378130742,0.1209807101172324,0.0529320815321961,0.02788432208825202,0.22806536914768227,0.005,0.23384887523792142
regime,0.05,0.005,1,2010-04-30,0.2091127303062224,3,0.2795557025593865,0.005,0.005,0.014995583783714895,0.14341293876381508,0.05925298696421917,0.03042565313579595,0.25180636159396985,0.005,0.20555077319909856
regime,0.05,0.005,1,2010-05-28,0.2694163129296354,3,0.10601249548171526,0.005,0.005,0.020558825720665877,0.4513433545345107,0.11176203006517825,0.05205262878371278,0.18937984865037227,0.005,0.053890816763844905
regime,0.05,0.005,1,2010-06-30,0.20137540883081467,3,0.23960719338537576,0.005,0.005,0.016569209347063737,0.18853516971855708,0.0670236802743752,0.034902467589377636,0.2752063694397976,0.005,0.16315591024545298
regime,0.05,0.005,1,2010-07-30,0.21190939111998827,3,0.2762890396814025,0.005,0.005,0.014263722313658935,0.13794294159138154,0.05601308870559514,0.030568003491912493,0.2648051180589845,0.005,0.2051180861570648
regime,0.05,0.005,1,2010-08-31,0.2179490886486291,3,0.29817750215959504,0.005,0.005,0.013348875064911225,0.12277761820238131,0.05315643372769933,0.02869900407194063,0.24327330687991108,0.005,0.22556725989356155
regime,0.05,0.005,1,2010-09-30,0.22241701549709708,3,0.31590610073430375,0.005000000000000001,0.005000000000000001,0.012948382985045213,0.11874702683515856,0.05281986325397374,0.027312181089438153,0.21876813477520365,0.005000000000000001,0.23849831032687702
regime,0.05,0.005,1,2010-10-29,0.221776271926593,3,0.3165386700388893,0.005,0.005,0.012987121956408042,0.12182273455097703,0.05321724469262173,0.02709222128195559,0.21746375531404616,0.005,0.2358782521651023
regime,0.05,0.005,1,2010-11-30,0.28591822079983253,3,0.4236522710729791,0.005,0.005,0.008781721190242175,0.10612043365320613,0.04785175433148208,0.021183616527176808,0.08607581193883199,0.005,0.2913343912860817
regime,0.05,0.005,1,2010-12-31,0.22634869615733694,3,0.32659435029877404,0.005,0.005,0.012507371167057543,0.11644993781707526,0.052632304395418245,0.026657358677861957,0.20172754667995252,0.005,0.24843113096386046
regime,0.05,0.005,1,2011-01-31,0.22392430316354936,3,0.3203288179293986,0.005000000000000001,0.005000000000000001,0.012726766998898867,0.11757288093028126,0.05299866383423271,0.027249923376449093,0.20991276386016655,0.005000000000000001,0.24421018307057302
regime,0.05,0.005,1,2011-02-28,0.3700924326692263,4,0.48169719879643436,0.005000000000000001,0.005000000000000001,0.005000000000000001,0.05270320291595742,0.03245765731182949,0.014213013806663108,0.034608526479607445,0.005000000000000001,0.36432040068950833
regime,0.05,0.005,1,2011-03-31,0.35368586909843924,3,0.4766057249059943,0.005,0.005,0.005473223306314021,0.06303960204229433,0.03519550797572064,0.015146271912182598,0.04457796771315904,0.005,0.34496170214433525
regime,0.05,0.005,1,2011-04-29,0.3648404825781541,4,0.47942161815312984,0.005,0.005,0.005,0.05588026350139045,0.03333230226285559,0.01459821811049477,0.03754789343296184,0.005,0.3592197045391676
regime,0.05,0.005,1,2011-05-31,0.21670587606357267,3,0.300224949867567,0.005,0.005,0.013533118213397416,0.1278829739684859,0.054363360116101704,0.028318600158667724,0.23703510578254627,0.005,0.22364189189323405
regime,0.05,0.005,1,2011-06-30,0.21234036489036867,3,0.28704456386719956,0.005000000000000001,0.005000000000000001,0.01413682655818479,0.1374651067679339,0.05637454376579365,0.029476731714171464,0.2489080187794009,0.005000000000000001,0.21159420854731575
regime,0.05,0.005,1,2011-07-29,0.21653908796575594,3,0.29600461745647416,0.005,0.005,0.013502195303078673,0.1271054971303697,0.05379998793302298,0.02864672680252039,0.24396293525056403,0.005,0.22197804012397016
regime,0.05,0.005,1,2011-08-31,0.33075377974769904,3,0.07588546473797711,0.005000000000000001,0.005000000000000001,0.020420522445875652,0.5335948812122396,0.12039398782490315,0.054150886168607415,0.1452895376257748,0.005000000000000001,0.03526471998462239
regime,0.05,0.005,1,2011-09-30,0.21734876755795857,1,0.03722592153415991,0.005886917144969356,0.010209895093596794,0.07556126323430082,0.26896640199479627,0.16600491686450425,0.09088694554998016,0.31852182236133547,0.005000000000000001,0.02173591622235697
regime,0.05,0.005,1,2011-10-31,0.3321055355888601,3,0.06220783038028667,0.005000000000000001,0.005000000000000001,0.02794849936075001,0.17895528371321695,0.07538768647789537,0.05923234177061661,0.5327357936413134,0.005000000000000001,0.04853256465592098
regime,0.05,0.005,1,2011-11-30,0.2664049762197091,3,0.10790640126833845,0.005000000000000001,0.005000000000000001,0.02063524929187043,0.44792226244606437,0.11407571519853706,0.05247128257846752,0.18649322449364686,0.005000000000000001,0.05549586472307545
regime,0.05,0.005,1,2011-12-30,0.21245390981574175,3,0.2984535877921022,0.005000000000000001,0.005000000000000001,0.013920913538239557,0.14203797396272716,0.05788475845784354,0.028397503623495062,0.2282821172790304,0.005000000000000001,0.21602314534656214
regime,0.05,0.005,1,2012-01-31,0.21917731456675643,3,0.3065732860528928,0.005000000000000001,0.005000000000000001,0.013187806889539437,0.12373310150667931,0.05330842977155774,0.027719210562942718,0.23098826449604334,0.005000000000000001,0.22948990072034475
regime,0.05,0.005,1,2012-02-29,0.22196927322937274,3,0.3150814036339886,0.005,0.005,0.013300335616328266,0.11772055824876013,0.054151837937090774,0.027233188914601858,0.21757686486701777,0.005,0.23993581078221266
regime,0.05,0.005,1,2012-03-30,0.22472856745355746,3,0.32345691822970773,0.005000000000000001,0.005000000000000001,0.01275217264674268,0.118456329104496,0.05270624963853515,0.026511390551077367,0.20822900930105026,0.005000000000000001,0.24288793052839086
regime,0.05,0.005,1,2012-04-30,0.36608010147298575,4,0.4805012060513941,0.005,0.005,0.005,0.05497706348310436,0.032821295573783986,0.014129442610957743,0.03790046047247808,0.005,0.3596705318082818
regime,0.05,0.005,1,2012-05-31,0.2918491588208993,3,0.42717816368074435,0.004999999999999999,0.004999999999999999,0.008197518061402228,0.10343233905936687,0.048371650312699084,0.02056519613845554,0.07771303668684591,0.004999999999999999,0.299542096060486
regime,0.05,0.005,1,2012-06-29,0.21209248528125718,3,0.2785394111154539,0.005,0.005,0.014282229669665204,0.13750025324494838,0.05643824475704123,0.030001653160967902,0.2625276908129394,0.005,0.20571051723898398
regime,0.05,0.005,1,2012-07-31,0.21541431094401917,3,0.2922658053846746,0.005,0.005,0.013681273457677806,0.12943572148853746,0.05441590982402165,0.028903326290715854,0.24841066232133874,0.005,0.21788730123303385
regime,0.05,0.005,1,2012-08-31,0.22359667216138684,3,0.3189428397833708,0.005,0.005,0.012947277994932806,0.11702538669284153,0.052716721621682706,0.027327545671331867,0.2134878810038486,0.005,0.24255234723199162
regime,0.05,0.005,1,2012-09-28,0.2243077009474391,3,0.3215082992786581,0.005,0.005,0.012741870566907587,0.1174020581865638,0.05271557307415961,0.0268787139103534,0.21151434624115675,0.005,0.24223913874220068
regime,0.05,0.005,1,2012-10-31,0.36967719366191815,4,0.4808624952379129,0.005,0.005,0.005,0.05227311956089809,0.03218814132868571,0.014184878329396546,0.03565221213229617,0.005,0.3648391534108105
regime,0.05,0.005,1,2012-11-30,0.3644763974483666,4,0.478822807694406,0.004999999999999999,0.004999999999999999,0.004999999999999999,0.05559742836971211,0.03321241544823914,0.014341068352084324,0.03855621186268925,0.004999999999999999,0.359470068272869
regime,0.05,0.005,1,2012-12-31,0.3686408268160543,4,0.4772746379239644,0.004999999999999999,0.004999999999999999,0.004999999999999999,0.05242199976119293,0.03245174113173999,0.014377775648132833,0.03538447643563396,0.004999999999999999,0.3680893690993358
regime,0.05,0.005,1,2013-01-31,0.37163714546126847,4,0.48014396317030605,0.005,0.005,0.005,0.05098916694570677,0.031845419891918116,0.014162398557782466,0.03404282824047023,0.005,0.3688162231938163
regime,0.05,0.005,1,2013-02-28,0.37170006953322543,4,0.4801107906466647,0.005,0.005,0.005,0.050962995851911455,0.03170409601203098,0.014022057310673316,0.03425374355686382,0.005,0.36894631662185584
regime,0.05,0.005,1,2013-03-28,0.3675337287153818,4,0.4775567442629974,0.005,0.005,0.005,0.053370951779834995,0.0327169702884677,0.014418557565911006,0.03593817067994942,0.005,0.36599860542283946
regime,0.05,0.005,1,2013-04-30,0.3496192155898215,3,0.4738395871613468,0.005,0.005,0.005570108480156922,0.06568828633605212,0.035590516550187974,0.015012344425770232,0.047331365178255154,0.005,0.3419677918682308
regime,0.05,0.005,1,2013-05-31,0.3619845601771448,4,0.47570143981627866,0.005,0.005,0.005,0.05649637836117133,0.033539454053353325,0.014452905511027818,0.039993793437140324,0.005,0.35981602882102853
regime,0.05,0.005,1,2013-06-28,0.20365875375745085,3,0.23355277248456632,0.005,0.005,0.017247740786165575,0.17974741110174833,0.06620858279582285,0.03514275015404661,0.29043115495359995,0.005,0.16266958772405035
regime,0.05,0.005,1,2013-07-31,0.22177885335885494,3,0.31332367487870666,0.005,0.005,0.01287242800995874,0.11948491913111782,0.05281549931228904,0.027486858130524795,0.21959242618222147,0.005,0.23942419435518156
regime,0.05,0.005,1,2013-08-30,0.2206994844522711,3,0.30838631625778334,0.005000000000000001,0.005000000000000001,0.012903654612961475,0.11866401020668228,0.05285199644902955,0.028319907352903136,0.2252376263934379,0.005000000000000001,0.23863648872720236
regime,0.05,0.005,1,2013-09-30,0.22203069752405485,3,0.3152523962484806,0.005,0.005,0.012832117756177585,0.12019400191921606,0.05293198426514107,0.027301082294826907,0.21769951520482825,0.005,0.23878890231132938
regime,0.05,0.005,1,2013-10-31,0.370146123833885,4,0.4794572714826275,0.004999999999999999,0.004999999999999999,0.004999999999999999,0.051878686436110835,0.03206363061636433,0.014077509634676752,0.035073523231937395,0.004999999999999999,0.3674493785982831
regime,0.05,0.005,1,2013-11-29,0.3744397557453036,4,0.48201341446249596,0.005,0.005,0.005,0.049047800319355,0.03107383973994771,0.013826823903064193,0.03347089127966577,0.005,0.3705672302954713
regime,0.05,0.005,1,2013-12-31,0.371215353738391,4,0.4782092525496674,0.005,0.005,0.005,0.05093916669992867,0.03192878246059301,0.014088408620601069,0.03408256697405657,0.005,0.3707518226951532
regime,0.05,0.005,1,2014-01-31,0.36334287687160116,4,0.473513940894997,0.005,0.005,0.005,0.05577533466609124,0.033582698341125164,0.014485083379464244,0.03773930276527107,0.005,0.36490363995305136
regime,0.05,0.005,1,2014-02-28,0.3622381014751823,4,0.47646096107849856,0.005000000000000001,0.005000000000000001,0.005000000000000001,0.057300778373268475,0.03383803267497107,0.0145752828330934,0.038678456050313205,0.005000000000000001,0.3591464889898553
regime,0.05,0.005,1,2014-03-31,0.3593392187188861,3,0.47528364786428345,0.004999999999999999,0.004999999999999999,0.005084016630310945,0.05916986853485057,0.034273443063711766,0.014718308159002574,0.040347833815067444,0.004999999999999999,0.3561228819327733
regime,0.05,0.005,1,2014-04-30,0.36650031098652924,4,0.4780866164472019,0.005,0.005,0.005,0.05442128169707745,0.03304230244223073,0.01444618320739898,0.03634074093965102,0.005,0.36366287526643987
regime,0.05,0.005,1,2014-05-30,0.36754459864703654,4,0.47587731208644063,0.005000000000000001,0.005000000000000001,0.005000000000000001,0.05314530231962124,0.032798657869592726,0.014447305658079721,0.0354671651423592,0.005000000000000001,0.3682642569239065
regime,0.05,0.005,1,2014-06-30,0.3681041358425564,4,0.47700473766083235,0.005000000000000001,0.005000000000000001,0.005000000000000001,0.05296337338023678,0.032680300375601,0.014508482424731543,0.035220297086451045,0.005000000000000001,0.3676228090721472
regime,0.05,0.005,1,2014-07-31,0.36500803637849594,4,0.4757320073182462,0.004999999999999999,0.004999999999999999,0.004999999999999999,0.054912961990559984,0.03312697252833516,0.014459204007234168,0.03724444232058081,0.004999999999999999,0.3645244118350435
regime,0.05,0.005,1,2014-08-29,0.3640183529965701,4,0.4742831273306367,0.005,0.005,0.005,0.05533988845502887,0.03346118063492863,0.01461265574964876,0.0373616578983249,0.005,0.36494148993143216
regime,0.05,0.005,1,2014-09-30,0.36031077225701746,4,0.46993319867427497,0.005,0.005,0.005,0.05697550198835813,0.03412539440623032,0.01469521070405696,0.03930189792769751,0.005,0.36496879629938217
regime,0.05,0.005,1,2014-10-31,0.3276598393647438,3,0.45475574466155133,0.005,0.005,0.006446960690936919,0.07715252708897247,0.03924451461513408,0.01695993295805442,0.059687168925470824,0.005,0.33075315105987996
regime,0.05,0.005,1,2014-11-28,0.22661811779454194,3,0.3338188976575812,0.005,0.005,0.012504105193421818,0.12236617853841558,0.0542676550906823,0.026251152155334568,0.19156363870430632,0.005,0.2442283726602581
regime,0.05,0.005,2,2008-04-30,0.3665005306730845,3,0.05064645494397993,0.005000000000000001,0.005000000000000001,0.03141841540506434,0.5534877015580504,0.22526618681786467,0.02450352867171566,0.06012510042600387,0.005000000000000001,0.039552612177321256
regime,0.05,0.005,2,2008-05-30,0.3529006008483314,3,0.06885235629850556,0.005000000000000001,0.005000000000000001,0.029089330836502,0.5387926795117325,0.22693262290129826,0.02203974083564653,0.05335277889687531,0.005000000000000001,0.045940490719439925
regime,0.05,0.005,2,2008-06-30,0.4081316562744126,3,0.31863535745992605,0.005000000000000001,0.005000000000000001,0.0063785007274916525,0.06723665889782683,0.02514909550983611,0.005747478785870402,0.013100152669520389,0.005000000000000001,0.5487527559495285
regime,0.05,0.005,2,2008-07-31,0.39148028292794024,3,0.2652702157570783,0.005000000000000001,0.005000000000000001,0.008563752288236833,0.09271176968965462,0.033006141461446335,0.0073519791246923665,0.02060147094976747,0.005000000000000001,0.5574946707291241
regime,0.05,0.005,2,2008-08-29,0.41579236938653347,3,0.2250795419504985,0.005,0.005,0.008496845348780872,0.09419015074731242,0.029352013928796907,0.008001150329461214,0.024404479062152342,0.005,0.5954758186329977
regime,0.05,0.005,2,2008-09-30,0.3754979605760371,3,0.0503794640575577,0.005000000000000001,0.005000000000000001,0.03220756746409416,0.5533540274775778,0.24764645660660273,0.014193460830271344,0.05612075100582415,0.005000000000000001,0.03109827255807227
regime,0.05,0.005,2,2008-10-31,0.3628243804030048,3,0.022185400614823818,0.005,0.005,0.056061226580607915,0.5054500454446738,0.3161175721467593,0.020932539698905912,0.05664038293203162,0.005,0.007612832582197686
regime,0.05,0.005,2,2008-11-28,0.2516329019054469,1,0.03520131923260403,0.007911489056923312,0.008163361095874068,0.05498036327682696,0.3874662774894494,0.24657557479345335,0.07389916171653113,0.17549299070940996,0.00530946262892776,0.005
regime,0.05,0.005,2,2008-12-31,0.3256902730494751,0,0.013840271846283506,0.00997731602914353,0.017715215881219427,0.026819339478998103,0.043985094755962045,0.09416261226643283,0.3248845587975597,0.45599907271395307,0.006132178148697655,0.006484340081750151
regime,0.05,0.005,2,2009-01-30,0.29111814608924297,0,0.019691113006128858,0.013528017008198858,0.02272717217608261,0.03022156937988515,0.05594809194778111,0.10045697080789345,0.33373527522269736,0.40539866395759994,0.008401774278641246,0.009891352215091333
regime,0.05,0.005,2,2009-02-27,0.2847112169490623,0,0.021602610914536403,0.014211024963059706,0.02375424753903265,0.02931432492984363,0.05783950040934266,0.10094591933731709,0.34478562579026667,0.38729516687218996,0.00875223684735413,0.011499342397057214
regime,0.05,0.005,2,2009-03-31,0.2966590456804827,0,0.01948217722737463,0.012931335773515504,0.022411249149720706,0.026027953732560786,0.05187402530151956,0.09690303443929185,0.36954179928282554,0.38224799313937097,0.007849026271143067,0.01073140568267735
regime,0.05,0.005,2,2009-04-30,0.27978733180109966,0,0.02588146923752583,0.01314480465373721,0.020833581647568346,0.02339475335243641,0.061955810655048495,0.10545374786683726,0.360759170255078,0.3640063116972904,0.007055333240275196,0.01751501739420291
regime,0.05,0.005,2,2009-05-29,0.22632305093387925,2,0.1020808569737951,0.004999999999999999,0.005533634433428095,0.02988084774178033,0.3635531936804913,0.24750233383493464,0.050092461573675647,0.0772014463681622,0.004999999999999999,0.11415522539373256
regime,0.05,0.005,2,2009-06-30,0.3966824426484521,3,0.34501734086568975,0.004999999999999999,0.004999999999999999,0.0066498762347624715,0.06600195777210868,0.026759627338209902,0.005864362868531637,0.012928743141855173,0.004999999999999999,0.5217780917788423
regime,0.05,0.005,2,2009-07-31,0.4192385173131148,3,0.33138560173170173,0.005000000000000001,0.005000000000000001,0.005733782953189603,0.05510084492690872,0.023011238717816296,0.005597219209361567,0.011371194087077527,0.005000000000000001,0.5528001183739447
regime,0.05,0.005,2,2009-08-31,0.40795614648622036,4,0.34324005146239167,0.005,0.005,0.005777829356472767,0.06303569372278463,0.022736443057890503,0.005,0.010983486669687136,0.005,0.5342264957307733
regime,0.05,0.005,2,2009-09-30,0.4023781856996491,3,0.3429693748161719,0.005000000000000001,0.005000000000000001,0.006268496558222232,0.06414001878275695,0.025336956676632758,0.00549556925667568,0.011915481475493254,0.005000000000000001,0.5288741024340473
regime,0.05,0.005,2,2009-10-30,0.3984785953250877,3,0.33821667951227535,0.005,0.005,0.006449841775907477,0.06839657753016112,0.026289876212973923,0.0055426175120885145,0.012452594770123922,0.005,0.5276518126864697
regime,0.05,0.005,2,2009-11-30,0.4321105201846873,3,0.32001982942571167,0.005,0.005,0.005238300986142497,0.0513970653305773,0.020843862122408637,0.00546691510944183,0.010742529497340956,0.005,0.571291497528377
regime,0.05,0.005,2,2009-12-31,0.43184300161717415,3,0.3209357411196695,0.005000000000000001,0.005000000000000001,0.005178933435873842,0.05215598306374798,0.02009028774212974,0.005420100717030803,0.01071623801412699,0.005000000000000001,0.5705027159074212
regime,0.05,0.005,2,2010-01-29,0.4265601274795159,4,0.32567218326240566,0.005,0.005,0.005161215489414918,0.05603839483078195,0.01989242948467265,0.005,0.010451742858831393,0.005,0.5627840340738935
regime,0.05,0.005,2,2010-02-26,0.42443576131127364,4,0.3291593164598352,0.004999999999999999,0.004999999999999999,0.005085638328209976,0.057134933347442796,0.019775269977683616,0.004999999999999999,0.01009018350144861,0.004999999999999999,0.5587546583853797
regime,0.05,0.005,2,2010-03-31,0.43271964567546717,3,0.32000917237852694,0.005000000000000001,0.005000000000000001,0.005055621830169139,0.05324204621965069,0.019276051742858173,0.00514976751765309,0.01054252061718356,0.005000000000000001,0.5717248196939585
regime,0.05,0.005,2,2010-04-30,0.4172567320307452,3,0.3280301660350984,0.005000000000000001,0.005000000000000001,0.005769716077846541,0.05817866873297858,0.02321508064913759,0.005608475117368259,0.011516363488217688,0.005000000000000001,0.552681529899353
regime,0.05,0.005,2,2010-05-28,0.2932779547826178,3,0.2572192746526523,0.004999999999999999,0.004999999999999999,0.01375186781621034,0.1791411425116251,0.058043060432177065,0.008604853127350771,0.032014432565895944,0.004999999999999999,0.43622536889408825
regime,0.05,0.005,2,2010-06-30,0.4351998616830067,4,0.30494792976734897,0.004999999999999999,0.004999999999999999,0.005158026191952263,0.05820254785991201,0.019178255633908833,0.004999999999999999,0.010959665854721346,0.004999999999999999,0.5815535746921566
regime,0.05,0.005,2,2010-07-30,0.3116121208099372,3,0.07807082831424866,0.005000000000000001,0.005000000000000001,0.031328954934044466,0.5066193823642421,0.18909318722594495,0.03143826842636832,0.0700920527069271,0.005000000000000001,0.07835732602822455
regime,0.05,0.005,2,2010-08-31,0.4306278967242637,3,0.3221919490979102,0.005,0.005,0.00509705470589603,0.05424086860338648,0.019339204287807915,0.005028466597477393,0.010536824705779654,0.005,0.5685656320017424
regime,0.05,0.005,2,2010-09-30,0.427086880216273,3,0.3268278294476037,0.005,0.005,0.005319015938144354,0.05327075078160531,0.020574683608434077,0.0053968287906543105,0.010796193568167736,0.005,0.5628146978653905
regime,0.05,0.005,2,2010-10-29,0.43262822272225643,3,0.31977505553345703,0.005,0.005,0.005168839330722109,0.05224698578629436,0.019793874020484572,0.005400020074519263,0.010772887377143964,0.005,0.5718423378773787
regime,0.05,0.005,2,2010-11-30,0.4150827583927565,3,0.33354006706804634,0.005,0.005,0.00568353662012088,0.05934047609502353,0.02262998183124989,0.005353280540630713,0.011150100823028659,0.005,0.5473025570219001
regime,0.05,0.005,2,2010-12-31,0.43680411319722917,3,0.31621298288846944,0.005000000000000001,0.005000000000000001,0.0050846730232610715,0.05028128660430231,0.01961407531436725,0.005488598864899287,0.010689348253971971,0.005000000000000001,0.5776290350507288
regime,0.05,0.005,2,2011-01-31,0.43794914560934695,3,0.31527321778130707,0.005000000000000001,0.005000000000000001,0.0050017069964513414,0.050297226801608336,0.019346053864868012,0.005374358178942442,0.010563785305345302,0.005000000000000001,0.5791436510714776
regime,0.05,0.005,2,2011-02-28,0.4300309842008599,3,0.3229590931398994,0.005,0.005,0.0052445149146776145,0.052585834450819866,0.020246320501387173,0.005466402005459353,0.01077902158945259,0.005,0.567718813398304
regime,0.05,0.005,2,2011-03-31,0.4284345346993427,3,0.3242418784940676,0.005,0.005,0.00518690245863802,0.054372461661240865,0.01996392250742799,0.005197393976498052,0.010612580811728228,0.005,0.5654248600903992
regime,0.05,0.005,2,2011-04-29,0.434060076555941,3,0.3156202222191446,0.005,0.005,0.005272462708284874,0.05205708649219942,0.0198935371731074,0.005629048000504636,0.011132260616694914,0.005,0.5753953827900641
regime,0.05,0.005,2,2011-05-31,0.43761361716657793,3,0.3139889220245599,0.005,0.005,0.0050019817941657,0.05194600011130033,0.018865733006350943,0.005184053008576444,0.010590126011995337,0.005,0.5794231840430514
regime,0.05,0.005,2,2011-06-30,0.41958088247312486,4,0.32876168892447416,0.005,0.005,0.005399591401313481,0.06005787430049704,0.020806999054421293,0.005,0.010705875444949537,0.005,0.5542679708743445
regime,0.05,0.005,2,2011-07-29,0.4300018863335976,4,0.32106007499804473,0.005,0.005,0.00505337663738749,0.0557707501485329,0.019221276810984688,0.005,0.010379607211796581,0.005,0.5685149141932535
regime,0.05,0.005,2,2011-08-31,0.22479033617458447,3,0.12609848344203534,0.004999999999999999,0.004999999999999999,0.02770175201965989,0.3691198573842442,0.14175490673346433,0.02019840110717219,0.09412925067999262,0.004999999999999999,0.20599734863343136
regime,0.05,0.005,2,2011-09-30,0.40121543728014203,3,0.031374831326974335,0.005000000000000001,0.005000000000000001,0.03155015591846348,0.5727329572812814,0.2600911555604722,0.017072252816232984,0.053320907621658815,0.005000000000000001,0.018857739474916993
regime,0.05,0.005,2,2011-10-31,0.39753319083707467,3,0.03144437178980012,0.005000000000000001,0.005000000000000001,0.03455583835014864,0.5682412723455147,0.2625984552803946,0.01751274159612174,0.05288819800664915,0.005000000000000001,0.01775912263137126
regime,0.05,0.005,2,2011-11-30,0.409903067252,3,0.03226902646784218,0.005,0.005,0.030841934441928565,0.5817382392830439,0.25788374055700647,0.016123836007108712,0.04831478217120306,0.005,0.017828441071867058
regime,0.05,0.005,2,2011-12-30,0.3814157090013056,3,0.05110582898688149,0.005,0.005,0.030481943333544276,0.5702098191882986,0.21842626023358797,0.022253667772059463,0.05561685059651732,0.005,0.03690562988911081
regime,0.05,0.005,2,2012-01-31,0.4251283640677333,4,0.3283794035044603,0.005,0.005,0.005157295860894119,0.05639391872173933,0.01977906868069444,0.005,0.010389149028214932,0.005,0.5599011642039969
regime,0.05,0.005,2,2012-02-29,0.4296975239153065,3,0.3249511891784863,0.004999999999999999,0.004999999999999999,0.005332842286334235,0.05076365866257469,0.02103424150536094,0.005666504845104858,0.010831228240045154,0.004999999999999999,0.5664203352820937
regime,0.05,0.005,2,2012-03-30,0.427220828670159,3,0.32696894962244666,0.005,0.005,0.005260842460898185,0.053665096036348545,0.020351963791405962,0.005331307868592341,0.010594470978284016,0.005,0.5628273692420243
regime,0.05,0.005,2,2012-04-30,0.42844263671979915,3,0.32580244254659796,0.005,0.005,0.005095597127432695,0.05457827938953332,0.01959733157486428,0.005026550976818614,0.010365579220756503,0.005,0.5645342191639966
regime,0.05,0.005,2,2012-05-31,0.41628694587272136,4,0.3288704624133344,0.004999999999999999,0.004999999999999999,0.005437267807389607,0.062411649335549754,0.021629006463632704,0.004999999999999999,0.010721840611411161,0.004999999999999999,0.5509297733686823
regime,0.05,0.005,2,2012-06-29,0.41725693774025746,4,0.33453324998801187,0.005,0.005,0.005220307739984876,0.06123362856299816,0.02047249969106682,0.005,0.009951693960485277,0.005,0.548588620057453
regime,0.05,0.005,2,2012-07-31,0.42590199756939784,4,0.32563312217712775,0.005000000000000001,0.005000000000000001,0.0051120847596708395,0.05738009012268199,0.019396512931280085,0.005000000000000001,0.010372645952296844,0.005000000000000001,0.5621055440569426
regime,0.05,0.005,2,2012-08-31,0.4322593578066719,3,0.31893525638846243,0.005,0.005,0.005288015726438794,0.051827924376016195,0.020126471107841583,0.005679784510496813,0.011138026262386446,0.005,0.5720045216283578
regime,0.05,0.005,2,2012-09-28,0.43517830401042,3,0.31679413502884035,0.005,0.005,0.005157135409456205,0.051285676624211074,0.019630777528066065,0.0054912644073940265,0.010832803075386099,0.005,0.5758082079266462
regime,0.05,0.005,2,2012-10-31,0.43878667162559165,3,0.3123876898493266,0.005,0.005,0.005069113628525955,0.050661442302214435,0.01914565792962767,0.005475768043378079,0.010866569577760266,0.005,0.581393758669167
regime,0.05,0.005,2,2012-11-30,0.4353549248443229,3,0.3160515032361276,0.005,0.005,0.00506811231430743,0.05255171069633185,0.01915341724327383,0.005231352453411111,0.010666179109997573,0.005,0.5762777249465506
regime,0.05,0.005,2,2012-12-31,0.43411509492147526,3,0.3166700130421414,0.005,0.005,0.0051540069381034205,0.05272905258857941,0.019398194150770095,0.005355064539016327,0.010862989503159903,0.005,0.5748306792382295
regime,0.05,0.005,2,2013-01-31,0.4278849056121299,3,0.3236973422564433,0.005000000000000001,0.005000000000000001,0.005321169322662938,0.0538682502302843,0.02033790300726164,0.005497890234224741,0.011003259994471605,0.005000000000000001,0.5652741849546515
regime,0.05,0.005,2,2013-02-28,0.42731057053969246,3,0.3257459373278482,0.004999999999999999,0.004999999999999999,0.005242683527870788,0.05427034247796187,0.020125687061229802,0.005305752093778912,0.010746181063409063,0.004999999999999999,0.5635634164479013
regime,0.05,0.005,2,2013-03-28,0.42696032803604106,3,0.32431851758736896,0.0049999999999999975,0.0049999999999999975,0.0052914644133292285,0.05484686194844598,0.02022587797461129,0.005390077750415771,0.010915351741869415,0.0049999999999999975,0.5640118485839593
regime,0.05,0.005,2,2013-04-30,0.41351991395317766,4,0.34410582851629723,0.005,0.005,0.005264552318790343,0.06084387729731644,0.020614060405875847,0.005,0.009952422137857696,0.005,0.5392192593238625
regime,0.05,0.005,2,2013-05-31,0.4236577006278896,4,0.33252410800442317,0.004999999999999999,0.004999999999999999,0.00512001624836751,0.05593490396720151,0.020027744112543436,0.004999999999999999,0.010223414171634245,0.004999999999999999,0.5561698134958301
regime,0.05,0.005,2,2013-06-28,0.39111383250849574,4,0.3473047182509928,0.005,0.005,0.006297154552365507,0.07444662069976718,0.026621524148687785,0.005,0.011550663650701554,0.005,0.5137793186974852
regime,0.05,0.005,2,2013-07-31,0.42821650986517557,5,0.32739719089703073,0.005,0.005,0.005,0.05478608357297867,0.01938545249521557,0.005,0.010026672074407097,0.005,0.5634046009603679
regime,0.05,0.005,2,2013-08-30,0.44277517685673706,4,0.31009403162890925,0.005,0.005,0.005,0.050333452555302284,0.018160051079113608,0.005054098437057732,0.010249999091690278,0.005,0.5861083672079269
regime,0.05,0.005,2,2013-09-30,0.4333962139009303,3,0.32087939201298055,0.005000000000000001,0.005000000000000001,0.005022293784677353,0.052296215246858596,0.019340707539307344,0.0051410832941422005,0.010403544355140097,0.005000000000000001,0.5719167637668939
regime,0.05,0.005,2,2013-10-31,0.43560662065682126,3,0.3179363275592871,0.005000000000000001,0.005000000000000001,0.005008554863259161,0.05168863804388725,0.019102724600571695,0.005201493888011831,0.010520197270454805,0.005000000000000001,0.5755420637745282
regime,0.05,0.005,2,2013-11-29,0.4341815598271814,3,0.32056720297360874,0.004999999999999999,0.004999999999999999,0.005014187866423751,0.05180568767133179,0.019125770473444305,0.005181212226458169,0.01047801702453156,0.004999999999999999,0.5728279217642016
regime,0.05,0.005,2,2013-12-31,0.43521310698723675,4,0.31880524866770926,0.004999999999999999,0.004999999999999999,0.004999999999999999,0.05205822201525466,0.018934151396955333,0.005122615907778624,0.010385353584810695,0.004999999999999999,0.5746944084274914
regime,0.05,0.005,2,2014-01-31,0.4343834562085797,5,0.3182954968482897,0.005000000000000001,0.005000000000000001,0.005000000000000001,0.05366187673074487,0.018622197700572312,0.005000000000000001,0.010300272286179605,0.005000000000000001,0.5741201564342135
regime,0.05,0.005,2,2014-02-28,0.4282393904769289,3,0.32318663369170036,0.004999999999999999,0.004999999999999999,0.005195979322845939,0.05522712550786464,0.01978525273612848,0.00517037996508436,0.010655495142568795,0.004999999999999999,0.5657791336338073
regime,0.05,0.005,2,2014-03-31,0.42789871863023893,3,0.32314098533796287,0.005000000000000001,0.005000000000000001,0.005200684761670443,0.05573701088153105,0.0197486791598745,0.00510581535452385,0.010610100421053394,0.005000000000000001,0.565456724083384
regime,0.05,0.005,2,2014-04-30,0.4299216725599111,3,0.3203344444216991,0.005000000000000001,0.005000000000000001,0.005300280125805921,0.05385705986335598,0.020047322765803843,0.005455558079557698,0.011014237521510513,0.005000000000000001,0.568991097222267
regime,0.05,0.005,2,2014-05-30,0.4299372580549443,3,0.32044835278767236,0.005,0.005,0.00526487533476067,0.05426140546459224,0.019780500330687813,0.00535714829425066,0.010974109312239314,0.005,0.568913608475797
regime,0.05,0.005,2,2014-06-30,0.42974707001288937,3,0.3204428153437916,0.005000000000000001,0.005000000000000001,0.0053033217348453995,0.05395027225426062,0.020004865038508884,0.005465734762128416,0.011064834617461184,0.005000000000000001,0.5687681562490039
regime,0.05,0.005,2,2014-07-31,0.42866659851829925,3,0.32145036140517697,0.005000000000000001,0.005000000000000001,0.005257107782068745,0.0551313785428054,0.019838553910838386,0.005282526281131282,0.010894595078102242,0.005000000000000001,0.567145476999877
regime,0.05,0.005,2,2014-08-29,0.431185270885359,3,0.31858809606086125,0.005000000000000001,0.005000000000000001,0.005218492901311555,0.054326306893435455,0.01962222056371777,0.005305110980442293,0.010886692913344743,0.005000000000000001,0.5710530796868871
regime,0.05,0.005,2,2014-09-30,0.4351143111414159,5,0.31607106897224513,0.005000000000000001,0.005000000000000001,0.005000000000000001,0.053905855899096744,0.018643594160545063,0.005000000000000001,0.010422594455293146,0.005000000000000001,0.57595688651282
regime,0.05,0.005,2,2014-10-31,0.4259493051088019,4,0.3258001876606509,0.005000000000000001,0.005000000000000001,0.005090654875590664,0.057452069402480536,0.01937086438636716,0.005000000000000001,0.010239236826359665,0.005000000000000001,0.5620469868485511
regime,0.05,0.005,2,2014-11-28,0.42913292056625124,4,0.324191018652097,0.005000000000000001,0.005000000000000001,0.005034307122931127,0.05478604436051256,0.019679376947986098,0.005000000000000001,0.010258248548183512,0.005000000000000001,0.5660510043682898
regime,0.05,0.005,3,2008-04-30,0.2732950575195965,3,0.41254840335382204,0.005000000000000001,0.005000000000000001,0.007069046034617094,0.18810785589782575,0.22436148846211915,0.011765103628349066,0.13037140468991593,0.005000000000000001,0.010776697933351105
regime,0.05,0.005,3,2008-05-30,0.23850251003430656,3,0.3343541245350224,0.005000000000000001,0.005000000000000001,0.009563047861442037,0.19388463296320638,0.20768565591687768,0.013568849764569282,0.21324498646999748,0.005000000000000001,0.012698702488884675
regime,0.05,0.005,3,2008-06-30,0.2279049543051809,3,0.2094102928096644,0.004999999999999999,0.004999999999999999,0.01435057712965018,0.21287469747646265,0.2689344991317385,0.011184134787421614,0.2566523932023565,0.004999999999999999,0.011593405462706164
regime,0.05,0.005,3,2008-07-31,0.28592475355732583,3,0.15178985579265986,0.0049999999999999975,0.0049999999999999975,0.016766052045669146,0.22470126707809565,0.4393454822189051,0.007342489219466182,0.13748515588910165,0.0049999999999999975,0.007569697756102148
regime,0.05,0.005,3,2008-08-29,0.45966972712227383,3,0.1379613842092629,0.005000000000000001,0.005000000000000001,0.005981688947842878,0.07144211265031526,0.0858299341745472,0.01982179442092161,0.6538809501251598,0.005000000000000001,0.010082135471950335
regime,0.05,0.005,3,2008-09-30,0.3822719889112549,4,0.10446921239075092,0.005,0.005,0.01850016730674229,0.20016018157981338,0.569209408697435,0.005034645058202248,0.08262638496705617,0.005,0.005
regime,0.05,0.005,3,2008-10-31,0.35671128626742865,4,0.10445340484910315,0.005,0.005,0.017380513961741968,0.14124319755008996,0.5465154308372867,0.006939484135823561,0.16346796866595464,0.005,0.005
regime,0.05,0.005,3,2008-11-28,0.3174834354396342,3,0.16390642501079108,0.005000000000000001,0.005000000000000001,0.0077478336044847695,0.09466994606390956,0.20617956852650748,0.01587700908968798,0.4885628857023091,0.005000000000000001,0.008056332002310087
regime,0.05,0.005,3,2008-12-31,0.5401959544578283,3,0.10217010479675878,0.004999999999999999,0.004999999999999999,0.005054494775263626,0.05522987999513947,0.07691305365771388,0.016874960542723066,0.7213536843233023,0.004999999999999999,0.0074038219090988705
regime,0.05,0.005,3,2009-01-30,0.5057634681933343,3,0.11040883882979424,0.004999999999999999,0.004999999999999999,0.005799033849342735,0.06215091287261242,0.08610850864111651,0.017855348623861927,0.6941146760398202,0.004999999999999999,0.008562681143451963
regime,0.05,0.005,3,2009-02-27,0.3181134722482357,3,0.1631647086567606,0.005,0.005,0.008947808938531521,0.12686843283850407,0.15563525380482365,0.017524929688525,0.5005590337808321,0.005,0.012299832292022977
regime,0.05,0.005,3,2009-03-31,0.3550005505317397,3,0.14022427469846044,0.005,0.005,0.009186742822979868,0.09728935151417561,0.1706370203246084,0.014797541965052311,0.5443385226256644,0.005,0.008526546049058935
regime,0.05,0.005,3,2009-04-30,0.45542382555533906,3,0.14747467798121436,0.005,0.005,0.0055134977741407905,0.06787784079541807,0.08338957413725251,0.021648766072737913,0.6491852892021802,0.005,0.009910354037056118
regime,0.05,0.005,3,2009-05-29,0.24861745684340206,3,0.3626279785117529,0.005,0.005,0.006792447534170447,0.16493775133289293,0.179709842445605,0.01851642708327256,0.23867447299542272,0.005,0.013741080096883388
regime,0.05,0.005,3,2009-06-30,0.2724613401004308,3,0.4111707256759226,0.005,0.005,0.006908077881373465,0.18697366525775289,0.2248783851877528,0.012030710443922517,0.13223609461673708,0.005,0.010802340936538615
regime,0.05,0.005,3,2009-07-31,0.24496454678800297,3,0.35466386236985287,0.005000000000000002,0.005000000000000002,0.008720829373370372,0.19201504320537735,0.210630394976116,0.013292238196293908,0.1935685542369308,0.005000000000000002,0.012109077642058753
regime,0.05,0.005,3,2009-08-31,0.23180932156904616,3,0.3031288051501139,0.005000000000000001,0.005000000000000001,0.010860115624999027,0.19605513115886217,0.20875889477571152,0.013541576098906206,0.23948834787202267,0.005000000000000001,0.013167129319384688
regime,0.05,0.005,3,2009-09-30,0.23040239286002834,3,0.2973029091701402,0.005000000000000001,0.005000000000000001,0.011182317104699505,0.19827000375459816,0.21491986496074897,0.01357140228609386,0.23654410800242023,0.005000000000000001,0.013209394721299176
regime,0.05,0.005,3,2009-10-30,0.23045034023879962,3,0.2959258203578221,0.005000000000000001,0.005000000000000001,0.011135655300738645,0.19838034556248518,0.21738596371398394,0.013282131373848118,0.23606554992159767,0.005000000000000001,0.012824533769524324
regime,0.05,0.005,3,2009-11-30,0.2326683092768832,3,0.30924270989146435,0.005,0.005,0.010721608104257156,0.19484148737148488,0.2080510717128806,0.013900160373334176,0.2350118560768751,0.005,0.0132311064697037
regime,0.05,0.005,3,2009-12-31,0.2343228163219182,3,0.32001941329970973,0.005,0.005,0.010735999344952228,0.19433972458936127,0.20226917692602306,0.014354782972490899,0.2294377673077877,0.005,0.013843135559674995
regime,0.05,0.005,3,2010-01-29,0.25142531666433315,3,0.3707557537442114,0.005000000000000001,0.005000000000000001,0.008678919286113355,0.1936579190398831,0.21723639482186846,0.012795602397195379,0.1697319414914998,0.005000000000000001,0.012143469219228455
regime,0.05,0.005,3,2010-02-26,0.23122684253252557,3,0.30334108119704256,0.005000000000000001,0.005000000000000001,0.01128929739586783,0.19719050115855746,0.21269572830121894,0.013556038370873491,0.23349706040848492,0.005000000000000001,0.013430293167954853
regime,0.05,0.005,3,2010-03-31,0.23470900479948964,3,0.3195717421666575,0.005000000000000001,0.005000000000000001,0.010620076377421564,0.1925656368955933,0.1990870428185114,0.01428538592295306,0.2351276631948674,0.005000000000000001,0.013742452623995897
regime,0.05,0.005,3,2010-04-30,0.23123937647657639,3,0.3033440423069207,0.005,0.005,0.011150546197288268,0.1973947101600232,0.21362142335171627,0.013712117640892514,0.23250705770988453,0.005,0.013270102633274482
regime,0.05,0.005,3,2010-05-28,0.2758258167333468,3,0.11510306119621835,0.005000000000000001,0.005000000000000001,0.022899941870473485,0.22737212376348354,0.4199171096101634,0.007818566372775577,0.18391439770718773,0.005000000000000001,0.007974799479697906
regime,0.05,0.005,3,2010-06-30,0.24638945262087253,3,0.29914907150670744,0.004999999999999999,0.004999999999999999,0.009898209546582902,0.21164107326208811,0.30255804330836583,0.00948660472851012,0.14212737228042746,0.004999999999999999,0.010139625367318038
regime,0.05,0.005,3,2010-07-30,0.23496203549999478,3,0.2425162864934108,0.005000000000000001,0.005000000000000001,0.011329723063314022,0.17828043391326448,0.21515378320392994,0.013439384701641573,0.31232334555282376,0.005000000000000001,0.011957043071615384
regime,0.05,0.005,3,2010-08-31,0.23514619296501912,3,0.32006548497980924,0.004999999999999999,0.004999999999999999,0.010356827187943167,0.1927280717860927,0.1991141794460939,0.014046871640680698,0.23527473937885163,0.004999999999999999,0.01341382558052851
regime,0.05,0.005,3,2010-09-30,0.23723653113667753,3,0.33100021164845495,0.005,0.005,0.010193817513549443,0.19187809821891874,0.19532394351278484,0.014540969078766394,0.2283141709148771,0.005,0.013748789112648532
regime,0.05,0.005,3,2010-10-29,0.2802452486353678,3,0.42458917590390827,0.005000000000000001,0.005000000000000001,0.007030034702573602,0.18711894909755783,0.2243227010735786,0.011662022343250079,0.11940004233037009,0.005000000000000001,0.010877074548761516
regime,0.05,0.005,3,2010-11-30,0.26836773359897426,3,0.4019240826472565,0.005,0.005,0.007532169050900151,0.19122255358377221,0.22844564805479634,0.011836347500405568,0.13295320333321933,0.005,0.011085995829649945
regime,0.05,0.005,3,2010-12-31,0.27842036216110594,3,0.42003034312831383,0.005000000000000001,0.005000000000000001,0.00724061924482513,0.18815847948240677,0.22845100891746387,0.011688495126638004,0.11838651440806039,0.005000000000000001,0.011044539692292119
regime,0.05,0.005,3,2011-01-31,0.27813245053915425,3,0.4191087673239017,0.005000000000000001,0.005000000000000001,0.007120432852876443,0.1879662162474343,0.2292431977877371,0.011489925855120741,0.11925536757295739,0.005000000000000001,0.010816092359972412
regime,0.05,0.005,3,2011-02-28,0.27932012609396406,3,0.42190521981080975,0.005000000000000001,0.005000000000000001,0.007183652024631322,0.18809050795563717,0.22725988254769755,0.011610514834127915,0.11793317580541547,0.005000000000000001,0.011017047021680937
regime,0.05,0.005,3,2011-03-31,0.27493232900261055,3,0.41344946807048455,0.004999999999999999,0.004999999999999999,0.007374242254051084,0.1897910935254797,0.22923382874959344,0.011531189021424205,0.12263810691340878,0.004999999999999999,0.010982071465558057
regime,0.05,0.005,3,2011-04-29,0.27937798983588386,3,0.4233773113979385,0.004999999999999999,0.004999999999999999,0.007149306867279272,0.18772830777920332,0.22377080557958184,0.011796846269026948,0.1201107930573205,0.004999999999999999,0.01106662904964946
regime,0.05,0.005,3,2011-05-31,0.25569479002900236,3,0.38232394156578575,0.005,0.005,0.008226729667522423,0.19071162143012613,0.21117858012374124,0.012912485959072434,0.16763723085979643,0.005,0.012009410393955488
regime,0.05,0.005,3,2011-06-30,0.23207645563081225,3,0.3075257553608243,0.004999999999999999,0.004999999999999999,0.011062471510606006,0.1958509316168843,0.20826227013535847,0.013828354698322238,0.23495159059399298,0.004999999999999999,0.0135186260840115
regime,0.05,0.005,3,2011-07-29,0.23189615495162139,3,0.30671230929099647,0.005000000000000001,0.005000000000000001,0.011209166191115697,0.19580760888936755,0.20729264751865684,0.013856797669240922,0.23650538881729619,0.005000000000000001,0.013616081623326379
regime,0.05,0.005,3,2011-08-31,0.3459300300313669,3,0.11793548786765422,0.005000000000000001,0.005000000000000001,0.018741145049611677,0.22195304268946842,0.5233240453907935,0.005590333645374049,0.0916449162948352,0.005000000000000001,0.005811029062263073
regime,0.05,0.005,3,2011-09-30,0.25064316883325743,3,0.19589429051168966,0.005000000000000001,0.005000000000000001,0.012259222633516517,0.18941246644306728,0.3664700305446985,0.008506722033164094,0.20427079795786413,0.005000000000000001,0.008186469875999842
regime,0.05,0.005,3,2011-10-31,0.46437562951323363,3,0.13912236612635237,0.005,0.005,0.0057323489915722435,0.06833317766723884,0.08541182791504451,0.019336907058151408,0.6576361801856324,0.005,0.009427192056008274
regime,0.05,0.005,3,2011-11-30,0.233433563110256,3,0.242241236185397,0.004999999999999999,0.004999999999999999,0.010996731286667349,0.20404851207078498,0.2972932008042643,0.009914157619356533,0.21057257491304002,0.004999999999999999,0.009933587120489685
regime,0.05,0.005,3,2011-12-30,0.244385755787989,3,0.3523292626291501,0.005,0.005,0.00909426825277129,0.19449358906711436,0.21625138660724946,0.012992624386545304,0.187563964560114,0.005,0.01227490449705554
regime,0.05,0.005,3,2012-01-31,0.2582750789591805,3,0.3846185320601284,0.005,0.005,0.008266330594135821,0.19288924960720633,0.22172666246138625,0.012328518378458154,0.15343266285199605,0.005,0.011738044046688947
regime,0.05,0.005,3,2012-02-29,0.27601660965595765,3,0.41484489557271714,0.004999999999999999,0.004999999999999999,0.0071783378314689,0.18851161230078953,0.2309600448864737,0.011555076183574825,0.12109170198700438,0.004999999999999999,0.010858331237971381
regime,0.05,0.005,3,2012-03-30,0.27952138961565504,3,0.4215051169246402,0.004999999999999999,0.004999999999999999,0.00713520282124449,0.18835570861841353,0.2288928396673109,0.011578344750496385,0.11664713635924542,0.004999999999999999,0.010885650858649072
regime,0.05,0.005,3,2012-04-30,0.2770622149095834,3,0.41593051276850407,0.005000000000000001,0.005000000000000001,0.007249681352571466,0.18937344945294135,0.2319977873150902,0.011318341624254106,0.11835068903398814,0.005000000000000001,0.010779538452650832
regime,0.05,0.005,3,2012-05-31,0.23603449389428488,3,0.32303892178566523,0.005,0.005,0.009853426216887411,0.19413273953781712,0.21204983720291676,0.013197946504939728,0.22028772147835524,0.005,0.012439407273418494
regime,0.05,0.005,3,2012-06-29,0.22641198837644197,3,0.25497607220680646,0.005,0.005,0.012781922020645932,0.20425807639051963,0.23696622895354374,0.012285842284022505,0.2509421013147869,0.005,0.012789756829674828
regime,0.05,0.005,3,2012-07-31,0.22942720873189915,3,0.2901117336450459,0.005,0.005,0.01163927436135876,0.19836132377289672,0.21446519122326727,0.013383576508016118,0.2436189000865463,0.005,0.013420000402868905
regime,0.05,0.005,3,2012-08-31,0.2380798249204669,3,0.3341261806042831,0.005,0.005,0.010099571987454843,0.19050935116447648,0.19263020716687052,0.014713020170037765,0.22902562384079958,0.005,0.013896045066077698
regime,0.05,0.005,3,2012-09-28,0.27926211710993903,3,0.42389343278732167,0.005000000000000001,0.005000000000000001,0.007066899719372408,0.18697127561980437,0.22196858957707633,0.011794936679343525,0.1223256170289469,0.005000000000000001,0.010979248588134791
regime,0.05,0.005,3,2012-10-31,0.28058201564970003,3,0.4255783341632954,0.004999999999999999,0.004999999999999999,0.007048399751651206,0.18646841499597602,0.22365740478778554,0.011737137469690774,0.11953720459021011,0.004999999999999999,0.010973104241390905
regime,0.05,0.005,3,2012-11-30,0.27665712192361586,3,0.4181455916560883,0.005,0.005,0.007198822017763994,0.18792686046608992,0.22544124502327506,0.011688104152783709,0.12364325647945357,0.005,0.0109561202045455
regime,0.05,0.005,3,2012-12-31,0.27034700896032926,3,0.4098750169409038,0.005000000000000001,0.005000000000000001,0.007462164251261686,0.18832658089717647,0.2180111782563436,0.01227506573543151,0.1376296443839842,0.005000000000000001,0.01142034953489894
regime,0.05,0.005,3,2013-01-31,0.2576089747161224,3,0.386142347572421,0.005000000000000002,0.005000000000000002,0.008343795790966222,0.19138522610524072,0.21435999675477468,0.012953744763166079,0.15956867132375077,0.005000000000000002,0.012246217689680651
regime,0.05,0.005,3,2013-02-28,0.2763275852220988,3,0.4166124499534775,0.005,0.005,0.007326194216997325,0.1889593249672704,0.22780954816333984,0.01166108103523725,0.12153633444436188,0.005,0.011095067219315857
regime,0.05,0.005,3,2013-03-28,0.27552139015316546,3,0.4150331827129773,0.005,0.005,0.007458106334992712,0.18933842922636165,0.2285021265212359,0.011708435313389927,0.12170544472886635,0.005,0.011254275162176088
regime,0.05,0.005,3,2013-04-30,0.2544899376020418,3,0.3748860281650655,0.005,0.005,0.008572111556798798,0.19462694894993945,0.22561885462586956,0.01224679680753058,0.15725562541815882,0.005,0.011793634476637366
regime,0.05,0.005,3,2013-05-31,0.23438720544999672,3,0.31890267973957115,0.005,0.005,0.01067091765370858,0.1936848310335488,0.203603102885656,0.014018091640174746,0.2305440454012801,0.005,0.013576331646060697
regime,0.05,0.005,3,2013-06-28,0.2270979988400272,3,0.26687425708393475,0.005,0.005,0.01239843244430266,0.2030619516305772,0.2380629917686872,0.012397488770354717,0.2396407946118184,0.005,0.01256408369032509
regime,0.05,0.005,3,2013-07-31,0.23289760194404965,3,0.31262580223854775,0.005000000000000001,0.005000000000000001,0.01101227622291863,0.19446878074186422,0.20748188089255692,0.013992695246534275,0.23177043592998767,0.005000000000000001,0.01364812872759058
regime,0.05,0.005,3,2013-08-30,0.23502144374860603,3,0.3198225823768117,0.005000000000000001,0.005000000000000001,0.010494528313140057,0.19128609393510748,0.19883820368661048,0.014260466725715152,0.23671717364330983,0.005000000000000001,0.013580951319305357
regime,0.05,0.005,3,2013-09-30,0.27210684911521377,3,0.41122672599954485,0.005,0.005,0.007315301321868625,0.18844437259402608,0.2225555525838986,0.011915623947621648,0.13253495089532918,0.005,0.011007472657710928
regime,0.05,0.005,3,2013-10-31,0.2683463445606291,3,0.4065243711309377,0.005000000000000001,0.005000000000000001,0.007459221820164496,0.18820389745605165,0.2166310178824324,0.012299428099747708,0.14256425421370095,0.005000000000000001,0.011317809396965197
regime,0.05,0.005,3,2013-11-29,0.27931122156371485,3,0.423744753652867,0.005,0.005,0.006964663512643549,0.1859262844306644,0.22292924051983146,0.011689242133266348,0.12291512080248002,0.005,0.010830694948247281
regime,0.05,0.005,3,2013-12-31,0.2753933587685343,3,0.41703405673334476,0.005,0.005,0.007173145636538885,0.18726013381142836,0.22282224152314917,0.011791418096684582,0.12796210391222926,0.005,0.010956900286625024
regime,0.05,0.005,3,2014-01-31,0.2545386950144698,3,0.37934750935288636,0.005,0.005,0.008308509487453247,0.1906491031158937,0.21221789338424338,0.012814439302765171,0.16970384710572808,0.005,0.011958698251030063
regime,0.05,0.005,3,2014-02-28,0.23521770284617088,3,0.32252921918305694,0.005,0.005,0.010567507878447955,0.1929456833600716,0.19942643511078276,0.014258854634339495,0.23154994192678946,0.005,0.0137223579065118
regime,0.05,0.005,3,2014-03-31,0.2350069880056636,3,0.32167964077318667,0.005,0.005,0.010584465293429286,0.19350626701145307,0.20060885024218592,0.014188859258737562,0.23079490415995646,0.005,0.013637013261051085
regime,0.05,0.005,3,2014-04-30,0.26854218436741195,3,0.40606805219173614,0.004999999999999999,0.004999999999999999,0.00764662077619118,0.1898912764504801,0.21908363685905216,0.012273606309966937,0.13848079625027288,0.004999999999999999,0.011556011162300525
regime,0.05,0.005,3,2014-05-30,0.2763776589607416,3,0.41929636991461283,0.005,0.005,0.00718888642337114,0.1878332600555088,0.22099953709651451,0.011880292936883086,0.12670919488841262,0.005,0.011092458684696936
regime,0.05,0.005,3,2014-06-30,0.2787394251525106,3,0.42343762471610696,0.005,0.005,0.007110064840059251,0.18719552835464115,0.220862149246816,0.011893830527423814,0.12339975192428368,0.005,0.011101050390669278
regime,0.05,0.005,3,2014-07-31,0.2748213480380431,3,0.41455395257352784,0.005000000000000001,0.005000000000000001,0.007348842679513317,0.18932610731376712,0.22618047054038282,0.011725512972263537,0.12480183929152308,0.005000000000000001,0.011063274629022287
regime,0.05,0.005,3,2014-08-29,0.27219059423601966,3,0.410756615933795,0.005,0.005,0.007479226583650246,0.1895430993482944,0.22427750288944007,0.011916131208874053,0.12978137483410052,0.005,0.011246049201845828
regime,0.05,0.005,3,2014-09-30,0.24432034611308262,3,0.3544332433434409,0.005,0.005,0.009066278298980487,0.19087454915591062,0.20300377963908475,0.013605933698968738,0.20137442846673037,0.005,0.01264178739688414
regime,0.05,0.005,3,2014-10-31,0.2312086507743998,3,0.3036454161786455,0.005,0.005,0.01138979874826793,0.196441249160599,0.21001222679805726,0.013740674184276587,0.2360779286233082,0.005,0.01369270630684553
regime,0.05,0.005,3,2014-11-28,0.2304854718621381,3,0.2972241865540722,0.005,0.005,0.011372062257522483,0.19645582888515373,0.21403797859909363,0.013481445528604558,0.23910791428772704,0.005,0.013320583887826332
regime,0.05,0.005,4,2008-04-30,0.3229633333457044,3,0.37421478069221825,0.005000000000000001,0.005000000000000001,0.006844110260001258,0.09167113901246364,0.03052358988737172,0.026658309722673277,0.0415248685314779,0.005000000000000001,0.4135632018937939
regime,0.05,0.005,4,2008-05-30,0.22580768199114665,3,0.18945755701654765,0.004999999999999999,0.004999999999999999,0.013166542600948178,0.14454629354707074,0.07412483571117141,0.047810999072328296,0.1397987748778804,0.004999999999999999,0.3760949971740532
regime,0.05,0.005,4,2008-06-30,0.201725961306417,1,0.16364744441834714,0.006731877390331775,0.005,0.025078995819019536,0.23227249360042476,0.09154108167618265,0.04067052065241551,0.1194882376378653,0.00581036245692196,0.3097589863484914
regime,0.05,0.005,4,2008-07-31,0.19496255430801004,1,0.12657962629034902,0.006511229944083033,0.005040673198547264,0.030784229621414222,0.2992517313574152,0.11219852305884895,0.04085106624207916,0.1408809908904677,0.005,0.23290192939679563
regime,0.05,0.005,4,2008-08-29,0.19748326364575264,0,0.13481466844275367,0.007340761603458083,0.005193526377826576,0.03327869438179302,0.30602470399594295,0.10617123102476443,0.038793560323070464,0.12809202334744402,0.005223398891003783,0.23506743161194293
regime,0.05,0.005,4,2008-09-30,0.31273552773816954,3,0.051711873527259776,0.005,0.005,0.06309825945712784,0.5094617608594827,0.1786335184743334,0.03979732181363972,0.10880309526639466,0.005,0.033494170601761936
regime,0.05,0.005,4,2008-10-31,0.30926914672983835,3,0.04894456051682017,0.005,0.005,0.06513343695299807,0.5030594095313583,0.18668980992985015,0.04262985921549718,0.1093961531716119,0.005,0.029146770681864206
regime,0.05,0.005,4,2008-11-28,0.3016491733131952,3,0.04904495654931235,0.005,0.005,0.06642165653936065,0.49343924443588594,0.18836587688609968,0.04470554286439049,0.11374051241765437,0.005,0.029282210307296448
regime,0.05,0.005,4,2008-12-31,0.38799767219796,3,0.027934421251722307,0.005000000000000001,0.005000000000000001,0.013233423412877407,0.02958823952176949,0.0916496086197119,0.24572755685548078,0.5631354375138112,0.005000000000000001,0.013731312824626937
regime,0.05,0.005,4,2009-01-30,0.36562797705385436,2,0.028454744313619374,0.005000000000000001,0.010922334434083924,0.021428204883273513,0.06672791095482754,0.1395540924676607,0.1427563177925307,0.565388742882024,0.005000000000000001,0.01476765227198034
regime,0.05,0.005,4,2009-02-27,0.3214598487704512,2,0.03333623974955242,0.005,0.009591704771320358,0.024498507616151074,0.06236063796487998,0.13426277487773258,0.20892087648837743,0.5038546633075022,0.005,0.013174595224484088
regime,0.05,0.005,4,2009-03-31,0.3655236001560109,3,0.04105141263864008,0.005,0.005,0.010527610044820342,0.030360098876625104,0.0789577775227368,0.27922367351625954,0.5274728780278733,0.005,0.017406549373044772
regime,0.05,0.005,4,2009-04-30,0.38680485758003363,2,0.0431856274274909,0.005000000000000001,0.009847503998227312,0.012093628204843691,0.0414035045987417,0.08527295579780907,0.18133870875326097,0.5845813807884515,0.005000000000000001,0.03227669043117491
regime,0.05,0.005,4,2009-05-29,0.20371570022099275,2,0.08449200921473182,0.005,0.005925282949692964,0.014670559538456085,0.14616457842592845,0.12075674076123534,0.14386227318853814,0.35375809626721044,0.005,0.12037045965420679
regime,0.05,0.005,4,2009-06-30,0.2044059302680304,1,0.17011696791150366,0.005221886169413372,0.005,0.01855620148216402,0.19372911152789601,0.08913856140776806,0.04388118364079693,0.14024714085633627,0.005524782772177338,0.32858416423194425
regime,0.05,0.005,4,2009-07-31,0.22870691726781356,2,0.19771877618946565,0.005,0.005,0.013609122247868035,0.15152527055711096,0.07248107399484996,0.04533304779634897,0.12573019992355972,0.005083593544042871,0.3785189157467539
regime,0.05,0.005,4,2009-08-31,0.19555711338215437,2,0.16137420355310617,0.005098190951025401,0.005,0.021095200719891776,0.22323669845445626,0.09694153512751416,0.041982006513220774,0.14570518274749492,0.005,0.29456698193329056
regime,0.05,0.005,4,2009-09-30,0.21224096759896932,2,0.17733924450848645,0.005,0.005,0.015805046949430156,0.1689089079796656,0.0828716726183794,0.04551549342118318,0.14513983621410656,0.005235921158624356,0.34918387715012433
regime,0.05,0.005,4,2009-10-30,0.19351461959956143,3,0.14561361338069542,0.005,0.005,0.018022919033637258,0.20630582380005466,0.10203379883235295,0.044344591664277504,0.17458213126660999,0.005,0.29409712202237226
regime,0.05,0.005,4,2009-11-30,0.3122041497488711,3,0.34885611386357407,0.004999999999999999,0.004999999999999999,0.006897485480795049,0.09821017188025465,0.0340815717153056,0.02874993978978765,0.04817252348677893,0.004999999999999999,0.420032193783504
regime,0.05,0.005,4,2009-12-31,0.24865382380240686,3,0.23942770349315834,0.005000000000000001,0.005000000000000001,0.011483665970234359,0.1288692566663499,0.059233798828533905,0.043455535738944125,0.10489427121834172,0.005000000000000001,0.39763576808443774
regime,0.05,0.005,4,2010-01-29,0.2652859772893368,3,0.276207478969465,0.005,0.005,0.009394442152886923,0.11955016086273546,0.04946127384382984,0.04009911038112048,0.0865647326778658,0.005,0.4037228011120966
regime,0.05,0.005,4,2010-02-26,0.20293026168121905,3,0.17699955174153173,0.004999999999999999,0.004999999999999999,0.021165101190603716,0.21529830452038992,0.08744505196144609,0.04066724833847693,0.12921403138695756,0.004999999999999999,0.31421071086059404
regime,0.05,0.005,4,2010-03-31,0.2527186618335762,3,0.25000253389057403,0.005000000000000001,0.005000000000000001,0.011127203650348234,0.12650543978505144,0.05583807611630677,0.042522623910027854,0.10019309905546325,0.005000000000000001,0.3988110235922284
regime,0.05,0.005,4,2010-04-30,0.2247648013193043,3,0.19066477943187485,0.005000000000000001,0.005000000000000001,0.012988192786186856,0.14758080125741396,0.07326231530509103,0.04779550013446201,0.13951837397471842,0.005000000000000001,0.373190037110253
regime,0.05,0.005,4,2010-05-28,0.21455113082574617,3,0.09981503066913067,0.005,0.005,0.032578236883940175,0.36725158076505227,0.1347623646282577,0.0375981557944197,0.15971364486405595,0.005,0.15328098639514343
regime,0.05,0.005,4,2010-06-30,0.3106168434963548,3,0.35578373237367894,0.004999999999999999,0.004999999999999999,0.00790549547697369,0.10907539269849445,0.03332331478466588,0.025948957341381047,0.042595364499748094,0.004999999999999999,0.4103677428250579
regime,0.05,0.005,4,2010-07-30,0.20141758958641887,3,0.16522245652947173,0.005,0.005,0.017102868843046126,0.18508035405291218,0.09074052700199581,0.04458754453911923,0.16055824003420133,0.005,0.3217080089992536
regime,0.05,0.005,4,2010-08-31,0.3319622707835058,3,0.39434240535920023,0.005000000000000001,0.005000000000000001,0.005460869346533081,0.08381468376955065,0.027751251212197126,0.02596224408706929,0.039879275752047694,0.005000000000000001,0.407789270473402
regime,0.05,0.005,4,2010-09-30,0.2504496239242886,3,0.2416306963021697,0.005000000000000001,0.005000000000000001,0.011251924287638576,0.12685975100598945,0.05925976469846914,0.0434166528523196,0.10283427161961999,0.005000000000000001,0.3997469392337936
regime,0.05,0.005,4,2010-10-29,0.2780879789473657,3,0.29571542987943905,0.005000000000000001,0.005000000000000001,0.0087234489301322,0.11039193255563982,0.04565491444188858,0.037861046390744085,0.07544365760063697,0.005000000000000001,0.4112095702015194
regime,0.05,0.005,4,2010-11-30,0.26808072878075523,3,0.2850796607255191,0.005,0.005,0.008198200995205449,0.11422731142786838,0.04772089674043392,0.0425395705376334,0.08418903449211661,0.005,0.4030453250812232
regime,0.05,0.005,4,2010-12-31,0.28789363307805627,3,0.31592239239568304,0.005000000000000003,0.005000000000000003,0.008116254094476477,0.10385182302721482,0.04118251556725022,0.03683318758935999,0.06729351116097076,0.005000000000000003,0.41180031616504476
regime,0.05,0.005,4,2011-01-31,0.3409709942594903,3,0.4082089406890174,0.004999999999999999,0.004999999999999999,0.005318828364886409,0.07879126237644485,0.025410445268501954,0.024711422074825597,0.035753975704792045,0.004999999999999999,0.40680512552153164
regime,0.05,0.005,4,2011-02-28,0.34086338684813744,3,0.4101463491457237,0.005,0.005,0.0053662885065132206,0.07859703716220826,0.02559837362716215,0.02481796362887666,0.03573470027271045,0.005,0.4047392876568056
regime,0.05,0.005,4,2011-03-31,0.3343559261693579,3,0.3983417292956328,0.004999999999999999,0.004999999999999999,0.005462074562212849,0.08233518052152086,0.027150343208397286,0.025787202590854718,0.0386116803425914,0.004999999999999999,0.40731178947878993
regime,0.05,0.005,4,2011-04-29,0.3367770223033753,3,0.4052622877277635,0.005,0.005,0.005488352705054451,0.0806027643330668,0.026756470739627423,0.025538256958788676,0.03740874353466921,0.005,0.4039431240010299
regime,0.05,0.005,4,2011-05-31,0.20746228800435568,3,0.18284824811936723,0.005,0.005,0.018737360088115978,0.18847053774684028,0.08583704007440057,0.041676600658753477,0.13438954284592977,0.005,0.3330406704665928
regime,0.05,0.005,4,2011-06-30,0.19657920966972064,2,0.16298969271431443,0.005014691409122252,0.005,0.02139192343724168,0.2175254911613697,0.09539568781500235,0.04210730225334991,0.14525866798679357,0.005,0.30031654322280593
regime,0.05,0.005,4,2011-07-29,0.2500664128461212,3,0.24154966090464547,0.005,0.005,0.011924249151214166,0.13590811950911955,0.05824882414518141,0.03983500351888293,0.09996837370034115,0.005,0.39756576907061536
regime,0.05,0.005,4,2011-08-31,0.3186699566688054,3,0.05222302631701727,0.005000000000000001,0.005000000000000001,0.05802138755545643,0.5190555802697254,0.167276816899025,0.031012530641453966,0.1082871408297895,0.005000000000000001,0.049123517487532575
regime,0.05,0.005,4,2011-09-30,0.30861044624675227,3,0.06421989535404282,0.005,0.005,0.056312376967495005,0.5110060827489641,0.15620970003186843,0.030111558539012383,0.10402526789866724,0.005,0.06311511845995009
regime,0.05,0.005,4,2011-10-31,0.2908407730496853,2,0.06996463716153867,0.005767569379659363,0.005,0.05735372057747677,0.49061377498640385,0.15645821380026392,0.03245450630047035,0.1060933326681332,0.005,0.07129424512605403
regime,0.05,0.005,4,2011-11-30,0.28357874199298594,3,0.30025622304252786,0.005,0.005,0.011829745150512468,0.14778285583990602,0.04192897502383727,0.02756976118355522,0.04746706350842031,0.005,0.4081653762512407
regime,0.05,0.005,4,2011-12-30,0.22596716536245084,3,0.19699985240213946,0.005,0.005,0.013974068101449081,0.15193613448921114,0.07305144414948486,0.04411985216923402,0.13194197242200298,0.005,0.37297667626647857
regime,0.05,0.005,4,2012-01-31,0.3378776148856022,3,0.4046922772723268,0.005000000000000001,0.005000000000000001,0.00533870593567937,0.08117602347628776,0.026066681386879686,0.02474593279909758,0.03709782825660925,0.005000000000000001,0.40588255087311953
regime,0.05,0.005,4,2012-02-29,0.34104991683824404,3,0.40486449900420224,0.005,0.005,0.005257731148825187,0.07770366932680564,0.025593151123026344,0.024729731041899003,0.036490358801929405,0.005,0.41036085955331225
regime,0.05,0.005,4,2012-03-30,0.3418651712529211,3,0.4111651274174637,0.005,0.005,0.005286605981182472,0.07801362392428644,0.025286190541138363,0.024664201516441567,0.035475486025550056,0.005,0.4051087645939375
regime,0.05,0.005,4,2012-04-30,0.3403387305026858,3,0.4087064861612619,0.005,0.005,0.005278207109521613,0.07969082866069839,0.02542229137470013,0.02450394627258478,0.03606256989577518,0.005,0.40533567052545816
regime,0.05,0.005,4,2012-05-31,0.31413808314697966,3,0.35905326299574897,0.004999999999999999,0.004999999999999999,0.006206039190951181,0.09700614597762736,0.031709705800879597,0.027807187675148344,0.049083371280468774,0.004999999999999999,0.4141342870791758
regime,0.05,0.005,4,2012-06-29,0.19318161333194012,3,0.15086217413429506,0.005000000000000001,0.005000000000000001,0.020115979093914133,0.2214371961517781,0.09987565472510206,0.04202090860491636,0.1636700859576615,0.005000000000000001,0.2870180013323329
regime,0.05,0.005,4,2012-07-31,0.23290786489966026,3,0.20893933264809736,0.005,0.005,0.013254530671741987,0.14555739464345843,0.06752291073815028,0.043389193863447105,0.12435795106360166,0.005,0.3819786863715032
regime,0.05,0.005,4,2012-08-31,0.3263111514837773,3,0.38581935476811974,0.005,0.005,0.0060821120134194285,0.08485560646813069,0.02950950647317383,0.027796166921423327,0.04267575231640404,0.005,0.408261501039329
regime,0.05,0.005,4,2012-09-28,0.3383613074466254,3,0.4063413402830209,0.004999999999999999,0.004999999999999999,0.005381180165572022,0.07979756874329608,0.02621815703955378,0.025264342581275707,0.03692008240022901,0.004999999999999999,0.4050773287870524
regime,0.05,0.005,4,2012-10-31,0.34066478149210894,3,0.4099869113228194,0.005,0.005,0.005410746571485252,0.0786429627989942,0.02566923484257328,0.02471390017475215,0.035947239179863595,0.005,0.40462900510951216
regime,0.05,0.005,4,2012-11-30,0.33850619086981226,3,0.40618254493469164,0.005,0.005,0.005387793898338185,0.08009667284286905,0.026133814142114277,0.024911919838766845,0.03690215780640292,0.005,0.40538509653681715
regime,0.05,0.005,4,2012-12-31,0.34086798079374847,3,0.41045248701406417,0.005,0.005,0.0054689074432255,0.07838601483767636,0.02573945131597024,0.024580152132629006,0.03590875047745791,0.005,0.40446423677897686
regime,0.05,0.005,4,2013-01-31,0.34205066248200244,3,0.4135433053352471,0.005,0.005,0.005461359763818417,0.07768745566953149,0.025432446188915502,0.024498229839104938,0.035397727036447744,0.005,0.4029794761669349
regime,0.05,0.005,4,2013-02-28,0.34257697669166376,3,0.41353433984815696,0.005000000000000001,0.005000000000000001,0.0054108860343078605,0.07762448116368525,0.02522587136285385,0.024294551745889608,0.03521462725328665,0.005000000000000001,0.40369524259181994
regime,0.05,0.005,4,2013-03-28,0.34115500055346676,3,0.41203423467733014,0.005000000000000001,0.005000000000000001,0.005490588288093811,0.078579072830109,0.02557467846844814,0.024450431034649736,0.0356595331862769,0.005000000000000001,0.40321146151509235
regime,0.05,0.005,4,2013-04-30,0.3376271187213512,3,0.4034673409025769,0.005000000000000001,0.005000000000000001,0.005324052643998178,0.0815029263468195,0.025970268258124794,0.024561550772489463,0.03746269463520535,0.005000000000000001,0.4067111664407859
regime,0.05,0.005,4,2013-05-31,0.34130463855525756,3,0.4084257909473625,0.005,0.005,0.005271474090002417,0.07908767050279711,0.025169035381027344,0.02408825665025658,0.03598515956598173,0.005,0.4069726128625723
regime,0.05,0.005,4,2013-06-28,0.20880740669034864,3,0.1630812495135554,0.005000000000000001,0.005000000000000001,0.015207310092631685,0.17283569421618777,0.08322421135701873,0.046328224148753434,0.16330812777591067,0.005000000000000001,0.34101518289594246
regime,0.05,0.005,4,2013-07-31,0.26450658464399235,3,0.2733454285803346,0.005,0.005,0.009632318628864704,0.11815576593120918,0.049093572957874455,0.041531676816416924,0.08869377366250497,0.005,0.40454746342279513
regime,0.05,0.005,4,2013-08-30,0.2981961431219499,3,0.340495062775596,0.005000000000000001,0.005000000000000001,0.007126293954325119,0.10015756138592558,0.03646075720276041,0.03384977955085891,0.05935183892507811,0.005000000000000001,0.4075587062054559
regime,0.05,0.005,4,2013-09-30,0.34141526742590456,3,0.41104596740327376,0.005,0.005,0.005173265131285334,0.0787693409400161,0.02512225644465318,0.024546794069598293,0.03582676655538477,0.005,0.40451560945578857
regime,0.05,0.005,4,2013-10-31,0.34201004456361633,3,0.4118321996462256,0.005000000000000001,0.005000000000000001,0.00521859436353827,0.07835345890921806,0.02508933687023307,0.02437154822238832,0.035568121927902166,0.005000000000000001,0.4045667400604945
regime,0.05,0.005,4,2013-11-29,0.34403518819618295,3,0.4142796350925562,0.005,0.005,0.005228759980218109,0.07701358917941686,0.024676021859453046,0.02397804326241973,0.034888013474333276,0.005,0.40493593715160275
regime,0.05,0.005,4,2013-12-31,0.34325812483032825,3,0.4138840834160171,0.005,0.005,0.005247261358939718,0.07793748550363296,0.024736522822112483,0.02399558361352505,0.03501118865099957,0.005,0.4041878746347732
regime,0.05,0.005,4,2014-01-31,0.34045531923932093,3,0.4108487596148618,0.005,0.005,0.005287500601684797,0.08030596266195224,0.025163794920620302,0.024199024386990918,0.035965107278311384,0.005,0.4032298505355787
regime,0.05,0.005,4,2014-02-28,0.338891532531574,3,0.4088195641586529,0.005,0.005,0.0053674452096292334,0.08070537188178556,0.025751874244630293,0.024706832271562906,0.03649175258053096,0.005,0.40315715965320814
regime,0.05,0.005,4,2014-03-31,0.3371411713359666,3,0.4051832785840643,0.004999999999999999,0.004999999999999999,0.005409741675907648,0.08155023234194801,0.026302345971450633,0.024938103495253897,0.037250560341625626,0.004999999999999999,0.40436573758974986
regime,0.05,0.005,4,2014-04-30,0.33922413256082284,3,0.4091949888588274,0.005,0.005,0.0054523364943966915,0.07942807336547739,0.026099048527393268,0.024920301969972716,0.03650024707009755,0.005,0.403405003713835
regime,0.05,0.005,4,2014-05-30,0.34021405785888315,3,0.41080413911788066,0.005000000000000002,0.005000000000000002,0.005435078623695696,0.07883515441764818,0.02588526378147065,0.024643813023914607,0.036228296286067496,0.005000000000000002,0.4031682547493228
regime,0.05,0.005,4,2014-06-30,0.339933660948341,3,0.410701369679907,0.005000000000000001,0.005000000000000001,0.005460065692549234,0.07893404989286723,0.025964858074166455,0.02477877367752083,0.036272848508334364,0.005000000000000001,0.40288803447465493
regime,0.05,0.005,4,2014-07-31,0.33919128265332676,3,0.40926917079283587,0.004999999999999999,0.004999999999999999,0.005459402269847196,0.079733445820872,0.02604083493984128,0.024703826006489453,0.03655229188765626,0.004999999999999999,0.4032410282824579
regime,0.05,0.005,4,2014-08-29,0.3387344096966493,3,0.4081096694249305,0.005000000000000001,0.005000000000000001,0.005460484600526137,0.0800770572391628,0.02615470417421509,0.024766984815010648,0.036671949424444156,0.005000000000000001,0.4037591503217108
regime,0.05,0.005,4,2014-09-30,0.3383889312945309,3,0.4062416438101513,0.005,0.005,0.005381169699660729,0.08105608088800538,0.025917894857514445,0.024458154543861976,0.03691417058166092,0.005,0.4050308856191452
regime,0.05,0.005,4,2014-10-31,0.3268545621211838,3,0.386474284146024,0.005000000000000001,0.005000000000000001,0.005818846488102991,0.08750553253390192,0.028640379391512583,0.02642472150536717,0.04217981882394802,0.005000000000000001,0.4079564171111434
regime,0.05,0.005,4,2014-11-28,0.22725602625701954,3,0.1930422153789895,0.005000000000000001,0.005000000000000001,0.014206262097035443,0.15059315612180366,0.0711276878898342,0.04371731512992501,0.13608843025005066,0.005000000000000001,0.3762249331323617
regime,0.1,0.01,0,2008-04-30,0.32407802814880116,3,0.48201457995534713,0.01,0.01,0.043093498600181676,0.28727589966854705,0.06281585019296923,0.028911018514580524,0.02576431072279068,0.01,0.040124842345583694
regime,0.1,0.01,0,2008-05-30,0.30555590036339864,3,0.4449219170947418,0.010000000000000002,0.010000000000000002,0.04778106780083011,0.311550914623441,0.06836502476215016,0.0285657090109052,0.027485562304406193,0.010000000000000002,0.04132980440352562
regime,0.1,0.01,0,2008-06-30,0.29572543061073203,3,0.4058842250317593,0.010000000000000002,0.010000000000000002,0.05012685572965649,0.3464138855674035,0.07059581595120017,0.0291682303774336,0.029756710325520987,0.010000000000000002,0.038054277017026114
regime,0.1,0.01,0,2008-07-31,0.3063767215977246,3,0.2957216221706153,0.010000000000000002,0.010000000000000002,0.055417282361008645,0.45527078837509716,0.07529488463211916,0.030015284096464374,0.03181902900685094,0.010000000000000002,0.026461109357844386
regime,0.1,0.01,0,2008-08-29,0.24719845056518877,2,0.13962261680833887,0.010000000000000002,0.011409251586053385,0.05618610710880385,0.1428607294385153,0.07939345794303385,0.10252010890042006,0.43213673225666616,0.010000000000000002,0.01587099595816855
regime,0.1,0.01,0,2008-09-30,0.3492073602060229,4,0.11652870832991648,0.01,0.01,0.09033840091077786,0.5583206129666876,0.10632018842864718,0.036306290565311344,0.05218579879865953,0.01,0.01
regime,0.1,0.01,0,2008-10-31,0.3798331526590013,4,0.11170784262168687,0.01,0.01,0.09205535280001845,0.5881051808593197,0.1019703005213643,0.029473980918868783,0.03668734227874183,0.01,0.01
regime,0.1,0.01,0,2008-11-28,0.3817863625822984,4,0.1108103751860961,0.009999999999999998,0.009999999999999998,0.07756497872343446,0.5925293074019613,0.08740703086261595,0.036991037552190895,0.05469727027370124,0.009999999999999998,0.009999999999999998
regime,0.1,0.01,0,2008-12-31,0.5812642167083163,4,0.025093880801482803,0.010000000000000002,0.010000000000000002,0.017206003423939454,0.014946706348274871,0.0381001748359585,0.11259952123992077,0.7520537133504237,0.010000000000000002,0.010000000000000002
regime,0.1,0.01,0,2009-01-30,0.5002656046806504,4,0.03599963562466127,0.01,0.01,0.023713487873602224,0.018486495464169535,0.050662765636955404,0.14197790214515835,0.6891597132554532,0.01,0.01
regime,0.1,0.01,0,2009-02-27,0.46895980512454283,3,0.0404950013555182,0.010221854847107517,0.01,0.026894705048569594,0.020258912396258936,0.0559073351113829,0.15360494429453192,0.6626172469466309,0.01,0.01
regime,0.1,0.01,0,2009-03-31,0.4518922918800985,3,0.04255179029816983,0.010634521242617573,0.010000000000000002,0.027586832120975485,0.020332080028831048,0.05657106395705742,0.16599636625984018,0.6463273460925085,0.010000000000000002,0.010000000000000002
regime,0.1,0.01,0,2009-04-30,0.4276466543254595,1,0.04638062937692736,0.01388430204384356,0.010838227253311194,0.028011348190194206,0.020752799774220655,0.057255790929157016,0.17540896726303895,0.6242177810913598,0.013250154077947194,0.010000000000000002
regime,0.1,0.01,0,2009-05-29,0.3183519793754732,0,0.07383413253203538,0.02085649607452004,0.020356480575091467,0.03635704917574751,0.028643236948197672,0.07046524927237038,0.19560898157837361,0.5156834124067259,0.022400212238775617,0.015794749198162417
regime,0.1,0.01,0,2009-06-30,0.2851580574534302,0,0.1273358357367667,0.014143062928060885,0.019338513527331454,0.03849788605690826,0.05890977704282693,0.06454064185204271,0.15266471790759237,0.4849236023248936,0.01777637659614367,0.02186958602743346
regime,0.1,0.01,0,2009-07-31,0.25042936661974796,0,0.18847999625264114,0.010061231689147312,0.014957032065708803,0.04235722632398582,0.0878327543485588,0.06890976959583123,0.12453050463193786,0.4291937272189711,0.012353626363587096,0.02132413150963091
regime,0.1,0.01,0,2009-08-31,0.24787135740819763,1,0.1981835179543639,0.010000000000000002,0.013308328091368999,0.04370105159438318,0.09673484806180126,0.07182526397202912,0.11315903651327301,0.42259219316500196,0.01093900803324365,0.01955675261453488
regime,0.1,0.01,0,2009-09-30,0.2567890153308818,0,0.17136970283209463,0.010217885277178334,0.015600248911097602,0.04569556056661955,0.09227619912214283,0.06972521301378451,0.11569500759343591,0.4444986366522018,0.013280409967702493,0.021641136063742322
regime,0.1,0.01,0,2009-10-30,0.22529431413109716,1,0.19101343528325093,0.01,0.013477978200194586,0.054600589940875396,0.12308175595660088,0.08016651187423209,0.1052785676813564,0.3902875409685214,0.011221283910525763,0.020872336184442515
regime,0.1,0.01,0,2009-11-30,0.3477601933678848,3,0.5541851448142052,0.010000000000000002,0.010000000000000002,0.03623996984480406,0.16202898582743616,0.06252391793840048,0.056996608032205916,0.06913668242170976,0.010000000000000002,0.028888691121238447
regime,0.1,0.01,0,2009-12-31,0.38967258796702203,3,0.5817367976878816,0.01,0.01,0.034392431169584715,0.20998616375347534,0.053038879624972876,0.03030533185026672,0.022728572333521217,0.01,0.037811823580297534
regime,0.1,0.01,0,2010-01-29,0.4068442624133222,3,0.5995993317923485,0.01,0.01,0.032452452554300855,0.20229754879517936,0.05014023212947491,0.02888843518169424,0.02138879562419204,0.01,0.035233203922810194
regime,0.1,0.01,0,2010-02-26,0.33021064855869275,3,0.4876625826687279,0.010000000000000002,0.010000000000000002,0.04279894586680838,0.2892654553788261,0.06250237222850805,0.02778730239855036,0.02251105425464225,0.010000000000000002,0.037472287203937124
regime,0.1,0.01,0,2010-03-31,0.39807065175108547,3,0.5907478930351495,0.01,0.01,0.03329487524629258,0.20569448670233967,0.05098536937985653,0.0296271297580262,0.022326542305487702,0.01,0.037323703572847776
regime,0.1,0.01,0,2010-04-30,0.3337967771481965,3,0.5005556750736562,0.010000000000000002,0.010000000000000002,0.041797459557946434,0.27264604421007044,0.06167576134777107,0.02779033796628046,0.02457291325483054,0.010000000000000002,0.04096180858944493
regime,0.1,0.01,0,2010-05-28,0.3215684387553275,3,0.25535239428471096,0.01,0.01,0.06141448438906932,0.4934558196522854,0.08215137327105707,0.02826803353002572,0.028365266996232708,0.01,0.020992627876618822
regime,0.1,0.01,0,2010-06-30,0.31315378220158724,3,0.3358371489264225,0.010000000000000002,0.010000000000000002,0.053600864382795065,0.4360319596247086,0.0731043791415709,0.02730818946837389,0.020173710158720895,0.010000000000000002,0.023943748297408224
regime,0.1,0.01,0,2010-07-30,0.3111157768820224,3,0.40143258723656927,0.010000000000000004,0.010000000000000004,0.04933615881096038,0.3748985095506471,0.06887532232156308,0.02915170388534532,0.020073563401345588,0.010000000000000004,0.02623215479356935
regime,0.1,0.01,0,2010-08-31,0.34458063113890747,3,0.5094897929044322,0.009999999999999998,0.009999999999999998,0.04004589261373998,0.27789563729462613,0.05903022760894079,0.029910052809203665,0.021620845812911394,0.009999999999999998,0.03200755095614573
regime,0.1,0.01,0,2010-09-30,0.46426051331239604,3,0.6584582294353827,0.01,0.01,0.026889862335535492,0.15969079264312938,0.04315528450353898,0.02997353450734809,0.02021638451020745,0.01,0.03161591206485804
regime,0.1,0.01,0,2010-10-29,0.4737407373387841,3,0.6670741362625955,0.01,0.01,0.02597951577846627,0.15414121240407785,0.04225130271267302,0.02987038169180032,0.02002349874545765,0.01,0.030659952404929382
regime,0.1,0.01,0,2010-11-30,0.3211407030003213,3,0.481091575062418,0.01,0.01,0.04301267774048357,0.2829827251722015,0.06326296729780748,0.029271017521997414,0.027230678393810596,0.01,0.04314835881128142
regime,0.1,0.01,0,2010-12-31,0.4310733963944442,3,0.6268767327307286,0.010000000000000004,0.010000000000000004,0.03003523168012671,0.17901397548754758,0.047298951899664717,0.030324938073999427,0.021128035690433526,0.010000000000000004,0.03532213443749948
regime,0.1,0.01,0,2011-01-31,0.4750378133514755,3,0.6682200206068168,0.01,0.01,0.025937922104282807,0.15347468916195878,0.04218560694176027,0.029908696795041247,0.01990607730839162,0.01,0.03036698708174833
regime,0.1,0.01,0,2011-02-28,0.4687579398457383,3,0.6625495516090373,0.009999999999999998,0.009999999999999998,0.02701722163023639,0.15709421948078278,0.04291577376833862,0.029733519868976006,0.01955961382777951,0.009999999999999998,0.03113009981484939
regime,0.1,0.01,0,2011-03-31,0.4043701660279602,3,0.5973508339243299,0.010000000000000002,0.010000000000000002,0.03323027397808236,0.20242228568954504,0.05069190145646603,0.029063922951185258,0.021188018134244188,0.010000000000000002,0.036052763866147294
regime,0.1,0.01,0,2011-04-29,0.448019286559584,3,0.6433290174416413,0.01,0.01,0.028954810446461893,0.1689682884276207,0.0450926183440677,0.029952020565105646,0.020297565618543748,0.01,0.03340567915655908
regime,0.1,0.01,0,2011-05-31,0.39903743169508044,3,0.5914359354025053,0.01,0.01,0.03337603392639865,0.20624442820385577,0.05109563061756085,0.029169727099775004,0.0220234695296438,0.01,0.03665477522026064
regime,0.1,0.01,0,2011-06-30,0.3250251451766638,3,0.4827639784787592,0.01,0.01,0.04373323174693719,0.28765231076083375,0.06307079222476629,0.027913998840386926,0.023867100710425585,0.01,0.0409985872378911
regime,0.1,0.01,0,2011-07-29,0.34493689851570875,3,0.5162575458015898,0.009999999999999998,0.009999999999999998,0.04039254025192621,0.26493633321882826,0.059426237305430646,0.028550268307313147,0.02249482645905852,0.009999999999999998,0.03794224865585341
regime,0.1,0.01,0,2011-08-31,0.36568409193752544,3,0.175904300592248,0.009999999999999998,0.009999999999999998,0.06693367069403337,0.5653201349677841,0.09313388819857003,0.02861457642243609,0.02630535074735379,0.009999999999999998,0.013788078377574578
regime,0.1,0.01,0,2011-09-30,0.34393939678707497,3,0.23441432788082722,0.01,0.01,0.060233907448970746,0.5264620153797701,0.07888604238566874,0.02742791201403739,0.024228580269355978,0.01,0.01834721462136969
regime,0.1,0.01,0,2011-10-31,0.3539560734623201,3,0.2221024210925898,0.010000000000000002,0.010000000000000002,0.054255619970398225,0.5425130923113993,0.06850561347319366,0.030506104124913086,0.032411538463146934,0.010000000000000002,0.019705610564359127
regime,0.1,0.01,0,2011-11-30,0.3325656833327594,3,0.25930618317552706,0.010000000000000002,0.010000000000000002,0.05743593232865579,0.5041501709635692,0.0758002857554462,0.02759911847804055,0.02481451989514063,0.010000000000000002,0.020893789403620654
regime,0.1,0.01,0,2011-12-30,0.32512382769259546,3,0.4736060588430118,0.010000000000000002,0.010000000000000002,0.04297396015588826,0.30353722123612514,0.06262558413496731,0.028339651869147952,0.023182384215298765,0.010000000000000002,0.03573513954556079
regime,0.1,0.01,0,2012-01-31,0.3535953429813511,3,0.5290357077349666,0.01,0.01,0.03902160205922377,0.25673366330114666,0.05760517939391024,0.029059227643813267,0.022020690752989246,0.01,0.03652392911395024
regime,0.1,0.01,0,2012-02-29,0.44900317721883437,3,0.6445934314706894,0.01,0.01,0.028600057416026378,0.16703249369800124,0.044702163184073905,0.030852254289482205,0.02142470579818897,0.01,0.03279489414353786
regime,0.1,0.01,0,2012-03-30,0.47597603261705107,3,0.669087838495739,0.01,0.01,0.026092915429063113,0.15277348763239418,0.04212517883933154,0.029901391209390348,0.019655402246175624,0.01,0.030363786147906236
regime,0.1,0.01,0,2012-04-30,0.46803162427221934,3,0.6615610894912295,0.01,0.01,0.026767312269664816,0.15916582172742966,0.0427690134268216,0.029398027215580068,0.019790025365269696,0.01,0.030548710504004723
regime,0.1,0.01,0,2012-05-31,0.3265657925078088,3,0.48001070201502205,0.01,0.01,0.04371416620973019,0.2954871596196111,0.06287223566619657,0.02729482384769148,0.02336223064536805,0.01,0.03725868199638075
regime,0.1,0.01,0,2012-06-29,0.309309210337337,3,0.36536259241711244,0.009999999999999998,0.009999999999999998,0.052894905765987404,0.40716363948764506,0.07163552704240586,0.027707271609418247,0.01972030345507418,0.009999999999999998,0.025515760222356913
regime,0.1,0.01,0,2012-07-31,0.3119489255574936,3,0.41190525695324187,0.01,0.01,0.04905050069964044,0.36463961866809336,0.06800137125900602,0.02904982923391681,0.02008997804192616,0.01,0.02726344514417549
regime,0.1,0.01,0,2012-08-31,0.4514352151734228,3,0.6467567096664315,0.01,0.01,0.028527555471016288,0.16611456317715584,0.04455879612493206,0.030300016160145167,0.020336416283632572,0.01,0.03340594311668644
regime,0.1,0.01,0,2012-09-28,0.47657250658197337,3,0.6696598361001681,0.01,0.01,0.025847739792912598,0.15226861507551015,0.04181405004884375,0.02996833806215534,0.019943913755594293,0.01,0.03049750716481579
regime,0.1,0.01,0,2012-10-31,0.4781785354559139,3,0.6711556974020372,0.01,0.01,0.02565421632982726,0.15102690294370502,0.04148699677474666,0.030107959101767626,0.02003682127163092,0.01,0.030531406176285338
regime,0.1,0.01,0,2012-11-30,0.4693007532064489,3,0.6628705803072708,0.01,0.01,0.026571031372046267,0.15770258537091272,0.042474596977082474,0.029811847262211612,0.020004803269511255,0.01,0.030564555440964834
regime,0.1,0.01,0,2012-12-31,0.47187062907605354,3,0.6656346313308719,0.010000000000000002,0.010000000000000002,0.02657550822292158,0.15402161810980625,0.04210333343141805,0.03019869003827524,0.020111154332350008,0.010000000000000002,0.031355064534357144
regime,0.1,0.01,0,2013-01-31,0.4724020129039698,3,0.6661930381799869,0.01,0.01,0.026629221683440406,0.1532732354147003,0.042212731702769006,0.030242494503432114,0.019936231832612734,0.01,0.03151304668305872
regime,0.1,0.01,0,2013-02-28,0.4747638433255679,3,0.6682012242848707,0.009999999999999998,0.009999999999999998,0.026320518924764738,0.15250500721188476,0.04189114321949356,0.030086384303463196,0.02001698455004423,0.009999999999999998,0.030978737505478755
regime,0.1,0.01,0,2013-03-28,0.4687337691326778,3,0.6627148563370504,0.009999999999999998,0.009999999999999998,0.02704870457994081,0.1562395715249474,0.04251781796355149,0.03004410866485194,0.019922545572193834,0.009999999999999998,0.03151239535746414
regime,0.1,0.01,0,2013-04-30,0.4368779155800107,3,0.6311207302738411,0.01,0.01,0.029885584446340593,0.1815430274264487,0.04638115834840723,0.029210260734183775,0.02025604340003009,0.01,0.03160319537074849
regime,0.1,0.01,0,2013-05-31,0.46026578389170336,3,0.6544323501246445,0.010000000000000002,0.010000000000000002,0.02738318809291106,0.16366305078580323,0.04352039425940618,0.02976432507353734,0.020321612428509404,0.010000000000000002,0.030915079235188273
regime,0.1,0.01,0,2013-06-28,0.3104476625858201,3,0.4420990847313609,0.010000000000000002,0.010000000000000002,0.046833883936501265,0.3243942835258239,0.0671785153774312,0.027096392604410175,0.02499064443370977,0.010000000000000002,0.03740719539076291
regime,0.1,0.01,0,2013-07-31,0.40663889834123523,3,0.5992297654478905,0.01,0.01,0.03228667276659235,0.2029689642912513,0.049922375614229714,0.02987992642925609,0.02126929278097224,0.01,0.03444300266980767
regime,0.1,0.01,0,2013-08-30,0.4676523600798518,3,0.6610597144372551,0.01,0.01,0.026245447854102016,0.16014434235165412,0.04276736974733465,0.029706315953433454,0.019938230694945203,0.01,0.03013857896127561
regime,0.1,0.01,0,2013-09-30,0.47987120231567376,3,0.6723237857846481,0.010000000000000002,0.010000000000000002,0.024902471769345166,0.1518003443094864,0.04144056560395158,0.029856601421657993,0.02005007543181403,0.010000000000000002,0.029626155679096707
regime,0.1,0.01,0,2013-10-31,0.48388659903208386,3,0.6760141817047611,0.01,0.01,0.024623352207938987,0.1487721640194526,0.040853648793596826,0.02987753172766931,0.020066157512603752,0.01,0.029792964033977503
regime,0.1,0.01,0,2013-11-29,0.484943565355001,3,0.6771065833325611,0.009999999999999998,0.009999999999999998,0.024367515997287283,0.14731872846081379,0.04045621258593464,0.030157968249091196,0.02041679294491309,0.009999999999999998,0.030176198429398903
regime,0.1,0.01,0,2013-12-31,0.4825019936637956,3,0.6747731736524037,0.010000000000000002,0.010000000000000002,0.0249761345954131,0.14967979461198128,0.040896761548164004,0.02983790963491757,0.01988626922541778,0.010000000000000002,0.029949956731702625
regime,0.1,0.01,0,2014-01-31,0.47171622399864804,3,0.6647553284781417,0.010000000000000002,0.010000000000000002,0.02630543406308228,0.15782265749507624,0.04201845043930964,0.029324562923775725,0.019766917850580646,0.010000000000000002,0.030006648750033935
regime,0.1,0.01,0,2014-02-28,0.4519859406203252,3,0.646470787645367,0.01,0.01,0.028466641758161212,0.16939360657851657,0.04447776916936309,0.02930351302347979,0.019869957869276797,0.01,0.032017723955835575
regime,0.1,0.01,0,2014-03-31,0.43714289114684174,3,0.6319400844206844,0.01,0.01,0.029927217808885513,0.17914100627329202,0.046218841162084676,0.029267787282431148,0.02029877998462053,0.01,0.03320628306800177
regime,0.1,0.01,0,2014-04-30,0.45304078251402213,3,0.64816871070508,0.010000000000000002,0.010000000000000002,0.02849444874608365,0.1656360894011313,0.04433760100366706,0.030002921890202542,0.02030821915238012,0.010000000000000002,0.033052009101455504
regime,0.1,0.01,0,2014-05-30,0.46812797000216466,3,0.662287835182739,0.009999999999999998,0.009999999999999998,0.026950770785294068,0.15601405268925175,0.0423772331351152,0.0301477200502942,0.02029050409228886,0.009999999999999998,0.03193188406501678
regime,0.1,0.01,0,2014-06-30,0.47251233077676985,3,0.6663182541252581,0.01,0.01,0.026470949322980143,0.15311052785294535,0.04195936273226065,0.030251424833754165,0.020166585701523715,0.01,0.031722895431277875
regime,0.1,0.01,0,2014-07-31,0.46820484769165227,3,0.6621766689110804,0.01,0.01,0.02700886757479929,0.1568556857788286,0.04249862147509595,0.03003824177582073,0.020090178302721615,0.01,0.03133173618165346
regime,0.1,0.01,0,2014-08-29,0.4640456522736488,3,0.6582833135357006,0.009999999999999998,0.009999999999999998,0.02724946632292978,0.1597488921881943,0.04280740925567228,0.029997997449899255,0.02018326439247542,0.009999999999999998,0.03172965685512836
regime,0.1,0.01,0,2014-09-30,0.46435801368070023,3,0.6581184336269896,0.01,0.01,0.02700538517349246,0.16175898482310389,0.04268996724261615,0.02969358762581312,0.02027823735140317,0.01,0.030455404156581652
regime,0.1,0.01,0,2014-10-31,0.3532879990177222,3,0.5283870128595808,0.01,0.01,0.03940793519089101,0.25742691591491257,0.057784570291107104,0.028395769070538313,0.021837862440583312,0.01,0.036759934232386896
regime,0.1,0.01,0,2014-11-28,0.3520103381780053,3,0.5275730969967114,0.010000000000000002,0.010000000000000002,0.039397347062126074,0.25643660187837486,0.057898718687685216,0.02882514623360499,0.02323457567300655,0.010000000000000002,0.036634513468490934
regime,0.1,0.01,1,2008-04-30,0.2319688616320464,1,0.16245955025355452,0.012358464478050859,0.013530120237621433,0.029985716404101796,0.14283277323253668,0.06710825680000879,0.0674276551521439,0.4093594250728071,0.009999999999999998,0.08493803836917506
regime,0.1,0.01,1,2008-05-30,0.2060008558938026,3,0.24482389592771558,0.010000000000000002,0.010000000000000002,0.015844073673463018,0.2043449739464047,0.062142180366983345,0.04999378359813694,0.2969919258528385,0.010000000000000002,0.09585916663445795
regime,0.1,0.01,1,2008-06-30,0.23432662498323223,2,0.14935702070523096,0.010000000000000002,0.010034982223329884,0.018824306755182096,0.39972164179439035,0.09256369962359097,0.07147013580943481,0.18823088602632077,0.010000000000000002,0.04979732706252022
regime,0.1,0.01,1,2008-07-31,0.24467178941103565,2,0.06955028619280418,0.010000000000000002,0.014552521896372262,0.039653547095865896,0.4168253994037246,0.13633758449283392,0.08720348469079282,0.1934169231674039,0.010000000000000002,0.02246025306020247
regime,0.1,0.01,1,2008-08-29,0.5421621200451973,2,0.02456027126278234,0.010000000000000002,0.011850038259585973,0.0377336681000422,0.0654443101069196,0.045630207319926806,0.04791522398312851,0.7285592426979902,0.010000000000000002,0.01830703826962436
regime,0.1,0.01,1,2008-09-30,0.27810587035894874,2,0.038706687215944,0.010000000000000004,0.018911237463497835,0.0679932923261173,0.45918443433124934,0.21092547595776062,0.0662512888039329,0.10765816639866552,0.010000000000000004,0.010369417502832452
regime,0.1,0.01,1,2008-10-31,0.21603116842637107,2,0.02748007053082262,0.01456994295969308,0.027634078260492138,0.10415939883716271,0.3474801434969246,0.21954705341198266,0.06610375731995285,0.1730255551829693,0.01,0.01
regime,0.1,0.01,1,2008-11-28,0.2549086188014178,1,0.01792940993429879,0.018941095366653036,0.0323080548773051,0.09720701765603904,0.1567531537167063,0.1352404045689383,0.07955770936143719,0.4408150497286731,0.011248104789949113,0.01
regime,0.1,0.01,1,2008-12-31,0.6382690984948383,4,0.01136924110825128,0.010000000000000002,0.010000000000000002,0.03184545079221371,0.04373613140214728,0.03826689499205957,0.03995387934529445,0.7948284023600338,0.010000000000000002,0.010000000000000002
regime,0.1,0.01,1,2009-01-30,0.3560519234961951,0,0.018765907225204673,0.018531856985233644,0.03247788701826743,0.07709950243374501,0.09525045991315295,0.07852963883361619,0.07717605388353714,0.5715705729831297,0.015772399542600634,0.014825721181512708
regime,0.1,0.01,1,2009-02-27,0.3010303108561319,0,0.021507348312475003,0.02204856211982382,0.03857910808410964,0.08920120580190592,0.10746973651646059,0.08881297207044589,0.08353096777590731,0.5134123008463223,0.018550386752335404,0.016887411720214178
regime,0.1,0.01,1,2009-03-31,0.3124264212058462,0,0.019506639580494832,0.02091679572911366,0.03592175930975409,0.08784424540851614,0.09664001615229545,0.09325724301709139,0.0857161005065658,0.5259569341390014,0.017849915915734822,0.016390350241432466
regime,0.1,0.01,1,2009-04-30,0.44332702830783005,0,0.024162580441092842,0.014027578188452267,0.019788261956315004,0.055321819406530325,0.0728680064057489,0.06293742306920927,0.06618522286248005,0.6518162720129714,0.012111964832352436,0.020780870824847537
regime,0.1,0.01,1,2009-05-29,0.1942905396383326,2,0.1536642544331026,0.010000000000000002,0.012900661003279768,0.02625844532863917,0.31172358704060066,0.1088654829447566,0.08027516092552198,0.22429533284361505,0.010000000000000002,0.062017075480484206
regime,0.1,0.01,1,2009-06-30,0.19644746601500634,2,0.22415940657813252,0.009999999999999998,0.011227565155959728,0.020484266685717543,0.3098791648958764,0.0957301946372226,0.06708591875144036,0.17129676632366114,0.009999999999999998,0.08013671697198974
regime,0.1,0.01,1,2009-07-31,0.20651463508916726,3,0.2883174177609611,0.01,0.01,0.014933108009148339,0.16746282488822847,0.05832857312005936,0.047207722295625906,0.2732638023449172,0.01,0.12048655158105957
regime,0.1,0.01,1,2009-08-31,0.207756850581559,3,0.28176464578524246,0.01,0.01,0.014528430862320307,0.176043743452602,0.057778256588219494,0.045702111144398025,0.27999498095674685,0.01,0.11418783121047091
regime,0.1,0.01,1,2009-09-30,0.2100762914000007,3,0.2777066615017952,0.01,0.01,0.01478499976837453,0.1709169839570034,0.0566396868687943,0.04504702190554428,0.29193113459082837,0.01,0.11297351140765999
regime,0.1,0.01,1,2009-10-30,0.2134542854830335,3,0.24762901990858743,0.010000000000000002,0.010000000000000002,0.015535626546108044,0.18517359434197794,0.057682851546016316,0.046386098661475694,0.31977541078832045,0.010000000000000002,0.09781739820751408
regime,0.1,0.01,1,2009-11-30,0.21402942479056433,3,0.29197133886985455,0.010000000000000002,0.010000000000000002,0.014419616791046724,0.15213338023199574,0.05337106487012515,0.04321318580804423,0.29214039036791234,0.010000000000000002,0.1227510230610213
regime,0.1,0.01,1,2009-12-31,0.22686450748546666,3,0.34929965403177865,0.009999999999999998,0.009999999999999998,0.012559656109891211,0.11977971516508405,0.046750655246278035,0.038076177498365185,0.2517371276791828,0.009999999999999998,0.15179701426941988
regime,0.1,0.01,1,2010-01-29,0.22391634754546957,3,0.3307107030355122,0.009999999999999998,0.009999999999999998,0.012665934136146874,0.12356685204985995,0.047019056449293994,0.03930986802847938,0.27251434904961497,0.009999999999999998,0.1442132372510925
regime,0.1,0.01,1,2010-02-26,0.2162819136925884,3,0.2840272360065628,0.010000000000000002,0.010000000000000002,0.01397072708442607,0.1544296629973438,0.051860824196734205,0.04310013896164264,0.30463140268451244,0.010000000000000002,0.11798000806877801
regime,0.1,0.01,1,2010-03-31,0.23471896032498482,3,0.3657582166287255,0.010000000000000005,0.010000000000000005,0.011587560023576674,0.10211701612722222,0.043647144658542275,0.037097639682162016,0.2425227162726753,0.010000000000000005,0.16726970660709609
regime,0.1,0.01,1,2010-04-30,0.2143269834206787,3,0.2847419939390845,0.009999999999999998,0.009999999999999998,0.014563862394406518,0.15162531641820892,0.053367078463358725,0.044114080605545974,0.3004723139208451,0.009999999999999998,0.12111535425855019
regime,0.1,0.01,1,2010-05-28,0.22772565654778948,3,0.15846799400787764,0.010000000000000002,0.010000000000000002,0.016951697015553078,0.3605565381299021,0.083512679268803,0.05731495327871173,0.2435099233734515,0.010000000000000002,0.049686214925700974
regime,0.1,0.01,1,2010-06-30,0.20573564894132712,3,0.2265500646453787,0.01,0.01,0.01591554504614959,0.2258616597666839,0.0643540138321542,0.05333356308539714,0.2971964647493452,0.01,0.08678868887489122
regime,0.1,0.01,1,2010-07-30,0.2240300083098633,3,0.2645773185069015,0.009999999999999998,0.009999999999999998,0.013847820596934674,0.13881599304048126,0.04926961549661698,0.0458413229195754,0.3406664280870493,0.009999999999999998,0.11698150135244073
regime,0.1,0.01,1,2010-08-31,0.22776758991596383,3,0.3284360549310679,0.01,0.01,0.012389235249946274,0.11027434347538131,0.04474808188210805,0.040032623348687055,0.2857929445249263,0.01,0.14832671658788307
regime,0.1,0.01,1,2010-09-30,0.2505788292425546,3,0.4038951201819501,0.010000000000000002,0.010000000000000002,0.010919301157293912,0.09158086196787167,0.041563302764923295,0.033771162162128165,0.2082131581594736,0.010000000000000002,0.18005709360635924
regime,0.1,0.01,1,2010-10-29,0.4012309664323863,4,0.5567215212564892,0.010000000000000002,0.010000000000000002,0.010000000000000002,0.03960505955684865,0.025602061305756464,0.016160878098489345,0.025689325044092066,0.010000000000000002,0.29622115473832433
regime,0.1,0.01,1,2010-11-30,0.38594946662261337,4,0.5620329135011287,0.009999999999999998,0.009999999999999998,0.009999999999999998,0.05539251632127849,0.030358591853311523,0.01857839882897378,0.041410476860701526,0.009999999999999998,0.2522271026346059
regime,0.1,0.01,1,2010-12-31,0.4015390031903434,4,0.5539645712989176,0.01,0.01,0.01,0.03804203188941588,0.025351454686492064,0.01622001851635564,0.024225999696918014,0.01,0.3021959239119007
regime,0.1,0.01,1,2011-01-31,0.39756965317874926,4,0.5565732909949781,0.01,0.01,0.01,0.0413005118602131,0.02634936436391446,0.016718543040557466,0.0294960763067115,0.01,0.2895622134336255
regime,0.1,0.01,1,2011-02-28,0.3999975583358688,4,0.5538238977907239,0.01,0.01,0.01,0.03939676733298358,0.02602217155648447,0.01630603162398757,0.024844281121273525,0.01,0.2996068505745469
regime,0.1,0.01,1,2011-03-31,0.4002032856828755,4,0.5593864565397835,0.01,0.01,0.01,0.04157144321218197,0.026271362190376017,0.01627634018834885,0.027628598862912416,0.01,0.28886579900639725
regime,0.1,0.01,1,2011-04-29,0.3982519472215125,4,0.5527576358891001,0.010000000000000002,0.010000000000000002,0.010000000000000002,0.0403753727949435,0.02625323375782368,0.016544109345734827,0.02563969190487236,0.010000000000000002,0.29842995630752556
regime,0.1,0.01,1,2011-05-31,0.39891888473529835,4,0.5607666550820644,0.010000000000000002,0.010000000000000002,0.010000000000000002,0.043144974959159144,0.026545942709496367,0.016431736036490542,0.029661072844065564,0.010000000000000002,0.28344961836872407
regime,0.1,0.01,1,2011-06-30,0.38928052894902904,4,0.5614329621441385,0.01,0.01,0.01,0.051462740948727985,0.029003350307839085,0.017765853826316312,0.03888470765023663,0.01,0.2614503851227415
regime,0.1,0.01,1,2011-07-29,0.22397520939439564,3,0.3136550446259219,0.010000000000000002,0.010000000000000002,0.012799290047778805,0.1219013608333424,0.04642609270779237,0.040905589785770365,0.29503308097165365,0.010000000000000002,0.1392795410277407
regime,0.1,0.01,1,2011-08-31,0.33704044177551,3,0.09148128318164638,0.010000000000000002,0.010000000000000002,0.01794753116514629,0.5444801949857171,0.09826707110533114,0.061533345583231445,0.13261857565796703,0.010000000000000002,0.023671998320960737
regime,0.1,0.01,1,2011-09-30,0.3052937981011463,2,0.07508595171589824,0.01,0.012451468396966097,0.031631718848964735,0.5081327344346722,0.13186126782728255,0.06807040294408752,0.1330032275879239,0.01,0.01976322824420461
regime,0.1,0.01,1,2011-10-31,0.5291190912285169,2,0.02592262037779289,0.009999999999999998,0.011151441920737441,0.03538573377200599,0.07462297930259813,0.049637955084057536,0.046523834807230526,0.7185700474047789,0.009999999999999998,0.018185387330798584
regime,0.1,0.01,1,2011-11-30,0.25043057761405474,3,0.13199312109766714,0.010000000000000005,0.010000000000000005,0.01732111438498884,0.4202366423833825,0.09294985959530773,0.06327619088318026,0.20379240842305493,0.010000000000000005,0.04043066323241867
regime,0.1,0.01,1,2011-12-30,0.20116012761399663,3,0.3084607327614573,0.01,0.01,0.015440455929575853,0.19521621992343743,0.0667730387154694,0.048530847140799985,0.21385402541029322,0.01,0.12172468011896677
regime,0.1,0.01,1,2012-01-31,0.2311855944693503,3,0.3529459537330753,0.01,0.01,0.011965831401240164,0.10908907194807162,0.04438448669243405,0.03736728489654181,0.25764300131364587,0.01,0.1566043700149911
regime,0.1,0.01,1,2012-02-29,0.27215553343897947,3,0.44160829212076874,0.01,0.01,0.010125392871323503,0.08233605788985254,0.040945063702671515,0.03056602610475147,0.1604787896709951,0.01,0.20394037763963713
regime,0.1,0.01,1,2012-03-30,0.4023142921396712,4,0.5561378138211651,0.01,0.01,0.01,0.03848830635926263,0.025273066145808425,0.01589864570338903,0.024808227678815863,0.01,0.299393940291559
regime,0.1,0.01,1,2012-04-30,0.4009794512057866,4,0.5566398054363159,0.01,0.01,0.01,0.03959988381980554,0.025659892041628773,0.016047344855289268,0.026140679830465505,0.01,0.2959123940164951
regime,0.1,0.01,1,2012-05-31,0.36015285684140896,4,0.5339939969075232,0.010000000000000002,0.010000000000000002,0.010000000000000002,0.06467822963819062,0.03536031552236924,0.021001557573809674,0.04706360377142457,0.010000000000000002,0.2579022965866828
regime,0.1,0.01,1,2012-06-29,0.21992782516841733,3,0.2844441419434557,0.01,0.01,0.013628208383341884,0.14271090994833088,0.05021079634812865,0.04274292431592312,0.31471419651784976,0.01,0.12154882254297002
regime,0.1,0.01,1,2012-07-31,0.22248786355554834,3,0.29796646039793256,0.01,0.01,0.01319708603768592,0.12935046432881211,0.047926228295657874,0.0420466098453798,0.30877174442552724,0.01,0.13074140666900458
regime,0.1,0.01,1,2012-08-31,0.25460703231968146,3,0.41232721321161037,0.01,0.01,0.010833452811186856,0.08886089866896602,0.0413266727030902,0.03347522711750669,0.19600783623678175,0.01,0.18716869925085813
regime,0.1,0.01,1,2012-09-28,0.40021824019836677,4,0.5548385080651194,0.01,0.01,0.01,0.03931040178264861,0.025733713030571412,0.016262308925453526,0.025803650811565056,0.01,0.2980514173846421
regime,0.1,0.01,1,2012-10-31,0.3983036807687589,4,0.5512497617102438,0.009999999999999998,0.009999999999999998,0.009999999999999998,0.039249444675101185,0.025919745151467076,0.01648546060215383,0.02562118903357425,0.009999999999999998,0.3014743988274598
regime,0.1,0.01,1,2012-11-30,0.39887983276837824,4,0.553923491083521,0.01,0.01,0.01,0.0399358626271145,0.02597365568958702,0.01635319381973186,0.026474294413156095,0.01,0.29733950236688955
regime,0.1,0.01,1,2012-12-31,0.39652807772623566,4,0.5482270606632074,0.009999999999999998,0.009999999999999998,0.009999999999999998,0.03932775217227253,0.026169317108799203,0.016714119255806053,0.02557091373000143,0.009999999999999998,0.30399083706991337
regime,0.1,0.01,1,2013-01-31,0.39794265730111156,4,0.54948398947237,0.01,0.01,0.01,0.03889214085576471,0.02593901496877383,0.016519293996325193,0.02498209760987335,0.01,0.3041834630968929
regime,0.1,0.01,1,2013-02-28,0.39838938659874024,4,0.5503345897019147,0.01,0.01,0.01,0.03890773645975084,0.025792226233965238,0.016350471852601675,0.02523747670907991,0.01,0.30337749904268757
regime,0.1,0.01,1,2013-03-28,0.39686407672802426,4,0.5499450494556355,0.010000000000000002,0.010000000000000002,0.010000000000000002,0.039898757093580726,0.026306551103904247,0.016658519148915897,0.02587110471375631,0.010000000000000002,0.30132001848420736
regime,0.1,0.01,1,2013-04-30,0.40093442903864807,4,0.5626537196756365,0.010000000000000002,0.010000000000000002,0.010000000000000002,0.04254759471401861,0.02610499214630806,0.015903597421294175,0.029328715264109188,0.010000000000000002,0.2834613807786335
regime,0.1,0.01,1,2013-05-31,0.397930842496911,4,0.553406026155454,0.01,0.01,0.01,0.04029257315216632,0.026222385190639214,0.01634892276601127,0.027154924200894173,0.01,0.29657516853483507
regime,0.1,0.01,1,2013-06-28,0.30469856538096063,4,0.49049941166718575,0.010000000000000002,0.010000000000000002,0.010000000000000002,0.10734633986049136,0.047518914361055424,0.028514366179518354,0.07909981086166296,0.010000000000000002,0.2070211570700862
regime,0.1,0.01,1,2013-07-31,0.22958087519493525,3,0.3532168456270815,0.01,0.01,0.011980731550518748,0.1093527296067148,0.045288466699797636,0.038109689764367925,0.25086185662878113,0.01,0.16118968012273824
regime,0.1,0.01,1,2013-08-30,0.22678395070229584,3,0.34197143103795086,0.01,0.01,0.012071762351493312,0.10718280204775475,0.045512032247553215,0.0405878764349759,0.2606330624756279,0.01,0.1620410334046441
regime,0.1,0.01,1,2013-09-30,0.402645950522655,4,0.5578288644088631,0.010000000000000002,0.010000000000000002,0.010000000000000002,0.038619409799182554,0.025233759219365392,0.015978372945519778,0.025637527730528107,0.010000000000000002,0.29670206589654113
regime,0.1,0.01,1,2013-10-31,0.40037016981845,4,0.5537019192658703,0.010000000000000002,0.010000000000000002,0.010000000000000002,0.03864811195423039,0.025535900744181172,0.016249175486076833,0.025308691361059166,0.010000000000000002,0.3005562011885823
regime,0.1,0.01,1,2013-11-29,0.40187833531583667,4,0.5538240717119979,0.010000000000000002,0.010000000000000002,0.010000000000000002,0.03720602799948559,0.02507122904676988,0.01610679835293784,0.02468172570496915,0.010000000000000002,0.30311014718383966
regime,0.1,0.01,1,2013-12-31,0.39970288000364196,4,0.552027295807742,0.009999999999999998,0.009999999999999998,0.009999999999999998,0.03839968562823523,0.025661427119973074,0.016335652984135033,0.025015045535729776,0.009999999999999998,0.3025608929241847
regime,0.1,0.01,1,2014-01-31,0.39674261950096834,4,0.5514983256137055,0.009999999999999998,0.009999999999999998,0.009999999999999998,0.04069132300829809,0.026421225926242988,0.016582130799519538,0.026731848760036644,0.009999999999999998,0.2980751458921972
regime,0.1,0.01,1,2014-02-28,0.39857993868258446,4,0.5544753881648506,0.01,0.01,0.01,0.04078319846202736,0.026263071121919952,0.01641495195419892,0.026398675261075644,0.01,0.2956647150359274
regime,0.1,0.01,1,2014-03-31,0.3982722592189079,4,0.5549558573522255,0.010000000000000002,0.010000000000000002,0.010000000000000002,0.041310985183912206,0.026308158064588822,0.016400328587464503,0.026908165338021664,0.010000000000000002,0.2941165054737873
regime,0.1,0.01,1,2014-04-30,0.39780147890297657,4,0.55123318256112,0.010000000000000002,0.010000000000000002,0.010000000000000002,0.03994489543075544,0.026215964887378675,0.01652633203178706,0.02551980443463665,0.010000000000000002,0.30055982065432235
regime,0.1,0.01,1,2014-05-30,0.3960830319477594,4,0.5480749394194275,0.010000000000000002,0.010000000000000002,0.010000000000000002,0.0397821945353502,0.026340782840877063,0.016708819532827966,0.025640080265529337,0.010000000000000002,0.30345318340598804
regime,0.1,0.01,1,2014-06-30,0.39628243338151287,4,0.5486588182311226,0.01,0.01,0.01,0.03989724778222351,0.026333453375472524,0.016778471256721345,0.025623191564486225,0.01,0.30270881778997377
regime,0.1,0.01,1,2014-07-31,0.39599167956228315,4,0.5493774428121335,0.010000000000000002,0.010000000000000002,0.010000000000000002,0.04046646931330759,0.026344392637321905,0.016633403660027853,0.026393928356724262,0.010000000000000002,0.30078436322048485
regime,0.1,0.01,1,2014-08-29,0.3959042202091318,4,0.549348383031889,0.01,0.01,0.01,0.04045857660428553,0.026450170265134965,0.016736387753164928,0.026322083723097366,0.01,0.30068439862242813
regime,0.1,0.01,1,2014-09-30,0.39384357702374373,4,0.5481663438992788,0.01,0.01,0.01,0.041334155589947866,0.026826952550553385,0.016845204182915456,0.027698489587390414,0.01,0.29912885418991414
regime,0.1,0.01,1,2014-10-31,0.39726295016068525,4,0.5586331299435032,0.009999999999999998,0.009999999999999998,0.009999999999999998,0.04334334144060774,0.02675667328573057,0.01642731809730413,0.030208158306508925,0.009999999999999998,0.2846313789263454
regime,0.1,0.01,1,2014-11-28,0.3822078026433143,4,0.5430371933931001,0.01,0.01,0.01,0.048166629857851334,0.029816140662709878,0.018012164752733508,0.03424060422730658,0.01,0.2867272671062987
regime,0.1,0.01,2,2008-04-30,0.351397973640558,3,0.04012924638667769,0.010000000000000002,0.010000000000000002,0.02132271731295722,0.49779345028999944,0.3118591553111441,0.018401133493735886,0.054393515507850376,0.010000000000000002,0.026100781697635366
regime,0.1,0.01,2,2008-05-30,0.35843350082148057,3,0.03928186860987009,0.009999999999999998,0.009999999999999998,0.018806398685461388,0.5024976693477526,0.3165749550922548,0.016374652630057777,0.0509131063434782,0.009999999999999998,0.025551349291124997
regime,0.1,0.01,2,2008-06-30,0.31894558684832863,5,0.2733507348206043,0.010000000000000002,0.010000000000000002,0.010000000000000002,0.12252138920096628,0.053415731980813036,0.010000000000000002,0.02618659837088682,0.010000000000000002,0.4745255456267296
regime,0.1,0.01,2,2008-07-31,0.30109023583626926,3,0.16281409121660154,0.009999999999999998,0.009999999999999998,0.012535586793503124,0.16304083185694165,0.06877015392236137,0.015420131526857077,0.05837109394912443,0.009999999999999998,0.48904811073461074
regime,0.1,0.01,2,2008-08-29,0.2996679293749621,3,0.15788216222001872,0.010000000000000002,0.010000000000000002,0.012183634794058143,0.17192185298570864,0.06569647453791504,0.014924040039234017,0.06111896311021724,0.010000000000000002,0.48627287231284816
regime,0.1,0.01,2,2008-09-30,0.3612594638892871,4,0.02250938204633192,0.009999999999999998,0.009999999999999998,0.030967136875640455,0.4695380009792992,0.3688455995120954,0.017347265019142178,0.05079261556749085,0.009999999999999998,0.009999999999999998
regime,0.1,0.01,2,2008-10-31,0.3059901287783173,4,0.028213748929479903,0.01,0.01,0.023349960591770254,0.4432618901956654,0.30024677957303425,0.037635802872687876,0.1272918178373623,0.01,0.01
regime,0.1,0.01,2,2008-11-28,0.2170160843075843,1,0.029621069520056442,0.012107215170371596,0.014076535884198363,0.031520735774437016,0.2109735558602725,0.2459901993740853,0.1320844957597309,0.30353112249065517,0.010095070166192805,0.010000000000000002
regime,0.1,0.01,2,2008-12-31,0.30327752073530045,2,0.017427764404559065,0.010105328688900881,0.021844466372011064,0.021857006277808542,0.05909925974844563,0.12446900586063131,0.26316005046818963,0.46203711817945387,0.010000000000000002,0.010000000000000002
regime,0.1,0.01,2,2009-01-30,0.26591911674459634,0,0.024086587087646508,0.014159763421079215,0.028556974277292993,0.027728075993089508,0.07386036549237071,0.1342093967017178,0.2591421226480574,0.4155376823292169,0.010285025365276835,0.012434006684252116
regime,0.1,0.01,2,2009-02-27,0.2650944560758283,0,0.024683680333303235,0.014230809901859756,0.02919426839790877,0.026986466850379337,0.07081582198220386,0.13154324055345196,0.2692390642928507,0.4093928108512043,0.010299592586662467,0.013614244250175616
regime,0.1,0.01,2,2009-03-31,0.2730363564961456,1,0.022579365296472455,0.012591005139673914,0.027012180681936723,0.024080787337628477,0.06587584343491756,0.12972343320357457,0.2855162700174007,0.4100148772698429,0.01,0.012606237618552635
regime,0.1,0.01,2,2009-04-30,0.26552273200327275,1,0.027178741490054777,0.013270286957455737,0.026986693229149768,0.02230638156773418,0.06730105116485921,0.12926445407417542,0.28815949409233554,0.39838868272068806,0.009999999999999998,0.017144214703547277
regime,0.1,0.01,2,2009-05-29,0.19182046794233654,0,0.06046690977507566,0.014356348598832292,0.028994832550713848,0.02563148573949294,0.09997619577322951,0.15348721214162034,0.26032001401365756,0.28522043498092764,0.01097190400904689,0.06057466241740346
regime,0.1,0.01,2,2009-06-30,0.3583388463063637,5,0.3204336639650744,0.01,0.01,0.01,0.07843101043998048,0.03593836049154056,0.01,0.017802561271808657,0.01,0.49739440383159594
regime,0.1,0.01,2,2009-07-31,0.3665735757202588,5,0.3238834659338939,0.01,0.01,0.01,0.07173392013205299,0.0340645097498472,0.01,0.01571942220163822,0.01,0.5045986819825676
regime,0.1,0.01,2,2009-08-31,0.3493211833446219,5,0.33352080873285656,0.009999999999999998,0.009999999999999998,0.009999999999999998,0.08719327865373959,0.03568460606636512,0.009999999999999998,0.01562121039220346,0.009999999999999998,0.4779800961548351
regime,0.1,0.01,2,2009-09-30,0.34627510493676666,5,0.33000788568024875,0.009999999999999998,0.009999999999999998,0.009999999999999998,0.08700364495250472,0.03925207261238925,0.009999999999999998,0.01679024838439486,0.009999999999999998,0.47694614837046234
regime,0.1,0.01,2,2009-10-30,0.3359531433356857,5,0.32575889360650684,0.01,0.01,0.01,0.09570664513068687,0.04364293076788989,0.01,0.01804665532173124,0.01,0.4668448751731852
regime,0.1,0.01,2,2009-11-30,0.37907938731223956,5,0.3143497721297791,0.01,0.01,0.01,0.06613380927300413,0.031135249929253813,0.01,0.01473687324988324,0.01,0.5236442954180798
regime,0.1,0.01,2,2009-12-31,0.3834167135332598,5,0.3158851422655291,0.01,0.01,0.01,0.06445136723995705,0.028601127468552267,0.01,0.013833843334382492,0.01,0.5272285196915791
regime,0.1,0.01,2,2010-01-29,0.373149191286576,5,0.3225188597155261,0.01,0.01,0.01,0.07199405064857944,0.02950609937705118,0.01,0.013742604337646442,0.01,0.5122383859211969
regime,0.1,0.01,2,2010-02-26,0.3648740825900555,5,0.3246468087524033,0.01,0.01,0.01,0.07818200781959868,0.031514898399326925,0.01,0.01398165920534129,0.01,0.5016746258233298
regime,0.1,0.01,2,2010-03-31,0.38233856042705766,5,0.31669225112662924,0.010000000000000002,0.010000000000000002,0.010000000000000002,0.06651911594971552,0.027668826936189703,0.010000000000000002,0.013601762735732976,0.010000000000000002,0.5255180432517327
regime,0.1,0.01,2,2010-04-30,0.3633747588424657,5,0.3219095994696283,0.01,0.01,0.01,0.0754323166806029,0.035093946098347456,0.01,0.015480783618083476,0.01,0.5020833541333378
regime,0.1,0.01,2,2010-05-28,0.219779218575893,3,0.14228398306406384,0.01,0.01,0.015936608918684547,0.35297422495120556,0.16000857884705275,0.01426793674737005,0.0786046639074282,0.01,0.20592400356419507
regime,0.1,0.01,2,2010-06-30,0.4181477115144554,5,0.23106289815144174,0.01,0.01,0.01,0.073715189998265,0.026505060797730507,0.01,0.02064063057787448,0.01,0.5980762204746882
regime,0.1,0.01,2,2010-07-30,0.32402609644771724,3,0.04141437853572324,0.010000000000000002,0.010000000000000002,0.026539611866507037,0.4838861243511416,0.2820466128760687,0.025210733079754695,0.07576449012823061,0.010000000000000002,0.035138049162574105
regime,0.1,0.01,2,2010-08-31,0.37829198560160315,5,0.3200583339563347,0.01,0.01,0.01,0.06869366668701787,0.028186887593453534,0.01,0.013781417846984416,0.01,0.5192796939162094
regime,0.1,0.01,2,2010-09-30,0.37798011510578944,5,0.3245358753333127,0.010000000000000002,0.010000000000000002,0.010000000000000002,0.06592468723342917,0.029254205229513414,0.010000000000000002,0.01379276622097007,0.010000000000000002,0.5164924659827747
regime,0.1,0.01,2,2010-10-29,0.38367281643362977,5,0.3162705550389811,0.01,0.01,0.01,0.06447928018083866,0.02812645407517399,0.01,0.013861989444956325,0.01,0.5272617212600499
regime,0.1,0.01,2,2010-11-30,0.3595987072187731,5,0.32516313982798023,0.010000000000000002,0.010000000000000002,0.010000000000000002,0.07895558833904548,0.03487680199524638,0.010000000000000002,0.015341372816466779,0.010000000000000002,0.49566309702126116
regime,0.1,0.01,2,2010-12-31,0.3904824163260538,5,0.31071600580445397,0.01,0.01,0.01,0.06094961952152599,0.02730028589832133,0.01,0.013640608986915315,0.01,0.5373934797887834
regime,0.1,0.01,2,2011-01-31,0.39061998666740316,5,0.3097767646355314,0.010000000000000002,0.010000000000000002,0.010000000000000002,0.06144117163681936,0.02715634874185092,0.010000000000000002,0.013610270555379568,0.010000000000000002,0.5380154444304187
regime,0.1,0.01,2,2011-02-28,0.38212974283964035,5,0.31877439660877743,0.010000000000000002,0.010000000000000002,0.010000000000000002,0.06455710029624567,0.02864861452691208,0.010000000000000002,0.013773226367132348,0.010000000000000002,0.5242466622009326
regime,0.1,0.01,2,2011-03-31,0.3755763305282195,5,0.3222537661627742,0.01,0.01,0.01,0.06935005715661341,0.029418314136318246,0.01,0.013844578097261282,0.01,0.5151332844470329
regime,0.1,0.01,2,2011-04-29,0.38548896459289317,5,0.31141660550594485,0.01,0.01,0.01,0.06407003306425627,0.028276534868981858,0.01,0.014355205403612207,0.01,0.5318816211572048
regime,0.1,0.01,2,2011-05-31,0.38555455138247463,5,0.31017349118954196,0.01,0.01,0.01,0.06576966968396161,0.027604289696151384,0.01,0.01394446268785602,0.01,0.5325080867424891
regime,0.1,0.01,2,2011-06-30,0.36040068338071723,5,0.32318075455580636,0.010000000000000002,0.010000000000000002,0.010000000000000002,0.0815259130190425,0.033073258709091696,0.010000000000000002,0.014728734380614223,0.010000000000000002,0.4974913393354453
regime,0.1,0.01,2,2011-07-29,0.3739704108173697,5,0.31912976489498057,0.01,0.01,0.01,0.07290624392895093,0.029106275052743727,0.01,0.01381075578991811,0.01,0.5150469603334066
regime,0.1,0.01,2,2011-08-31,0.3778827988431681,3,0.026639600190506423,0.01,0.01,0.01901172208875053,0.5051452497005949,0.34463794377767804,0.013456648628576314,0.046623380037592914,0.01,0.01448545557630084
regime,0.1,0.01,2,2011-09-30,0.3490295920681922,3,0.026536605663199674,0.009999999999999998,0.009999999999999998,0.030489063244865194,0.45997317055307607,0.36282384815366675,0.01945747165051162,0.05772187570486221,0.009999999999999998,0.012997965029818481
regime,0.1,0.01,2,2011-10-31,0.25510631806409373,1,0.028146396899062075,0.012324019525780822,0.024057330666046095,0.024337782902106152,0.08268830801093553,0.14527219171845288,0.2541654737821305,0.3999847197061892,0.009999999999999998,0.019023776789296683
regime,0.1,0.01,2,2011-11-30,0.3599785756488949,3,0.029435543712670154,0.01,0.01,0.025072508237798594,0.4845240862157521,0.3466950141845753,0.016958187104224733,0.05195020990149661,0.01,0.015364450643482637
regime,0.1,0.01,2,2011-12-30,0.36244227444983423,3,0.03888885939433106,0.01,0.01,0.020740600874768533,0.5137380744627601,0.30458020455714774,0.016675523921867767,0.051561887358042624,0.01,0.02381484943108218
regime,0.1,0.01,2,2012-01-31,0.35225130624989576,3,0.05071363992033614,0.010000000000000002,0.010000000000000002,0.01773261962408807,0.5173750590482329,0.27741350739316917,0.017480646780848885,0.05295926290532491,0.010000000000000002,0.03632526432800002
regime,0.1,0.01,2,2012-02-29,0.38299037396187274,5,0.32056548356356496,0.01,0.01,0.01,0.06166699399968883,0.029652477273067447,0.01,0.013849611030895383,0.01,0.5242654341327835
regime,0.1,0.01,2,2012-03-30,0.37948762630406224,5,0.3232094999755673,0.009999999999999998,0.009999999999999998,0.009999999999999998,0.06576644942430167,0.0287159663662977,0.009999999999999998,0.013470975247538179,0.009999999999999998,0.5188371089862951
regime,0.1,0.01,2,2012-04-30,0.37724150142471047,5,0.32371710641860985,0.009999999999999998,0.009999999999999998,0.009999999999999998,0.06861565917606201,0.028322917491843857,0.009999999999999998,0.013339970732053808,0.009999999999999998,0.5160043461814304
regime,0.1,0.01,2,2012-05-31,0.3487031610067489,5,0.32503730096455513,0.01,0.01,0.01,0.09023639494333771,0.03695400538870064,0.01,0.015265647443639336,0.01,0.4825066512597671
regime,0.1,0.01,2,2012-06-29,0.34863306172956987,5,0.32596471062373106,0.010000000000000002,0.010000000000000002,0.010000000000000002,0.09107315140182008,0.03646881526386363,0.010000000000000002,0.014791134523681991,0.010000000000000002,0.48170218818690336
regime,0.1,0.01,2,2012-07-31,0.36743528933687203,5,0.32432226517956675,0.010000000000000002,0.010000000000000002,0.010000000000000002,0.0767798929192189,0.030237395504845783,0.010000000000000002,0.013936074659528742,0.010000000000000002,0.5047243717368398
regime,0.1,0.01,2,2012-08-31,0.38510203407996396,5,0.3147300560729761,0.01,0.01,0.01,0.0630863491545389,0.028274411620891768,0.01,0.014224988771042524,0.01,0.5296841943805507
regime,0.1,0.01,2,2012-09-28,0.38747110321820977,5,0.3123895448306182,0.01,0.01,0.01,0.06263576703834293,0.027629909016728856,0.01,0.01395709283579487,0.01,0.5333876862785151
regime,0.1,0.01,2,2012-10-31,0.39210382741075794,5,0.3061843730877679,0.010000000000000002,0.010000000000000002,0.010000000000000002,0.06148249892226917,0.02678088864130412,0.010000000000000002,0.014111087773236268,0.010000000000000002,0.5414411515754226
regime,0.1,0.01,2,2012-11-30,0.38534569685637826,5,0.31152122873554794,0.01,0.01,0.01,0.06547629491914647,0.027543038896881,0.01,0.013894387128347292,0.01,0.5315650503200772
regime,0.1,0.01,2,2012-12-31,0.3858145054479497,5,0.31144169579463593,0.010000000000000004,0.010000000000000004,0.010000000000000004,0.06479276656524895,0.02757372788636476,0.010000000000000004,0.014061721824963703,0.010000000000000004,0.5321300879287868
regime,0.1,0.01,2,2013-01-31,0.38039737755191716,5,0.3188560608249176,0.01,0.01,0.01,0.0658965658016742,0.028795451231126964,0.01,0.014093788525041333,0.01,0.52235813361724
regime,0.1,0.01,2,2013-02-28,0.3799125163507939,5,0.3206293240422597,0.01,0.01,0.01,0.06637980957067888,0.028418440709765434,0.01,0.013798908544399881,0.01,0.5207735171328961
regime,0.1,0.01,2,2013-03-28,0.37813393707142723,5,0.32009733905948706,0.010000000000000002,0.010000000000000002,0.010000000000000002,0.06780829543750223,0.028922541273915286,0.010000000000000002,0.013998248917499045,0.010000000000000002,0.5191735753115964
regime,0.1,0.01,2,2013-04-30,0.3608324100775283,5,0.34043415268926247,0.009999999999999998,0.009999999999999998,0.009999999999999998,0.0786058663623897,0.03104869255226101,0.009999999999999998,0.012955173637784893,0.009999999999999998,0.4869561147583018
regime,0.1,0.01,2,2013-05-31,0.37134448629848077,5,0.33105121040777163,0.010000000000000002,0.010000000000000002,0.010000000000000002,0.07123972307322825,0.02944377440516033,0.010000000000000002,0.013156944120391253,0.010000000000000002,0.5051083479934486
regime,0.1,0.01,2,2013-06-28,0.3173154211032088,5,0.32630863218329703,0.01,0.01,0.01,0.1152117656445714,0.049846493671388506,0.01,0.017883929420289973,0.01,0.440749179080453
regime,0.1,0.01,2,2013-07-31,0.37511023533245813,5,0.32510029257554945,0.010000000000000002,0.010000000000000002,0.010000000000000002,0.07040747544850949,0.02866250134724508,0.010000000000000002,0.013022057584000003,0.010000000000000002,0.5128076730446961
regime,0.1,0.01,2,2013-08-30,0.3923803485184436,5,0.30557045704815305,0.01,0.01,0.01,0.06298719697735035,0.026109415631600758,0.01,0.013412208849505738,0.01,0.5419207214933901
regime,0.1,0.01,2,2013-09-30,0.38438309420108674,5,0.3165682175799694,0.01,0.01,0.01,0.064725329906767,0.027526573775032852,0.01,0.013410287521974902,0.01,0.5277695912162558
regime,0.1,0.01,2,2013-10-31,0.3864394637987533,5,0.3139393278204157,0.009999999999999998,0.009999999999999998,0.009999999999999998,0.06394929763161376,0.027159163016099785,0.009999999999999998,0.013566881310366043,0.009999999999999998,0.5313853302215046
regime,0.1,0.01,2,2013-11-29,0.3862384581364564,5,0.3164936215520986,0.01,0.01,0.01,0.06348615038497102,0.026879443101205665,0.01,0.013388001759942007,0.01,0.5297527832017828
regime,0.1,0.01,2,2013-12-31,0.38569804288706067,5,0.31551959836685717,0.009999999999999998,0.009999999999999998,0.009999999999999998,0.06455451591002494,0.02693761671204046,0.009999999999999998,0.013294236100105291,0.009999999999999998,0.5296940329109721
regime,0.1,0.01,2,2014-01-31,0.38129348966128446,5,0.31651693885132326,0.01,0.01,0.01,0.0683976956144111,0.02726712996452967,0.01,0.01340515628530937,0.01,0.5244130792844267
regime,0.1,0.01,2,2014-02-28,0.3760539702922249,5,0.3208068315258246,0.010000000000000002,0.010000000000000002,0.010000000000000002,0.06998379753041685,0.02899108145420756,0.010000000000000002,0.013779664616288977,0.010000000000000002,0.516438624873262
regime,0.1,0.01,2,2014-03-31,0.37553199256433123,5,0.32038948386526866,0.01,0.01,0.01,0.07077371108699551,0.028994560341139612,0.01,0.013757265135928858,0.01,0.5160849795706675
regime,0.1,0.01,2,2014-04-30,0.38039998991545676,5,0.3166843311508614,0.010000000000000002,0.010000000000000002,0.010000000000000002,0.06683422564755334,0.02877266713772565,0.010000000000000002,0.014147713307046637,0.010000000000000002,0.523561062756813
regime,0.1,0.01,2,2014-05-30,0.3805252947685199,5,0.31663322122385146,0.010000000000000002,0.010000000000000002,0.010000000000000002,0.0672363682146294,0.028327761391649962,0.010000000000000002,0.014117433823855234,0.010000000000000002,0.523685215346014
regime,0.1,0.01,2,2014-06-30,0.3813449493551915,5,0.31598504982691344,0.010000000000000002,0.010000000000000002,0.010000000000000002,0.0663982189196626,0.028460838604578532,0.010000000000000002,0.01420066019436336,0.010000000000000002,0.5249552324544822
regime,0.1,0.01,2,2014-07-31,0.37876827854955475,5,0.3173552473253555,0.010000000000000002,0.010000000000000002,0.010000000000000002,0.06863086203496564,0.028566489375366974,0.010000000000000002,0.014074606167609176,0.010000000000000002,0.5213727950967028
regime,0.1,0.01,2,2014-08-29,0.38074683333690873,5,0.3148287497320284,0.010000000000000002,0.010000000000000002,0.010000000000000002,0.06791453319362498,0.028289279315000186,0.010000000000000002,0.014068297405588317,0.010000000000000002,0.5248991403537582
regime,0.1,0.01,2,2014-09-30,0.3821419752687268,5,0.3131615112900785,0.01,0.01,0.01,0.0687094399958533,0.02729368635735915,0.01,0.013654691177880747,0.01,0.5271806711788283
regime,0.1,0.01,2,2014-10-31,0.3697786915707048,5,0.32323593900124825,0.01,0.01,0.01,0.07566413403488494,0.029561314186385194,0.01,0.013588173892669204,0.01,0.5079504388848124
regime,0.1,0.01,2,2014-11-28,0.37207164817452654,5,0.32289866979226417,0.010000000000000002,0.010000000000000002,0.010000000000000002,0.07231703713673071,0.030248889098633446,0.010000000000000002,0.013677021289235114,0.010000000000000002,0.5108583826831365
regime,0.1,0.01,3,2008-04-30,0.2667692768619913,3,0.43172587081731256,0.01,0.01,0.010438239441492768,0.14680649824028136,0.18897156920842464,0.015889764973170212,0.14699333926071978,0.01,0.029174718058598798
regime,0.1,0.01,3,2008-05-30,0.24768599814059516,4,0.3471681918158746,0.010000000000000002,0.010000000000000002,0.010000000000000002,0.11876276582932914,0.1262066939114927,0.02426710297380932,0.3080139616134358,0.010000000000000002,0.03558128385605853
regime,0.1,0.01,3,2008-06-30,0.2315679194379789,3,0.2431457848608129,0.010000000000000002,0.010000000000000002,0.013598440442102214,0.1413440544547463,0.1758635242333835,0.019303496321029366,0.34603670683811666,0.010000000000000002,0.03070799284980913
regime,0.1,0.01,3,2008-07-31,0.2826294562213146,4,0.1403162521047191,0.01,0.01,0.02797653676696047,0.1968352309700763,0.4559992361146149,0.01,0.12157027653637761,0.01,0.017302467507251607
regime,0.1,0.01,3,2008-08-29,0.42204978457588416,4,0.13738931245104008,0.01,0.01,0.01,0.06531601457344192,0.08905340803646962,0.021359227682775154,0.6241841552811854,0.01,0.02269788197508784
regime,0.1,0.01,3,2008-09-30,0.4023136664416633,5,0.09013486710770861,0.01,0.01,0.02845040256184641,0.16576373166310468,0.6010201171198185,0.01,0.06463088154752182,0.01,0.01
regime,0.1,0.01,3,2008-10-31,0.3653404055817337,5,0.09761516490794746,0.01,0.01,0.02504340474379033,0.11772177430278027,0.5658146487881892,0.01,0.14380500725729273,0.01,0.01
regime,0.1,0.01,3,2008-11-28,0.29107712421256926,3,0.1169186034255948,0.010000000000000002,0.010000000000000002,0.018248509632772542,0.09388669056376481,0.2725739807153237,0.013894297219340076,0.43960036106088807,0.010000000000000002,0.014877557382316007
regime,0.1,0.01,3,2008-12-31,0.5275555034097993,4,0.09732221810542935,0.010000000000000002,0.010000000000000002,0.010000000000000002,0.0435390986060063,0.07053292886091808,0.018591906143558278,0.714297328959005,0.010000000000000002,0.015716519325082945
regime,0.1,0.01,3,2009-01-30,0.4986968945339269,4,0.1044612820675073,0.01,0.01,0.01,0.04834600842625175,0.07842737149249769,0.01953984737779551,0.6915209984324666,0.01,0.017704492203481036
regime,0.1,0.01,3,2009-02-27,0.2801033601803084,3,0.15878437201972634,0.01,0.01,0.01495867169111039,0.1181491377229679,0.17359227217691228,0.01968951084291358,0.457305789418237,0.01,0.02752024612813248
regime,0.1,0.01,3,2009-03-31,0.28541608968487026,3,0.14174493195907245,0.010000000000000002,0.010000000000000002,0.017418551523490033,0.09726082964230416,0.22990027519770126,0.016312421694106637,0.4492355197607682,0.010000000000000002,0.01812747022255736
regime,0.1,0.01,3,2009-04-30,0.4667948220967701,4,0.12536820728117937,0.010000000000000002,0.010000000000000002,0.010000000000000002,0.05206205590817876,0.07515253590101556,0.02262102250060351,0.6643722028700044,0.010000000000000002,0.020423975539018372
regime,0.1,0.01,3,2009-05-29,0.2400905871404553,3,0.30722381898530404,0.01,0.01,0.01005142462313347,0.12120505731533515,0.14053298992244903,0.02524335206644567,0.3300816738325775,0.01,0.03566168325475501
regime,0.1,0.01,3,2009-06-30,0.25009031128309817,4,0.3587415310924966,0.010000000000000005,0.010000000000000005,0.010000000000000005,0.11378867402427588,0.12320226808170363,0.026024405111566187,0.301383969731888,0.010000000000000005,0.0368591519580697
regime,0.1,0.01,3,2009-07-31,0.2504007794638484,4,0.3450951861951378,0.01,0.01,0.01,0.1131922093812992,0.12121408976830027,0.025902158883123808,0.31847988794011106,0.01,0.03611646783202788
regime,0.1,0.01,3,2009-08-31,0.2525412550171469,4,0.32613175487234575,0.010000000000000002,0.010000000000000002,0.010000000000000002,0.1138090225648282,0.11769562738772255,0.024779105039122347,0.34221250369688816,0.010000000000000002,0.035371986439093006
regime,0.1,0.01,3,2009-09-30,0.24872664096769764,4,0.32840757040253027,0.010000000000000002,0.010000000000000002,0.010000000000000002,0.1168963627902372,0.12315351348830783,0.024684342662887174,0.33131718973026125,0.010000000000000002,0.035541020925776275
regime,0.1,0.01,3,2009-10-30,0.24942670852584906,4,0.33069300408854396,0.01,0.01,0.01,0.1157440774196119,0.1235911886927092,0.02470185778943891,0.3304120497865663,0.01,0.0348578222231297
regime,0.1,0.01,3,2009-11-30,0.24694340324512487,4,0.3767576051720902,0.01,0.01,0.01,0.12728769446858743,0.1420711385260577,0.02221776303755247,0.25804396511094485,0.01,0.033621833684767434
regime,0.1,0.01,3,2009-12-31,0.2554844504313092,3,0.4117013027485808,0.010000000000000002,0.010000000000000002,0.010877632163882111,0.14253646128123743,0.15802219812402446,0.018218617272704112,0.19741701429598632,0.010000000000000002,0.031226774113584765
regime,0.1,0.01,3,2010-01-29,0.24951942100034402,3,0.4005146386635968,0.009999999999999998,0.009999999999999998,0.012145202514133934,0.15201235148695907,0.18215172080166692,0.016363935376140646,0.17661646952185414,0.009999999999999998,0.030195681635648338
regime,0.1,0.01,3,2010-02-26,0.224580783501776,3,0.3370093207409688,0.01,0.01,0.01638566841753151,0.16561944491215738,0.2032042685097676,0.015755230540574545,0.20130359765190545,0.01,0.030722469227094755
regime,0.1,0.01,3,2010-03-31,0.2264586071115682,3,0.3452240839386882,0.010000000000000002,0.010000000000000002,0.016501346705990388,0.16524480009353656,0.20114294692266246,0.01605030735750233,0.19410827340001074,0.010000000000000002,0.031728241581609314
regime,0.1,0.01,3,2010-04-30,0.22684345088430363,3,0.3428269493096242,0.010000000000000002,0.010000000000000002,0.015694286324925033,0.16509549433403153,0.21156109942311413,0.015706269371182247,0.18861370962623222,0.010000000000000002,0.030502191610890576
regime,0.1,0.01,3,2010-05-28,0.24978984918018504,4,0.1287971675860052,0.009999999999999998,0.009999999999999998,0.033549702929191676,0.19793335316137195,0.39892777181038014,0.009999999999999998,0.18162365235760514,0.009999999999999998,0.019168352155445715
regime,0.1,0.01,3,2010-06-30,0.24119970863240073,3,0.2284794119497757,0.01,0.01,0.019425755394969626,0.18765625983911552,0.3661010362302344,0.010088835063408933,0.13592028384385774,0.01,0.02232841767863807
regime,0.1,0.01,3,2010-07-30,0.2170904847526069,3,0.2850387228224651,0.01,0.01,0.01700629838795896,0.15830475817951672,0.2390229487416121,0.015173756559704456,0.22823381820770686,0.01,0.027219697101035764
regime,0.1,0.01,3,2010-08-31,0.2399375286593044,3,0.37888623171838204,0.01,0.01,0.014107033074942798,0.16057720395695682,0.19659462643479617,0.01551299700759944,0.1740458759545699,0.01,0.030276031852752867
regime,0.1,0.01,3,2010-09-30,0.26151226366055746,3,0.4198506768684281,0.009999999999999998,0.009999999999999998,0.012314451990611935,0.15715045107065728,0.2027902250074576,0.014775543430265893,0.13373079070222993,0.009999999999999998,0.02938786093034916
regime,0.1,0.01,3,2010-10-29,0.28458068754180804,4,0.464786276413227,0.010000000000000002,0.010000000000000002,0.010000000000000002,0.13442541572123123,0.16878573241137299,0.017992497207673912,0.14237698744016208,0.010000000000000002,0.03163309080633281
regime,0.1,0.01,3,2010-11-30,0.250805907695137,4,0.3665944142802607,0.01,0.01,0.01,0.11598662793946683,0.12299393017495344,0.025533772806430127,0.29230753747761384,0.01,0.03658371732127506
regime,0.1,0.01,3,2010-12-31,0.28726126602526925,4,0.4670958710011498,0.01,0.01,0.01,0.138875907861813,0.17609906994587016,0.01662899850849734,0.13114720437640884,0.01,0.030152948306260786
regime,0.1,0.01,3,2011-01-31,0.28430874441898024,4,0.45985101568000036,0.010000000000000002,0.010000000000000002,0.010000000000000002,0.14235614491290643,0.18924073131971028,0.01566441448001969,0.12353824192071124,0.010000000000000002,0.029349451686652022
regime,0.1,0.01,3,2011-02-28,0.2881017886920356,3,0.4636125771611188,0.010000000000000002,0.010000000000000002,0.010196084389423953,0.145668113617546,0.19474562288126654,0.014808671041457406,0.1120821421807315,0.010000000000000002,0.028886788728455737
regime,0.1,0.01,3,2011-03-31,0.2759278645264145,4,0.4508269454580563,0.01,0.01,0.01,0.13596889157277542,0.16763650535211894,0.017995246265167505,0.1561474866716406,0.01,0.03142492468024126
regime,0.1,0.01,3,2011-04-29,0.2859987939492674,4,0.4651390277394656,0.010000000000000002,0.010000000000000002,0.010000000000000002,0.13995310838216027,0.176988349158551,0.01658891994329399,0.13088361012771704,0.010000000000000002,0.030446984648812125
regime,0.1,0.01,3,2011-05-31,0.2586896409015032,3,0.4184355907058013,0.01,0.01,0.010499821423479865,0.14007832541643403,0.16076485330751858,0.01810050368324015,0.19083293926769118,0.01,0.03128796619583499
regime,0.1,0.01,3,2011-06-30,0.2270708623024186,3,0.34480532638994515,0.01,0.01,0.015617616484797746,0.1615820480668492,0.19226538840583313,0.016402413251293563,0.208133107352572,0.01,0.031194100048709178
regime,0.1,0.01,3,2011-07-29,0.22139181112537398,3,0.3282057234796353,0.009999999999999998,0.009999999999999998,0.017690053731408712,0.16878665810209695,0.20837490345987758,0.015767003527616653,0.19979337824450774,0.009999999999999998,0.031382279454857005
regime,0.1,0.01,3,2011-08-31,0.35571835321477474,4,0.10730169155254149,0.01,0.01,0.02879831627767145,0.18727915491220087,0.5497132989519866,0.01,0.07460424401142186,0.01,0.012303294294177647
regime,0.1,0.01,3,2011-09-30,0.24855576649163996,3,0.17608519847286136,0.010000000000000002,0.010000000000000002,0.01985522550060961,0.14808575328375884,0.3878438272148993,0.010545372256180977,0.2099555309703027,0.010000000000000002,0.017629092301387237
regime,0.1,0.01,3,2011-10-31,0.4537083033436448,4,0.126473123845767,0.01,0.01,0.01,0.05684783006747584,0.08354147376863648,0.020295910771456985,0.6529110548838415,0.01,0.01993060666282222
regime,0.1,0.01,3,2011-11-30,0.23276616506610506,3,0.1997624360172708,0.010000000000000002,0.010000000000000002,0.020449367890333463,0.18301068533416434,0.35429917144510586,0.01061359542962932,0.18041447031222713,0.010000000000000002,0.02145027357126908
regime,0.1,0.01,3,2011-12-30,0.25263623365043286,3,0.402414973053979,0.010000000000000002,0.010000000000000002,0.012475669670510765,0.15899359315668093,0.20515666120908407,0.01460435628654793,0.14780445157529085,0.010000000000000002,0.02855029504790654
regime,0.1,0.01,3,2012-01-31,0.27699896092220666,3,0.44009108319115836,0.009999999999999998,0.009999999999999998,0.011251087359968064,0.15399600436805372,0.21586669347715667,0.013454401950427498,0.1079160866712616,0.009999999999999998,0.027424642981973956
regime,0.1,0.01,3,2012-02-29,0.2806337411795919,3,0.450948492705747,0.01,0.01,0.010515340288601476,0.14696310977713206,0.20205487242747494,0.014852369083437511,0.11568960648521047,0.01,0.02897620923239654
regime,0.1,0.01,3,2012-03-30,0.28982451326356184,3,0.46465469145706795,0.01,0.01,0.01022340994560688,0.14685414142599137,0.1988475622845289,0.014415160764796046,0.10679974660776104,0.01,0.028205287514247786
regime,0.1,0.01,3,2012-04-30,0.2835086473322496,3,0.45394116495122894,0.010000000000000002,0.010000000000000002,0.010454780999703922,0.14884669894667338,0.20407164234211383,0.014107622488314335,0.11073310435865362,0.010000000000000002,0.027844985913312022
regime,0.1,0.01,3,2012-05-31,0.2260496981217159,3,0.3375145873022761,0.009999999999999998,0.009999999999999998,0.014925488578618145,0.15872349058159418,0.19708474409183102,0.0162001041183547,0.2154177231071849,0.009999999999999998,0.030133862220140754
regime,0.1,0.01,3,2012-06-29,0.21317367047158092,3,0.28611304125170905,0.01,0.01,0.020165686216536492,0.1760013889078936,0.23485898013448112,0.014660052572334981,0.20822498413668084,0.01,0.029975866780363902
regime,0.1,0.01,3,2012-07-31,0.21843589809856084,3,0.31660653946208717,0.01,0.01,0.018466819017893946,0.1710956716525888,0.21374466704291945,0.015430351944598584,0.2034234425488929,0.01,0.031232508331019173
regime,0.1,0.01,3,2012-08-31,0.25419423171354427,3,0.4076164779567593,0.01,0.01,0.013248209812514657,0.1590193979931359,0.20218157805505702,0.015166290572700128,0.14227923254531358,0.01,0.030488813064519442
regime,0.1,0.01,3,2012-09-28,0.2904274678287436,3,0.46808294946063295,0.01,0.01,0.010057337359047952,0.1439626539857219,0.1904723704092323,0.01507563327772306,0.11336930862549228,0.01,0.028979746882149535
regime,0.1,0.01,3,2012-10-31,0.2884820753088583,4,0.46864356810689994,0.01,0.01,0.01,0.1388658857735393,0.17839539946030847,0.016577570739751784,0.12705950942025113,0.01,0.030458066499249373
regime,0.1,0.01,3,2012-11-30,0.2795353931442324,4,0.45453004022797655,0.01,0.01,0.01,0.14169983558928936,0.17974132815786703,0.016329717777734044,0.1378120127299133,0.01,0.02988706551721966
regime,0.1,0.01,3,2012-12-31,0.27304658639518203,3,0.44366143685602694,0.01,0.01,0.010740557790671346,0.14648393840482446,0.18312593655289697,0.015915301797737993,0.14020625690545882,0.01,0.029866571692383437
regime,0.1,0.01,3,2013-01-31,0.28118869236370103,3,0.4522401813526587,0.010000000000000002,0.010000000000000002,0.010985811650874613,0.14970559822491902,0.19950693559070698,0.014620827678432376,0.11391002419446705,0.010000000000000002,0.029030621307941294
regime,0.1,0.01,3,2013-02-28,0.2839693402066488,3,0.45615971373050984,0.01,0.01,0.010710587733640538,0.1486039561430096,0.1998907151958984,0.014519504393979681,0.11132826788278306,0.01,0.028787254920178872
regime,0.1,0.01,3,2013-03-28,0.2802100845553011,3,0.45015338107915615,0.010000000000000002,0.010000000000000002,0.011063761488582612,0.1501127721757163,0.20191291983066026,0.014548138472977135,0.11307824138292205,0.010000000000000002,0.029130785569985485
regime,0.1,0.01,3,2013-04-30,0.25263254514765554,3,0.4000309317851001,0.010000000000000002,0.010000000000000002,0.013010685315470186,0.16075338820216956,0.21436451143739532,0.014199250160980533,0.1390080925995391,0.010000000000000002,0.028633140499345212
regime,0.1,0.01,3,2013-05-31,0.24381707941222733,3,0.38398519883280213,0.01,0.01,0.014111291000622254,0.16260742045748935,0.21243506343480545,0.01477954000423786,0.15231153539192466,0.01,0.02976995087811832
regime,0.1,0.01,3,2013-06-28,0.21634347762202402,3,0.2998146484353411,0.010000000000000002,0.010000000000000002,0.018653578021149184,0.17132269925213994,0.23253101643148286,0.014895116739815414,0.20319223095411268,0.010000000000000002,0.02959071016595896
regime,0.1,0.01,3,2013-07-31,0.22416212127742424,3,0.336321261912063,0.010000000000000002,0.010000000000000002,0.017360927207890033,0.16858436028225543,0.215779435224938,0.01556274770610506,0.18504772422341673,0.010000000000000002,0.0313435434433318
regime,0.1,0.01,3,2013-08-30,0.22580412554912938,3,0.3427149656966006,0.010000000000000002,0.010000000000000002,0.01650556507601163,0.16411977409607328,0.20080039529525587,0.01615637207031219,0.19815602344475863,0.010000000000000002,0.031546904320987806
regime,0.1,0.01,3,2013-09-30,0.28101629634928166,3,0.4505406226941447,0.009999999999999998,0.009999999999999998,0.010549051770926186,0.14935897507461804,0.20279178375276657,0.014186817267168179,0.11499443999281807,0.009999999999999998,0.027578309447558198
regime,0.1,0.01,3,2013-10-31,0.28486917521289057,3,0.4592191753426788,0.01,0.01,0.010123707820861258,0.1452256530489122,0.19310804756508834,0.014877478589012609,0.11906464270005765,0.01,0.02838129493338928
regime,0.1,0.01,3,2013-11-29,0.28509388122851326,4,0.46338638219156747,0.010000000000000002,0.010000000000000002,0.010000000000000002,0.1387329279334505,0.1782013031071072,0.01637388981225975,0.13343095514007325,0.010000000000000002,0.02987454181554191
regime,0.1,0.01,3,2013-12-31,0.2783665920042474,4,0.4528521043733282,0.01,0.01,0.01,0.1410374243390109,0.17782353743802196,0.016375278212441023,0.1422312204393787,0.01,0.029680435197819162
regime,0.1,0.01,3,2014-01-31,0.2560072117279376,3,0.4130206610302657,0.010000000000000002,0.010000000000000002,0.011744835908898358,0.1509378220628512,0.18463813995467926,0.015832202743510052,0.16427321632723968,0.010000000000000002,0.029553121972555777
regime,0.1,0.01,3,2014-02-28,0.23848452869236278,3,0.37530868864775296,0.009999999999999998,0.009999999999999998,0.014629174640615089,0.1626488364650191,0.20230070313910115,0.015474326176669514,0.16898022023298312,0.009999999999999998,0.030658050697859023
regime,0.1,0.01,3,2014-03-31,0.2552592552194415,3,0.4066525784256826,0.01,0.01,0.012909535199513508,0.15974132009731917,0.2095915316367954,0.01448932610391417,0.13757590363113284,0.01,0.029039804905642386
regime,0.1,0.01,3,2014-04-30,0.2810386135876724,3,0.4522649939680341,0.01,0.01,0.010819330673066884,0.14958657221584662,0.19811814583984766,0.014592751103514405,0.11578799129440645,0.01,0.028830214905283893
regime,0.1,0.01,3,2014-05-30,0.2842615306203468,3,0.45932782344147216,0.01,0.01,0.010326168965443484,0.14578911536671488,0.1897999848103749,0.015139567676677467,0.12048399356399052,0.01,0.02913334617532665
regime,0.1,0.01,3,2014-06-30,0.28565377091949506,3,0.46303696570060116,0.01,0.01,0.01009804662789048,0.14336630962424646,0.18344529367537496,0.015749213971413968,0.12453123683600348,0.01,0.02977293356446948
regime,0.1,0.01,3,2014-07-31,0.280167116160506,3,0.4512088506592006,0.010000000000000002,0.010000000000000002,0.010749201749748812,0.1492087533614128,0.19711302045379386,0.014694023303054842,0.11835217767340532,0.010000000000000002,0.028673972799383815
regime,0.1,0.01,3,2014-08-29,0.2764544735163923,3,0.4445693290813961,0.010000000000000002,0.010000000000000002,0.01107221499464805,0.15095144055690782,0.20085099504875573,0.01457447795872538,0.11927237752283085,0.010000000000000002,0.028709164836736127
regime,0.1,0.01,3,2014-09-30,0.2521186057435699,3,0.40375588128056195,0.01,0.01,0.012603110229454888,0.15607882418427152,0.19766376914319492,0.01523865882418543,0.15528844060751093,0.01,0.02937131573082045
regime,0.1,0.01,3,2014-10-31,0.2186979400791647,3,0.3186756997126945,0.010000000000000002,0.010000000000000002,0.01845818625476189,0.1703300872700183,0.21188910524579693,0.01566415417631387,0.2033397561101036,0.010000000000000002,0.03164301123031092
regime,0.1,0.01,3,2014-11-28,0.21598491965686967,3,0.30475636477483253,0.010000000000000002,0.010000000000000002,0.01911913156133842,0.17163239308307682,0.22178907427569425,0.015310576169419108,0.20639703098685563,0.010000000000000002,0.030995429148783282
regime,0.1,0.01,4,2008-04-30,0.3004620532714492,3,0.4038278550813994,0.010000000000000002,0.010000000000000002,0.012587124465338767,0.12829893684203705,0.023819415525511263,0.024465547110361346,0.03320211607341263,0.010000000000000002,0.34379900490193965
regime,0.1,0.01,4,2008-05-30,0.1912955800979319,2,0.18007634688498877,0.010000000000000002,0.010000000000000002,0.02547135077459173,0.2287967726152214,0.06563459367547132,0.044061336328877244,0.13939317777166962,0.014089776053426553,0.28247664589575333
regime,0.1,0.01,4,2008-06-30,0.22935537087780483,1,0.1406810382487338,0.010411597648797693,0.01,0.04972369621715277,0.39508104146523076,0.07230632349833636,0.030093420547381237,0.08744021876148601,0.012261671769093029,0.1920009918437883
regime,0.1,0.01,4,2008-07-31,0.3169891328417753,3,0.08765468545284669,0.010000000000000002,0.010000000000000002,0.0656117893392981,0.5296639909221612,0.08204858291629365,0.02397134142092247,0.07534483493632622,0.010000000000000002,0.10570477501215175
regime,0.1,0.01,4,2008-08-29,0.3317862828020798,3,0.08654332646881245,0.01,0.01,0.06916127532599411,0.5459244901062563,0.07975674405457625,0.02192253450190537,0.06843073645490039,0.01,0.09826089308755503
regime,0.1,0.01,4,2008-09-30,0.41099532713201975,3,0.04962051943966525,0.009999999999999998,0.009999999999999998,0.07951469900135602,0.6213105298737505,0.09887341694418202,0.027904327308671144,0.0690314101529398,0.009999999999999998,0.023745097279435353
regime,0.1,0.01,4,2008-10-31,0.40983315293239286,3,0.04460280791817416,0.009999999999999998,0.009999999999999998,0.07973789259757474,0.6195113416655817,0.1048617014695623,0.02927097518893647,0.07155305193829431,0.009999999999999998,0.020462229221876245
regime,0.1,0.01,4,2008-11-28,0.4040945618093829,3,0.04538082104774569,0.010000000000000002,0.010000000000000002,0.08042900173449652,0.6143340980057793,0.10564002005693869,0.03004498495163422,0.07319419496789084,0.010000000000000002,0.02097687923551485
regime,0.1,0.01,4,2008-12-31,0.3570605964174143,3,0.03297041331739382,0.01,0.01,0.01750164260627231,0.03547020551673514,0.09219968070625273,0.2453935845574279,0.5340756787144659,0.01,0.012388794581452266
regime,0.1,0.01,4,2009-01-30,0.3409237304685204,3,0.041861094924087815,0.01,0.01,0.016468625201855443,0.038738770655281834,0.08778899037127921,0.26123370469104906,0.5108613105179727,0.01,0.013047503638474062
regime,0.1,0.01,4,2009-02-27,0.3333130543793696,3,0.04552839983734959,0.01,0.01,0.015741775113895445,0.039033921608967126,0.08634126345209077,0.27103848442338463,0.49804459376494264,0.01,0.014271561799369822
regime,0.1,0.01,4,2009-03-31,0.33557427563744857,3,0.04683572976257342,0.010000000000000002,0.010000000000000002,0.014222425533007765,0.034953555517649164,0.07910080475262789,0.2892262683470365,0.491473916436935,0.010000000000000002,0.014187299650170251
regime,0.1,0.01,4,2009-04-30,0.33657977760691665,3,0.04829340670541517,0.010000000000000002,0.010000000000000002,0.013837775396534103,0.03505504583639713,0.07900755013492099,0.27861219225022443,0.4983747063435384,0.010000000000000002,0.016819323332969836
regime,0.1,0.01,4,2009-05-29,0.22253882459157306,3,0.09618413755931017,0.010000000000000002,0.010000000000000002,0.014772662563602542,0.09761139881459395,0.10759400256082774,0.24622788272828097,0.3586656342985572,0.010000000000000002,0.04894428147482754
regime,0.1,0.01,4,2009-06-30,0.19160438426915222,2,0.16915335214179072,0.01,0.01,0.025597236197339945,0.2550813175305436,0.0686896306725566,0.04245349619328724,0.14058082881857156,0.012690003278068473,0.26575413516784185
regime,0.1,0.01,4,2009-07-31,0.2027988630694212,2,0.20387932894701907,0.01,0.01,0.022040667543320326,0.21296725183843418,0.056666301123875815,0.043983383274158905,0.1168676582609273,0.013422185442911171,0.31017322356935334
regime,0.1,0.01,4,2009-08-31,0.20120837685677317,2,0.17430631737947008,0.010000000000000002,0.010000000000000002,0.03262253472107649,0.2988464265353114,0.06485805259031627,0.036401245826205485,0.1111604413445231,0.012384385530009557,0.24942059607308767
regime,0.1,0.01,4,2009-09-30,0.1998157836523501,2,0.20133794035130204,0.01,0.01,0.023189111912065758,0.21540452622836972,0.05779109487017529,0.04354103048623906,0.12130331822409429,0.014130877881389062,0.30330210004636476
regime,0.1,0.01,4,2009-10-30,0.19231275522247762,2,0.15791221296938168,0.01,0.01,0.027418826458041595,0.27112553512931375,0.07026596790357181,0.04110763376127356,0.14487539715732073,0.012040345448616695,0.25525408117248016
regime,0.1,0.01,4,2009-11-30,0.28078155057998294,3,0.3624944733157122,0.010000000000000002,0.010000000000000002,0.01170032260537565,0.13397247503684578,0.028113112911859806,0.029943585436417175,0.047309105286077874,0.010000000000000002,0.35646692540771163
regime,0.1,0.01,4,2009-12-31,0.22388559121689294,2,0.26190375798201365,0.009999999999999998,0.009999999999999998,0.01835916413583346,0.16641128291226273,0.0449256147070808,0.04303028261255521,0.09250210472433204,0.014603980062504377,0.33826381286341783
regime,0.1,0.01,4,2010-01-29,0.21706920696590876,2,0.24806576040705547,0.010000000000000002,0.010000000000000002,0.018644727141772104,0.17405831302847485,0.0470235670076833,0.04443852548186472,0.10230394803058182,0.014045026216148586,0.33142013268641923
regime,0.1,0.01,4,2010-02-26,0.20350198126869,2,0.20040321807842315,0.01,0.01,0.029603869017369642,0.26289669807929783,0.057633662667131956,0.037057042726930466,0.10032241766602601,0.01237451309420272,0.27970857867061827
regime,0.1,0.01,4,2010-03-31,0.23035435754799266,2,0.2777524120956205,0.010000000000000002,0.010000000000000002,0.017030402447371584,0.15553817192767966,0.041514916051186644,0.04273558713415853,0.0885011311969015,0.014993582656463188,0.3419337964906185
regime,0.1,0.01,4,2010-04-30,0.20195692190962322,2,0.20889147749616765,0.010000000000000002,0.010000000000000002,0.02038878773593197,0.1935631676461959,0.05534561271622778,0.04754054152371292,0.12472352581470073,0.014674981200014658,0.31487190586704844
regime,0.1,0.01,4,2010-05-28,0.35244772184835804,3,0.06832744316940838,0.009999999999999998,0.009999999999999998,0.06104329257501106,0.56749922617893,0.08587215713018286,0.020708414703103483,0.07972516177254456,0.009999999999999998,0.08682430447081962
regime,0.1,0.01,4,2010-06-30,0.29160330655579936,3,0.38916852868182394,0.010000000000000004,0.010000000000000004,0.01205218823239466,0.14248532207985015,0.024748254614666062,0.023986932098214304,0.03557906477538311,0.010000000000000004,0.3419797095176678
regime,0.1,0.01,4,2010-07-30,0.1962552189923576,2,0.17428233309356547,0.010000000000000002,0.010000000000000002,0.02930238115976144,0.2697021718657896,0.06636838509612202,0.03854878437881225,0.12493903918797028,0.011429262652788952,0.2654276425651901
regime,0.1,0.01,4,2010-08-31,0.315084885709623,4,0.42384690363650557,0.009999999999999998,0.009999999999999998,0.009999999999999998,0.10889770130931925,0.021587942645790757,0.024146296594202064,0.03367509232180823,0.009999999999999998,0.34784606349237396
regime,0.1,0.01,4,2010-09-30,0.22803312733273054,2,0.2700149357047376,0.009999999999999998,0.009999999999999998,0.01712615451220596,0.15665627865453283,0.04395686920794662,0.04377209357479536,0.09042784966712009,0.014756716286266004,0.34328910239239546
regime,0.1,0.01,4,2010-10-29,0.23413927016762687,2,0.28320129043851244,0.009999999999999998,0.009999999999999998,0.016469155903090733,0.15331232231693634,0.04142166325748483,0.04203474416941637,0.08416868370517841,0.014148491523774816,0.3452436486856062
regime,0.1,0.01,4,2010-11-30,0.21641181135413806,2,0.245636427291473,0.01,0.01,0.016853390560619134,0.1685309185813158,0.047227320053669745,0.04791500018120109,0.10659420045746697,0.01391774305322448,0.3333249998210299
regime,0.1,0.01,4,2010-12-31,0.2551436297074077,2,0.3239962741806228,0.009999999999999998,0.009999999999999998,0.01410699812569686,0.13494412778754808,0.03427898707821204,0.03898186816576466,0.06747986782903145,0.013905787597809204,0.3523060892353149
regime,0.1,0.01,4,2011-01-31,0.31456141111086944,4,0.4206019116929426,0.01,0.01,0.01,0.10687904140401867,0.02176804224465562,0.025045782786681247,0.034191154508088524,0.01,0.35151406736361335
regime,0.1,0.01,4,2011-02-28,0.3255003532165586,4,0.4391974728147153,0.01,0.01,0.01,0.10181822583451323,0.020036893595454946,0.02286474205643797,0.029618445103085117,0.01,0.34646422059579346
regime,0.1,0.01,4,2011-03-31,0.317128939768855,4,0.42656663848426457,0.010000000000000002,0.010000000000000002,0.010000000000000002,0.10745896555014776,0.021277817324038245,0.024056554032300535,0.032605815171435265,0.010000000000000002,0.34803420943781366
regime,0.1,0.01,4,2011-04-29,0.3220541403375714,4,0.4357720537250286,0.01,0.01,0.01,0.10389268467913844,0.020833537376954706,0.023528449939417845,0.03098728701749952,0.01,0.34498598726196084
regime,0.1,0.01,4,2011-05-31,0.20333993325811295,2,0.21351618854470955,0.01,0.01,0.027076174494904126,0.2267419894894623,0.05703669569335893,0.038771884822374814,0.10365919766719524,0.013669588755964232,0.29952828053203073
regime,0.1,0.01,4,2011-06-30,0.1960899843091255,2,0.18067701713105097,0.009999999999999998,0.009999999999999998,0.03128038384180504,0.26937752363515066,0.06487107909660172,0.0385950381566631,0.11732380168683747,0.013173756849627405,0.2647013996022637
regime,0.1,0.01,4,2011-07-29,0.2176549097923668,2,0.24546580018551187,0.01,0.01,0.02068486191928407,0.18772659326985,0.047590706687167986,0.04049805715666006,0.09558156582026311,0.013342260511936129,0.32911015444932684
regime,0.1,0.01,4,2011-08-31,0.41736777109529843,3,0.051238996351979864,0.009999999999999998,0.009999999999999998,0.07017859608970073,0.6283888347971465,0.08834971713692814,0.019825932821018924,0.06528327151962139,0.009999999999999998,0.04673465128360429
regime,0.1,0.01,4,2011-09-30,0.39982404893324447,3,0.06453877174487543,0.009999999999999998,0.009999999999999998,0.06623899747652441,0.6131989369859947,0.07944939918370394,0.017717816208071287,0.060543309145220776,0.009999999999999998,0.06831276925560938
regime,0.1,0.01,4,2011-10-31,0.37625090047872434,3,0.06930924086435171,0.01,0.01,0.06934289732443973,0.5913031140000649,0.08174293218834841,0.01985664542767275,0.06477322174744767,0.01,0.07367194844767493
regime,0.1,0.01,4,2011-11-30,0.2341463595877098,3,0.266221651381694,0.009999999999999998,0.009999999999999998,0.02229050244909041,0.24256889661509112,0.039701209168416865,0.03003475435020917,0.05612059212680282,0.009999999999999998,0.3130623939086954
regime,0.1,0.01,4,2011-12-30,0.2055636078845246,2,0.20792485503227512,0.009999999999999998,0.009999999999999998,0.028085570596183298,0.2547045689070061,0.056690530049053854,0.03645500254553156,0.09676399909347311,0.012303688016706615,0.2870717857597703
regime,0.1,0.01,4,2012-01-31,0.3232291029992924,4,0.4361642960752421,0.010000000000000002,0.010000000000000002,0.010000000000000002,0.10492196356751742,0.020056184610995526,0.022493456700046276,0.03030865447389866,0.010000000000000002,0.3460554445723
regime,0.1,0.01,4,2012-02-29,0.32106909731494426,4,0.42721251246543923,0.01,0.01,0.01,0.10114766236920128,0.020852724580875233,0.023649341892329194,0.03233028702373922,0.01,0.3548074716684159
regime,0.1,0.01,4,2012-03-30,0.3265055421505741,4,0.4394823544408396,0.01,0.01,0.01,0.10071056295219374,0.0197927606086481,0.022693991651768625,0.029402357955628722,0.01,0.3479179723909212
regime,0.1,0.01,4,2012-04-30,0.3249439049193175,4,0.43839121411562937,0.01,0.01,0.01,0.10348977523884768,0.019762216833281023,0.022427677962146304,0.029705247453755135,0.01,0.3462238683963405
regime,0.1,0.01,4,2012-05-31,0.2927919526064655,3,0.38786359840322027,0.010000000000000002,0.010000000000000002,0.010649298710376717,0.12965781760051834,0.02428365235557227,0.026315520141062258,0.04180263579138973,0.010000000000000002,0.3494274769978606
regime,0.1,0.01,4,2012-06-29,0.19787815019935995,2,0.16520092218301471,0.010000000000000002,0.010000000000000002,0.030525419379982346,0.28336591479931955,0.06693315753743724,0.03739542631949719,0.12548009801150925,0.011477593122176838,0.2596214686470629
regime,0.1,0.01,4,2012-07-31,0.20115293331504308,2,0.20417267592339158,0.01,0.01,0.025958910265635682,0.22828372401216832,0.057727668827329014,0.039689251899191584,0.11362315198400283,0.013071381476675407,0.29747323561160555
regime,0.1,0.01,4,2012-08-31,0.272710744182741,2,0.3559172416240496,0.01,0.01,0.013042359892603056,0.12519649672532396,0.0304203532635084,0.034231960958564865,0.05532414801614574,0.01278390738010552,0.35308353213969895
regime,0.1,0.01,4,2012-09-28,0.3132661226896664,4,0.4204294705353825,0.01,0.01,0.01,0.1073953645322481,0.022338227201712087,0.025347025025903372,0.034901853367282396,0.01,0.3495880593374716
regime,0.1,0.01,4,2012-10-31,0.3256049585446518,4,0.43937753363716225,0.009999999999999998,0.009999999999999998,0.009999999999999998,0.10116213832455162,0.02013592812837076,0.022811083476494354,0.02996638152169157,0.009999999999999998,0.3465469349117294
regime,0.1,0.01,4,2012-11-30,0.32398186086000746,4,0.4369864105283769,0.010000000000000002,0.010000000000000002,0.010000000000000002,0.10290942598465141,0.020233643478710456,0.02279121116024582,0.030408149495642925,0.010000000000000002,0.34667115935237247
regime,0.1,0.01,4,2012-12-31,0.3256390222820537,4,0.4389408159796798,0.010000000000000002,0.010000000000000002,0.010000000000000002,0.10042498264009449,0.020282897131789226,0.022787201177250423,0.030231071101290048,0.010000000000000002,0.347333031969896
regime,0.1,0.01,4,2013-01-31,0.3269535691265083,4,0.4419350825331728,0.01,0.01,0.01,0.09986593393251972,0.020080742760078176,0.022744015223163525,0.029730922440376045,0.01,0.3456433031106897
regime,0.1,0.01,4,2013-02-28,0.3271188024465256,4,0.44130378551359745,0.010000000000000002,0.010000000000000002,0.010000000000000002,0.09985306477507509,0.019947427392449927,0.022531191795327313,0.029644489934381932,0.010000000000000002,0.3467200405891683
regime,0.1,0.01,4,2013-03-28,0.3258780818814988,4,0.44073605885220657,0.010000000000000002,0.010000000000000002,0.010000000000000002,0.10136349458540238,0.020158567432592398,0.02268008381407065,0.02989393961996926,0.010000000000000002,0.3451678556957589
regime,0.1,0.01,4,2013-04-30,0.3219918581907013,4,0.4323954850196364,0.01,0.01,0.01,0.10507698411498505,0.020070144355839228,0.02245103304130491,0.031139152774261037,0.01,0.3488672006939735
regime,0.1,0.01,4,2013-05-31,0.3244871523334045,4,0.43562463922621414,0.010000000000000002,0.010000000000000002,0.010000000000000002,0.10271667317432714,0.019797700136654644,0.022268382749669892,0.030368405633634393,0.010000000000000002,0.3492241990794998
regime,0.1,0.01,4,2013-06-28,0.19756243196712175,2,0.18486381203743266,0.01,0.01,0.021748818379433023,0.2201436371929867,0.05795286076351802,0.04516202188993083,0.13805965474309295,0.012682985930994806,0.2993862090626111
regime,0.1,0.01,4,2013-07-31,0.2388763999331998,2,0.29309276317004057,0.01,0.01,0.015269260843371973,0.14815253864123942,0.037661295446582754,0.042161061111969295,0.08206761859221996,0.014538828075602056,0.3470566341189741
regime,0.1,0.01,4,2013-08-30,0.24572252966590236,2,0.3102716724431775,0.01,0.01,0.014456678329536815,0.14521599778035094,0.035714412665938715,0.040495854491903925,0.07503687644746244,0.013513328301468733,0.34529517954016087
regime,0.1,0.01,4,2013-09-30,0.32575287565769057,4,0.4387430566974082,0.010000000000000002,0.010000000000000002,0.010000000000000002,0.10219344066013726,0.019559351005435054,0.02246115428850082,0.029703798220176898,0.010000000000000002,0.34733919912834166
regime,0.1,0.01,4,2013-10-31,0.326535083923106,4,0.4399654564247006,0.010000000000000002,0.010000000000000002,0.010000000000000002,0.10129040087382034,0.01957365960283344,0.02238342051440183,0.02958965092812065,0.010000000000000002,0.3471974116561232
regime,0.1,0.01,4,2013-11-29,0.32815717510277853,4,0.44109349461467456,0.01,0.01,0.01,0.09918364860657064,0.01941229355775738,0.022200500276973744,0.029363142578127,0.01,0.3487469203658966
regime,0.1,0.01,4,2013-12-31,0.3273755916472266,4,0.4411063365097277,0.010000000000000002,0.010000000000000002,0.010000000000000002,0.10107136038948965,0.01938696799094659,0.02213478580931098,0.02921865936468301,0.010000000000000002,0.34708188993584205
regime,0.1,0.01,4,2014-01-31,0.3249802547469427,4,0.4397346922675254,0.010000000000000002,0.010000000000000002,0.010000000000000002,0.10469080675489369,0.0195708307848748,0.022106659544093764,0.029655337887599078,0.010000000000000002,0.34424167276101336
regime,0.1,0.01,4,2014-02-28,0.3243257073430821,4,0.4394971670454431,0.01,0.01,0.01,0.10463108597426558,0.019912970501247115,0.022562628876170547,0.02985046748939117,0.01,0.3435456801134825
regime,0.1,0.01,4,2014-03-31,0.3230528992232263,4,0.4371281530366736,0.01,0.01,0.01,0.10524023338898882,0.020202862629883175,0.022670241122533623,0.030292806594699247,0.01,0.3444657032272217
regime,0.1,0.01,4,2014-04-30,0.3247544833369569,4,0.43940282999243435,0.010000000000000002,0.010000000000000002,0.010000000000000002,0.102015196853382,0.020355695227104963,0.022944756464825827,0.03029780793431092,0.010000000000000002,0.344983713527942
regime,0.1,0.01,4,2014-05-30,0.3253205603899557,4,0.4397876684611933,0.01,0.01,0.01,0.10125229700696692,0.020309109296591424,0.022736257758497948,0.03036605310889913,0.01,0.3455486143678512
regime,0.1,0.01,4,2014-06-30,0.32494371244327536,4,0.43953145115381104,0.01,0.01,0.01,0.10143681147254494,0.020410553492794938,0.022903677895574417,0.030468477147431512,0.01,0.345249028837843
regime,0.1,0.01,4,2014-07-31,0.32460298160577755,4,0.43933256841850693,0.01,0.01,0.01,0.10255858601020702,0.02032683909772316,0.02271291495733955,0.030365617898315107,0.01,0.3447034736179082
regime,0.1,0.01,4,2014-08-29,0.3240900289916508,4,0.4385090623741585,0.010000000000000002,0.010000000000000002,0.010000000000000002,0.1032217932187637,0.02035369734366381,0.022750462528120262,0.030358363615894633,0.010000000000000002,0.3448066209193991
regime,0.1,0.01,4,2014-09-30,0.3229616330222961,4,0.4358935757923089,0.010000000000000002,0.010000000000000002,0.010000000000000002,0.10514243775891699,0.02012609460962,0.022362817366905513,0.030548610463919566,0.010000000000000002,0.34592646400832905
regime,0.1,0.01,4,2014-10-31,0.3110485226495578,4,0.4179231478378704,0.010000000000000002,0.010000000000000002,0.010000000000000002,0.11293699951361628,0.02193595205300253,0.024463047205025498,0.0349909328451227,0.010000000000000002,0.3477499205453626
regime,0.1,0.01,4,2014-11-28,0.21503751085576034,2,0.2340204485221526,0.01,0.01,0.019688296304792914,0.17754586268917882,0.04790946469675938,0.042724151342446635,0.10831184344253095,0.015009916388048345,0.3347900166140904
regime,0.25,0.025,0,2008-04-30,0.19255190724580126,2,0.11148645142187649,0.025,0.02637439644512277,0.06737197222221476,0.09430865713923003,0.10164520125540202,0.1385771082803791,0.3649019089136481,0.025,0.04533430432212684
regime,0.25,0.025,0,2008-05-30,0.2051748153498838,1,0.09527026557002206,0.02500000000000001,0.027984644307765042,0.06713394042347093,0.0874829236183368,0.09651054037046938,0.1359294846068922,0.3896158805697019,0.02977557349293796,0.04529674704040377
regime,0.25,0.025,0,2008-06-30,0.22095639485104415,1,0.08462019093439044,0.025,0.026393444592658893,0.06460508831872165,0.08147516637184113,0.09567386434362123,0.13814599907028796,0.41335224428113837,0.02977006919009045,0.04096393289724983
regime,0.25,0.025,0,2008-07-31,0.2751230014408724,2,0.0663603068139272,0.025,0.025,0.05526606560091643,0.06529896251168402,0.08692951892248178,0.13574044169616709,0.4843430047815489,0.025885334698687406,0.030176364974587252
regime,0.25,0.025,0,2008-08-29,0.19812784479330983,3,0.08942793167629476,0.024999999999999994,0.024999999999999994,0.07809914779271235,0.1279686868271003,0.10696890922148793,0.11098142223856519,0.3750880512999853,0.024999999999999994,0.03646585094385417
regime,0.25,0.025,0,2008-09-30,0.21432524516585819,4,0.11521955594635047,0.025,0.025,0.12158825317293614,0.38829292371363966,0.16350313561272387,0.050369991086358167,0.06102614046799181,0.025,0.025
regime,0.25,0.025,0,2008-10-31,0.2112801870250162,4,0.10150958004931315,0.024999999999999994,0.024999999999999994,0.13870236764042376,0.3739364782303022,0.18523611134861184,0.04612425045794277,0.05449121227340628,0.024999999999999994,0.024999999999999994
regime,0.25,0.025,0,2008-11-28,0.16698336458761132,4,0.09355005347554798,0.025,0.025,0.1242596291318828,0.2589918284647529,0.23295096248482897,0.07449225991491643,0.11575526652807097,0.025,0.025
regime,0.25,0.025,0,2008-12-31,0.4437501240987252,7,0.025000000000000005,0.025000000000000005,0.025000000000000005,0.025000000000000005,0.025000000000000005,0.05698504203446104,0.11829678927152383,0.6497181686940151,0.025000000000000005,0.025000000000000005
regime,0.25,0.025,0,2009-01-30,0.3755690682407763,4,0.0344426219751012,0.025,0.025,0.031347106988794546,0.026251084241690894,0.07382537675077276,0.14879574142612717,0.5853380686175135,0.025,0.025
regime,0.25,0.025,0,2009-02-27,0.3551098205690994,4,0.037601909744851586,0.025000000000000005,0.025000000000000005,0.03425116347377369,0.028357978370285707,0.07787570329196608,0.15776384720367828,0.5641493979154447,0.025000000000000005,0.025000000000000005
regime,0.25,0.025,0,2009-03-31,0.34967003643563144,4,0.037897243332169185,0.025,0.025,0.03137782747113735,0.026044643978583457,0.07424252576419248,0.1757600042462918,0.5546777552076259,0.025,0.025
regime,0.25,0.025,0,2009-04-30,0.3580723689150334,5,0.039341090280495296,0.025,0.025,0.027808656009075672,0.025,0.06517376992806097,0.18081983580762823,0.5618566479747399,0.025,0.025
regime,0.25,0.025,0,2009-05-29,0.3044944189896462,1,0.05261309403354706,0.02708719258551273,0.025,0.03395762558801292,0.027198135380866104,0.0744019413766705,0.2031787050623362,0.5000530336644512,0.030221024412156586,0.0262892478964467
regime,0.25,0.025,0,2009-06-30,0.293015956155082,1,0.05731771453696755,0.027473651925853843,0.025,0.0383057889201264,0.033768145620267746,0.07768272174171172,0.1847402877384719,0.4936099594640062,0.031565350720312024,0.030536379332282673
regime,0.25,0.025,0,2009-07-31,0.30086390354445053,1,0.05782391472432146,0.02581433355442651,0.025,0.03784168222338742,0.03350405179528865,0.07683744037334503,0.1816889192766978,0.5030418589349154,0.029650590749720946,0.02879720836789674
regime,0.25,0.025,0,2009-08-31,0.29518996876564646,2,0.06561897066311287,0.025000000000000005,0.025000000000000005,0.042868001648446494,0.04096825489336258,0.0812280486757208,0.1643336673645635,0.5010583302324806,0.026214867891880905,0.027709858630432314
regime,0.25,0.025,0,2009-09-30,0.2936091667639329,2,0.06268993345750778,0.02500000000000001,0.02500000000000001,0.04264337495054849,0.03993890133780536,0.07837473796465291,0.16572968041477637,0.49954089031834054,0.030582117347379045,0.03050036420898956
regime,0.25,0.025,0,2009-10-30,0.29560426051709876,2,0.061361879985556665,0.025,0.025,0.04544663940781173,0.04447178648103478,0.0806888906747944,0.1553223505349129,0.5041798195568641,0.02915751871700215,0.02937111464202337
regime,0.25,0.025,0,2009-11-30,0.28935293316399874,2,0.06812159604952281,0.02500000000000001,0.02500000000000001,0.04365123438365531,0.04170963772940376,0.08220966534891412,0.16698325333127012,0.4936955549928887,0.02579417533956039,0.027834882824784822
regime,0.25,0.025,0,2009-12-31,0.222668415245024,1,0.10310937132359815,0.024999999999999994,0.02589964493795709,0.055019535108247065,0.06245414625866272,0.09256170937914002,0.16061055614531264,0.408852516123545,0.02696202736145698,0.039530493362080345
regime,0.25,0.025,0,2010-01-29,0.2233463299049737,3,0.1009722456923407,0.025,0.025,0.058996205470425445,0.072321073001599,0.09625401437192077,0.14562779543657414,0.41312356627405206,0.025,0.03770509975308795
regime,0.25,0.025,0,2010-02-26,0.2054549009063385,3,0.10800643085472081,0.024999999999999994,0.024999999999999994,0.06386010881544583,0.09106074717940564,0.10359222349911118,0.13542714191978303,0.3861482813118256,0.024999999999999994,0.03690506641970786
regime,0.25,0.025,0,2010-03-31,0.19273054810789966,3,0.1253878267422005,0.025,0.025,0.06337859407550875,0.08947757127404812,0.10029285166065874,0.13793024059628015,0.3632906385564842,0.025,0.0452422770948196
regime,0.25,0.025,0,2010-04-30,0.24678939743515702,1,0.07925671715537094,0.02500000000000001,0.02572246823337638,0.05547639485602389,0.06626696629344377,0.08860688212488067,0.1439506162174047,0.44816516654603333,0.02901383800828461,0.038540950565181795
regime,0.25,0.025,0,2010-05-28,0.29370599751194315,4,0.05552716829031247,0.025,0.025,0.052808409456518574,0.05878315862234145,0.09011037167241023,0.13810771357670668,0.5046631783817106,0.025,0.025
regime,0.25,0.025,0,2010-06-30,0.1783517544523837,3,0.10286254214601731,0.025,0.025,0.07956217702795773,0.14200105073934344,0.11811763582525203,0.11330623185925075,0.33369852000024874,0.025,0.035451842401930195
regime,0.25,0.025,0,2010-07-30,0.15245581602069846,3,0.14447574179355285,0.025,0.025,0.0803561179124201,0.17037430169845372,0.11809803211586144,0.10735501309161483,0.2580929259385926,0.025,0.0462478674495045
regime,0.25,0.025,0,2010-08-31,0.18589245695996198,3,0.12337318171108841,0.025,0.025,0.06750121628955608,0.10176339802943946,0.10389055470605323,0.13239727133956655,0.35153730358103663,0.025,0.044537074343259694
regime,0.25,0.025,0,2010-09-30,0.3359495026535893,4,0.5473902998136536,0.024999999999999994,0.024999999999999994,0.03296242582572965,0.14566356847492692,0.04996998264291237,0.036294367725033,0.024999999999999994,0.024999999999999994,0.08771935551774436
regime,0.25,0.025,0,2010-10-29,0.20430432891569333,1,0.11409070296800053,0.025,0.027640283700332877,0.05998354875099574,0.07163871999823632,0.09639870850985428,0.1518948596275528,0.38227385287715204,0.02704467183222296,0.04403465173565244
regime,0.25,0.025,0,2010-11-30,0.2592807941054387,0,0.07556571957675048,0.026017653139473993,0.026253739799495843,0.04702107406978978,0.0453463166992775,0.08424418579788322,0.17059892299982682,0.4576739212859995,0.03170538660806435,0.03557308002343856
regime,0.25,0.025,0,2010-12-31,0.21175368481824902,0,0.1096589577140203,0.025106408282974994,0.028194948727250015,0.05440402563897557,0.061503810936621474,0.09200814299307698,0.16571327443789835,0.3910212738946882,0.028556686884468552,0.04383247049002566
regime,0.25,0.025,0,2011-01-31,0.20847994129315653,1,0.10978816138698952,0.025,0.027720932303851992,0.058099489842079195,0.07029789239043902,0.09361764546602554,0.15341495599487381,0.3894060303357402,0.02799464898903476,0.04466024329096608
regime,0.25,0.025,0,2011-02-28,0.159869999506929,2,0.14852790989013753,0.025,0.028688487758011093,0.07138818465910869,0.10933960391694508,0.10582357337698042,0.13841948462997933,0.2918885149261304,0.025,0.05592424084270743
regime,0.25,0.025,0,2011-03-31,0.17003130940184968,2,0.13302028800651425,0.02500000000000001,0.026271113956252968,0.07179730242579237,0.10926774660606546,0.10707448309545964,0.13489198257296928,0.31809284731603005,0.02500000000000001,0.04958423602091606
regime,0.25,0.025,0,2011-04-29,0.3336661051463813,4,0.5445244233977018,0.025,0.025,0.03399841522303572,0.14754329217796316,0.04955142891139383,0.03441081039280005,0.025,0.025,0.08997162989710553
regime,0.25,0.025,0,2011-05-31,0.18248844734664288,3,0.12734645522224675,0.024999999999999994,0.024999999999999994,0.06888416288833574,0.10303086416914613,0.10414548326109971,0.13091745159920445,0.34489810448511493,0.024999999999999994,0.04577747837485233
regime,0.25,0.025,0,2011-06-30,0.2903898041728179,4,0.4869483792012632,0.024999999999999994,0.024999999999999994,0.040730815144526776,0.19204146396402466,0.05829079319801289,0.034596003194460066,0.024999999999999994,0.024999999999999994,0.08739254529771236
regime,0.25,0.025,0,2011-07-29,0.14931489015677868,3,0.15546296466529858,0.025,0.025,0.08013448379051569,0.15505666943113627,0.11541475401083916,0.11402020271532569,0.2524568183493436,0.025,0.05245410703754105
regime,0.25,0.025,0,2011-08-31,0.16911524528342672,3,0.06891090560607419,0.025,0.025,0.08917531429933873,0.22454165853721375,0.13867625708299772,0.10027672257472604,0.2717142085029436,0.025,0.03170493339670607
regime,0.25,0.025,0,2011-09-30,0.18629126649593156,3,0.07800229957243714,0.025,0.025,0.09124960872245136,0.15730490118920387,0.12434270514461244,0.10259357545329406,0.34428632634821116,0.025,0.027220583569789923
regime,0.25,0.025,0,2011-10-31,0.1813017637663083,3,0.07984463813061785,0.025,0.025,0.08326596750116758,0.17274147971965587,0.11911826090594746,0.10298497538022304,0.33205313426433536,0.025,0.034991544098052954
regime,0.25,0.025,0,2011-11-30,0.2010136842483115,3,0.07666768010089708,0.025,0.025,0.0772967999187478,0.1315619133611545,0.11437337833230589,0.11358652415831628,0.3779812496782844,0.025,0.03353245445029401
regime,0.25,0.025,0,2011-12-30,0.1651010987591279,3,0.13224426523287117,0.025000000000000005,0.025000000000000005,0.07249407652363213,0.13004777977148577,0.1143629980748997,0.12812522162636683,0.3035127470258775,0.025000000000000005,0.04421291174486703
regime,0.25,0.025,0,2012-01-31,0.1728910452819051,3,0.1352012145414187,0.025,0.025,0.07053474638153517,0.10854185327839254,0.10783214491473254,0.13195767879670509,0.32356792508778687,0.025,0.04736443699942901
regime,0.25,0.025,0,2012-02-29,0.19751519280689372,1,0.11096366181977639,0.02500000000000001,0.029778556059896127,0.05910618305951304,0.07509521947145581,0.09571193086933463,0.15563561410401033,0.3714448715200658,0.02818467006070665,0.04907929303524127
regime,0.25,0.025,0,2012-03-30,0.19110667341815354,1,0.12259722939406728,0.025,0.028215984613186022,0.060920016904465274,0.07498363186459782,0.09962445013506527,0.15869731690161062,0.3568183575088372,0.026143236959501298,0.0469997757186692
regime,0.25,0.025,0,2012-04-30,0.18298964263042727,2,0.1280623221895608,0.025000000000000005,0.025075013221798503,0.06692134877930386,0.09757521710735072,0.10395955433243338,0.13786334422791482,0.34466311899783963,0.025000000000000005,0.04588008114379841
regime,0.25,0.025,0,2012-05-31,0.16498407783655586,3,0.11361259880596891,0.024999999999999994,0.024999999999999994,0.085010247308148,0.16412259602244034,0.1137850658187693,0.10171403559629937,0.30109974478269813,0.024999999999999994,0.04565571166567595
regime,0.25,0.025,0,2012-06-29,0.2596581748957355,4,0.40580398545210733,0.025,0.025,0.05024631396674968,0.28403307496596203,0.06692873446422203,0.031018301845366966,0.025,0.025,0.06196958930559193
regime,0.25,0.025,0,2012-07-31,0.29987407284485657,4,0.49489456475461635,0.025,0.025,0.03996159801133412,0.20244427760234318,0.055301579983968965,0.03081449718463657,0.025,0.025,0.07658348246310084
regime,0.25,0.025,0,2012-08-31,0.336087259781431,4,0.547187902359977,0.025,0.025,0.033344091637001756,0.14609289489596167,0.048744987556079936,0.03425005468363852,0.025,0.025,0.09038006886734111
regime,0.25,0.025,0,2012-09-28,0.3400784202638477,4,0.5527986321071603,0.025,0.025,0.03258322182217517,0.13813336051541783,0.04954916249167341,0.03760127651248382,0.025,0.025,0.08933434655108956
regime,0.25,0.025,0,2012-10-31,0.34219888228855333,4,0.5551930215679608,0.02500000000000001,0.02500000000000001,0.03235549259881215,0.1363542281636072,0.04904962386861154,0.037602576358079384,0.02500000000000001,0.02500000000000001,0.08944505744292895
regime,0.25,0.025,0,2012-11-30,0.33761934750460615,4,0.5485711988339411,0.025000000000000005,0.025000000000000005,0.03327735594715867,0.1482884288628485,0.04916635626050581,0.03397623974374129,0.025000000000000005,0.025000000000000005,0.08672042035180465
regime,0.25,0.025,0,2012-12-31,0.15941756550631983,2,0.1526698321901738,0.025,0.027773335269983844,0.07349691946504545,0.11676085049417631,0.10491719086099276,0.1272145349202786,0.29105600899742806,0.025,0.05611132780192114
regime,0.25,0.025,0,2013-01-31,0.34009958312133065,4,0.5522072808377674,0.024999999999999994,0.024999999999999994,0.03325047667735383,0.14105116416415767,0.04867579049810198,0.03495845100862473,0.024999999999999994,0.024999999999999994,0.08985683681399431
regime,0.25,0.025,0,2013-02-28,0.34062948358046863,4,0.5529931129804643,0.025,0.025,0.03313917385839481,0.13990388859234543,0.04898578449923845,0.03558701865432235,0.025,0.025,0.08939102141523472
regime,0.25,0.025,0,2013-03-28,0.33717523361865165,4,0.5482752059643369,0.025,0.025,0.03369416586825006,0.146248507546368,0.048567264774153136,0.033359597812173895,0.025,0.025,0.08985525803471811
regime,0.25,0.025,0,2013-04-30,0.33017572456070177,4,0.5379773395703109,0.025,0.025,0.03483623220188657,0.16374104356333857,0.05051679453660076,0.030939459276696328,0.025,0.025,0.08198913085116682
regime,0.25,0.025,0,2013-05-31,0.33673250769903645,4,0.5470498047873384,0.025,0.025,0.03337490956264399,0.15151507837385883,0.04931266854374043,0.032764682931198635,0.025,0.025,0.08598285580121971
regime,0.25,0.025,0,2013-06-28,0.23307183356607572,3,0.38253309075301284,0.025,0.025,0.05189376809133275,0.25696155794400766,0.0768207092671897,0.03874182048299613,0.029251022745894122,0.025,0.08879803071556683
regime,0.25,0.025,0,2013-07-31,0.21238319931485408,3,0.39652045182087187,0.025,0.025,0.0461657397560319,0.15534811891337383,0.08788180150170441,0.09154736411915418,0.07004179092443612,0.025,0.0774947329644278
regime,0.25,0.025,0,2013-08-30,0.2215204097338559,3,0.10904883277293054,0.025,0.025,0.055675370646315586,0.0715607973612709,0.09335663980334205,0.14628926520747262,0.4097176054440777,0.025,0.03935148876459057
regime,0.25,0.025,0,2013-09-30,0.2530723828079763,2,0.0905119069763766,0.025,0.025,0.048379076813480186,0.05037088508304701,0.08734831334653623,0.16154998149239477,0.45068804203763263,0.026415981520383443,0.0347358127301492
regime,0.25,0.025,0,2013-10-31,0.23406837119139612,2,0.1031020171765453,0.025,0.025,0.05325208413655812,0.06161113032179877,0.09053740612831404,0.1504465628047165,0.42734084637633424,0.025700255084681375,0.038009697971051686
regime,0.25,0.025,0,2013-11-29,0.22713978003487217,1,0.1077970670643073,0.025,0.025264009608641908,0.05307605286215153,0.06355684570953017,0.09036128312530858,0.15125289741751988,0.41717566250150795,0.02586123009562851,0.04065495161540423
regime,0.25,0.025,0,2013-12-31,0.20753605727747876,3,0.11879757174284486,0.02500000000000001,0.02500000000000001,0.05834815812283619,0.07819684943122801,0.09603740416968491,0.14291661727026148,0.38801884741618287,0.02500000000000001,0.04268455184696178
regime,0.25,0.025,0,2014-01-31,0.18048567548042524,3,0.1323540117721803,0.025,0.025,0.06873935950602894,0.10683589237725763,0.10490430945789195,0.12657448160172588,0.3404230296696255,0.025,0.04516891561528982
regime,0.25,0.025,0,2014-02-28,0.1444844386286583,3,0.18182171414005022,0.025,0.025,0.07776179214987171,0.1536245118938944,0.11310914561683703,0.11525188700386066,0.2243583453180491,0.025,0.05907260387743683
regime,0.25,0.025,0,2014-03-31,0.3260152601527597,4,0.5341932440644122,0.025,0.025,0.03525471768615178,0.16077052619864304,0.05109142577671089,0.03280470725362899,0.025,0.025,0.08588537902045318
regime,0.25,0.025,0,2014-04-30,0.33409586698743465,4,0.5446867163487005,0.024999999999999994,0.024999999999999994,0.034087217497686034,0.14905770534181578,0.049341568490385936,0.03353590286299493,0.024999999999999994,0.024999999999999994,0.0892908894584168
regime,0.25,0.025,0,2014-05-30,0.3395452069167578,4,0.5513840918787027,0.025000000000000005,0.025000000000000005,0.03353915782464025,0.14295586102657754,0.04887089846175139,0.034459833920799945,0.025000000000000005,0.025000000000000005,0.08879015688752827
regime,0.25,0.025,0,2014-06-30,0.3411227693302966,4,0.553528885208049,0.024999999999999994,0.024999999999999994,0.03318149801477878,0.1398413803611927,0.048902769424289054,0.0355833014360546,0.024999999999999994,0.024999999999999994,0.0889621655556358
regime,0.25,0.025,0,2014-07-31,0.33628377896943723,4,0.547450371150243,0.025,0.025,0.03405725803606962,0.14669028072597512,0.04940141007446942,0.034066668477508014,0.025,0.025,0.08833401153573481
regime,0.25,0.025,0,2014-08-29,0.33501421975683154,4,0.5457168275936282,0.025,0.025,0.03397620583776977,0.1490022759792031,0.049361833547436174,0.03377140807134102,0.025,0.025,0.08817144897062168
regime,0.25,0.025,0,2014-09-30,0.3364235800964056,4,0.5466357475600164,0.025000000000000005,0.025000000000000005,0.033908307605391555,0.15252710993634375,0.049388318455707104,0.032774542294985005,0.025000000000000005,0.025000000000000005,0.08476597414755628
regime,0.25,0.025,0,2014-10-31,0.31032100383500216,4,0.5113551390428845,0.02500000000000001,0.02500000000000001,0.03793569163568978,0.18575992112046455,0.052919958171739494,0.0303703695349776,0.02500000000000001,0.02500000000000001,0.08165892049424416
regime,0.25,0.025,0,2014-11-28,0.30431762627536724,4,0.5049897555520216,0.02500000000000001,0.02500000000000001,0.03826296894673445,0.1837727019322831,0.05444457469237956,0.03117923556679438,0.02500000000000001,0.02500000000000001,0.08735076330978694
regime,0.25,0.025,1,2008-04-30,0.24299489474854624,2,0.03897857490885028,0.02500000000000001,0.026205621093939847,0.043828121073637746,0.1207617498025402,0.1397175206383334,0.10726732677460948,0.43665641324946397,0.02500000000000001,0.03658467245862504
regime,0.25,0.025,1,2008-05-30,0.23594913323664077,3,0.033446934719717956,0.025,0.025,0.04296659335981046,0.13002434614518468,0.15150033948867145,0.11395338100257478,0.4209913874632907,0.025,0.03211701782074993
regime,0.25,0.025,1,2008-06-30,0.2590882502388319,3,0.02696495797392742,0.024999999999999994,0.024999999999999994,0.042999563889440595,0.11779436193009454,0.1454676296718216,0.10965857706159214,0.4547844292969172,0.024999999999999994,0.02733048017620644
regime,0.25,0.025,1,2008-07-31,0.1676040791799687,4,0.226753545563824,0.025,0.025,0.025,0.2664049369636091,0.11972322774458925,0.09462241060293547,0.07502372313806617,0.025,0.11747215598697609
regime,0.25,0.025,1,2008-08-29,0.3446565931693506,5,0.025000000000000005,0.025000000000000005,0.025000000000000005,0.043960029555348196,0.0849920473702694,0.10529889315164835,0.0795343768175884,0.5612146531051457,0.025000000000000005,0.025000000000000005
regime,0.25,0.025,1,2008-09-30,0.20119889734005514,3,0.031396897405907315,0.025,0.03392000307557538,0.0527058303423746,0.22240020084442108,0.336263374453673,0.10129957901040554,0.14701411486764307,0.025,0.025
regime,0.25,0.025,1,2008-10-31,0.23013881771515843,4,0.030529086541452855,0.025,0.025,0.033182564246533174,0.2830086013738939,0.3540761775415785,0.11186699726669827,0.08733657302984335,0.025,0.025
regime,0.25,0.025,1,2008-11-28,0.1942372678187695,5,0.025,0.025,0.025,0.033147210979801334,0.22791543647121504,0.28481549862965655,0.12722717267578354,0.2018946812435435,0.025,0.025
regime,0.25,0.025,1,2008-12-31,0.4358178927592748,5,0.025,0.025,0.025,0.029904145695098982,0.05518127075078191,0.07899499062053618,0.06407506811243362,0.6468445248211493,0.025,0.025
regime,0.25,0.025,1,2009-01-30,0.21500640441594537,4,0.025,0.025,0.04272717403260544,0.06584364716894299,0.13466028084275702,0.18400775701132888,0.09043261215805466,0.38232852878631096,0.025,0.025
regime,0.25,0.025,1,2009-02-27,0.18639043664405594,3,0.02984259967093799,0.024999999999999994,0.04012657666145141,0.06136580807775451,0.16476738141213784,0.2388775493583903,0.1001935235766779,0.28982656124265,0.024999999999999994,0.024999999999999994
regime,0.25,0.025,1,2009-03-31,0.18632718916855043,4,0.03207554217685923,0.025000000000000005,0.025000000000000005,0.038457707134796806,0.19342707448711768,0.2714747499642341,0.1389639463464219,0.2256009798905704,0.025000000000000005,0.025000000000000005
regime,0.25,0.025,1,2009-04-30,0.28167220396024534,4,0.025000000000000005,0.025000000000000005,0.026180521715150538,0.046036436900310666,0.1010595601015842,0.1441665940229678,0.09674807870800982,0.485808808551977,0.025000000000000005,0.025000000000000005
regime,0.25,0.025,1,2009-05-29,0.17604965653566923,3,0.04190867190685399,0.025000000000000005,0.025000000000000005,0.03857812561801883,0.18088084754655906,0.22919609038909886,0.1517304203175863,0.24788437636579663,0.025000000000000005,0.03482146785608645
regime,0.25,0.025,1,2009-06-30,0.17154196634369936,4,0.21017419010068356,0.025,0.025,0.025,0.2865450143736243,0.13077816087413033,0.09680272886768503,0.067212526056714,0.025,0.10848737972716288
regime,0.25,0.025,1,2009-07-31,0.34851820724459304,4,0.544522419023167,0.025000000000000005,0.025000000000000005,0.025000000000000005,0.05092133808506701,0.03284816071938952,0.02662832540421321,0.03564785692029197,0.025000000000000005,0.20943189984787136
regime,0.25,0.025,1,2009-08-31,0.3448596693107673,4,0.5409949380999262,0.024999999999999994,0.024999999999999994,0.024999999999999994,0.05332513805581016,0.033038575185264464,0.026654538766634994,0.037017220148565774,0.024999999999999994,0.20896958974379834
regime,0.25,0.025,1,2009-09-30,0.3240485622753634,4,0.5190243497787216,0.025,0.025,0.025,0.060440607037014295,0.03732722592365054,0.029869174948587155,0.04260536817490209,0.025,0.21073327413712442
regime,0.25,0.025,1,2009-10-30,0.308305652421124,4,0.5041094270532035,0.02500000000000001,0.02500000000000001,0.02500000000000001,0.06887551749570305,0.04143504774333433,0.032660891967435796,0.048459992269193244,0.02500000000000001,0.20445912347113027
regime,0.25,0.025,1,2009-11-30,0.3644103349916744,5,0.5597581277448633,0.025,0.025,0.025,0.04565257803676172,0.02927655108584304,0.025,0.030323772153764205,0.025,0.20998897097876765
regime,0.25,0.025,1,2009-12-31,0.38781045029850114,7,0.5833701387717454,0.024999999999999994,0.024999999999999994,0.024999999999999994,0.03738161421910745,0.024999999999999994,0.024999999999999994,0.024999999999999994,0.024999999999999994,0.20424824700914704
regime,0.25,0.025,1,2010-01-29,0.38273972754069774,5,0.5789523216007135,0.025000000000000005,0.025000000000000005,0.025000000000000005,0.040888579341696346,0.025389633254011973,0.025000000000000005,0.026240997227305263,0.025000000000000005,0.203528468576273
regime,0.25,0.025,1,2010-02-26,0.3789117256484167,5,0.5753684232608247,0.025,0.025,0.025,0.042390923338255455,0.026185829166588282,0.025,0.02731729582890009,0.025,0.20373752840543136
regime,0.25,0.025,1,2010-03-31,0.3868089756722308,7,0.5822364651139561,0.025,0.025,0.025,0.03781261216234377,0.025,0.025,0.025,0.025,0.20495092272370008
regime,0.25,0.025,1,2010-04-30,0.332933981825052,4,0.5280348529972457,0.024999999999999994,0.024999999999999994,0.024999999999999994,0.056634129752567514,0.03565624511406183,0.028803091559153077,0.0393066778763201,0.024999999999999994,0.21156500270065162
regime,0.25,0.025,1,2010-05-28,0.17766076555458227,4,0.19761893285273585,0.025000000000000005,0.025000000000000005,0.025000000000000005,0.3108230770668155,0.12656417205504208,0.09028029658265883,0.08165111400295762,0.025000000000000005,0.09306240743979022
regime,0.25,0.025,1,2010-06-30,0.2693470749628451,4,0.45432656431699375,0.024999999999999994,0.024999999999999994,0.024999999999999994,0.09006102216626945,0.05134517547995712,0.040382787386904366,0.05058233964553277,0.024999999999999994,0.2133021110043424
regime,0.25,0.025,1,2010-07-30,0.3226076973346373,2,0.036506264979289875,0.025,0.027547596223155047,0.045397113825564585,0.08074319742691623,0.09814308909678614,0.07817010738348786,0.541457449786106,0.025,0.042035181278694364
regime,0.25,0.025,1,2010-08-31,0.3876953545141336,7,0.58345124805209,0.025,0.025,0.025,0.03791275676217625,0.025,0.025,0.025,0.025,0.20363599518573372
regime,0.25,0.025,1,2010-09-30,0.3884250715690192,7,0.5838426348682485,0.025,0.025,0.025,0.03661615550625291,0.025,0.025,0.025,0.025,0.20454120962549854
regime,0.25,0.025,1,2010-10-29,0.3886372173000974,7,0.584601062584129,0.024999999999999994,0.024999999999999994,0.024999999999999994,0.03771313538457561,0.024999999999999994,0.024999999999999994,0.024999999999999994,0.024999999999999994,0.2026858020312952
regime,0.25,0.025,1,2010-11-30,0.35828726860768995,4,0.5562472952493192,0.025,0.025,0.025,0.051345452513542465,0.03143164616347422,0.025583513251664046,0.03286481268991757,0.025,0.20252728013208254
regime,0.25,0.025,1,2010-12-31,0.38976501051672624,7,0.585258780870674,0.025,0.025,0.025,0.03583417741856656,0.025,0.025,0.025,0.025,0.2039070417107595
regime,0.25,0.025,1,2011-01-31,0.38647539218898946,7,0.5818946076671406,0.025,0.025,0.025,0.03803939822461307,0.025,0.025,0.025,0.025,0.20506599410824627
regime,0.25,0.025,1,2011-02-28,0.38765880123013174,7,0.5831528890801247,0.025,0.025,0.025,0.0373427662273326,0.025,0.025,0.025,0.025,0.2045043446925427
regime,0.25,0.025,1,2011-03-31,0.3875145558534115,7,0.5833652285850138,0.025,0.025,0.025,0.038261693738435416,0.025,0.025,0.025,0.025,0.20337307767655063
regime,0.25,0.025,1,2011-04-29,0.3850614953094059,7,0.5802989409864638,0.024999999999999994,0.024999999999999994,0.024999999999999994,0.03868354002399322,0.024999999999999994,0.024999999999999994,0.024999999999999994,0.024999999999999994,0.20601751898954285
regime,0.25,0.025,1,2011-05-31,0.38582704593855416,6,0.5818870175409439,0.025,0.025,0.025,0.039918953091514255,0.025,0.025,0.02506116678967898,0.025,0.20313286257786287
regime,0.25,0.025,1,2011-06-30,0.36805542801579993,5,0.5647169363906185,0.025,0.025,0.025,0.046137410230418445,0.028437783420751254,0.025,0.030364673807748304,0.025,0.20534319615046348
regime,0.25,0.025,1,2011-07-29,0.3856696385632467,6,0.5816240423489587,0.025,0.025,0.025,0.039549174176327834,0.025,0.025,0.02528391757425437,0.025,0.203542865900459
regime,0.25,0.025,1,2011-08-31,0.23606352221384802,4,0.08002697530753249,0.02500000000000001,0.02500000000000001,0.02500000000000001,0.42159582579884136,0.1725319141063326,0.09594468896834725,0.0966239303383737,0.02500000000000001,0.033276665480572704
regime,0.25,0.025,1,2011-09-30,0.2975507979951476,5,0.025,0.025,0.025,0.032150129255713596,0.11783502439477773,0.11899446370264545,0.10087528621515363,0.5051450964317097,0.025,0.025
regime,0.25,0.025,1,2011-10-31,0.2948467515039314,4,0.025,0.025,0.026333414582327963,0.047759731937148664,0.10542212334304372,0.13474876111672138,0.0824422905342539,0.5032936784865044,0.025,0.025
regime,0.25,0.025,1,2011-11-30,0.19694615163298895,3,0.03178883121465904,0.025,0.025,0.04058885063189586,0.16611058908009463,0.21174863320115103,0.12777645023455517,0.3208979839057584,0.025,0.026088661731885954
regime,0.25,0.025,1,2011-12-30,0.20288658689876934,2,0.05995423274386885,0.02500000000000001,0.027764164640977102,0.043006229645091106,0.1376452855880726,0.15844380045963766,0.10289980749208241,0.3721035696138438,0.02500000000000001,0.04818290981642652
regime,0.25,0.025,1,2012-01-31,0.38732780541641526,7,0.5831039684738293,0.025,0.025,0.025,0.03822642749124491,0.025,0.025,0.025,0.025,0.20366960403492576
regime,0.25,0.025,1,2012-02-29,0.37545906733896456,5,0.5698045733491791,0.024999999999999994,0.024999999999999994,0.024999999999999994,0.04066919741582094,0.026587083804844727,0.024999999999999994,0.026805478780358417,0.024999999999999994,0.21113366664979683
regime,0.25,0.025,1,2012-03-30,0.38972775866435555,7,0.5855634261130758,0.025,0.025,0.025,0.03664212849316473,0.025,0.025,0.025,0.025,0.20279444539375946
regime,0.25,0.025,1,2012-04-30,0.3890180701795271,7,0.5847983367570404,0.025,0.025,0.025,0.03701787309993868,0.025,0.025,0.025,0.025,0.20318379014302085
regime,0.25,0.025,1,2012-05-31,0.32640155252389114,4,0.5209195951887804,0.024999999999999994,0.024999999999999994,0.024999999999999994,0.05926062852103707,0.03672613332358961,0.029395676017833414,0.04129706378485573,0.024999999999999994,0.21240090316390378
regime,0.25,0.025,1,2012-06-29,0.36332290541971657,5,0.5598408942499616,0.025,0.025,0.025,0.047481380400221596,0.029229730999511795,0.025,0.03193569073819624,0.025,0.20651230361210876
regime,0.25,0.025,1,2012-07-31,0.38314639187152233,5,0.5793961236152535,0.025,0.025,0.025,0.040823037990578896,0.025287854609815242,0.025,0.026197033998662377,0.025,0.20329594978569004
regime,0.25,0.025,1,2012-08-31,0.3868122942841908,7,0.5819397747532529,0.025000000000000005,0.025000000000000005,0.025000000000000005,0.03713741064084303,0.025000000000000005,0.025000000000000005,0.025000000000000005,0.025000000000000005,0.2059228146059041
regime,0.25,0.025,1,2012-09-28,0.38776765838218274,7,0.5833572095027119,0.025,0.025,0.025,0.0374805127127188,0.025,0.025,0.025,0.025,0.2041622777845693
regime,0.25,0.025,1,2012-10-31,0.3866051275148577,7,0.5817064205632859,0.025,0.025,0.025,0.037231492251775355,0.025,0.025,0.025,0.025,0.20606208718493862
regime,0.25,0.025,1,2012-11-30,0.38657269278053086,7,0.5817856966813101,0.025,0.025,0.025,0.03750454394657611,0.025,0.025,0.025,0.025,0.20570975937211378
regime,0.25,0.025,1,2012-12-31,0.38403761584827534,7,0.5783100952609572,0.025,0.025,0.025,0.03734467615642132,0.025,0.025,0.025,0.025,0.20934522858262128
regime,0.25,0.025,1,2013-01-31,0.3853984900729941,7,0.5800425566326739,0.024999999999999994,0.024999999999999994,0.024999999999999994,0.037120511658214776,0.024999999999999994,0.024999999999999994,0.024999999999999994,0.024999999999999994,0.20783693170911122
regime,0.25,0.025,1,2013-02-28,0.3865695436055771,7,0.581540786658743,0.025,0.025,0.025,0.03696917139114309,0.025,0.025,0.025,0.025,0.20649004195011386
regime,0.25,0.025,1,2013-03-28,0.38490830538275395,7,0.5797341773455666,0.025,0.025,0.025,0.037886444973052075,0.025,0.025,0.025,0.025,0.2073793776813812
regime,0.25,0.025,1,2013-04-30,0.38978796425889317,7,0.5865325162900209,0.025000000000000005,0.025000000000000005,0.025000000000000005,0.03873777549671459,0.025000000000000005,0.025000000000000005,0.025000000000000005,0.025000000000000005,0.1997297082132645
regime,0.25,0.025,1,2013-05-31,0.38697082181265835,7,0.5823965171207983,0.025000000000000005,0.025000000000000005,0.025000000000000005,0.037689859192929276,0.025000000000000005,0.025000000000000005,0.025000000000000005,0.025000000000000005,0.2049136236862724
regime,0.25,0.025,1,2013-06-28,0.2785544488176782,4,0.46944616423508356,0.025,0.025,0.025,0.08288054184649013,0.049672965557809125,0.03703866412781804,0.056603223063924415,0.025,0.20435844116887467
regime,0.25,0.025,1,2013-07-31,0.3912357540266734,7,0.5868057528612658,0.025,0.025,0.025,0.034979608298757923,0.025,0.025,0.025,0.025,0.20321463883997617
regime,0.25,0.025,1,2013-08-30,0.389334374010498,7,0.5847396506225601,0.024999999999999994,0.024999999999999994,0.024999999999999994,0.03593873433157995,0.024999999999999994,0.024999999999999994,0.024999999999999994,0.024999999999999994,0.20432161504585983
regime,0.25,0.025,1,2013-09-30,0.390223626820841,7,0.5860459900766031,0.024999999999999994,0.024999999999999994,0.024999999999999994,0.03626277869377086,0.024999999999999994,0.024999999999999994,0.024999999999999994,0.024999999999999994,0.20269123122962596
regime,0.25,0.025,1,2013-10-31,0.3884783907223376,7,0.5837654061320645,0.025,0.025,0.025,0.03628380214545105,0.025,0.025,0.025,0.025,0.20495079172248437
regime,0.25,0.025,1,2013-11-29,0.3894553657629684,7,0.584547141146742,0.025,0.025,0.025,0.0351493559144689,0.025,0.025,0.025,0.025,0.2053035029387891
regime,0.25,0.025,1,2013-12-31,0.388756464376122,7,0.5839092549720243,0.025,0.025,0.025,0.03578372828422604,0.025,0.025,0.025,0.025,0.20530701674374965
regime,0.25,0.025,1,2014-01-31,0.3868601341661364,7,0.5821796835951137,0.024999999999999994,0.024999999999999994,0.024999999999999994,0.03753198122611264,0.024999999999999994,0.024999999999999994,0.024999999999999994,0.024999999999999994,0.20528833517877346
regime,0.25,0.025,1,2014-02-28,0.38651968398510944,7,0.5820727171051545,0.025,0.025,0.025,0.038309556762435235,0.025,0.025,0.025,0.025,0.20461772613241022
regime,0.25,0.025,1,2014-03-31,0.3856461097997249,7,0.5811925183541182,0.025,0.025,0.025,0.03894193528669002,0.025,0.025,0.025,0.025,0.2048655463591917
regime,0.25,0.025,1,2014-04-30,0.3846665454201338,7,0.5795104715872081,0.025,0.025,0.025,0.03810847039358194,0.025,0.025,0.025,0.025,0.20738105801920995
regime,0.25,0.025,1,2014-05-30,0.38344078477509125,7,0.5777880507426202,0.025,0.025,0.025,0.03796171251406229,0.025,0.025,0.025,0.025,0.20925023674331739
regime,0.25,0.025,1,2014-06-30,0.3837356040922892,7,0.5783249815724727,0.024999999999999994,0.024999999999999994,0.024999999999999994,0.03825949377094222,0.024999999999999994,0.024999999999999994,0.024999999999999994,0.024999999999999994,0.208415524656585
regime,0.25,0.025,1,2014-07-31,0.3835360062465727,7,0.5782172256090825,0.025,0.025,0.025,0.03861232908713545,0.025,0.025,0.025,0.025,0.20817044530378198
regime,0.25,0.025,1,2014-08-29,0.38325097567251065,7,0.5777890960308872,0.025,0.025,0.025,0.038519846093465884,0.025,0.025,0.025,0.025,0.20869105787564682
regime,0.25,0.025,1,2014-09-30,0.3825531334698664,7,0.5769696514045625,0.025,0.025,0.025,0.03879596309573395,0.025,0.025,0.025,0.025,0.20923438549970358
regime,0.25,0.025,1,2014-10-31,0.3848707272375872,6,0.5804542925225393,0.025,0.025,0.025,0.039325247772719306,0.025,0.025,0.02525941910469685,0.025,0.20496104060004453
regime,0.25,0.025,1,2014-11-28,0.36196179234082626,5,0.5572609357950342,0.025,0.025,0.025,0.04617051504541794,0.029122991792781276,0.025,0.031983626615172865,0.025,0.21046193075159386
regime,0.25,0.025,2,2008-04-30,0.3645660835443028,4,0.04792935446015131,0.024999999999999994,0.024999999999999994,0.0388411337065901,0.5707722928878104,0.17318941880329441,0.024999999999999994,0.04117712846479921,0.024999999999999994,0.028090671677354438
regime,0.25,0.025,2,2008-05-30,0.3650045668440072,4,0.04677052331297703,0.024999999999999994,0.024999999999999994,0.038401268612561726,0.570206155562824,0.1769875941777302,0.024999999999999994,0.04072914823355753,0.024999999999999994,0.02690531010034952
regime,0.25,0.025,2,2008-06-30,0.28096369349169703,6,0.4197096811910107,0.025,0.025,0.025,0.09585462676946128,0.033154891632384005,0.025,0.025,0.025,0.301280800407144
regime,0.25,0.025,2,2008-07-31,0.2062256454183082,4,0.2001638303338663,0.024999999999999994,0.024999999999999994,0.03277269705222348,0.23779172804832394,0.062123580341746844,0.024999999999999994,0.05169742693149482,0.024999999999999994,0.3154507372923446
regime,0.25,0.025,2,2008-08-29,0.21616754872058735,4,0.18308360995239972,0.024999999999999994,0.024999999999999994,0.030855473667936787,0.2324024855188859,0.051947949805151356,0.024999999999999994,0.05628567220026631,0.024999999999999994,0.3454248088553598
regime,0.25,0.025,2,2008-09-30,0.3382825393774282,5,0.030338541066494945,0.025,0.025,0.05359739005842237,0.5308934147616572,0.218607159431877,0.025,0.04156349468154847,0.025,0.025
regime,0.25,0.025,2,2008-10-31,0.33059843579068643,5,0.02790774156929078,0.025,0.025,0.056708694959016696,0.5195111327196553,0.22736271802029273,0.025,0.04350971273174447,0.025,0.025
regime,0.25,0.025,2,2008-11-28,0.29244476668567365,4,0.03753684977718975,0.025,0.025,0.04773484673006051,0.48362464923374315,0.20887546228611242,0.03595946963306614,0.08626872233982796,0.025,0.025
regime,0.25,0.025,2,2008-12-31,0.2645601072180488,4,0.025,0.025,0.038169941538770555,0.025548341572813903,0.038483490626483596,0.10425074533306687,0.287203639242559,0.4063438416863062,0.025,0.025
regime,0.25,0.025,2,2009-01-30,0.22071376572995113,2,0.025624331799038683,0.031170136097336026,0.052822554886588685,0.03829693443551196,0.060824779119454234,0.12052323549067405,0.2736583166226609,0.3470797115487356,0.025,0.025
regime,0.25,0.025,2,2009-02-27,0.21854939238121898,2,0.027028172634363024,0.0317669217381845,0.05461912423513974,0.03714724229402725,0.06011433222611529,0.11927450899764941,0.2863013241831584,0.33374837369136234,0.025,0.025
regime,0.25,0.025,2,2009-03-31,0.23760839414698035,3,0.024999999999999994,0.026510508880825248,0.0490140913743672,0.02987968040894682,0.04850920441686683,0.11306882989745935,0.3217952961160737,0.33622238890546075,0.024999999999999994,0.024999999999999994
regime,0.25,0.025,2,2009-04-30,0.23013682544847516,1,0.029423422939654845,0.027195163970891754,0.04795628622768054,0.02845614753110277,0.05531419644474171,0.11712651035166281,0.3210538719248516,0.3229414043358183,0.025,0.02553299627359568
regime,0.25,0.025,2,2009-05-29,0.17567861646946864,3,0.09806217507233705,0.024999999999999994,0.024999999999999994,0.04825128492375556,0.3138844352747331,0.19637756263408518,0.07214561147740521,0.0858115412894479,0.024999999999999994,0.1104673893282359
regime,0.25,0.025,2,2009-06-30,0.2972073303191235,6,0.42592062288775745,0.024999999999999994,0.024999999999999994,0.024999999999999994,0.07123711449796617,0.026879505509083263,0.024999999999999994,0.024999999999999994,0.024999999999999994,0.32596275710519296
regime,0.25,0.025,2,2009-07-31,0.3061375606577256,6,0.4474249553926912,0.025,0.025,0.025,0.06385156621265221,0.026612571014327114,0.025,0.025,0.025,0.3121109073803294
regime,0.25,0.025,2,2009-08-31,0.3055332786150024,7,0.4548131882352345,0.024999999999999994,0.024999999999999994,0.024999999999999994,0.07155023211129528,0.024999999999999994,0.024999999999999994,0.024999999999999994,0.024999999999999994,0.29863657965347007
regime,0.25,0.025,2,2009-09-30,0.3005252415264681,6,0.44800974293750756,0.025,0.025,0.025,0.07402969905311858,0.028328055261890753,0.025,0.025,0.025,0.2996325027474831
regime,0.25,0.025,2,2009-10-30,0.2900388121124581,6,0.4341478455095122,0.025,0.025,0.025,0.08444453202993475,0.03199129265091174,0.025,0.025,0.025,0.2994163298096413
regime,0.25,0.025,2,2009-11-30,0.30693883529177846,6,0.4450785863868114,0.024999999999999994,0.024999999999999994,0.024999999999999994,0.062298925822307526,0.02550718616199362,0.024999999999999994,0.024999999999999994,0.024999999999999994,0.31711530162888735
regime,0.25,0.025,2,2009-12-31,0.3070227006868837,7,0.44488982179770875,0.025,0.025,0.025,0.06262104074436252,0.025,0.025,0.025,0.025,0.3174891374579287
regime,0.25,0.025,2,2010-01-29,0.30477597678572843,7,0.44801258226996277,0.024999999999999994,0.024999999999999994,0.024999999999999994,0.06885687016107328,0.024999999999999994,0.024999999999999994,0.024999999999999994,0.024999999999999994,0.30813054756896374
regime,0.25,0.025,2,2010-02-26,0.30633708443285335,7,0.4548327633217079,0.024999999999999994,0.024999999999999994,0.024999999999999994,0.06980710232879095,0.024999999999999994,0.024999999999999994,0.024999999999999994,0.024999999999999994,0.300360134349501
regime,0.25,0.025,2,2010-03-31,0.3060590119514228,7,0.44669334998507276,0.025,0.025,0.025,0.0654781409409382,0.025,0.025,0.025,0.025,0.3128285090739889
regime,0.25,0.025,2,2010-04-30,0.2985383360116462,6,0.4392257871626602,0.025,0.025,0.025,0.07252335623118338,0.028764134303355293,0.025,0.025,0.025,0.30948672230280116
regime,0.25,0.025,2,2010-05-28,0.20490164250757037,4,0.2102950966021905,0.025,0.025,0.03381120730339209,0.3298501577421436,0.08131396190083845,0.025,0.04596109932342943,0.025,0.19876847712800588
regime,0.25,0.025,2,2010-06-30,0.28828421128073484,7,0.3660832606375699,0.025,0.025,0.025,0.0801433156374621,0.025,0.025,0.025,0.025,0.37877342372496786
regime,0.25,0.025,2,2010-07-30,0.36973105182077914,4,0.047345782458447,0.024999999999999994,0.024999999999999994,0.03886210325979121,0.5788692107157432,0.1595246901035976,0.024999999999999994,0.044735813006993065,0.024999999999999994,0.030662400455427882
regime,0.25,0.025,2,2010-08-31,0.30693613367055883,7,0.45396884338149407,0.025,0.025,0.025,0.0679541830330097,0.025,0.025,0.025,0.025,0.30307697358549623
regime,0.25,0.025,2,2010-09-30,0.30917492015595915,7,0.4544590180798164,0.025,0.025,0.025,0.06358110892389805,0.025,0.025,0.025,0.025,0.3069598729962854
regime,0.25,0.025,2,2010-10-29,0.30597955727737747,7,0.4435392745830794,0.025,0.025,0.025,0.06399969029271957,0.025,0.025,0.025,0.025,0.317461035124201
regime,0.25,0.025,2,2010-11-30,0.3009659635457949,6,0.44184421077766023,0.025,0.025,0.025,0.07127169724427534,0.02673009094281981,0.025,0.025,0.025,0.31015400103524454
regime,0.25,0.025,2,2010-12-31,0.30695812970070585,7,0.43976856684440185,0.024999999999999994,0.024999999999999994,0.024999999999999994,0.06035629579657686,0.024999999999999994,0.024999999999999994,0.024999999999999994,0.024999999999999994,0.3248751373590211
regime,0.25,0.025,2,2011-01-31,0.30633541484761334,7,0.44068476987850885,0.025,0.025,0.025,0.06194960763978897,0.025,0.025,0.025,0.025,0.3223656224817021
regime,0.25,0.025,2,2011-02-28,0.3070046333267199,7,0.4471089751115473,0.025,0.025,0.025,0.0638008274675979,0.025,0.025,0.025,0.025,0.31409019742085476
regime,0.25,0.025,2,2011-03-31,0.30689704854327465,7,0.45146879492846126,0.025,0.025,0.025,0.06648427570566715,0.025,0.025,0.025,0.025,0.3070469293658715
regime,0.25,0.025,2,2011-04-29,0.30470780866311303,7,0.44159844884539046,0.024999999999999994,0.024999999999999994,0.024999999999999994,0.06555553403689246,0.024999999999999994,0.024999999999999994,0.024999999999999994,0.024999999999999994,0.3178460171177169
regime,0.25,0.025,2,2011-05-31,0.30538387702056347,7,0.44495176836405187,0.025,0.025,0.025,0.06591031387503728,0.025,0.025,0.025,0.025,0.31413791776091066
regime,0.25,0.025,2,2011-06-30,0.3008170806325304,6,0.44769461585633175,0.024999999999999994,0.024999999999999994,0.024999999999999994,0.07667848247897419,0.02544427243590041,0.024999999999999994,0.024999999999999994,0.024999999999999994,0.30018262922879346
regime,0.25,0.025,2,2011-07-29,0.30423551202415017,7,0.4490767000235691,0.025,0.025,0.025,0.07063418988720851,0.025,0.025,0.025,0.025,0.3052891100892223
regime,0.25,0.025,2,2011-08-31,0.3751897429826022,5,0.0358972859687746,0.025,0.025,0.03510679360723061,0.5762205915737114,0.18995562915179998,0.025,0.037819699698483325,0.025,0.025
regime,0.25,0.025,2,2011-09-30,0.3724505141192859,5,0.0355836762641813,0.025,0.025,0.03727384985241404,0.5739605412111964,0.1889434083588263,0.025,0.039238524313381797,0.025,0.025
regime,0.25,0.025,2,2011-10-31,0.3728463805371141,5,0.03765635533615617,0.025,0.025,0.03750679242931914,0.5753830546440536,0.18516936503973946,0.025,0.0392844325507316,0.025,0.025
regime,0.25,0.025,2,2011-11-30,0.3774377476474582,5,0.03859406404910811,0.024999999999999994,0.024999999999999994,0.0357269419480233,0.5806455617121271,0.1813967115497569,0.024999999999999994,0.03863672074098451,0.024999999999999994,0.024999999999999994
regime,0.25,0.025,2,2011-12-30,0.37517288881066196,4,0.04811739319744296,0.024999999999999994,0.024999999999999994,0.03761698100391015,0.5829423584795913,0.16353547144390393,0.024999999999999994,0.04019197930265381,0.024999999999999994,0.027595816572497878
regime,0.25,0.025,2,2012-01-31,0.30708699279497886,7,0.4504737107923979,0.025,0.025,0.025,0.06550424754469943,0.025,0.025,0.025,0.025,0.30902204166290254
regime,0.25,0.025,2,2012-02-29,0.3084835337933997,6,0.4463487829126189,0.025,0.025,0.025,0.06043327587634399,0.025057206085084032,0.025,0.025,0.025,0.318160735125953
regime,0.25,0.025,2,2012-03-30,0.3077276823907842,7,0.448807804505103,0.025,0.025,0.025,0.0632683103152064,0.025,0.025,0.025,0.025,0.3129238851796906
regime,0.25,0.025,2,2012-04-30,0.3073967873094729,7,0.45215513542546154,0.025,0.025,0.025,0.06585943154066262,0.025,0.025,0.025,0.025,0.3069854330338758
regime,0.25,0.025,2,2012-05-31,0.29634455400842663,6,0.44571151334689807,0.024999999999999994,0.024999999999999994,0.024999999999999994,0.08380657998435172,0.026903164656985612,0.024999999999999994,0.024999999999999994,0.024999999999999994,0.2935787420117645
regime,0.25,0.025,2,2012-06-29,0.303813421976709,7,0.45766729090472985,0.024999999999999994,0.024999999999999994,0.024999999999999994,0.07757108314735223,0.024999999999999994,0.024999999999999994,0.024999999999999994,0.024999999999999994,0.28976162594791777
regime,0.25,0.025,2,2012-07-31,0.3054366854281548,7,0.455534820315705,0.025,0.025,0.025,0.07226603168257939,0.025,0.025,0.025,0.025,0.2971991480017155
regime,0.25,0.025,2,2012-08-31,0.3065382844252835,7,0.44525500944363544,0.024999999999999994,0.024999999999999994,0.024999999999999994,0.06376117131339112,0.024999999999999994,0.024999999999999994,0.024999999999999994,0.024999999999999994,0.31598381924297336
regime,0.25,0.025,2,2012-09-28,0.30567634938635574,7,0.4409091378325896,0.024999999999999994,0.024999999999999994,0.024999999999999994,0.06332560673285775,0.024999999999999994,0.024999999999999994,0.024999999999999994,0.024999999999999994,0.3207652554345525
regime,0.25,0.025,2,2012-10-31,0.30493005313008503,7,0.4388176255037173,0.025,0.025,0.025,0.06381293793378294,0.025,0.025,0.025,0.025,0.3223694365624997
regime,0.25,0.025,2,2012-11-30,0.30546646615760287,7,0.4454741386838032,0.024999999999999994,0.024999999999999994,0.024999999999999994,0.06602062136651833,0.024999999999999994,0.024999999999999994,0.024999999999999994,0.024999999999999994,0.3135052399496783
regime,0.25,0.025,2,2012-12-31,0.3052235536071889,7,0.4455081422040038,0.025,0.025,0.025,0.06653064216295491,0.025,0.025,0.025,0.025,0.3129612156330412
regime,0.25,0.025,2,2013-01-31,0.30641137353673553,7,0.44843607382423095,0.025,0.025,0.025,0.06572327106363529,0.025,0.025,0.025,0.025,0.3108406551121336
regime,0.25,0.025,2,2013-02-28,0.30661122760227083,7,0.4497173260233282,0.024999999999999994,0.024999999999999994,0.024999999999999994,0.06604361582720975,0.024999999999999994,0.024999999999999994,0.024999999999999994,0.024999999999999994,0.30923905814946195
regime,0.25,0.025,2,2013-03-28,0.30542564066724515,7,0.4473433177037233,0.025,0.025,0.025,0.06712724844237127,0.025,0.025,0.025,0.025,0.3105294338539054
regime,0.25,0.025,2,2013-04-30,0.3082112874165939,7,0.46201115340972815,0.025,0.025,0.025,0.07081124894795109,0.025,0.025,0.025,0.025,0.2921775976423207
regime,0.25,0.025,2,2013-05-31,0.3084311139479363,7,0.4559999358950356,0.024999999999999994,0.024999999999999994,0.024999999999999994,0.06609469273679512,0.024999999999999994,0.024999999999999994,0.024999999999999994,0.024999999999999994,0.3029053713681691
regime,0.25,0.025,2,2013-06-28,0.2877648620818076,6,0.43995912370430745,0.025,0.025,0.025,0.09527123746207623,0.031221710510385716,0.025,0.025,0.025,0.28354792832323056
regime,0.25,0.025,2,2013-07-31,0.3080699898336358,7,0.4516841286754928,0.025,0.025,0.025,0.0641955580826297,0.025,0.025,0.025,0.025,0.30912031324187744
regime,0.25,0.025,2,2013-08-30,0.30518090475209547,7,0.4380105005302764,0.025,0.025,0.025,0.06297220412032319,0.025,0.025,0.025,0.025,0.3240172953494004
regime,0.25,0.025,2,2013-09-30,0.3068962964490209,7,0.44505331522989955,0.025,0.025,0.025,0.06295149107984849,0.025,0.025,0.025,0.025,0.3169951936902519
regime,0.25,0.025,2,2013-10-31,0.3068078966509921,7,0.44563127197735825,0.024999999999999994,0.024999999999999994,0.024999999999999994,0.06342005752275807,0.024999999999999994,0.024999999999999994,0.024999999999999994,0.024999999999999994,0.3159486704998835
regime,0.25,0.025,2,2013-11-29,0.3084101869007029,7,0.44959057813381836,0.025,0.025,0.025,0.06233050716482844,0.025,0.025,0.025,0.025,0.31307891470135313
regime,0.25,0.025,2,2013-12-31,0.30722860271288627,7,0.44715590139746453,0.025,0.025,0.025,0.06337898670136534,0.025,0.025,0.025,0.025,0.3144651119011701
regime,0.25,0.025,2,2014-01-31,0.30506442274723666,7,0.4466446767015031,0.024999999999999994,0.024999999999999994,0.024999999999999994,0.06747807211154395,0.024999999999999994,0.024999999999999994,0.024999999999999994,0.024999999999999994,0.31087725118695275
regime,0.25,0.025,2,2014-02-28,0.3051488071480928,7,0.4478546798955659,0.024999999999999994,0.024999999999999994,0.024999999999999994,0.06798929344347805,0.024999999999999994,0.024999999999999994,0.024999999999999994,0.024999999999999994,0.3091560266609559
regime,0.25,0.025,2,2014-03-31,0.3042199597250751,7,0.4466113185825766,0.024999999999999994,0.024999999999999994,0.024999999999999994,0.06920623145075358,0.024999999999999994,0.024999999999999994,0.024999999999999994,0.024999999999999994,0.30918244996666966
regime,0.25,0.025,2,2014-04-30,0.30536575316183306,7,0.44682174947045333,0.025,0.025,0.025,0.06695869749347151,0.025,0.025,0.025,0.025,0.311219553036075
regime,0.25,0.025,2,2014-05-30,0.30476284511014207,7,0.44653864684962025,0.025,0.025,0.025,0.06803953814988246,0.025,0.025,0.025,0.025,0.31042181500049726
regime,0.25,0.025,2,2014-06-30,0.3045051740785794,7,0.444283010216221,0.025,0.025,0.025,0.06733396937607675,0.025,0.025,0.025,0.025,0.3133830204077021
regime,0.25,0.025,2,2014-07-31,0.3042118534516922,7,0.4461161306971009,0.025,0.025,0.025,0.06894139902074929,0.025,0.025,0.025,0.025,0.3099424702821498
regime,0.25,0.025,2,2014-08-29,0.3041537907260775,7,0.4448168797641144,0.025,0.025,0.025,0.06833949289350491,0.025,0.025,0.025,0.025,0.3118436273423806
regime,0.25,0.025,2,2014-09-30,0.3039022104655721,7,0.4457353056927269,0.025,0.025,0.025,0.06936931553005578,0.025,0.025,0.025,0.025,0.3098953787772173
regime,0.25,0.025,2,2014-10-31,0.3053554217387633,7,0.4542049494374947,0.024999999999999994,0.024999999999999994,0.024999999999999994,0.07152522644518605,0.024999999999999994,0.024999999999999994,0.024999999999999994,0.024999999999999994,0.29926982411731906
regime,0.25,0.025,2,2014-11-28,0.3049412985123302,7,0.44932828763588517,0.024999999999999994,0.024999999999999994,0.024999999999999994,0.06929098976591853,0.024999999999999994,0.024999999999999994,0.024999999999999994,0.024999999999999994,0.30638072259819615
regime,0.25,0.025,3,2008-04-30,0.18925864985042953,3,0.12840717267799093,0.025,0.025,0.09564969593443112,0.28947978541155617,0.264323064642063,0.026044077212603052,0.06649434352380647,0.025,0.05460186059754921
regime,0.25,0.025,3,2008-05-30,0.18917929916298964,3,0.12367327808687718,0.025,0.025,0.09177984414407109,0.28951885893378604,0.26605912144349664,0.02682022519002643,0.07291074271535648,0.025,0.054237929486386165
regime,0.25,0.025,3,2008-06-30,0.19835756573509847,4,0.09902341180424995,0.025,0.025,0.09598986231273395,0.29544487408903275,0.2855200577471374,0.025,0.07500697878321848,0.025,0.04901481526362752
regime,0.25,0.025,3,2008-07-31,0.1998121535727917,4,0.07903915626541495,0.024999999999999994,0.024999999999999994,0.09940382977825304,0.2901093787289785,0.2939453149746843,0.024999999999999994,0.09286650913422885,0.024999999999999994,0.04463581111844018
regime,0.25,0.025,3,2008-08-29,0.19344972772795646,4,0.07195882220511733,0.025,0.025,0.10716819097384597,0.2839876834386122,0.2820650896664063,0.025,0.10975408649346871,0.025,0.04506612722254944
regime,0.25,0.025,3,2008-09-30,0.23519938726883038,4,0.05678772317573106,0.025,0.025,0.1013541148370152,0.27849653550066805,0.3693170006772675,0.025,0.067324062509275,0.025,0.026720563300043125
regime,0.25,0.025,3,2008-10-31,0.2158430652165646,5,0.05777489004076893,0.025,0.025,0.08934176015559955,0.19011129440274668,0.37051397942905645,0.025,0.16725807597182837,0.025,0.025
regime,0.25,0.025,3,2008-11-28,0.35973296531443744,4,0.07674961384853642,0.025,0.025,0.025,0.06371394206844692,0.08613931890681759,0.06519788438695148,0.5785619047216906,0.025,0.029637336067557037
regime,0.25,0.025,3,2008-12-31,0.4463414222423747,4,0.07389802136404586,0.025,0.025,0.025,0.030270471130018014,0.03225026191879568,0.07738199058686171,0.6553506824350552,0.025,0.030848572565223553
regime,0.25,0.025,3,2009-01-30,0.40872928747420184,4,0.08719175306992591,0.025,0.025,0.025,0.033382732421319165,0.0355532280741695,0.08417314161926191,0.6227333789037676,0.025,0.036965765911555946
regime,0.25,0.025,3,2009-02-27,0.395657588832798,4,0.09066150295007029,0.025,0.025,0.025,0.03464798783091923,0.037056215532391065,0.08753892696690477,0.6108705112581733,0.025,0.039224855461541315
regime,0.25,0.025,3,2009-03-31,0.39759183767352446,4,0.0876397367849581,0.025,0.025,0.025,0.03373871240852222,0.037779964386820956,0.09103961166008138,0.6125083357679937,0.025,0.03729363899162369
regime,0.25,0.025,3,2009-04-30,0.3829673867333837,4,0.09486521301101403,0.025,0.025,0.025,0.034026728085038,0.03482212849798808,0.0958863298768346,0.5984510956795834,0.025,0.041948504849541865
regime,0.25,0.025,3,2009-05-29,0.3078119401725241,4,0.13960363145416388,0.025000000000000005,0.025000000000000005,0.025000000000000005,0.0357626908226669,0.034951139094314784,0.11833693636967646,0.5159994007209671,0.025000000000000005,0.055346201538211015
regime,0.25,0.025,3,2009-06-30,0.27834441732327764,4,0.1617340905399205,0.024999999999999994,0.024999999999999994,0.024999999999999994,0.03951623257839348,0.0356833089545599,0.12235299787157207,0.47735419677464325,0.024999999999999994,0.06335917328091083
regime,0.25,0.025,3,2009-07-31,0.2675944100485649,4,0.170122788966105,0.025,0.025,0.025,0.04141835375873185,0.036524917729744664,0.12509521667525447,0.46175589852160737,0.025,0.06508282434855668
regime,0.25,0.025,3,2009-08-31,0.2689373773697089,4,0.1771469181432334,0.025,0.025,0.025,0.04290590803259153,0.0354252363493435,0.1179831900956285,0.46254170375148457,0.025,0.06399704362771846
regime,0.25,0.025,3,2009-09-30,0.26844717652923716,4,0.1667427119725897,0.025,0.025,0.025,0.04469938320547372,0.03748833200369038,0.11940409070143485,0.464766405032615,0.025,0.06689907708419643
regime,0.25,0.025,3,2009-10-30,0.2516275045507832,4,0.16371901245489376,0.024999999999999994,0.024999999999999994,0.024999999999999994,0.05881400607983988,0.04530055263403099,0.11418467867681349,0.4455675008110142,0.024999999999999994,0.07241424934340757
regime,0.25,0.025,3,2009-11-30,0.18376861566459407,4,0.28920604194473193,0.025000000000000005,0.025000000000000005,0.025000000000000005,0.08731267405077539,0.05577769656563789,0.11683369909626687,0.2518838616453289,0.025000000000000005,0.09898602669725912
regime,0.25,0.025,3,2009-12-31,0.21222410413578427,3,0.39617836399942646,0.024999999999999994,0.024999999999999994,0.03643863171442379,0.14632939921623786,0.08739178073570286,0.0695227588912023,0.08244083336853592,0.024999999999999994,0.1066982320744707
regime,0.25,0.025,3,2010-01-29,0.19922777443600906,3,0.36995059370457906,0.025,0.025,0.041453054145931964,0.1655394787536685,0.10193687857920314,0.0608395392898142,0.0852018954906796,0.025,0.10007856003612348
regime,0.25,0.025,3,2010-02-26,0.18892123544992284,3,0.3514477617272553,0.025,0.025,0.037718933211652594,0.1564504214280193,0.0952209530065038,0.06668936362965333,0.12405937274779621,0.025,0.09341319424911951
regime,0.25,0.025,3,2010-03-31,0.20924421127772966,3,0.3918125085090707,0.02500000000000001,0.02500000000000001,0.035733376566782556,0.14335501476688922,0.0848333517377022,0.06995620193708116,0.09365812510075816,0.02500000000000001,0.10565142138171613
regime,0.25,0.025,3,2010-04-30,0.17231147691990786,3,0.3154472158205754,0.024999999999999994,0.024999999999999994,0.04614933908322051,0.1696722582037416,0.11449423117050078,0.06857667494240999,0.10762447936203004,0.024999999999999994,0.10303580141752157
regime,0.25,0.025,3,2010-05-28,0.2121460560423712,4,0.07707196244891482,0.025,0.025,0.09537062661959592,0.29566047602179274,0.3154970325319342,0.025,0.07920529539177622,0.025,0.03719460698598603
regime,0.25,0.025,3,2010-06-30,0.20197624769106134,4,0.10316230119896,0.025,0.025,0.09327154021152742,0.30239651627793407,0.2857685479550411,0.025,0.07126861156231357,0.025,0.0441324827942238
regime,0.25,0.025,3,2010-07-30,0.17465708641796499,3,0.17649367630228485,0.024999999999999994,0.024999999999999994,0.07731129149495079,0.276017111852205,0.21826637507237992,0.030463807647038398,0.08265421406871622,0.024999999999999994,0.0637935235624247
regime,0.25,0.025,3,2010-08-31,0.21204992785280088,3,0.3945793383144157,0.025,0.025,0.036917646935776594,0.15288914119514596,0.09168444898607243,0.06342377224892655,0.08536077353354299,0.025,0.10014487878611981
regime,0.25,0.025,3,2010-09-30,0.21703105475726722,3,0.4037365450363882,0.025000000000000005,0.025000000000000005,0.0364137920894945,0.1460649393996055,0.08890824309519986,0.06663895006025151,0.07823025200312983,0.025000000000000005,0.1050072783159308
regime,0.25,0.025,3,2010-10-29,0.20646670872628525,3,0.3832750080640925,0.024999999999999994,0.024999999999999994,0.041290223592821286,0.16091639853903128,0.09950275952515858,0.06117718611440812,0.07428698151599164,0.024999999999999994,0.10455144264849649
regime,0.25,0.025,3,2010-11-30,0.1914821652968198,3,0.3584218240744798,0.025,0.025,0.03909775920707164,0.1567746367173403,0.09957515647717546,0.0702641391157287,0.09841997139641571,0.025,0.10244651301178842
regime,0.25,0.025,3,2010-12-31,0.20756394600875208,3,0.38611072312420064,0.025000000000000005,0.025000000000000005,0.041121274370373606,0.15689451820313993,0.09707536668257719,0.06388334209719562,0.07247546839441146,0.025000000000000005,0.10743930712810162
regime,0.25,0.025,3,2011-01-31,0.20128731974401914,3,0.3753475689586565,0.025000000000000005,0.025000000000000005,0.04134577399158009,0.15835852854572693,0.0991300177149001,0.0648143098968517,0.07862720952833009,0.025000000000000005,0.10737659136395468
regime,0.25,0.025,3,2011-02-28,0.19987645885978972,3,0.37057255585548465,0.024999999999999994,0.024999999999999994,0.04371026633780632,0.1662411664511011,0.1038607320215769,0.0607657380432422,0.07446075478715938,0.024999999999999994,0.10538878650362941
regime,0.25,0.025,3,2011-03-31,0.2016237090759397,3,0.37325866232448657,0.025,0.025,0.04169124072920718,0.1678819127530645,0.1027154975706058,0.05953240565571017,0.07937833117303601,0.025,0.10054194979388976
regime,0.25,0.025,3,2011-04-29,0.19836850636865985,3,0.36653197770979007,0.025,0.025,0.04469471465106162,0.17034894201209974,0.10604934318149749,0.05887125048103701,0.07364178513023371,0.025,0.10486198683428034
regime,0.25,0.025,3,2011-05-31,0.1998964709497196,3,0.3695915456643884,0.025,0.025,0.041535530665176956,0.16925334722722266,0.10429281213585717,0.05776250300446041,0.08197320217417262,0.025,0.10059105912872177
regime,0.25,0.025,3,2011-06-30,0.17944179284512843,3,0.3251882536716382,0.025,0.025,0.04618730348282203,0.18374151645549747,0.11394325192394364,0.058309579101895666,0.10139203001256623,0.025,0.09623806535163686
regime,0.25,0.025,3,2011-07-29,0.19272516033056963,3,0.3524243569088761,0.025,0.025,0.04594153686283483,0.18134775837771877,0.11258611165125168,0.05436463178316813,0.08153042428474189,0.025,0.09680518013140876
regime,0.25,0.025,3,2011-08-31,0.2259988617728062,4,0.06579336892244209,0.024999999999999994,0.024999999999999994,0.09682249278945564,0.2978244328203402,0.33972410010543214,0.024999999999999994,0.0686270015208136,0.024999999999999994,0.031208603841516223
regime,0.25,0.025,3,2011-09-30,0.22221065393527553,4,0.06887709182131173,0.025,0.025,0.0981836661452277,0.30219220592061613,0.32899677132913796,0.025,0.06806531569300285,0.025,0.033684949090703666
regime,0.25,0.025,3,2011-10-31,0.21812003196295088,4,0.07436522458702757,0.025000000000000005,0.025000000000000005,0.09491415195760271,0.2995438409127991,0.3238908577359893,0.025000000000000005,0.07227376899737123,0.025000000000000005,0.035012155809210126
regime,0.25,0.025,3,2011-11-30,0.22050214905836837,4,0.07499524684979124,0.025,0.025,0.09489185685647236,0.2989714499660036,0.3290476870549668,0.025,0.06694532953593804,0.025,0.035148429736827934
regime,0.25,0.025,3,2011-12-30,0.24105020177115374,4,0.20668396961433663,0.024999999999999994,0.024999999999999994,0.024999999999999994,0.0502799409489601,0.03757083631881574,0.11914703551915883,0.4155591926376294,0.024999999999999994,0.07075902496109923
regime,0.25,0.025,3,2012-01-31,0.1928354866783044,3,0.34607059281577696,0.025,0.025,0.048854163550371685,0.19204795969726168,0.12601619551091003,0.04744906871718584,0.07099698291542453,0.025,0.09356503679306931
regime,0.25,0.025,3,2012-02-29,0.19702891782822,3,0.36805820725007665,0.025,0.025,0.043089563174177815,0.15665634339904566,0.10473654347805947,0.0643095536763211,0.07852626540715577,0.025,0.10962352361516357
regime,0.25,0.025,3,2012-03-30,0.20490545938001334,3,0.3794733832990132,0.025,0.025,0.043277960748762605,0.16420865617584418,0.10481750107213679,0.058983018823719896,0.07057369988710727,0.025,0.10366577999341609
regime,0.25,0.025,3,2012-04-30,0.20449260575426817,3,0.3780019903388723,0.025,0.025,0.042551357292658944,0.16726203072262158,0.10533879736123931,0.05720999767058154,0.07453483672791301,0.025,0.10010098988611335
regime,0.25,0.025,3,2012-05-31,0.15494224216955632,3,0.2503593252131869,0.025000000000000005,0.025000000000000005,0.0501536486748944,0.18515868348345,0.11618258140041231,0.06553949336760972,0.1649556709876997,0.025000000000000005,0.09265059687274711
regime,0.25,0.025,3,2012-06-29,0.17616458558963924,3,0.22345716817904862,0.025,0.025,0.03573898655779094,0.12837183523527165,0.0892843502744526,0.07821245694231174,0.2947058480947907,0.025,0.07522935471633375
regime,0.25,0.025,3,2012-07-31,0.1969507124116585,4,0.23589141335512692,0.025,0.025,0.025,0.08923257863233974,0.05198320106721913,0.10240306471463478,0.33117676912170996,0.025,0.08931297310896939
regime,0.25,0.025,3,2012-08-31,0.20631528522600884,3,0.3846682350286032,0.024999999999999994,0.024999999999999994,0.04025244156292386,0.1544377257264663,0.09383371032734293,0.06521487950414791,0.07696948621287723,0.024999999999999994,0.10962352163763844
regime,0.25,0.025,3,2012-09-28,0.20387719934854015,3,0.37939572940730404,0.025,0.025,0.04177607553791809,0.1594801338100853,0.09868884053917289,0.06324308987734337,0.07531894600415592,0.025,0.10709718482402032
regime,0.25,0.025,3,2012-10-31,0.20289838363348808,3,0.3780489712502273,0.024999999999999994,0.024999999999999994,0.041548547955993824,0.15853408022588902,0.09693497364018291,0.06426761000781836,0.07733436106336528,0.024999999999999994,0.10833145585652325
regime,0.25,0.025,3,2012-11-30,0.2039506738392083,3,0.3791101373922781,0.024999999999999994,0.024999999999999994,0.04098740169028415,0.16138339768842486,0.09884894755803596,0.06157634170170147,0.07925493646848135,0.024999999999999994,0.103838837500794
regime,0.25,0.025,3,2012-12-31,0.20220727405545533,3,0.3773813917028313,0.024999999999999994,0.024999999999999994,0.04066641024880057,0.15673799944116584,0.0950165235702019,0.06497432155424872,0.08183128626079664,0.024999999999999994,0.10839206722195499
regime,0.25,0.025,3,2013-01-31,0.20092634393841866,3,0.3739800041373769,0.025,0.025,0.043031396452843707,0.16080050913987448,0.10012576875623538,0.06271761041553778,0.07586835077550778,0.025,0.10847636032262402
regime,0.25,0.025,3,2013-02-28,0.1987572024889052,3,0.3693632888635482,0.025,0.025,0.04404816111339673,0.16392272799979218,0.10294821755920319,0.06112931406062811,0.07671761785495308,0.025,0.1068706725484785
regime,0.25,0.025,3,2013-03-28,0.19390374806070956,3,0.35831303154234473,0.024999999999999994,0.024999999999999994,0.046255740197102525,0.17119275636677758,0.10704714575552801,0.05874357467709173,0.0765989225788773,0.024999999999999994,0.10684882888227813
regime,0.25,0.025,3,2013-04-30,0.19387265254836883,3,0.354789738536409,0.025,0.025,0.04496161826812324,0.17966078190740017,0.11334566318221713,0.05236610092450893,0.08468460934003047,0.025,0.09519148784131122
regime,0.25,0.025,3,2013-05-31,0.20093949835955555,3,0.37321307016137795,0.025,0.025,0.04236542136600583,0.16389256749071454,0.10269269483500672,0.059339752458295245,0.08129782527951135,0.025,0.10219866840908838
regime,0.25,0.025,3,2013-06-28,0.16326067955815798,3,0.22121252387003904,0.025,0.025,0.040012199694319746,0.13470106664042641,0.10642959709888272,0.08388472234617252,0.26147312604643325,0.025,0.07728676430372627
regime,0.25,0.025,3,2013-07-31,0.20608469475335775,4,0.26102843858451874,0.025,0.025,0.025,0.059001949101308675,0.040065989399068684,0.12833833024938265,0.32661023718961857,0.025,0.08495505547610267
regime,0.25,0.025,3,2013-08-30,0.1921392630987462,4,0.28076138549079055,0.024999999999999994,0.024999999999999994,0.024999999999999994,0.074274249701723,0.04449733999098151,0.12265705689354886,0.280830743529325,0.024999999999999994,0.09697922439363095
regime,0.25,0.025,3,2013-09-30,0.22322144673755637,3,0.41516550249996775,0.025,0.025,0.03311142554637433,0.13465231519337525,0.08223066953576097,0.07240448005354042,0.08407170020235641,0.025,0.1033639069686249
regime,0.25,0.025,3,2013-10-31,0.22010830294552616,3,0.40993425442309955,0.025000000000000005,0.025000000000000005,0.03389466034073824,0.13747809653289156,0.08292680402748197,0.07137143776040149,0.08392210231466622,0.025000000000000005,0.10547264460072109
regime,0.25,0.025,3,2013-11-29,0.2227028538850204,3,0.41434444687000654,0.025,0.025,0.03312214537629035,0.1333781803759361,0.08222100456682853,0.07140849107837437,0.0840775115558084,0.025,0.1064482201767559
regime,0.25,0.025,3,2013-12-31,0.21860538181868885,3,0.4077098942801757,0.025,0.025,0.0332631300352019,0.13591428185133284,0.08084500880110651,0.07275909532506557,0.08783890961620132,0.025,0.10666968009091628
regime,0.25,0.025,3,2014-01-31,0.2086462902846715,3,0.38993379894192703,0.025,0.025,0.03633052771130114,0.1486286062801591,0.08664980643373264,0.06838984536038578,0.09040823484991717,0.025,0.10465918042257727
regime,0.25,0.025,3,2014-02-28,0.20544925734777997,3,0.3813342357883429,0.025,0.025,0.04098646195498494,0.16248800056086554,0.09828015073190625,0.0608498833154234,0.07782374740344919,0.025,0.1032375202450278
regime,0.25,0.025,3,2014-03-31,0.19744472723260692,3,0.36229923789293506,0.024999999999999994,0.024999999999999994,0.045609399646859235,0.1772155730549229,0.11126429793891267,0.05457790520923712,0.07434642454973932,0.024999999999999994,0.09968716170739375
regime,0.25,0.025,3,2014-04-30,0.20083984728023024,3,0.37193031364632745,0.02500000000000001,0.02500000000000001,0.04338027727849771,0.16702361062845542,0.10356138266827764,0.05911290286762041,0.07522777620278048,0.02500000000000001,0.10476373670804102
regime,0.25,0.025,3,2014-05-30,0.2022891819453908,3,0.37586479971536696,0.025,0.025,0.04197885747083816,0.16244161890024664,0.09952660943373585,0.06098798974769425,0.07795074435557159,0.025,0.1062493803765466
regime,0.25,0.025,3,2014-06-30,0.20242028679698043,3,0.3766693933351799,0.025,0.025,0.04180414435060975,0.16039121519490765,0.09767254342385281,0.06252568641145978,0.07785473799135707,0.025,0.10808227929263305
regime,0.25,0.025,3,2014-07-31,0.1966963078252193,3,0.3630379223124933,0.02500000000000001,0.02500000000000001,0.04537391980453245,0.1719833632156246,0.10725667998293026,0.05746339747700687,0.07575765251043078,0.02500000000000001,0.10412706469698181
regime,0.25,0.025,3,2014-08-29,0.2001033751872588,3,0.37050327401351524,0.025,0.025,0.04332194779529661,0.16770852164206337,0.10388243310855123,0.058777140658853574,0.0769698143310743,0.025,0.10383686845064569
regime,0.25,0.025,3,2014-09-30,0.19796611555794344,3,0.36841165749944155,0.025,0.025,0.04132469814489474,0.16339583381345796,0.09866054229709285,0.06188015164598671,0.08888312892742119,0.025,0.10244398767170503
regime,0.25,0.025,3,2014-10-31,0.18245374018415253,3,0.3372125754839324,0.025,0.025,0.03781461845796839,0.1498438835887416,0.08643584561428053,0.07169517981676009,0.14434888427999548,0.025,0.09764901275832158
regime,0.25,0.025,3,2014-11-28,0.17135216523459548,3,0.28679591282979494,0.025,0.025,0.03416490839026442,0.12590812116425953,0.07527711212981902,0.08871325055081365,0.21759431436187437,0.025,0.09654638057317401
regime,0.25,0.025,4,2008-04-30,0.29964400361683063,6,0.4668222729800777,0.025,0.025,0.025,0.09586024398500856,0.025,0.025,0.026385311745576644,0.025,0.26093217128933693
regime,0.25,0.025,4,2008-05-30,0.16072998570673255,3,0.13626560527267778,0.025000000000000005,0.025000000000000005,0.03875361494879257,0.17831532194295108,0.07761897587026562,0.0507155894724281,0.22942937776443137,0.025000000000000005,0.21390151472845362
regime,0.25,0.025,4,2008-06-30,0.16973490685607368,3,0.15579045394116348,0.025,0.025,0.06386910983813929,0.2852208696036712,0.07633412735210808,0.0350891554185762,0.11278982139032404,0.025,0.19590646245601784
regime,0.25,0.025,4,2008-07-31,0.20293877705791055,3,0.10315444372137103,0.025,0.025,0.0791084581173315,0.38196903502382934,0.08890228317919996,0.02981173800968491,0.1116192941964762,0.025,0.13043474775210717
regime,0.25,0.025,4,2008-08-29,0.23767787820382216,4,0.09480072778847642,0.025,0.025,0.09231786910048081,0.438724003015428,0.09064450782234061,0.025,0.0835575796339713,0.025,0.09995531263930285
regime,0.25,0.025,4,2008-09-30,0.3288865950862586,5,0.07600854179555891,0.024999999999999994,0.024999999999999994,0.11177401763440883,0.5429271667026936,0.10613863434173271,0.024999999999999994,0.03815163952560576,0.024999999999999994,0.024999999999999994
regime,0.25,0.025,4,2008-10-31,0.32823692066240173,5,0.0792311579332722,0.025,0.025,0.11240591359203843,0.5417277953388334,0.10755987972738376,0.025,0.034075253408472304,0.025,0.025
regime,0.25,0.025,4,2008-11-28,0.32513114359910533,5,0.07978548489340519,0.025,0.025,0.11348107216359406,0.5382996835567553,0.1085224178422392,0.025,0.03491134154400626,0.025,0.025
regime,0.25,0.025,4,2008-12-31,0.3425943624456155,7,0.025,0.025,0.025,0.025,0.025,0.07157383732473645,0.21975599014000322,0.5336701725352603,0.025,0.025
regime,0.25,0.025,4,2009-01-30,0.32725375270268847,6,0.030036735520787086,0.025000000000000005,0.025000000000000005,0.025000000000000005,0.025000000000000005,0.0678982141773115,0.24338551276342282,0.5086795375384786,0.025000000000000005,0.025000000000000005
regime,0.25,0.025,4,2009-02-27,0.3223116078201544,6,0.03174255797453332,0.025,0.025,0.025,0.025,0.06778821196558021,0.2500213099889894,0.5004479200708971,0.025,0.025
regime,0.25,0.025,4,2009-03-31,0.31825035760533754,6,0.03200693924934388,0.025,0.025,0.025,0.025,0.06641568468004269,0.2603967598879847,0.49118061618262865,0.025,0.025
regime,0.25,0.025,4,2009-04-30,0.32017808957058863,6,0.03342571465794799,0.025,0.025,0.025,0.025,0.06553383871130895,0.25513490254015975,0.49590554409058324,0.025,0.025
regime,0.25,0.025,4,2009-05-29,0.3093883504328633,6,0.04004923806476291,0.025000000000000005,0.025000000000000005,0.025000000000000005,0.025000000000000005,0.0646726298368469,0.2674437410075169,0.4778343910908733,0.025000000000000005,0.025000000000000005
regime,0.25,0.025,4,2009-06-30,0.30527754137950086,6,0.04421410142747698,0.025,0.025,0.025,0.025,0.06464899041874272,0.26870775425005183,0.4724291539037284,0.025,0.025
regime,0.25,0.025,4,2009-07-31,0.3055276802661877,6,0.04408135268860692,0.025,0.025,0.025,0.025,0.06466992405092595,0.2683319360383515,0.4729167872221157,0.025,0.025
regime,0.25,0.025,4,2009-08-31,0.16440936045107085,3,0.18696782118428507,0.024999999999999994,0.024999999999999994,0.04919760064348205,0.22630841025761933,0.06801530416646225,0.0404408702786656,0.12704915822635868,0.024999999999999994,0.22702083524312702
regime,0.25,0.025,4,2009-09-30,0.1637119993867484,3,0.16691460153842363,0.025,0.025,0.034992034863045356,0.17085708238882702,0.06795619738800432,0.04951353036492463,0.18592443362536237,0.025,0.24884211983141272
regime,0.25,0.025,4,2009-10-30,0.1606236127613266,3,0.12532574643411123,0.025,0.025,0.04191097381569784,0.21477907401988533,0.08023279576940533,0.04691885058814425,0.2133223366738672,0.025,0.20251022269888871
regime,0.25,0.025,4,2009-11-30,0.28824889814676435,5,0.4462653460809054,0.024999999999999994,0.024999999999999994,0.024999999999999994,0.08693029344282013,0.027597391220195642,0.024999999999999994,0.038171492823282284,0.024999999999999994,0.27603547643279636
regime,0.25,0.025,4,2009-12-31,0.1732468237130314,2,0.2300718835428808,0.025,0.025,0.03220973075505704,0.13872095259936304,0.0589385422737231,0.05190804005334153,0.14777029290365828,0.025569852955951686,0.2648107049160245
regime,0.25,0.025,4,2010-01-29,0.16413958685137747,2,0.1873421706430439,0.025000000000000005,0.025000000000000005,0.03247422627040164,0.14528401887085524,0.06511213154586484,0.05596417007774319,0.19266528804464522,0.02518050042878677,0.2459774941186592
regime,0.25,0.025,4,2010-02-26,0.21250892921245645,3,0.32096334843168506,0.025,0.025,0.03455095200436903,0.1579961006466671,0.043049762166297585,0.030929932859463195,0.06460719227153304,0.025,0.272902711619985
regime,0.25,0.025,4,2010-03-31,0.1782016383287593,2,0.2376970792228824,0.025,0.025,0.02727376799883994,0.11921370152018773,0.053826809124909336,0.05481498291391158,0.1584061327815215,0.02717401781248821,0.27159350862525933
regime,0.25,0.025,4,2010-04-30,0.1621864800779674,3,0.15914932974412216,0.025,0.025,0.03350557080910202,0.1628350327212842,0.07065654232123265,0.054072192943143534,0.20636358969117014,0.025,0.23841774176994535
regime,0.25,0.025,4,2010-05-28,0.21074803780668713,3,0.0853463470471442,0.025,0.025,0.07710291768415038,0.3955648051285958,0.09527908645164844,0.03167441226539257,0.13192224581625217,0.025,0.10811018560681646
regime,0.25,0.025,4,2010-06-30,0.29452912732044845,6,0.4617319777754501,0.024999999999999994,0.024999999999999994,0.024999999999999994,0.10212126260518838,0.024999999999999994,0.024999999999999994,0.02858763457558705,0.024999999999999994,0.25755912504377426
regime,0.25,0.025,4,2010-07-30,0.15625085059686225,3,0.14623525943896476,0.025,0.025,0.04746706064063042,0.21398324332498866,0.07918127335482385,0.04738775029394578,0.18855774401917236,0.025,0.2021876689274742
regime,0.25,0.025,4,2010-08-31,0.31737360262076914,6,0.4932604190757917,0.025,0.025,0.025,0.07354728767050436,0.025,0.025,0.030219262599892202,0.025,0.25297303065381166
regime,0.25,0.025,4,2010-09-30,0.1767428453324838,2,0.23322608116054072,0.025000000000000005,0.025000000000000005,0.029305096884232905,0.12301880978579315,0.05702947332273604,0.053186551318670915,0.1548758003319761,0.02673463781268247,0.2726235493833677
regime,0.25,0.025,4,2010-10-29,0.1753917101419914,2,0.23352578598709883,0.02500000000000001,0.02500000000000001,0.029694694664750408,0.12627930035803198,0.057416159431360865,0.05343137179008147,0.15509333296575065,0.026467622344130883,0.26809173245879514
regime,0.25,0.025,4,2010-11-30,0.17173866607566515,3,0.1828716791346018,0.024999999999999994,0.024999999999999994,0.026134541764700085,0.13197072659758866,0.05906774040520545,0.05670439760304645,0.20259387016817038,0.024999999999999994,0.2656570443266872
regime,0.25,0.025,4,2010-12-31,0.23010085825143103,4,0.35031031314731903,0.025,0.025,0.025,0.094065183839564,0.03805486158668153,0.040150034678969215,0.08442100630166646,0.025,0.2929986004457998
regime,0.25,0.025,4,2011-01-31,0.18339161797175565,2,0.2502363419992655,0.02500000000000001,0.02500000000000001,0.025068769442026306,0.11102770259351168,0.05153738190465036,0.05566516374782013,0.15140582112513998,0.02731175762580156,0.2777470615617845
regime,0.25,0.025,4,2011-02-28,0.33413724294148683,7,0.5167516739879524,0.025,0.025,0.025,0.06688473634719858,0.025,0.025,0.025,0.025,0.24136358966484883
regime,0.25,0.025,4,2011-03-31,0.325587031194549,6,0.5046151119411393,0.025,0.025,0.025,0.07108620785838438,0.025,0.025,0.02640755018415997,0.025,0.24789113001631627
regime,0.25,0.025,4,2011-04-29,0.330831436734949,6,0.5120169886968411,0.025,0.025,0.025,0.0689457217430455,0.025,0.025,0.025028928625587726,0.025,0.2440083609345257
regime,0.25,0.025,4,2011-05-31,0.1823301230019994,3,0.25637838884070685,0.025000000000000005,0.025000000000000005,0.03599935261610047,0.15117880044212703,0.055931804520172594,0.04216082334058286,0.11360675834633294,0.025000000000000005,0.2697440718939773
regime,0.25,0.025,4,2011-06-30,0.1582544387329595,3,0.1751383655344094,0.024999999999999994,0.024999999999999994,0.048118435183288205,0.20514965498269594,0.07264203782091538,0.04588162911857539,0.1540076545004976,0.024999999999999994,0.2240622228596181
regime,0.25,0.025,4,2011-07-29,0.16590596477333408,2,0.1957477066856324,0.024999999999999994,0.024999999999999994,0.033714655117371456,0.14819609549215,0.06372811630833822,0.052337358195233614,0.17723625265949922,0.02529366526241895,0.25374615027935604
regime,0.25,0.025,4,2011-08-31,0.3287440465742308,4,0.05976194813841475,0.024999999999999994,0.024999999999999994,0.1027183162112754,0.5453187862014571,0.10291350762140748,0.024999999999999994,0.053906856841580524,0.024999999999999994,0.03538058498586467
regime,0.25,0.025,4,2011-09-30,0.30192424515712135,4,0.12007980989794918,0.025,0.025,0.07877981442485409,0.5157280843123305,0.07449492099755936,0.025,0.031767510416651885,0.025,0.07914985995065503
regime,0.25,0.025,4,2011-10-31,0.29261881569749004,4,0.10304116737116073,0.025,0.025,0.08691097486749629,0.507300807355699,0.08262889141639457,0.025,0.043446026314514954,0.025,0.07667213267473437
regime,0.25,0.025,4,2011-11-30,0.24008517533386525,5,0.3596574617021574,0.025000000000000005,0.025000000000000005,0.025000000000000005,0.15873585217467515,0.03389331265955605,0.025000000000000005,0.04054920049639999,0.025000000000000005,0.2821641729672115
regime,0.25,0.025,4,2011-12-30,0.15923582683363227,3,0.16298444810057178,0.025000000000000005,0.025000000000000005,0.03981395312194004,0.18478767665823073,0.07225471104965761,0.048928195584176014,0.18778794658753495,0.025000000000000005,0.22844306889788898
regime,0.25,0.025,4,2012-01-31,0.33201142132996797,7,0.5139992823008114,0.025,0.025,0.025,0.06866593042539827,0.025,0.025,0.025,0.025,0.24233478727379032
regime,0.25,0.025,4,2012-02-29,0.18574842702331223,3,0.2540818179617388,0.025,0.025,0.025,0.11114830627824769,0.05203858110564051,0.05261295042975371,0.14546831878040453,0.02757884688196113,0.28207117856225367
regime,0.25,0.025,4,2012-03-30,0.33424632066099674,7,0.5163377270965158,0.025,0.025,0.025,0.06592731051409283,0.025,0.025,0.025,0.025,0.24273496238939124
regime,0.25,0.025,4,2012-04-30,0.3341530417977745,7,0.5170874040301535,0.025,0.025,0.025,0.06737230693378722,0.025,0.025,0.025,0.025,0.24054028903605915
regime,0.25,0.025,4,2012-05-31,0.3026307543032746,6,0.4713939142437234,0.024999999999999994,0.024999999999999994,0.024999999999999994,0.08336425606164256,0.024999999999999994,0.024999999999999994,0.03330760913046902,0.024999999999999994,0.2619342205641648
regime,0.25,0.025,4,2012-06-29,0.15958892810975328,3,0.14279896752853002,0.025,0.025,0.05449693829494183,0.2516387315728283,0.08042581415683507,0.04271168795701032,0.1613183327734747,0.025,0.19160952771637987
regime,0.25,0.025,4,2012-07-31,0.15726598335433978,3,0.17706133694419682,0.025,0.025,0.04871863908102354,0.20706761577275545,0.0738598631080774,0.0452866203970726,0.15720368144143143,0.025,0.21580224325544284
regime,0.25,0.025,4,2012-08-31,0.1866028025679246,2,0.265218103010729,0.025,0.025,0.027969805238020694,0.11338889707511361,0.05173506855898179,0.05133394538189394,0.13363141773747877,0.02853282972876875,0.27818993326901337
regime,0.25,0.025,4,2012-09-28,0.1902859608755335,2,0.27095646628736947,0.025,0.025,0.025332876976044607,0.11067567529225228,0.05036163756551083,0.05152889400771976,0.1342482939846276,0.026127727345530576,0.2807684285409447
regime,0.25,0.025,4,2012-10-31,0.3339643082722561,7,0.5158539956554468,0.025,0.025,0.025,0.06597746775471906,0.025,0.025,0.025,0.025,0.243168536589834
regime,0.25,0.025,4,2012-11-30,0.3328416611191095,7,0.5145412141613469,0.025,0.025,0.025,0.06713378804521482,0.025,0.025,0.025,0.025,0.2433249977934382
regime,0.25,0.025,4,2012-12-31,0.33340074064304515,7,0.5144130746042321,0.025,0.025,0.025,0.06536902162131174,0.025,0.025,0.025,0.025,0.24521790377445604
regime,0.25,0.025,4,2013-01-31,0.3353636757996083,7,0.5178816224762715,0.025,0.025,0.025,0.06516673434818325,0.025,0.025,0.025,0.025,0.24195164317554516
regime,0.25,0.025,4,2013-02-28,0.3352340051249058,7,0.5175087503357991,0.025,0.025,0.025,0.06495298960608802,0.025,0.025,0.025,0.025,0.24253826005811285
regime,0.25,0.025,4,2013-03-28,0.3346984934327786,7,0.5173202998049296,0.025,0.025,0.025,0.06617628330250841,0.025,0.025,0.025,0.025,0.24150341689256188
regime,0.25,0.025,4,2013-04-30,0.33201393188951756,7,0.5130003115230213,0.025,0.025,0.025,0.06712434294050819,0.025,0.025,0.025,0.025,0.24487534553647047
regime,0.25,0.025,4,2013-05-31,0.3321958202052827,7,0.5128771263386253,0.024999999999999994,0.024999999999999994,0.024999999999999994,0.06643016619203307,0.024999999999999994,0.024999999999999994,0.024999999999999994,0.024999999999999994,0.24569270746934155
regime,0.25,0.025,4,2013-06-28,0.1618262377129282,3,0.12380174360568666,0.024999999999999994,0.024999999999999994,0.03935271067746016,0.2079229113603272,0.078073018135764,0.04877414748481963,0.22283158892867513,0.024999999999999994,0.204243879807267
regime,0.25,0.025,4,2013-07-31,0.1888512238739863,2,0.2637381777831424,0.02500000000000001,0.02500000000000001,0.026156228589846342,0.11855581695966294,0.048506292016093654,0.050959215272169824,0.13414265804889264,0.0256240200887702,0.2823175912414222
regime,0.25,0.025,4,2013-08-30,0.1791380077926772,2,0.24358947223574967,0.025,0.025,0.026409824046606765,0.11961752129616253,0.052838053450921546,0.056338524300985765,0.15501630233962668,0.0262631853262064,0.2699271170037406
regime,0.25,0.025,4,2013-09-30,0.1765330065048641,2,0.2315342765808482,0.025000000000000005,0.025000000000000005,0.026280887792854472,0.11900622869434711,0.054494590759092104,0.05711381163352591,0.16707221926616928,0.02618617480012579,0.2683118104730372
regime,0.25,0.025,4,2013-10-31,0.33459979786538646,7,0.5169702768189592,0.025,0.025,0.025,0.06590874497645965,0.025,0.025,0.025,0.025,0.24212097820458098
regime,0.25,0.025,4,2013-11-29,0.33565437589960956,7,0.5176082315365819,0.025,0.025,0.025,0.06392883881511965,0.025,0.025,0.025,0.025,0.24346292964829844
regime,0.25,0.025,4,2013-12-31,0.33575069936629964,7,0.5185999202331133,0.025,0.025,0.025,0.06519629661098097,0.025,0.025,0.025,0.025,0.2412037831559057
regime,0.25,0.025,4,2014-01-31,0.3349335676294564,7,0.5185462044391606,0.024999999999999994,0.024999999999999994,0.024999999999999994,0.06746141205225963,0.024999999999999994,0.024999999999999994,0.024999999999999994,0.024999999999999994,0.23899238350857965
regime,0.25,0.025,4,2014-02-28,0.3342857870807318,7,0.5179566175115508,0.025,0.025,0.025,0.06839264187871442,0.025,0.025,0.025,0.025,0.23865074060973468
regime,0.25,0.025,4,2014-03-31,0.3325264389139397,7,0.5151444801876799,0.025,0.025,0.025,0.06898480828410058,0.025,0.025,0.025,0.025,0.24087071152821943
regime,0.25,0.025,4,2014-04-30,0.3335199914260175,7,0.5156849162623542,0.025,0.025,0.025,0.06697587887223923,0.025,0.025,0.025,0.025,0.24233920486540647
regime,0.25,0.025,4,2014-05-30,0.33349064755253355,7,0.5151267787205976,0.024999999999999994,0.024999999999999994,0.024999999999999994,0.06619726546396351,0.024999999999999994,0.024999999999999994,0.024999999999999994,0.024999999999999994,0.2436759558154387
regime,0.25,0.025,4,2014-06-30,0.33309259654852075,7,0.5146230604606334,0.025,0.025,0.025,0.06654937035035186,0.025,0.025,0.025,0.025,0.24382756918901463
regime,0.25,0.025,4,2014-07-31,0.33342986639012906,7,0.5155495383936954,0.024999999999999994,0.024999999999999994,0.024999999999999994,0.06702190772472158,0.024999999999999994,0.024999999999999994,0.024999999999999994,0.024999999999999994,0.24242855388158288
regime,0.25,0.025,4,2014-08-29,0.3330985166491337,7,0.5152540465393208,0.024999999999999994,0.024999999999999994,0.024999999999999994,0.0675073475293872,0.024999999999999994,0.024999999999999994,0.024999999999999994,0.024999999999999994,0.24223860593129182
regime,0.25,0.025,4,2014-09-30,0.3316609535779571,7,0.5130633730709149,0.025,0.025,0.025,0.06821952663217418,0.025,0.025,0.025,0.025,0.2437171002969108
regime,0.25,0.025,4,2014-10-31,0.3213288194118713,6,0.4988215640974573,0.024999999999999994,0.024999999999999994,0.024999999999999994,0.07277419889027338,0.024999999999999994,0.024999999999999994,0.02805959067379507,0.024999999999999994,0.250344646338474
regime,0.25,0.025,4,2014-11-28,0.16797978689488186,2,0.1982317729712498,0.025,0.025,0.03268554075118283,0.14804681539796014,0.0619403176066153,0.050730987418925004,0.17193968933197992,0.02604877236318479,0.2603761041589022
regime,0.5,0.05,0,2008-04-30,0.15594977277658045,4,0.26384277935407824,0.05000000000000001,0.05000000000000001,0.05925243582970453,0.18906257334530546,0.06041053370272372,0.05000000000000001,0.05219658921734757,0.05000000000000001,0.17523508855084055
regime,0.5,0.05,0,2008-05-30,0.14214266519070878,4,0.21826347835287377,0.05,0.05,0.07165893153154096,0.20177018991406773,0.06931870782497729,0.05,0.06804229858390622,0.05,0.17094639379263415
regime,0.5,0.05,0,2008-06-30,0.1385657577952588,4,0.18945485449645816,0.05,0.05,0.07860876238831795,0.22416510509945922,0.07593062510949851,0.05,0.07347754123002985,0.05,0.1583631116762363
regime,0.5,0.05,0,2008-07-31,0.1379327710870297,3,0.15383584206760614,0.05,0.05,0.08785699849409598,0.2532733814808313,0.08373380072784656,0.05170363563074471,0.08629120494161772,0.05,0.13330513665725774
regime,0.5,0.05,0,2008-08-29,0.14423024547560392,4,0.16267047442720967,0.05,0.05,0.08318339377899663,0.26746656499742527,0.07843852704487599,0.05,0.076954787879757,0.05,0.13128625187173548
regime,0.5,0.05,0,2008-09-30,0.2190963408193529,6,0.0819790284456975,0.05,0.05,0.08673758269024219,0.42172076385209306,0.10956262501196727,0.05,0.05,0.05,0.05
regime,0.5,0.05,0,2008-10-31,0.23292986034013022,6,0.0608853929937211,0.05000000000000001,0.05000000000000001,0.08118924301032918,0.44019354161320734,0.11773182238274231,0.05000000000000001,0.05000000000000001,0.05000000000000001,0.05000000000000001
regime,0.5,0.05,0,2008-11-28,0.2207024853694942,4,0.062172377883508476,0.05,0.05,0.07860531586219295,0.42110021479794424,0.13367842719615297,0.050132237259257764,0.054311427000943574,0.05,0.05
regime,0.5,0.05,0,2008-12-31,0.23440879399142395,7,0.05000000000000001,0.05000000000000001,0.05000000000000001,0.05000000000000001,0.05000000000000001,0.06369225574035503,0.15002158181643344,0.4362861624432115,0.05000000000000001,0.05000000000000001
regime,0.5,0.05,0,2009-01-30,0.21318080989392552,7,0.05,0.05,0.05,0.05,0.05,0.0766823206851974,0.17384472068108978,0.3994729586337127,0.05,0.05
regime,0.5,0.05,0,2009-02-27,0.20780099261398932,7,0.05000000000000002,0.05000000000000002,0.05000000000000002,0.05000000000000002,0.05000000000000002,0.0801997627018523,0.18113876875412713,0.3886614685440206,0.05000000000000002,0.05000000000000002
regime,0.5,0.05,0,2009-03-31,0.20239456532353273,7,0.05000000000000001,0.05000000000000001,0.05000000000000001,0.05000000000000001,0.05000000000000001,0.07940647817799423,0.1964128676167715,0.37418065420523416,0.05000000000000001,0.05000000000000001
regime,0.5,0.05,0,2009-04-30,0.19822656681526724,6,0.05389609371089844,0.05000000000000002,0.05000000000000002,0.05000000000000002,0.05000000000000002,0.07730930301941386,0.2050833709219324,0.36371123234775526,0.05000000000000002,0.05000000000000002
regime,0.5,0.05,0,2009-05-29,0.17614139570479462,5,0.07070719823554321,0.05840153790288182,0.04999999999999999,0.04999999999999999,0.04999999999999999,0.08744990366824729,0.2152239804013776,0.31821737979195003,0.04999999999999999,0.04999999999999999
regime,0.5,0.05,0,2009-06-30,0.16838327720006058,5,0.08515526902127607,0.06261238547440533,0.04999999999999999,0.04999999999999999,0.04999999999999999,0.09385803138889616,0.19639444618161087,0.31197986793381155,0.04999999999999999,0.04999999999999999
regime,0.5,0.05,0,2009-07-31,0.16262126411172068,3,0.09385185830880244,0.06336997191396045,0.05,0.05114009222282858,0.053330355762910925,0.09604804537280212,0.18932806864573418,0.3029316077729613,0.05,0.05
regime,0.5,0.05,0,2009-08-31,0.14316734761896885,4,0.23333492441546522,0.05,0.05,0.06773893171368464,0.1961181675406673,0.06945055506894292,0.05,0.07413438357315386,0.05,0.1592230376880862
regime,0.5,0.05,0,2009-09-30,0.1337076899720008,3,0.20281699805264697,0.05,0.05,0.07514087492487675,0.192450240465018,0.07493143517079143,0.055271077092667084,0.08848303716885215,0.05,0.16090633712514754
regime,0.5,0.05,0,2009-10-30,0.13877979308262056,4,0.19833336964943624,0.05,0.05,0.0746733962863279,0.21439136701316877,0.0719655096662348,0.05,0.07689047800397811,0.05,0.1637458793808542
regime,0.5,0.05,0,2009-11-30,0.15698129202918465,4,0.2654148674634847,0.05000000000000001,0.05000000000000001,0.0566020548040308,0.19338200467089098,0.05879038216208196,0.05000000000000001,0.0538109094894498,0.05000000000000001,0.17199978141006186
regime,0.5,0.05,0,2009-12-31,0.16881835855011834,5,0.30479526072316765,0.05000000000000001,0.05000000000000001,0.05074678971884324,0.16490947441621592,0.054352449481419894,0.05000000000000001,0.05000000000000001,0.05000000000000001,0.17519602566035342
regime,0.5,0.05,0,2010-01-29,0.1632516469297689,4,0.28945175813078783,0.04999999999999999,0.04999999999999999,0.05421136599399745,0.17591412748883015,0.056213757844999,0.04999999999999999,0.051731273140250236,0.04999999999999999,0.1724777174011354
regime,0.5,0.05,0,2010-02-26,0.16244165580211345,5,0.28386902259213825,0.05,0.05,0.05473314979473071,0.18843355677697168,0.0567072425661772,0.05,0.05,0.05,0.1662570282699821
regime,0.5,0.05,0,2010-03-31,0.1684186099020494,4,0.3038949732616179,0.05,0.05,0.05130986939231336,0.1632032923642162,0.053453314878003956,0.05,0.051150351429520645,0.05,0.1769881986743279
regime,0.5,0.05,0,2010-04-30,0.14513273463166712,4,0.2258305153895013,0.05,0.05,0.066955292423848,0.2000817245389494,0.0652150847034185,0.05,0.06572017269060237,0.05,0.17619721025368043
regime,0.5,0.05,0,2010-05-28,0.1471192958522045,4,0.14326694923458907,0.05000000000000002,0.05000000000000002,0.08903329385149104,0.28419842071544854,0.08448075232205866,0.05000000000000002,0.07764006740961511,0.05000000000000002,0.12138051646679768
regime,0.5,0.05,0,2010-06-30,0.1568109337910125,5,0.24197798379406604,0.05,0.05,0.06066530970450501,0.2367315935976588,0.06141498904617559,0.05,0.05,0.05,0.14921012385759458
regime,0.5,0.05,0,2010-07-30,0.16211373083625585,5,0.2812402597560559,0.05,0.05,0.054672277375781626,0.19362260854571853,0.05667638791544288,0.05,0.05,0.05,0.1637884664070011
regime,0.5,0.05,0,2010-08-31,0.1646911361118172,4,0.29200795525276024,0.05000000000000001,0.05000000000000001,0.05296729891416949,0.1723279367326125,0.05465601914185939,0.05000000000000001,0.051046367486884466,0.05000000000000001,0.1769944224717139
regime,0.5,0.05,0,2010-09-30,0.16903703868248676,5,0.30408691057864773,0.05,0.05,0.05062782995109504,0.16197150378143424,0.053203784942519754,0.05,0.05,0.05,0.1801099707463032
regime,0.5,0.05,0,2010-10-29,0.16899146763333828,5,0.30458688198140577,0.05000000000000001,0.05000000000000001,0.05093853353087799,0.16249126604367453,0.05349356644601689,0.05000000000000001,0.05000000000000001,0.05000000000000001,0.1784897519980249
regime,0.5,0.05,0,2010-11-30,0.14585143591524946,4,0.24129429289506507,0.05,0.05,0.06674602052943494,0.18941955798472712,0.06825971226912833,0.05,0.06619585188414959,0.05,0.168084564437495
regime,0.5,0.05,0,2010-12-31,0.1716259694123854,6,0.31171510982115025,0.05000000000000001,0.05000000000000001,0.05000000000000001,0.15778095580828932,0.052011166171842545,0.05000000000000001,0.05000000000000001,0.05000000000000001,0.17849276819871793
regime,0.5,0.05,0,2011-01-31,0.16675190936383041,5,0.2970403036070004,0.05,0.05,0.05204494655074362,0.1656975999973132,0.053612315266289436,0.05,0.05,0.05,0.18160483457865337
regime,0.5,0.05,0,2011-02-28,0.1676273158516986,5,0.29950746473880013,0.05,0.05,0.05151374049101975,0.16369490554610314,0.0532460884095339,0.05,0.05,0.05,0.18203780081454324
regime,0.5,0.05,0,2011-03-31,0.16388095296282187,5,0.2892020348594185,0.05,0.05,0.05388465692385005,0.17363928654240957,0.055479046028071854,0.05,0.05,0.05,0.17779497564625002
regime,0.5,0.05,0,2011-04-29,0.16688423818989184,5,0.2982130966488874,0.04999999999999999,0.04999999999999999,0.052214191105655505,0.1644487236113333,0.0541512786960064,0.04999999999999999,0.04999999999999999,0.04999999999999999,0.18097270993811748
regime,0.5,0.05,0,2011-05-31,0.16364332654286057,4,0.2900718879805663,0.05,0.05,0.05374394583066071,0.17298916928008184,0.05494355146799485,0.05,0.05240130727642207,0.05,0.17585013816427428
regime,0.5,0.05,0,2011-06-30,0.1532246444820217,4,0.258296299128847,0.05,0.05,0.06120687473859971,0.19167996660523975,0.061793212470861246,0.05,0.05680245059731152,0.05,0.17022119645914083
regime,0.5,0.05,0,2011-07-29,0.1639996148541212,5,0.28916764254466537,0.05,0.05,0.053443473626856225,0.17909802917695883,0.05544694662929741,0.05,0.05,0.05,0.17284390802222216
regime,0.5,0.05,0,2011-08-31,0.19890448420924708,4,0.10110171971981093,0.05,0.05,0.08927741794284466,0.3928019399545747,0.08845039609914328,0.05,0.05083523223850757,0.05,0.07753329404511894
regime,0.5,0.05,0,2011-09-30,0.18185297892840274,4,0.1319571654357495,0.05,0.05,0.08060546126905076,0.3600518568540792,0.07682388614941515,0.05,0.05215730257799457,0.05,0.0984043277137109
regime,0.5,0.05,0,2011-10-31,0.1659546992864159,4,0.1397172335789602,0.05,0.05,0.08316650847034925,0.3282030193829605,0.07857706320917392,0.05,0.06152128362726431,0.05,0.10881489173129176
regime,0.5,0.05,0,2011-11-30,0.1543127460349242,4,0.16024602356193854,0.05,0.05,0.08014246370058005,0.2928493343172734,0.07499887650764758,0.05,0.06096032930439663,0.05,0.1308029726081638
regime,0.5,0.05,0,2011-12-30,0.16374734917308187,5,0.2861461325647649,0.05,0.05,0.052867114458631334,0.18984379280272382,0.05543511224695994,0.05,0.05,0.05,0.16570784792692003
regime,0.5,0.05,0,2012-01-31,0.16749679205639545,5,0.2995870755196199,0.05,0.05,0.05145038411844133,0.1691210867664612,0.053350663749403684,0.05,0.05,0.05,0.1764907898460739
regime,0.5,0.05,0,2012-02-29,0.16047204093422154,4,0.27860210640264155,0.05,0.05,0.05496612990363417,0.17079165280638792,0.05639558350379736,0.05,0.05305496933075633,0.05,0.18618955805278267
regime,0.5,0.05,0,2012-03-30,0.17037555807495042,6,0.30799606182698536,0.05,0.05,0.05,0.16043261776402656,0.052687637599110895,0.05,0.05,0.05,0.1788836828098772
regime,0.5,0.05,0,2012-04-30,0.1681567081451758,5,0.30122981890797723,0.05,0.05,0.05106865377924044,0.16678159603725648,0.05288525493073015,0.05,0.05,0.05,0.17803467634479583
regime,0.5,0.05,0,2012-05-31,0.1474945618574684,4,0.22314012759768242,0.05,0.05,0.06639572134324438,0.21877110451509765,0.06452369653712914,0.05,0.06129895456451753,0.05,0.16587039544232884
regime,0.5,0.05,0,2012-06-29,0.15716439518791714,5,0.2547207735805101,0.05,0.05,0.05890747434057539,0.21680896389318988,0.05878337276411417,0.05,0.05,0.05,0.16077941542161053
regime,0.5,0.05,0,2012-07-31,0.16290797269442533,5,0.28415538977651783,0.05,0.05,0.05421300191724444,0.18325599213031832,0.0547564699952974,0.05,0.05,0.05,0.17361914618062205
regime,0.5,0.05,0,2012-08-31,0.16848157569532504,5,0.30229008659930945,0.05,0.05,0.05139887908752582,0.15896156189707628,0.05338970622874059,0.05,0.05,0.05,0.18395976618734788
regime,0.5,0.05,0,2012-09-28,0.1686024894395246,5,0.3025804259923647,0.05,0.05,0.05093200419207477,0.1625823507607056,0.05305949696685779,0.05,0.05,0.05,0.1808457220879972
regime,0.5,0.05,0,2012-10-31,0.16773615056626795,5,0.30086224218510693,0.05,0.05,0.051802710091710794,0.16232522184338122,0.053982262474723826,0.05,0.05,0.05,0.18102756340507725
regime,0.5,0.05,0,2012-11-30,0.1666564105419674,5,0.29773148374154385,0.05,0.05,0.05224191096645866,0.16807493407714338,0.05419726118683695,0.05,0.05,0.05,0.17775441002801726
regime,0.5,0.05,0,2012-12-31,0.16551552615585274,4,0.2960165313463492,0.05,0.05,0.0535968087198206,0.1626133875483137,0.055207570083052965,0.05,0.05115709252821383,0.05,0.1814086097742498
regime,0.5,0.05,0,2013-01-31,0.1679865125451483,5,0.30194331193757085,0.05,0.05,0.05206386594127742,0.15939785172850515,0.05422784479871911,0.05,0.05,0.05,0.1823671255939274
regime,0.5,0.05,0,2013-02-28,0.16741468604197704,5,0.30041906598893414,0.05000000000000001,0.05000000000000001,0.05248548471118661,0.16034749936427004,0.054451254925499674,0.05000000000000001,0.05000000000000001,0.05000000000000001,0.18229669501010962
regime,0.5,0.05,0,2013-03-28,0.16632320175546977,5,0.29662594513673646,0.05,0.05,0.052891603159315605,0.16316432012975277,0.05440883002057626,0.05,0.05,0.05,0.1829093015536188
regime,0.5,0.05,0,2013-04-30,0.16519695785685853,5,0.2936758678672563,0.05000000000000001,0.05000000000000001,0.05318684828335643,0.17633194146986603,0.05505322213290416,0.05000000000000001,0.05000000000000001,0.05000000000000001,0.17175212024661707
regime,0.5,0.05,0,2013-05-31,0.16562791716882228,4,0.29514517867848644,0.05,0.05,0.05286801731423631,0.16896671048608172,0.05454163286850705,0.05,0.050613484918660676,0.05,0.1778649757340279
regime,0.5,0.05,0,2013-06-28,0.1413192968785877,4,0.19332049804687745,0.05,0.05,0.07530606966790994,0.23080771409373663,0.07178275434952844,0.05,0.07149806281423274,0.05,0.15728490102771492
regime,0.5,0.05,0,2013-07-31,0.17175330128157704,6,0.31232372422110993,0.05000000000000002,0.05000000000000002,0.05000000000000002,0.16412853073404784,0.05143225830802133,0.05000000000000002,0.05000000000000002,0.05000000000000002,0.17211548673682087
regime,0.5,0.05,0,2013-08-30,0.17040499819579139,6,0.30840489178142505,0.05,0.05,0.05,0.1659921142213289,0.05242897225784617,0.05,0.05,0.05,0.17317402173939994
regime,0.5,0.05,0,2013-09-30,0.17148390848140357,6,0.3127822296499318,0.05000000000000001,0.05000000000000001,0.05000000000000001,0.16091693514488176,0.05335538740393738,0.05000000000000001,0.05000000000000001,0.05000000000000001,0.17294544780124912
regime,0.5,0.05,0,2013-10-31,0.17204001263701452,5,0.31357148744775565,0.05000000000000001,0.05000000000000001,0.05000000000000001,0.15865369213177014,0.05209613036454407,0.05000000000000001,0.05013966999637437,0.05000000000000001,0.17553902005955585
regime,0.5,0.05,0,2013-11-29,0.17192990000948616,5,0.3134416271935352,0.04999999999999999,0.04999999999999999,0.04999999999999999,0.15502937079055118,0.0516766188924602,0.04999999999999999,0.051429701146433436,0.04999999999999999,0.17842268197702005
regime,0.5,0.05,0,2013-12-31,0.17135572476134317,5,0.31096929166494947,0.05,0.05,0.050010575358549594,0.1595708630989684,0.05200931511484499,0.05,0.05,0.05,0.17743995476268756
regime,0.5,0.05,0,2014-01-31,0.16750758256067572,5,0.2999358900102029,0.05000000000000001,0.05000000000000001,0.051812583341155384,0.16914800662497376,0.05328904270693802,0.05000000000000001,0.05000000000000001,0.05000000000000001,0.17581447731673006
regime,0.5,0.05,0,2014-02-28,0.1678360232254869,5,0.30047387035450096,0.05,0.05,0.05117037259335164,0.1675284491045446,0.05325794175928211,0.05,0.05,0.05,0.1775693661883207
regime,0.5,0.05,0,2014-03-31,0.16640486443246558,5,0.29703412115044614,0.05000000000000002,0.05000000000000002,0.052291343920381914,0.16958516163250606,0.05438532765642603,0.05000000000000002,0.05000000000000002,0.05000000000000002,0.17670404564023987
regime,0.5,0.05,0,2014-04-30,0.1670909546738147,5,0.2989607941519825,0.05000000000000001,0.05000000000000001,0.05228529804670143,0.16342280821324248,0.05409563402788968,0.05000000000000001,0.05000000000000001,0.05000000000000001,0.18123546556018394
regime,0.5,0.05,0,2014-05-30,0.16586778775056682,4,0.29718886143640383,0.05,0.05,0.05318138335378232,0.1619721113223844,0.054709033567615147,0.05,0.051830132459735764,0.05,0.1811184778600785
regime,0.5,0.05,0,2014-06-30,0.1662210543377633,4,0.2984697864808322,0.05,0.05,0.05298353284200989,0.16059839889449845,0.054910347880676204,0.05,0.05183027090244126,0.05,0.18120766299954205
regime,0.5,0.05,0,2014-07-31,0.16485730288166417,4,0.294629258653494,0.05000000000000001,0.05000000000000001,0.053698493035982134,0.16592967732518485,0.055603146963784864,0.05000000000000001,0.05158377002903331,0.05000000000000001,0.178555653992521
regime,0.5,0.05,0,2014-08-29,0.16565993166672707,4,0.29625721914169656,0.04999999999999999,0.04999999999999999,0.053004429762967535,0.1662256254837181,0.05481841647167229,0.04999999999999999,0.05133980451856107,0.04999999999999999,0.17835450462138433
regime,0.5,0.05,0,2014-09-30,0.16336333884686205,4,0.2900581389102639,0.05000000000000001,0.05000000000000001,0.05421597876050998,0.17306995335703113,0.05542782086469706,0.05000000000000001,0.05258748644608424,0.05000000000000001,0.17464062166141375
regime,0.5,0.05,0,2014-10-31,0.1627798835143427,5,0.28496886065119725,0.05,0.05,0.05459970646486641,0.1828802530260341,0.05565267124267189,0.05,0.05,0.05,0.17189850861523043
regime,0.5,0.05,0,2014-11-28,0.15473208613725287,4,0.25909922897462606,0.05,0.05,0.058502664874004275,0.19240038070267387,0.05885900170403883,0.05,0.05648353234712521,0.05,0.17465519139753183
regime,0.5,0.05,1,2008-04-30,0.1648389000558792,5,0.27855346285684146,0.05,0.05,0.05,0.07530294403122566,0.07011809164430896,0.05,0.08880535747975686,0.05,0.23722014398786712
regime,0.5,0.05,1,2008-05-30,0.14760176631092048,5,0.20724858242536315,0.05,0.05,0.05,0.06922880791582985,0.06722907521229346,0.05,0.1908952993983248,0.05,0.21539823504818875
regime,0.5,0.05,1,2008-06-30,0.1283684547661626,4,0.10138483121897586,0.04999999999999999,0.04999999999999999,0.04999999999999999,0.20629330765511722,0.18133706961150395,0.08708330416200175,0.11176462112830704,0.04999999999999999,0.11213686622409413
regime,0.5,0.05,1,2008-07-31,0.16333142652853563,4,0.06217663653089132,0.04999999999999999,0.04999999999999999,0.04999999999999999,0.24472479797616756,0.26933780758818643,0.08915829276521833,0.07078677970943408,0.04999999999999999,0.06381568543010227
regime,0.5,0.05,1,2008-08-29,0.32500000000000007,9,0.05,0.05,0.05,0.05,0.05,0.05,0.05,0.55,0.05,0.05
regime,0.5,0.05,1,2008-09-30,0.19773991849299863,7,0.05000000000000001,0.05000000000000001,0.05000000000000001,0.05000000000000001,0.26927547788881595,0.32313095961130145,0.05759356249988261,0.05000000000000001,0.05000000000000001,0.05000000000000001
regime,0.5,0.05,1,2008-10-31,0.20082673353909408,6,0.05,0.05,0.05,0.05,0.18088355255220182,0.37834308901955266,0.06510407925065251,0.07566927917759304,0.05,0.05
regime,0.5,0.05,1,2008-11-28,0.26869674023790047,7,0.05,0.05,0.05,0.05,0.05374633849860135,0.11031195260072144,0.05,0.4859417089006771,0.05,0.05
regime,0.5,0.05,1,2008-12-31,0.32500000000000007,9,0.05,0.05,0.05,0.05,0.05,0.05,0.05,0.55,0.05,0.05
regime,0.5,0.05,1,2009-01-30,0.30346956666164604,7,0.05,0.05,0.05,0.05,0.05413273533022761,0.06824872308441397,0.05,0.5276185415853584,0.05,0.05
regime,0.5,0.05,1,2009-02-27,0.1469533055754848,4,0.07319182129364293,0.05,0.05,0.05,0.21269026192079776,0.24073675206897902,0.06655829576364228,0.13937721865131403,0.05,0.06744565030162397
regime,0.5,0.05,1,2009-03-31,0.17248662033838713,6,0.05,0.05,0.05,0.05,0.1677120255632074,0.32982114000499646,0.09487327164910761,0.10759356278268849,0.05,0.05
regime,0.5,0.05,1,2009-04-30,0.3232920789429036,8,0.05,0.05,0.05,0.05,0.05,0.05171379524538253,0.05,0.5482862047546174,0.05,0.05
regime,0.5,0.05,1,2009-05-29,0.13114096965809385,4,0.09156137429839412,0.05,0.05,0.05,0.18773646469048208,0.2145625455140796,0.09056296838344498,0.11209655114651716,0.05,0.10348009596708219
regime,0.5,0.05,1,2009-06-30,0.15653550571598518,5,0.2513040446968057,0.05,0.05,0.05,0.06214566050182373,0.0656064554211226,0.05,0.141223604830687,0.05,0.22972023454956103
regime,0.5,0.05,1,2009-07-31,0.1558361805064542,5,0.23945798193685708,0.04999999999999999,0.04999999999999999,0.04999999999999999,0.05824309985597368,0.06168008160887931,0.04999999999999999,0.1598987808269789,0.04999999999999999,0.23072005577131097
regime,0.5,0.05,1,2009-08-31,0.1485329507690254,5,0.22873702965635231,0.05,0.05,0.05,0.0758731737829095,0.06911335068018014,0.05,0.15359154127163702,0.05,0.22268490460892104
regime,0.5,0.05,1,2009-09-30,0.1498630898906516,5,0.21870715872753263,0.05,0.05,0.05,0.06647263443466984,0.06616531835356854,0.05,0.1741188338650966,0.05,0.2245360546191324
regime,0.5,0.05,1,2009-10-30,0.15059179416792934,5,0.2095316332827756,0.05,0.05,0.05,0.0628396530429779,0.062333613164988436,0.05,0.1999346635213705,0.05,0.21536043698788757
regime,0.5,0.05,1,2009-11-30,0.17271591775327608,7,0.2834975910183323,0.05000000000000001,0.05000000000000001,0.05000000000000001,0.05000000000000001,0.05000000000000001,0.05000000000000001,0.12127126521450174,0.05000000000000001,0.245231143767166
regime,0.5,0.05,1,2009-12-31,0.19247448556229818,7,0.3268546265189212,0.05000000000000001,0.05000000000000001,0.05000000000000001,0.05000000000000001,0.05000000000000001,0.05000000000000001,0.07232843626925771,0.05000000000000001,0.25081693721182113
regime,0.5,0.05,1,2010-01-29,0.18524777259402023,7,0.317461779166388,0.05000000000000002,0.05000000000000002,0.05000000000000002,0.05000000000000002,0.05000000000000002,0.05000000000000002,0.08986571649696871,0.05000000000000002,0.24267250433664328
regime,0.5,0.05,1,2010-02-26,0.1743972095110694,7,0.29338242023319033,0.05000000000000002,0.05000000000000002,0.05000000000000002,0.05000000000000002,0.05000000000000002,0.05000000000000002,0.11815932642022553,0.05000000000000002,0.23845825334658413
regime,0.5,0.05,1,2010-03-31,0.1960865660456805,7,0.3334066743983992,0.05000000000000002,0.05000000000000002,0.05000000000000002,0.05000000000000002,0.05000000000000002,0.05000000000000002,0.06526202246576251,0.05000000000000002,0.25133130313583824
regime,0.5,0.05,1,2010-04-30,0.16289419829434548,5,0.25464262379005287,0.04999999999999999,0.04999999999999999,0.04999999999999999,0.05206994815826058,0.05258005477827662,0.04999999999999999,0.15205666008251312,0.04999999999999999,0.23865071319089673
regime,0.5,0.05,1,2010-05-28,0.1711475516496665,4,0.06407152433284745,0.04999999999999999,0.04999999999999999,0.04999999999999999,0.28230758928264127,0.2523794256763309,0.07661138583238197,0.06494274814392037,0.04999999999999999,0.05968732673187803
regime,0.5,0.05,1,2010-06-30,0.1629168458974348,5,0.26590411049445534,0.05000000000000002,0.05000000000000002,0.05000000000000002,0.06356911772984215,0.05479487510991915,0.05000000000000002,0.1290680453396084,0.05000000000000002,0.23666385132617507
regime,0.5,0.05,1,2010-07-30,0.16948645959443975,7,0.2764804993043875,0.05000000000000001,0.05000000000000001,0.05000000000000001,0.05000000000000001,0.05000000000000001,0.05000000000000001,0.13297041869697387,0.05000000000000001,0.24054908199863867
regime,0.5,0.05,1,2010-08-31,0.18619370367173269,7,0.3169575740964228,0.05,0.05,0.05,0.05,0.05,0.05,0.08660572268621651,0.05,0.2464367032173607
regime,0.5,0.05,1,2010-09-30,0.20011835692202468,7,0.3377574871672751,0.05000000000000001,0.05000000000000001,0.05000000000000001,0.05000000000000001,0.05000000000000001,0.05000000000000001,0.05664627620921315,0.05000000000000001,0.2555962366235117
regime,0.5,0.05,1,2010-10-29,0.20081933287738574,7,0.34134648109469556,0.05000000000000001,0.05000000000000001,0.05000000000000001,0.05000000000000001,0.05000000000000001,0.05000000000000001,0.05642779276928839,0.05000000000000001,0.2522257261360161
regime,0.5,0.05,1,2010-11-30,0.1611944186765349,5,0.2620538987005811,0.05,0.05,0.05,0.057585810630105205,0.05476962314885943,0.05,0.1479697083267464,0.05,0.2276209591937079
regime,0.5,0.05,1,2010-12-31,0.20402136651281044,8,0.3448406429080272,0.05000000000000001,0.05000000000000001,0.05000000000000001,0.05000000000000001,0.05000000000000001,0.05000000000000001,0.05000000000000001,0.05000000000000001,0.25515935709197285
regime,0.5,0.05,1,2011-01-31,0.2011661911414847,7,0.3393199726086053,0.05000000000000001,0.05000000000000001,0.05000000000000001,0.05000000000000001,0.05000000000000001,0.05000000000000001,0.05467445945686862,0.05000000000000001,0.2560055679345261
regime,0.5,0.05,1,2011-02-28,0.20196458601515127,7,0.34152521479327835,0.05000000000000002,0.05000000000000002,0.05000000000000002,0.05000000000000002,0.05000000000000002,0.05000000000000002,0.05362236608795968,0.05000000000000002,0.25485241911876205
regime,0.5,0.05,1,2011-03-31,0.18860727560960608,7,0.32164147846067526,0.05000000000000002,0.05000000000000002,0.05000000000000002,0.05000000000000002,0.05000000000000002,0.05000000000000002,0.08128060092074964,0.05000000000000002,0.24707792061857503
regime,0.5,0.05,1,2011-04-29,0.1989247121101279,7,0.3358560229411894,0.05000000000000001,0.05000000000000001,0.05000000000000001,0.05000000000000001,0.05000000000000001,0.05000000000000001,0.05888282211301324,0.05000000000000001,0.25526115494579743
regime,0.5,0.05,1,2011-05-31,0.18424909150094032,7,0.31408401553897436,0.05,0.05,0.05,0.05,0.05,0.05,0.09153630559758248,0.05,0.24437967886344317
regime,0.5,0.05,1,2011-06-30,0.16882572623903383,6,0.27713187339938133,0.05,0.05,0.05,0.05114964546913274,0.05,0.05,0.1342838096600505,0.05,0.2374346714714354
regime,0.5,0.05,1,2011-07-29,0.18465991266017318,7,0.31527641726628536,0.05000000000000001,0.05000000000000001,0.05000000000000001,0.05000000000000001,0.05000000000000001,0.05000000000000001,0.09074340272267695,0.05000000000000001,0.24398018001103766
regime,0.5,0.05,1,2011-08-31,0.18716062321711704,6,0.05704693784386768,0.04999999999999999,0.04999999999999999,0.04999999999999999,0.2998981799150705,0.27183702607797294,0.07121785616308873,0.04999999999999999,0.04999999999999999,0.04999999999999999
regime,0.5,0.05,1,2011-09-30,0.17244845330628775,4,0.07281011976890867,0.05,0.05,0.05,0.2896370802357176,0.24667940710642372,0.07427431995769908,0.05150155447519556,0.05,0.06509751845605537
regime,0.5,0.05,1,2011-10-31,0.31243502522187316,7,0.05,0.05,0.05,0.05,0.05167962228174573,0.06117846197003166,0.05,0.5371419157482226,0.05,0.05
regime,0.5,0.05,1,2011-11-30,0.15736083034420897,4,0.09127407622702567,0.05,0.05,0.05,0.25574156711160745,0.24149821141122751,0.07385881925913897,0.055048262937408374,0.05,0.08257906305359201
regime,0.5,0.05,1,2011-12-30,0.18762871916468316,7,0.32237211801082166,0.05,0.05,0.05,0.05,0.05,0.05,0.08464664293048149,0.05,0.24298123905869684
regime,0.5,0.05,1,2012-01-31,0.19324831269732476,7,0.33018033557051285,0.05000000000000001,0.05000000000000001,0.05000000000000001,0.05000000000000001,0.05000000000000001,0.05000000000000001,0.07162917232263195,0.05000000000000001,0.24819049210685526
regime,0.5,0.05,1,2012-02-29,0.19511072728868556,7,0.3243245876174677,0.05000000000000001,0.05000000000000001,0.05000000000000001,0.05000000000000001,0.05000000000000001,0.05000000000000001,0.0643693050663905,0.05000000000000001,0.26130610731614184
regime,0.5,0.05,1,2012-03-30,0.20397875297694934,7,0.3455972427826751,0.05000000000000001,0.05000000000000001,0.05000000000000001,0.05000000000000001,0.05000000000000001,0.05000000000000001,0.05043994323846138,0.05000000000000001,0.25396281397886356
regime,0.5,0.05,1,2012-04-30,0.19987844251130243,7,0.34035319836161815,0.05000000000000002,0.05000000000000002,0.05000000000000002,0.05000000000000002,0.05000000000000002,0.05000000000000002,0.058393187727339584,0.05000000000000002,0.2512536139110423
regime,0.5,0.05,1,2012-05-31,0.15714122354551288,5,0.2326644404711644,0.05,0.05,0.05,0.056604321189220354,0.054953798192024596,0.05,0.1716089573959475,0.05,0.23416848275164306
regime,0.5,0.05,1,2012-06-29,0.1681622849405763,6,0.27133927064934116,0.05000000000000002,0.05000000000000002,0.05000000000000002,0.050057682658051675,0.05000000000000002,0.05000000000000002,0.1375261427658411,0.05000000000000002,0.24107690392676603
regime,0.5,0.05,1,2012-07-31,0.1783633226366491,7,0.3026224023467799,0.05000000000000001,0.05000000000000001,0.05000000000000001,0.05000000000000001,0.05000000000000001,0.05000000000000001,0.1068030508721635,0.05000000000000001,0.2405745467810567
regime,0.5,0.05,1,2012-08-31,0.2014556538960283,7,0.33921023343368845,0.05000000000000001,0.05000000000000001,0.05000000000000001,0.05000000000000001,0.05000000000000001,0.05000000000000001,0.05391352556480526,0.05000000000000001,0.25687624100150636
regime,0.5,0.05,1,2012-09-28,0.2025815238735994,7,0.3421708170321517,0.05000000000000001,0.05000000000000001,0.05000000000000001,0.05000000000000001,0.05000000000000001,0.05000000000000001,0.05237333656302363,0.05000000000000001,0.2554558464048247
regime,0.5,0.05,1,2012-10-31,0.20126644147977119,7,0.33931848217499916,0.05000000000000002,0.05000000000000002,0.05000000000000002,0.05000000000000002,0.05000000000000002,0.05000000000000002,0.054425184358314796,0.05000000000000002,0.256256333466686
regime,0.5,0.05,1,2012-11-30,0.1973036419573278,7,0.33422487986463706,0.05000000000000001,0.05000000000000001,0.05000000000000001,0.05000000000000001,0.05000000000000001,0.05000000000000001,0.06238779988854471,0.05000000000000001,0.25338732024681826
regime,0.5,0.05,1,2012-12-31,0.199120225879156,7,0.333586506876004,0.05000000000000001,0.05000000000000001,0.05000000000000001,0.05000000000000001,0.05000000000000001,0.05000000000000001,0.05750540845282185,0.05000000000000001,0.25890808467117415
regime,0.5,0.05,1,2013-01-31,0.2020748495170688,7,0.33902597144651236,0.05000000000000001,0.05000000000000001,0.05000000000000001,0.05000000000000001,0.05000000000000001,0.05000000000000001,0.0523273880065196,0.05000000000000001,0.25864664054696807
regime,0.5,0.05,1,2013-02-28,0.20188406884815008,7,0.33972097242197946,0.05000000000000002,0.05000000000000002,0.05000000000000002,0.05000000000000002,0.05000000000000002,0.05000000000000002,0.05306798919122221,0.05000000000000002,0.2572110383867983
regime,0.5,0.05,1,2013-03-28,0.20013968233258778,7,0.33763783869478087,0.05000000000000002,0.05000000000000002,0.05000000000000002,0.05000000000000002,0.05000000000000002,0.05000000000000002,0.056543456467588515,0.05000000000000002,0.25581870483763064
regime,0.5,0.05,1,2013-04-30,0.19069709752952446,7,0.3291529983740232,0.05,0.05,0.05,0.05,0.05,0.05,0.07861884946379874,0.05,0.24222815216217808
regime,0.5,0.05,1,2013-05-31,0.1971054126311769,7,0.33506935803680804,0.05000000000000002,0.05000000000000002,0.05000000000000002,0.05000000000000002,0.05000000000000002,0.05000000000000002,0.06327592849946956,0.05000000000000002,0.2516547134637224
regime,0.5,0.05,1,2013-06-28,0.14462514646510777,4,0.16528393487321216,0.05,0.05,0.05,0.07700153022143265,0.07530717618879124,0.05454106942847092,0.23839180248724462,0.05,0.18947448680084852
regime,0.5,0.05,1,2013-07-31,0.19436026213949045,7,0.3316774150517234,0.05000000000000001,0.05000000000000001,0.05000000000000001,0.05000000000000001,0.05000000000000001,0.05000000000000001,0.06920096666319847,0.05000000000000001,0.24912161828507814
regime,0.5,0.05,1,2013-08-30,0.20295022373631544,7,0.3443531716089558,0.05000000000000002,0.05000000000000002,0.05000000000000002,0.05000000000000002,0.05000000000000002,0.05000000000000002,0.052421409518284064,0.05000000000000002,0.2532254188727602
regime,0.5,0.05,1,2013-09-30,0.20206527262807994,7,0.3439260797429536,0.05000000000000001,0.05000000000000001,0.05000000000000001,0.05000000000000001,0.05000000000000001,0.05000000000000001,0.054448162666628414,0.05000000000000001,0.25162575759041805
regime,0.5,0.05,1,2013-10-31,0.20291810860221582,7,0.34255744988325443,0.05000000000000002,0.05000000000000002,0.05000000000000002,0.05000000000000002,0.05000000000000002,0.05000000000000002,0.05171137034183648,0.05000000000000002,0.2557311797749091
regime,0.5,0.05,1,2013-11-29,0.20384911659997748,8,0.3438697880093886,0.05000000000000001,0.05000000000000001,0.05000000000000001,0.05000000000000001,0.05000000000000001,0.05000000000000001,0.05000000000000001,0.05000000000000001,0.25613021199061153
regime,0.5,0.05,1,2013-12-31,0.20376528125848659,7,0.3441909361962389,0.05000000000000002,0.05000000000000002,0.05000000000000002,0.05000000000000002,0.05000000000000002,0.05000000000000002,0.050341651319828006,0.05000000000000002,0.25546741248393307
regime,0.5,0.05,1,2014-01-31,0.19929520270006224,7,0.33940354349615764,0.05000000000000001,0.05000000000000001,0.05000000000000001,0.05000000000000001,0.05000000000000001,0.05000000000000001,0.0594719323672778,0.05000000000000001,0.25112452413656455
regime,0.5,0.05,1,2014-02-28,0.19846441045955404,7,0.3377158245870413,0.05000000000000001,0.05000000000000001,0.05000000000000001,0.05000000000000001,0.05000000000000001,0.05000000000000001,0.06087475548715839,0.05000000000000001,0.2514094199258004
regime,0.5,0.05,1,2014-03-31,0.19655979790729894,7,0.33449215390732945,0.05000000000000001,0.05000000000000001,0.05000000000000001,0.05000000000000001,0.05000000000000001,0.05000000000000001,0.0644742457079241,0.05000000000000001,0.2510336003847465
regime,0.5,0.05,1,2014-04-30,0.19909207060062564,7,0.3351295948582093,0.05000000000000001,0.05000000000000001,0.05000000000000001,0.05000000000000001,0.05000000000000001,0.05000000000000001,0.058166528675953996,0.05000000000000001,0.2567038764658367
regime,0.5,0.05,1,2014-05-30,0.19927282641757366,7,0.3344267734386584,0.05000000000000002,0.05000000000000002,0.05000000000000002,0.05000000000000002,0.05000000000000002,0.05000000000000002,0.057441386777827286,0.05000000000000002,0.2581318397835144
regime,0.5,0.05,1,2014-06-30,0.20008725071465433,7,0.33597842059268684,0.05000000000000001,0.05000000000000001,0.05000000000000001,0.05000000000000001,0.05000000000000001,0.05000000000000001,0.05601332576528304,0.05000000000000001,0.2580082536420302
regime,0.5,0.05,1,2014-07-31,0.19837560966894424,7,0.3342547942344656,0.05000000000000001,0.05000000000000001,0.05000000000000001,0.05000000000000001,0.05000000000000001,0.05000000000000001,0.059633545684880176,0.05000000000000001,0.2561116600806543
regime,0.5,0.05,1,2014-08-29,0.19761471843355435,7,0.3326541647032445,0.05,0.05,0.05,0.05,0.05,0.05,0.06094437640007282,0.05,0.2564014588966827
regime,0.5,0.05,1,2014-09-30,0.19448647218078152,7,0.3288459074494379,0.05000000000000002,0.05000000000000002,0.05000000000000002,0.05000000000000002,0.05000000000000002,0.05000000000000002,0.06763387612935334,0.05000000000000002,0.2535202164212087
regime,0.5,0.05,1,2014-10-31,0.1809200681809234,7,0.30656916086645347,0.05000000000000001,0.05000000000000001,0.05000000000000001,0.05000000000000001,0.05000000000000001,0.05000000000000001,0.09938614764808189,0.05000000000000001,0.24404469148546468
regime,0.5,0.05,1,2014-11-28,0.17690374268505915,7,0.2942537069724657,0.05000000000000002,0.05000000000000002,0.05000000000000002,0.05000000000000002,0.05000000000000002,0.05000000000000002,0.10880511441278252,0.05000000000000002,0.24694117861475173
regime,0.5,0.05,2,2008-04-30,0.24449854592087988,7,0.14768859114383553,0.05000000000000001,0.05000000000000001,0.05000000000000001,0.052374102873390484,0.05000000000000001,0.05000000000000001,0.05000000000000001,0.05000000000000001,0.449937305982774
regime,0.5,0.05,2,2008-05-30,0.1266828540990276,3,0.11580316751983057,0.05,0.05,0.05638197377118927,0.186552391648996,0.099982316132475,0.08132748175707973,0.11531648521581427,0.05,0.19463618395461507
regime,0.5,0.05,2,2008-06-30,0.20382015782704815,5,0.09952695671999623,0.05,0.05,0.05,0.11319096551218708,0.0552239641761656,0.05,0.083926145650898,0.05,0.3981319679407531
regime,0.5,0.05,2,2008-07-31,0.17504956774480998,5,0.052928838124723765,0.05,0.05,0.05,0.3369693308602876,0.08971633758418,0.05,0.10693856878790713,0.05,0.16344692464290153
regime,0.5,0.05,2,2008-08-29,0.18361842974684262,6,0.08467148893682587,0.05,0.05,0.05,0.18413645548460755,0.05,0.05,0.08410526751960908,0.05,0.34708678805895754
regime,0.5,0.05,2,2008-09-30,0.2550425801651358,7,0.05,0.05,0.05,0.05,0.4694907847139158,0.11061627300038038,0.05,0.0698929422857038,0.05,0.05
regime,0.5,0.05,2,2008-10-31,0.276818409345825,8,0.05,0.05,0.05,0.05,0.49598266421526294,0.10401733578473706,0.05,0.05,0.05,0.05
regime,0.5,0.05,2,2008-11-28,0.22450468498742496,7,0.05000000000000001,0.05000000000000001,0.05000000000000001,0.05000000000000001,0.4259586116129346,0.1272960718485066,0.05000000000000001,0.0967453165385588,0.05000000000000001,0.05000000000000001
regime,0.5,0.05,2,2008-12-31,0.21381634842818487,7,0.05000000000000001,0.05000000000000001,0.05000000000000001,0.05000000000000001,0.05000000000000001,0.08640606940051027,0.15925864416172733,0.4043352864377624,0.05000000000000001,0.05000000000000001
regime,0.5,0.05,2,2009-01-30,0.17877823924439912,5,0.05,0.05,0.05,0.06661883783419814,0.07016458519734413,0.10939603102612845,0.15695755364985844,0.3468629922924709,0.05,0.05
regime,0.5,0.05,2,2009-02-27,0.18008352303952188,5,0.05,0.05,0.05,0.06418238260244492,0.06361920779012202,0.10769455930792758,0.1693271928154548,0.34517665748405063,0.05,0.05
regime,0.5,0.05,2,2009-03-31,0.1908273651322907,6,0.05,0.05,0.05,0.05056614791365527,0.05,0.1023047702695188,0.19254279162865312,0.3545862901881728,0.05,0.05
regime,0.5,0.05,2,2009-04-30,0.19018019973303082,7,0.05000000000000002,0.05000000000000002,0.05000000000000002,0.05000000000000002,0.05000000000000002,0.10303561862434626,0.19449217935442062,0.3524722020212331,0.05000000000000002,0.05000000000000002
regime,0.5,0.05,2,2009-05-29,0.14538054401602138,4,0.05,0.05,0.05,0.05424598573542997,0.09710001615733581,0.13372452384906441,0.21190510565943757,0.23610413972165026,0.05,0.06692022887708207
regime,0.5,0.05,2,2009-06-30,0.20580250394290334,7,0.23712919442979777,0.05,0.05,0.05,0.05,0.05,0.05339766553398287,0.05,0.05,0.3594731400362194
regime,0.5,0.05,2,2009-07-31,0.18861703773947797,6,0.16294497739746272,0.05000000000000001,0.05000000000000001,0.05000000000000001,0.11930075993434591,0.05000000000000001,0.05000000000000001,0.05792351466529292,0.05000000000000001,0.35983074800289855
regime,0.5,0.05,2,2009-08-31,0.1376003468319453,3,0.06854923943089165,0.05,0.05,0.05332717232812654,0.25700296951707957,0.11456316587055762,0.09401415346629197,0.13756302885444113,0.05,0.12498027053261147
regime,0.5,0.05,2,2009-09-30,0.20283809264241365,6,0.22509791760888304,0.05,0.05,0.05,0.05,0.05,0.05780873526830841,0.05550462027182152,0.05,0.361588726850987
regime,0.5,0.05,2,2009-10-30,0.12023941657179221,3,0.10169742116056074,0.05,0.05,0.05343299941743364,0.13838346639781932,0.11250341890586402,0.11375789992865516,0.1534956959371549,0.05,0.17672909825251226
regime,0.5,0.05,2,2009-11-30,0.21170085851564532,8,0.22351190120141134,0.05000000000000001,0.05000000000000001,0.05000000000000001,0.05000000000000001,0.05000000000000001,0.05000000000000001,0.05000000000000001,0.05000000000000001,0.37648809879858863
regime,0.5,0.05,2,2009-12-31,0.1452375306446211,4,0.1721655994855654,0.05,0.05,0.05,0.11064426436134424,0.07114423400587479,0.0829791210334422,0.09350327233473979,0.05,0.2695635087790336
regime,0.5,0.05,2,2010-01-29,0.13545808913727175,4,0.2142768872408832,0.05,0.05,0.05,0.11487278348216996,0.08142740914139156,0.0838346584861602,0.09803564931375813,0.05,0.20755261233563704
regime,0.5,0.05,2,2010-02-26,0.18466247808871852,6,0.13356471349830581,0.05000000000000001,0.05000000000000001,0.05000000000000001,0.1480290952295598,0.05000000000000001,0.05000000000000001,0.06363788359190306,0.05000000000000001,0.3547683076802314
regime,0.5,0.05,2,2010-03-31,0.16942336312340717,4,0.292536117427995,0.04999999999999999,0.04999999999999999,0.04999999999999999,0.07501303284636203,0.06023197785536718,0.06775684824808108,0.0696126589111266,0.04999999999999999,0.23484936471106813
regime,0.5,0.05,2,2010-04-30,0.13079970724213913,3,0.1758210509603364,0.05,0.05,0.05099979194001477,0.11473594997197334,0.08952732304282192,0.09095431252444505,0.10673515913828854,0.05,0.22122641242212004
regime,0.5,0.05,2,2010-05-28,0.2723719412040225,6,0.05,0.05,0.05,0.05,0.4921722869791429,0.09144688186040896,0.05,0.056848774616180764,0.05,0.0595320565442674
regime,0.5,0.05,2,2010-06-30,0.20210427823476468,7,0.17657305741740872,0.05000000000000001,0.05000000000000001,0.05000000000000001,0.09290857108361307,0.05000000000000001,0.05000000000000001,0.05000000000000001,0.05000000000000001,0.3805183714989782
regime,0.5,0.05,2,2010-07-30,0.14585077133070054,3,0.06484916488684542,0.05000000000000001,0.05000000000000001,0.051472775421832186,0.27914083822006885,0.11711491318672608,0.08312624808591813,0.14471481472977835,0.05000000000000001,0.10958124546883102
regime,0.5,0.05,2,2010-08-31,0.14102561709022698,4,0.12754989900141683,0.05000000000000002,0.05000000000000002,0.05000000000000002,0.17689665357108303,0.07263579546140862,0.06825593900773136,0.1044030942795565,0.05000000000000002,0.2502586186788037
regime,0.5,0.05,2,2010-09-30,0.16465371928785316,4,0.2608401472731176,0.04999999999999999,0.04999999999999999,0.04999999999999999,0.07246775420744135,0.06032824496622365,0.0711594625545786,0.0768266389480758,0.04999999999999999,0.25837775205056296
regime,0.5,0.05,2,2010-10-29,0.16827051583298072,4,0.2834362855442689,0.05,0.05,0.05,0.07464602349783202,0.06095004246113553,0.06949505402189199,0.06824258237220782,0.05,0.24323001210266387
regime,0.5,0.05,2,2010-11-30,0.15968916861049032,4,0.12553454286314356,0.05,0.05,0.05,0.14111391641978324,0.06488153959069921,0.06591323893918834,0.09074113146055501,0.05,0.31181563072663077
regime,0.5,0.05,2,2010-12-31,0.17621727548563637,4,0.29345432688949236,0.05,0.05,0.05,0.06203735540576477,0.055464738580179515,0.07037175055897597,0.06593138445002766,0.05,0.2527404441155598
regime,0.5,0.05,2,2011-01-31,0.1805631363229931,4,0.30015868329985496,0.05,0.05,0.05,0.062329591073121554,0.05417179020204674,0.06565961282069457,0.061688831036134435,0.05,0.25599149156814777
regime,0.5,0.05,2,2011-02-28,0.17754378734236143,4,0.29689390062049836,0.04999999999999999,0.04999999999999999,0.04999999999999999,0.0683653167985511,0.056385931823414434,0.0651817616563524,0.06104269245394564,0.04999999999999999,0.25213039664723796
regime,0.5,0.05,2,2011-03-31,0.15996200773622854,4,0.2147306799557955,0.05,0.05,0.05,0.09783633049448569,0.06094835719751338,0.06485979281769164,0.07840871377056685,0.05,0.2832161257639469
regime,0.5,0.05,2,2011-04-29,0.1629981220318865,4,0.2693255387501942,0.05000000000000001,0.05000000000000001,0.05000000000000001,0.08139077654039983,0.06374533753383675,0.0707557824860818,0.07014583153443314,0.05000000000000001,0.2446367331550543
regime,0.5,0.05,2,2011-05-31,0.16511475373124712,4,0.21365911608151036,0.05,0.05,0.05,0.09147585267289947,0.05968258029364467,0.06026865058883656,0.07877800448735923,0.05,0.29613579587574984
regime,0.5,0.05,2,2011-06-30,0.15310804037339631,4,0.08394918985723614,0.04999999999999999,0.04999999999999999,0.04999999999999999,0.2711408933314586,0.08020504317510155,0.057588899404136216,0.10048375250274398,0.04999999999999999,0.2066322217293235
regime,0.5,0.05,2,2011-07-29,0.14617546522661878,4,0.2415389087985832,0.05,0.05,0.05,0.09670865992397569,0.07252622734320267,0.07465317814508174,0.09337011858980972,0.05,0.22120290719934707
regime,0.5,0.05,2,2011-08-31,0.2777488439237083,7,0.05000000000000001,0.05000000000000001,0.05000000000000001,0.05000000000000001,0.49790346537711166,0.09572446063009643,0.05000000000000001,0.05637207399279181,0.05000000000000001,0.05000000000000001
regime,0.5,0.05,2,2011-09-30,0.2669987062637862,6,0.05,0.05,0.05,0.05,0.4861476004471135,0.08203654449975059,0.05,0.054919015202190974,0.05,0.07689683985094492
regime,0.5,0.05,2,2011-10-31,0.24079539506383738,5,0.06053953878446744,0.04999999999999999,0.04999999999999999,0.04999999999999999,0.45262577938442705,0.07872531744039947,0.04999999999999999,0.055997123953713965,0.04999999999999999,0.10211224043699195
regime,0.5,0.05,2,2011-11-30,0.20556052443884013,6,0.14401918108306913,0.05,0.05,0.05,0.10322647511200182,0.05,0.05,0.05804706936902353,0.05,0.3947072744359056
regime,0.5,0.05,2,2011-12-30,0.1266977386486685,4,0.1254467559119799,0.04999999999999999,0.04999999999999999,0.04999999999999999,0.14421938018415836,0.09328920304449619,0.0896401266174649,0.1344693883804252,0.04999999999999999,0.2129351458614755
regime,0.5,0.05,2,2012-01-31,0.15953058896161237,4,0.26705988734738784,0.05000000000000001,0.05000000000000001,0.05000000000000001,0.08856364152083523,0.06367970108279132,0.06899641085640205,0.07531471867773123,0.05000000000000001,0.2363856405148523
regime,0.5,0.05,2,2012-02-29,0.1823067032188639,4,0.3004157804768612,0.05000000000000001,0.05000000000000001,0.05000000000000001,0.06101658254356974,0.05516042202834933,0.06559795476525102,0.05769467021664599,0.05000000000000001,0.2601145899693228
regime,0.5,0.05,2,2012-03-30,0.1823676176378377,4,0.31125358206015397,0.05,0.05,0.05,0.06448912198548075,0.05498770652154796,0.06436571428643136,0.058430134638026494,0.05,0.24647374050835957
regime,0.5,0.05,2,2012-04-30,0.16929196328770513,4,0.2896415363166358,0.05,0.05,0.05,0.07719906907673552,0.05979581200846266,0.06631323600277433,0.06888739985568197,0.05,0.2381629467397097
regime,0.5,0.05,2,2012-05-31,0.1354405755955979,4,0.11543884239645152,0.04999999999999999,0.04999999999999999,0.04999999999999999,0.18609036930577175,0.08875346582044363,0.06764653613858382,0.11391542847439196,0.04999999999999999,0.22815535786435728
regime,0.5,0.05,2,2012-06-29,0.21927870193992177,6,0.17561668575172637,0.05000000000000001,0.05000000000000001,0.05000000000000001,0.06305571478481424,0.05000000000000001,0.05000000000000001,0.05311115761520374,0.05000000000000001,0.4082164418482557
regime,0.5,0.05,2,2012-07-31,0.12613610012187043,3,0.12338245070346998,0.05000000000000001,0.05000000000000001,0.05197389152308304,0.1925304139983654,0.09730580467445187,0.08206897915975517,0.12295619829052114,0.05000000000000001,0.1797822616503535
regime,0.5,0.05,2,2012-08-31,0.17792431701165018,4,0.29596618230258703,0.05,0.05,0.05,0.06742872869607146,0.05525480565222158,0.06482533384990291,0.06226178931675233,0.05,0.25426316018246486
regime,0.5,0.05,2,2012-09-28,0.17733332137055077,4,0.30046187973518357,0.04999999999999999,0.04999999999999999,0.04999999999999999,0.0665508397322438,0.056694296643770424,0.06723566500349622,0.06197090766355284,0.04999999999999999,0.24708641122175307
regime,0.5,0.05,2,2012-10-31,0.1757739274337497,4,0.297420507774598,0.04999999999999999,0.04999999999999999,0.04999999999999999,0.06944055761216324,0.05697819569504725,0.06587844688807953,0.06357438614941655,0.04999999999999999,0.24670790588069544
regime,0.5,0.05,2,2012-11-30,0.16046975798673738,4,0.2642654711005839,0.05,0.05,0.05,0.08674015090684341,0.06361515660868275,0.06801731525074414,0.07478479125065998,0.05,0.24257711488248582
regime,0.5,0.05,2,2012-12-31,0.17821397603367817,4,0.2965702519882866,0.05000000000000001,0.05000000000000001,0.05000000000000001,0.07333337548223844,0.05489460069584031,0.05992368702400624,0.06125990338359517,0.05000000000000001,0.2540181814260333
regime,0.5,0.05,2,2013-01-31,0.1826248668900699,4,0.3059570459862265,0.05000000000000001,0.05000000000000001,0.05000000000000001,0.06810077087918745,0.05408730930030481,0.06047800431273488,0.05741169682753879,0.05000000000000001,0.2539651726940077
regime,0.5,0.05,2,2013-02-28,0.18757921990186954,4,0.3164592769001137,0.05,0.05,0.05,0.06535766304865188,0.05200837320330397,0.057940352220190845,0.05513493651917381,0.05,0.25309939810856585
regime,0.5,0.05,2,2013-03-28,0.1787101862069438,4,0.29916535740551986,0.05,0.05,0.05,0.07261840692505092,0.05583536519165285,0.060677525223708104,0.05952409527664183,0.05,0.2521792499774265
regime,0.5,0.05,2,2013-04-30,0.1754815088006118,4,0.28317043356032867,0.05,0.05,0.05,0.08536864437022497,0.05463960786273878,0.0526468269245528,0.0628237441024361,0.05,0.2613507431797187
regime,0.5,0.05,2,2013-05-31,0.18389276394233914,4,0.3077577107934839,0.05,0.05,0.05,0.06875148423467348,0.052531413580056356,0.05720243023681613,0.058904489052424035,0.05,0.254852472102546
regime,0.5,0.05,2,2013-06-28,0.12865596791341402,3,0.08767205325207121,0.05,0.05,0.05383577150775077,0.21726299210104386,0.11407109648138104,0.08475978069621562,0.13165163049885723,0.05,0.1607466754626803
regime,0.5,0.05,2,2013-07-31,0.20000001243292406,8,0.3000788445430946,0.05000000000000001,0.05000000000000001,0.05000000000000001,0.05000000000000001,0.05000000000000001,0.05000000000000001,0.05000000000000001,0.05000000000000001,0.29992115545690556
regime,0.5,0.05,2,2013-08-30,0.16333024177077915,4,0.27085502445230075,0.05000000000000001,0.05000000000000001,0.05000000000000001,0.07515572372656988,0.059999695701615716,0.07300304607879986,0.07720509062790032,0.05000000000000001,0.24378141941281345
regime,0.5,0.05,2,2013-09-30,0.1696610804273705,4,0.2861323042054409,0.05000000000000001,0.05000000000000001,0.05000000000000001,0.07069786480543828,0.057815363902801266,0.07042817837086736,0.07115217009746393,0.05000000000000001,0.24377411861798823
regime,0.5,0.05,2,2013-10-31,0.17133742968815552,4,0.29235804911989,0.05,0.05,0.05,0.07128777524639246,0.058016630954941376,0.06846809230867278,0.06914747184163932,0.05,0.24072198052846405
regime,0.5,0.05,2,2013-11-29,0.18915094077424782,5,0.3210066884480531,0.05,0.05,0.05,0.060453719200796695,0.05,0.059826832685290814,0.05760938845530471,0.05,0.25110337121055476
regime,0.5,0.05,2,2013-12-31,0.18163630940281653,4,0.3086506624047905,0.05,0.05,0.05,0.06522704404132386,0.05263615925994149,0.06358152890849372,0.061992896428495405,0.05,0.2479117089569552
regime,0.5,0.05,2,2014-01-31,0.16637917527178253,4,0.2826604706397469,0.05000000000000001,0.05000000000000001,0.05000000000000001,0.07920725817994725,0.05951217064453155,0.06681888484005037,0.07346280407933302,0.05000000000000001,0.23833841161639105
regime,0.5,0.05,2,2014-02-28,0.15831770928442593,4,0.25865083447070547,0.04999999999999999,0.04999999999999999,0.04999999999999999,0.08853965218530606,0.06441701447944671,0.06977567055855144,0.07623721725926594,0.04999999999999999,0.2423796110467244
regime,0.5,0.05,2,2014-03-31,0.1591245060500186,4,0.257975773733869,0.05,0.05,0.05,0.09097317032475889,0.06398479199253004,0.06718121224248834,0.07471841993176893,0.05,0.24516663177458478
regime,0.5,0.05,2,2014-04-30,0.1711687897085671,4,0.2819031368656371,0.05,0.05,0.05,0.0780572126336491,0.05840155049083385,0.06398526239076475,0.06488504037848526,0.05,0.25276779724062987
regime,0.5,0.05,2,2014-05-30,0.1774984149778438,4,0.2957145648685236,0.04999999999999999,0.04999999999999999,0.04999999999999999,0.07411839968543465,0.055134810610508435,0.060642895307859664,0.06122581414623561,0.04999999999999999,0.2531635153814381
regime,0.5,0.05,2,2014-06-30,0.17744311631956364,4,0.2967273590985021,0.05,0.05,0.05,0.07259912833048418,0.05601959286191208,0.062083451222319945,0.060674934948455106,0.05,0.25189553353832667
regime,0.5,0.05,2,2014-07-31,0.17431925046808347,4,0.291390415064906,0.05,0.05,0.05,0.07767979415145122,0.05715505533338911,0.06132394108757694,0.06258606114310025,0.05,0.24986473321957658
regime,0.5,0.05,2,2014-08-29,0.16771595783048054,4,0.27939668367182885,0.04999999999999999,0.04999999999999999,0.04999999999999999,0.08184475001421476,0.06009000217050289,0.06485573048773571,0.06774766387193541,0.04999999999999999,0.24606516978378237
regime,0.5,0.05,2,2014-09-30,0.16416297716647177,4,0.27542436804417897,0.05000000000000001,0.05000000000000001,0.05000000000000001,0.08581059786283084,0.060988408393270355,0.06422916457477693,0.07328732682182336,0.05000000000000001,0.24026013430311963
regime,0.5,0.05,2,2014-10-31,0.1906685631371561,6,0.17753673657342858,0.05000000000000002,0.05000000000000002,0.05000000000000002,0.09791351739436772,0.05000000000000002,0.05000000000000002,0.06320950147148119,0.05000000000000002,0.36134024456072256
regime,0.5,0.05,2,2014-11-28,0.15378296170263633,4,0.23995215373339787,0.05,0.05,0.05,0.0974927921894544,0.068069116512073,0.06588940608026819,0.08141756115992348,0.05,0.24717897032488312
regime,0.5,0.05,3,2008-04-30,0.14794345005139148,4,0.12387340303368094,0.05,0.05,0.10584811277044631,0.28849308674934737,0.11198387672777524,0.05,0.0603032083792135,0.05,0.10949831233953664
regime,0.5,0.05,3,2008-05-30,0.1496296433307384,4,0.10983227545723358,0.05,0.05,0.10308936971727337,0.29591086123413685,0.11529677866545102,0.05,0.07036752750750655,0.05,0.10550318741839879
regime,0.5,0.05,3,2008-06-30,0.1553038338157969,4,0.0786598561275467,0.05,0.05,0.1141378725191203,0.3083804654787623,0.12466896805812808,0.05,0.07516973252487237,0.05,0.09898310529157024
regime,0.5,0.05,3,2008-07-31,0.1555190011399931,4,0.05573018185780218,0.05,0.05,0.12468167142201919,0.30435804324586585,0.13221148606885832,0.05,0.09324512061804048,0.05,0.08977349678741406
regime,0.5,0.05,3,2008-08-29,0.1523603900191784,4,0.058992182354456114,0.05,0.05,0.12485676431895174,0.29861075822942124,0.1239638743892423,0.05,0.09993133245233776,0.05,0.09364508825559077
regime,0.5,0.05,3,2008-09-30,0.18257882193826763,5,0.05000000000000002,0.05000000000000002,0.05000000000000002,0.12485214529939881,0.34106400431665734,0.18134532568403414,0.05000000000000002,0.05245998130715242,0.05000000000000002,0.050278543392757266
regime,0.5,0.05,3,2008-10-31,0.14286975009586284,6,0.05,0.05,0.05,0.11369651632681815,0.20794945670393383,0.19705073133656473,0.05,0.18130329563268324,0.05,0.05
regime,0.5,0.05,3,2008-11-28,0.20585908563708505,5,0.06476180569392362,0.05,0.05,0.05,0.10036403291056381,0.08885574341075791,0.09280035545762082,0.40321806252713377,0.05,0.05
regime,0.5,0.05,3,2008-12-31,0.28363413779558333,8,0.05,0.05,0.05,0.05,0.05,0.05,0.09550777790392198,0.5044922220960779,0.05,0.05
regime,0.5,0.05,3,2009-01-30,0.27681864181034543,7,0.05131590874003118,0.05,0.05,0.05,0.05,0.05,0.10252487316192582,0.49615921809804286,0.05,0.05
regime,0.5,0.05,3,2009-02-27,0.2731740029418589,7,0.053104781724036335,0.05000000000000001,0.05000000000000001,0.05000000000000001,0.05000000000000001,0.05000000000000001,0.10517069083221744,0.4917245274437462,0.05000000000000001,0.05000000000000001
regime,0.5,0.05,3,2009-03-31,0.2657276561460419,7,0.05274078585420683,0.05000000000000001,0.05000000000000001,0.05000000000000001,0.05000000000000001,0.05000000000000001,0.11548105915004599,0.4817781549957471,0.05000000000000001,0.05000000000000001
regime,0.5,0.05,3,2009-04-30,0.2574923029599084,7,0.06126089252700078,0.05000000000000001,0.05000000000000001,0.05000000000000001,0.05000000000000001,0.05000000000000001,0.11698221248485918,0.47175689498813994,0.05000000000000001,0.05000000000000001
regime,0.5,0.05,3,2009-05-29,0.20812066916183855,6,0.10285572559809149,0.05,0.05,0.05,0.05,0.05,0.1431018643528362,0.3987564230648178,0.05,0.055285986984254465
regime,0.5,0.05,3,2009-06-30,0.19214575240044723,6,0.12284087669936791,0.05,0.05,0.05,0.05,0.05,0.14200691882595506,0.37121721959879056,0.05,0.06393498487588649
regime,0.5,0.05,3,2009-07-31,0.1851939332593785,6,0.13120091524060262,0.05,0.05,0.05,0.05,0.05,0.144731955856741,0.3571480867180848,0.05,0.06691904218457151
regime,0.5,0.05,3,2009-08-31,0.19079783358972058,6,0.13251972832349715,0.05,0.05,0.05,0.05,0.05,0.13482712759386442,0.3687464351125061,0.05,0.06390670897013227
regime,0.5,0.05,3,2009-09-30,0.1918913451258918,6,0.12494002848269202,0.05000000000000001,0.05000000000000001,0.05000000000000001,0.05000000000000001,0.05000000000000001,0.13804362216918803,0.37137028245140835,0.05000000000000001,0.06564606689671162
regime,0.5,0.05,3,2009-10-30,0.19119548982066048,6,0.1217172969272738,0.05,0.05,0.05,0.05,0.05,0.1410255247612057,0.3701133587247312,0.05,0.06714381958678935
regime,0.5,0.05,3,2009-11-30,0.17042505469954022,4,0.3384058069840162,0.05,0.05,0.05,0.10901079791305436,0.05034435403638946,0.10007291149049966,0.07829604144148156,0.05,0.12387008813455877
regime,0.5,0.05,3,2009-12-31,0.1813502253261944,4,0.35283554790791993,0.05,0.05,0.05,0.13575841017234702,0.05205813027892543,0.07230083971125335,0.05481829331995416,0.05,0.13222877860960014
regime,0.5,0.05,3,2010-01-29,0.16856163876354283,3,0.32449653257670447,0.05000000000000001,0.05000000000000001,0.0506112012626763,0.15510200267917373,0.0576306037238212,0.06928794778018235,0.0616245119527533,0.05000000000000001,0.13124720002468868
regime,0.5,0.05,3,2010-02-26,0.16611878069236127,4,0.32633185359371003,0.05,0.05,0.05,0.1342332428756961,0.050284001552494705,0.08071112760899472,0.08370889223110449,0.05,0.12473088213800004
regime,0.5,0.05,3,2010-03-31,0.17631189649909196,4,0.34203747662298856,0.05,0.05,0.05,0.14309795109381426,0.05429999845014095,0.06921692505834351,0.05826524525636148,0.05,0.1330824035183512
regime,0.5,0.05,3,2010-04-30,0.14415134760319695,3,0.2660915064686284,0.05000000000000001,0.05000000000000001,0.05648316335341714,0.16381315429020435,0.07053656783183193,0.07979771426972736,0.07718773355278273,0.05000000000000001,0.1360901602334081
regime,0.5,0.05,3,2010-05-28,0.1725547754731023,4,0.05580400020981798,0.04999999999999999,0.04999999999999999,0.11492000702957599,0.33861740781236,0.14454829317360884,0.04999999999999999,0.07447190341890961,0.04999999999999999,0.0716383883557277
regime,0.5,0.05,3,2010-06-30,0.16687048231495782,4,0.08728399882622337,0.05,0.05,0.11224433988683584,0.33260767670419844,0.12275328024419771,0.05,0.05791975588588234,0.05,0.08719094845266236
regime,0.5,0.05,3,2010-07-30,0.1463124419574739,4,0.1485449614927785,0.04999999999999999,0.04999999999999999,0.09404526693512989,0.28060528481577957,0.09811127118364181,0.04999999999999999,0.06619985753907813,0.04999999999999999,0.11249335803359208
regime,0.5,0.05,3,2010-08-31,0.17214686591607822,3,0.3299434335076693,0.05,0.05,0.05159842414113475,0.15949103169209328,0.05754121294201307,0.06428629519461751,0.05662338273135915,0.05,0.13051621979111294
regime,0.5,0.05,3,2010-09-30,0.18208535438963042,4,0.35241129241342917,0.05,0.05,0.05,0.14287526686742205,0.05458931244459869,0.067379137552141,0.05099622473612824,0.05,0.13174876598628088
regime,0.5,0.05,3,2010-10-29,0.17537785781212556,3,0.3368554131350938,0.05,0.05,0.05158072476238831,0.1532327191658375,0.0575815134374101,0.06514219832724749,0.0510828867474476,0.05,0.1345245444245752
regime,0.5,0.05,3,2010-11-30,0.16297237214525243,4,0.3191397645717475,0.05,0.05,0.05,0.13514893118913834,0.05616453837219397,0.08502144711468464,0.0743472123316316,0.05,0.13017810642060393
regime,0.5,0.05,3,2010-12-31,0.18182458445376698,4,0.35203852642295413,0.05,0.05,0.05,0.13946102449638667,0.05352373478391091,0.06974358186851223,0.05042966692960249,0.05,0.13480346549863353
regime,0.5,0.05,3,2011-01-31,0.1732741629484318,4,0.3356643776164757,0.05,0.05,0.05,0.14315046200328485,0.055998853887265075,0.07244885890229935,0.05666379254489199,0.05,0.13607365504578306
regime,0.5,0.05,3,2011-02-28,0.1723857401295126,3,0.33087936684171654,0.05,0.05,0.05178703328034829,0.15286303803827167,0.05775342773752533,0.06728366518157922,0.052582959858846076,0.05,0.13685050906171284
regime,0.5,0.05,3,2011-03-31,0.170175277205593,3,0.3246288527929367,0.05,0.05,0.05231055596589911,0.16197072066232548,0.058409181761416996,0.06529199506968067,0.05439715794043329,0.05,0.13299153580730774
regime,0.5,0.05,3,2011-04-29,0.16481724109088142,3,0.31111789978561877,0.05,0.05,0.05767744404470778,0.16626297939929563,0.06254484432501774,0.06258895032396833,0.0518337811956271,0.05,0.13797410092576462
regime,0.5,0.05,3,2011-05-31,0.16444099335540138,3,0.30986677115985245,0.05,0.05,0.055613901532395406,0.17035940995288645,0.0616901320558183,0.062274712217552,0.05612672825982103,0.05,0.1340683448216744
regime,0.5,0.05,3,2011-06-30,0.14798104623787886,3,0.2619496411125785,0.05000000000000001,0.05000000000000001,0.06166828936661235,0.1924089303874667,0.0685518294852206,0.06367198104613217,0.06977492908644399,0.05000000000000001,0.13197439951554574
regime,0.5,0.05,3,2011-07-29,0.1595311970376492,3,0.29502930617529377,0.05000000000000001,0.05000000000000001,0.05991430457178368,0.18128584043566479,0.06457719351314739,0.06030054802120793,0.05644634202776537,0.05000000000000001,0.13244646525513715
regime,0.5,0.05,3,2011-08-31,0.18898742434321925,5,0.05000000000000001,0.05000000000000001,0.05000000000000001,0.11993774149354236,0.3608471344645113,0.16146101322673345,0.05000000000000001,0.050998247806673,0.05000000000000001,0.05675586300853994
regime,0.5,0.05,3,2011-09-30,0.18113213119458607,4,0.050246752354950575,0.05000000000000001,0.05000000000000001,0.12237499224605042,0.35405701439837306,0.13833151318075748,0.05000000000000001,0.06370896552668848,0.05000000000000001,0.07128076229317995
regime,0.5,0.05,3,2011-10-31,0.17344613733393593,4,0.053282280017911465,0.05000000000000001,0.05000000000000001,0.12010731926499893,0.33967796453737986,0.1429434808525797,0.05000000000000001,0.07128740963432115,0.05000000000000001,0.072701545692809
regime,0.5,0.05,3,2011-11-30,0.18238664224770834,4,0.057473915694874145,0.05,0.05,0.11345449679376936,0.3562268289858889,0.1450957076031764,0.05,0.05675973945951076,0.05,0.07098931146278048
regime,0.5,0.05,3,2011-12-30,0.15101987566543162,4,0.1458497172599738,0.04999999999999999,0.04999999999999999,0.09538830977266481,0.29183187467888205,0.10495259911989598,0.04999999999999999,0.05501222421748267,0.04999999999999999,0.1069652749511007
regime,0.5,0.05,3,2012-01-31,0.16444652503884374,3,0.30580576836495477,0.05000000000000001,0.05000000000000001,0.05874197300642676,0.1800837719270259,0.06534437949802543,0.05718729437751036,0.0508373262338779,0.05000000000000001,0.13199948659217883
regime,0.5,0.05,3,2012-02-29,0.1701678697153695,3,0.3294247047931732,0.05,0.05,0.05056774308630434,0.14169711276166352,0.05998939621916753,0.0722387299790342,0.056383224283315846,0.05,0.13969908887734145
regime,0.5,0.05,3,2012-03-30,0.1804475815522404,5,0.3484130309656438,0.04999999999999999,0.04999999999999999,0.04999999999999999,0.14590987384138637,0.05630964512094403,0.0663536791809067,0.04999999999999999,0.04999999999999999,0.13301377089111902
regime,0.5,0.05,3,2012-04-30,0.17625655356278122,3,0.33907864274280825,0.05000000000000002,0.05000000000000002,0.05034355293408838,0.15367762114272335,0.05717646938867159,0.06533921629096535,0.052861855033867436,0.05000000000000002,0.13152264246687567
regime,0.5,0.05,3,2012-05-31,0.13232731570606404,3,0.21789058835377886,0.05000000000000002,0.05000000000000002,0.06029088082712281,0.18283982021202014,0.06909624618490445,0.07789962544616341,0.11190497392630055,0.05000000000000002,0.1300778650497097
regime,0.5,0.05,3,2012-06-29,0.13853108334734468,3,0.24667729889879217,0.05,0.05,0.05376318829780474,0.16616093559989767,0.0605772993709026,0.07892457025843246,0.11747858602736251,0.05,0.1264181215468078
regime,0.5,0.05,3,2012-07-31,0.16517848020551332,3,0.3140219728312293,0.04999999999999998,0.04999999999999998,0.05202098749929489,0.16597985054139386,0.05703617036990113,0.06529889961687604,0.06497142908672361,0.04999999999999998,0.13067069005458093
regime,0.5,0.05,3,2012-08-31,0.17251881650910544,3,0.33127253698919285,0.05,0.05,0.05232868869520178,0.15074155099228606,0.05763987681384691,0.06612486748940036,0.052877685796860585,0.05,0.13901479322321156
regime,0.5,0.05,3,2012-09-28,0.1736199792848524,3,0.3339377101373406,0.05000000000000001,0.05000000000000001,0.05183848216113169,0.15077914904352513,0.05763767328468636,0.06717517283378684,0.05213522682925024,0.05000000000000001,0.1364965857102792
regime,0.5,0.05,3,2012-10-31,0.17235493273068264,3,0.3322061240805409,0.05000000000000001,0.05000000000000001,0.05156122216937148,0.1482719382520524,0.056768669853844045,0.06870509955722331,0.05512041527560389,0.05000000000000001,0.13736653081136405
regime,0.5,0.05,3,2012-11-30,0.1705292098407703,3,0.3276172062280689,0.05,0.05,0.05240201930671113,0.15419217397623822,0.05783754440985848,0.0668189092917415,0.05620060038072627,0.05,0.1349315464066555
regime,0.5,0.05,3,2012-12-31,0.17087601206538633,3,0.3305762132112028,0.05,0.05,0.05095751925309586,0.1444846497890006,0.05593290602612636,0.07025336795464307,0.06018480685072795,0.05,0.13761053691520342
regime,0.5,0.05,3,2013-01-31,0.1736254089844748,3,0.3355203105285118,0.04999999999999999,0.04999999999999999,0.051004998146427824,0.1445199888604636,0.05667570384362018,0.06891339001804675,0.055405248862459684,0.04999999999999999,0.13796035974047008
regime,0.5,0.05,3,2013-02-28,0.17393494017641278,3,0.33658812200758487,0.05000000000000001,0.05000000000000001,0.05040319219318634,0.14443636055694653,0.05634551028688976,0.0691067886295961,0.05691915534298855,0.05000000000000001,0.13620087098280786
regime,0.5,0.05,3,2013-03-28,0.16689247070107274,3,0.31946793593291856,0.05000000000000001,0.05000000000000001,0.05421214006537358,0.1538118193467189,0.05863276939417176,0.06666175482254336,0.05733036018258197,0.05000000000000001,0.13988322025569186
regime,0.5,0.05,3,2013-04-30,0.1713111134977873,3,0.3298136138120465,0.05,0.05,0.050085175280747934,0.15553285983380236,0.0561454242447769,0.06547051488178997,0.06270428901214987,0.05,0.1302481229346865
regime,0.5,0.05,3,2013-05-31,0.17623195320773674,4,0.34297951586128445,0.05,0.05,0.05,0.13952963081870098,0.05322945668287642,0.07107721180193367,0.06065410903385982,0.05,0.1325300758013447
regime,0.5,0.05,3,2013-06-28,0.1328583238875601,4,0.20334127717153141,0.04999999999999999,0.04999999999999999,0.04999999999999999,0.11590480876601383,0.05948497437272991,0.11474290671001636,0.2001310382488203,0.04999999999999999,0.10639499473088798
regime,0.5,0.05,3,2013-07-31,0.1526761879636871,5,0.2311114393808711,0.05,0.05,0.05,0.05085239348822193,0.05,0.1397373430773573,0.23750178294863813,0.05,0.09079704110491157
regime,0.5,0.05,3,2013-08-30,0.1503455699113806,5,0.27832124710981926,0.05,0.05,0.05,0.07046534163878575,0.05,0.1289305376333369,0.1655133943456807,0.05,0.10676947927237739
regime,0.5,0.05,3,2013-09-30,0.18901202329316652,5,0.3702687954167511,0.05,0.05,0.05,0.12171782787570722,0.05,0.07579050663361085,0.0575627783854347,0.05,0.1246600916884961
regime,0.5,0.05,3,2013-10-31,0.1860522006544987,5,0.3641555276818414,0.05000000000000002,0.05000000000000002,0.05000000000000002,0.1253146780772027,0.05000000000000002,0.07463154262144754,0.058378642445955115,0.05000000000000002,0.12751960917355334
regime,0.5,0.05,3,2013-11-29,0.1889563077771087,5,0.3706088370418226,0.05,0.05,0.05,0.11766902624589101,0.05,0.07566379174839731,0.05967100482494735,0.05,0.12638734013894173
regime,0.5,0.05,3,2013-12-31,0.1846483497135429,5,0.36234338865579796,0.05,0.05,0.05,0.12234856276835615,0.05,0.07624091755169668,0.061362945428046434,0.05,0.12770418559610272
regime,0.5,0.05,3,2014-01-31,0.17639117842864038,4,0.34369949342051065,0.05,0.05,0.05,0.1392716398286164,0.051416582396904484,0.07250525243611648,0.06249909241139625,0.05,0.13060793950645577
regime,0.5,0.05,3,2014-02-28,0.17249507750176138,3,0.33063884090280243,0.05,0.05,0.05218501153574172,0.15618665461364026,0.05717737901646794,0.06500784201625592,0.05417348237375471,0.05,0.13463078954133703
regime,0.5,0.05,3,2014-03-31,0.16405524229181756,3,0.307944651074769,0.04999999999999999,0.04999999999999999,0.05814692614017774,0.1726009243551514,0.06314323981059644,0.06036319807514925,0.0533555769975998,0.04999999999999999,0.1344454835465563
regime,0.5,0.05,3,2014-04-30,0.16750906432043305,3,0.3192618052257347,0.05,0.05,0.05508854816665653,0.1597211316033152,0.06033357745636179,0.06398407209894089,0.05430897447452186,0.05,0.137301890974469
regime,0.5,0.05,3,2014-05-30,0.17028893477555682,3,0.3274991864933538,0.05,0.05,0.05274568644341673,0.15203339254642634,0.05783092850946476,0.06603192569745518,0.057295531105344785,0.05,0.13656334920453836
regime,0.5,0.05,3,2014-06-30,0.1717942126600145,3,0.33095174550602535,0.04999999999999999,0.04999999999999999,0.051981831715073375,0.1487990478425283,0.05672893223674649,0.06703570929506614,0.05666643960553937,0.04999999999999999,0.13783629379902101
regime,0.5,0.05,3,2014-07-31,0.16627454662806143,3,0.3169293308063594,0.05000000000000001,0.05000000000000001,0.055856949629842854,0.1601011890885499,0.060603175119120035,0.06387260686643924,0.05587679195382241,0.05000000000000001,0.13675995653586634
regime,0.5,0.05,3,2014-08-29,0.16784519719594093,3,0.321024223481336,0.04999999999999999,0.04999999999999999,0.05413209117807373,0.15785196473190305,0.059560344529118354,0.06493321917866123,0.056565383620849036,0.04999999999999999,0.13593277328005843
regime,0.5,0.05,3,2014-09-30,0.16638174304586467,3,0.32088744454843243,0.05,0.05,0.051454550270750285,0.1518810137874162,0.056645366205403676,0.06989561480489058,0.06603237220513936,0.05,0.13320363817796754
regime,0.5,0.05,3,2014-10-31,0.16507231801112035,4,0.31853562692263276,0.04999999999999999,0.04999999999999999,0.04999999999999999,0.15166303195359104,0.05510306762991993,0.07123246544648172,0.07176527638341178,0.04999999999999999,0.13170053166396276
regime,0.5,0.05,3,2014-11-28,0.15199488919709328,3,0.2867766206849222,0.05000000000000001,0.05000000000000001,0.05499786627806196,0.15942503003999942,0.06165763012646461,0.07349564504100893,0.07693116651206566,0.05000000000000001,0.13671604131747722
regime,0.5,0.05,4,2008-04-30,0.14280775099006388,4,0.189276897345221,0.04999999999999999,0.04999999999999999,0.07361040690725086,0.2065555804575958,0.07887979618322039,0.04999999999999999,0.05165797279484748,0.04999999999999999,0.20001934631186444
regime,0.5,0.05,4,2008-05-30,0.13840321049462292,4,0.1804153123829272,0.04999999999999999,0.04999999999999999,0.0660662783618965,0.18750388890812078,0.08336434418454239,0.04999999999999999,0.07263779254392826,0.04999999999999999,0.2100123836185848
regime,0.5,0.05,4,2008-06-30,0.13660065360659798,4,0.13485896274994974,0.04999999999999999,0.04999999999999999,0.07903502386800475,0.23479439002488514,0.09988375073614336,0.04999999999999999,0.07349314561778499,0.04999999999999999,0.17793472700323204
regime,0.5,0.05,4,2008-07-31,0.15216882074183674,4,0.09078981489021175,0.05000000000000001,0.05000000000000001,0.0928735380215729,0.2993947895287645,0.11335514111367459,0.05000000000000001,0.06946587286651905,0.05000000000000001,0.13412084357925733
regime,0.5,0.05,4,2008-08-29,0.15374469991079825,4,0.09432478002485702,0.05,0.05,0.09456456711961134,0.30250413321997427,0.10850092160230611,0.05,0.06397820516097137,0.05,0.1361273928722799
regime,0.5,0.05,4,2008-09-30,0.21723172938932858,6,0.05496358247365071,0.05000000000000001,0.05000000000000001,0.10259076283894224,0.41537938325860085,0.1270662714288062,0.05000000000000001,0.05000000000000001,0.05000000000000001,0.05000000000000001
regime,0.5,0.05,4,2008-10-31,0.18732758617678907,6,0.05,0.05,0.05,0.1137538058552414,0.36113071500920213,0.15518270311007334,0.05,0.06993277602548303,0.05,0.05
regime,0.5,0.05,4,2008-11-28,0.18516758721730456,5,0.05000000000000002,0.05000000000000002,0.05000000000000002,0.06590986568880253,0.0852198841855889,0.12483153944736038,0.10833022349412816,0.3657084871841201,0.05000000000000002,0.05000000000000002
regime,0.5,0.05,4,2008-12-31,0.2416467128714804,7,0.05,0.05,0.05,0.05,0.05,0.08698365393996585,0.11108685122236192,0.4519294948376721,0.05,0.05
regime,0.5,0.05,4,2009-01-30,0.2216081849333622,4,0.05043245543523235,0.05,0.05,0.05200681270415146,0.05603713437479695,0.09291192108515897,0.12581362871739873,0.4227980476832615,0.05,0.05
regime,0.5,0.05,4,2009-02-27,0.2145437623400876,4,0.05433770400197907,0.05000000000000001,0.05000000000000001,0.05248275416558054,0.05558975248728988,0.09259938701160057,0.1334545588985673,0.41153584343498273,0.05000000000000001,0.05000000000000001
regime,0.5,0.05,4,2009-03-31,0.21467675419101437,4,0.052864298446564185,0.05,0.05,0.05051294735394855,0.051232679020054725,0.08969653523491139,0.14696007987424506,0.40873346007027617,0.05,0.05
regime,0.5,0.05,4,2009-04-30,0.21048966152498721,6,0.0667229262054581,0.05,0.05,0.05,0.05,0.08544373238949765,0.1441545879097968,0.40367875349524746,0.05,0.05
regime,0.5,0.05,4,2009-05-29,0.1426809937916556,4,0.13283766320212503,0.04999999999999999,0.04999999999999999,0.04999999999999999,0.0666614774814515,0.08891324036019993,0.13896081234717483,0.2698309351923808,0.04999999999999999,0.10279587141666784
regime,0.5,0.05,4,2009-06-30,0.1540634027174784,4,0.21969058639764732,0.04999999999999999,0.04999999999999999,0.04999999999999999,0.09824664807985801,0.06328647633166183,0.05877221094050052,0.09667669465224943,0.04999999999999999,0.2633273835980828
regime,0.5,0.05,4,2009-07-31,0.1644547297632936,4,0.23880836181385065,0.05,0.05,0.05,0.10030955434345028,0.05801373331964684,0.05083855857036539,0.07739783382132029,0.05,0.2746319581313666
regime,0.5,0.05,4,2009-08-31,0.16266791648008355,5,0.24160690294471818,0.05,0.05,0.05,0.11260291374997627,0.057670112279350094,0.05,0.0725557048356733,0.05,0.2655643661902822
regime,0.5,0.05,4,2009-09-30,0.15735762396674835,5,0.22571320845162485,0.05,0.05,0.05,0.11707913331325825,0.06248894727386137,0.05,0.08048094489074079,0.05,0.2642377660705148
regime,0.5,0.05,4,2009-10-30,0.1527036521331826,4,0.2116767583182296,0.05,0.05,0.05,0.12307638275554734,0.06586632528334005,0.05121100107224267,0.08697318557845526,0.05,0.26119634699218514
regime,0.5,0.05,4,2009-11-30,0.17767853096824227,6,0.27138676625917,0.05,0.05,0.05,0.0991013999536878,0.05,0.05,0.05313682737038636,0.05,0.27637500641675583
regime,0.5,0.05,4,2009-12-31,0.18637482532451463,7,0.30614474002577263,0.05000000000000002,0.05000000000000002,0.05000000000000002,0.08239550286758472,0.05000000000000002,0.05000000000000002,0.05000000000000002,0.05000000000000002,0.2614597571066426
regime,0.5,0.05,4,2010-01-29,0.18101293746083913,6,0.29337155988723324,0.04999999999999999,0.04999999999999999,0.04999999999999999,0.09131210767884097,0.04999999999999999,0.04999999999999999,0.053025548091381665,0.04999999999999999,0.2622907843425441
regime,0.5,0.05,4,2010-02-26,0.1745115184735678,5,0.2747001358344883,0.05,0.05,0.05,0.11130080347637401,0.050059890374172106,0.05,0.051190118723074,0.05,0.26274905159189155
regime,0.5,0.05,4,2010-03-31,0.18632643461576906,7,0.3061500701584961,0.05000000000000002,0.05000000000000002,0.05000000000000002,0.0825320624292415,0.05000000000000002,0.05000000000000002,0.05000000000000002,0.05000000000000002,0.2613178674122624
regime,0.5,0.05,4,2010-04-30,0.16508876403931216,5,0.24285950178362825,0.05,0.05,0.05,0.10778640371811407,0.055959168577517794,0.05,0.07195115605055626,0.05,0.27144376987018365
regime,0.5,0.05,4,2010-05-28,0.15547948320747826,4,0.09444329903732245,0.05,0.05,0.08389305094074394,0.30581652585142394,0.10904147198732081,0.05,0.06649873760653952,0.05,0.1403069145766494
regime,0.5,0.05,4,2010-06-30,0.1488496644032473,5,0.13846175281535383,0.05,0.05,0.08615193167587686,0.275225359770465,0.08822534572768918,0.05,0.05,0.05,0.16193561001061507
regime,0.5,0.05,4,2010-07-30,0.14394358288269887,5,0.19022930376767397,0.05000000000000001,0.05000000000000001,0.07486698252732234,0.2128526243947721,0.075448352210951,0.05000000000000001,0.05000000000000001,0.05000000000000001,0.1966027370992806
regime,0.5,0.05,4,2010-08-31,0.17936617242374908,7,0.29024985598882563,0.05000000000000001,0.05000000000000001,0.05000000000000001,0.09952860206388832,0.05000000000000001,0.05000000000000001,0.05000000000000001,0.05000000000000001,0.26022154194728614
regime,0.5,0.05,4,2010-09-30,0.18728261814462147,7,0.3095530110064935,0.05000000000000002,0.05000000000000002,0.05000000000000002,0.08075988355894566,0.05000000000000002,0.05000000000000002,0.05000000000000002,0.05000000000000002,0.2596871054345608
regime,0.5,0.05,4,2010-10-29,0.1862276627052356,7,0.3072669715550822,0.05000000000000002,0.05000000000000002,0.05000000000000002,0.08310070401518928,0.05000000000000002,0.05000000000000002,0.05000000000000002,0.05000000000000002,0.2596323244297285
regime,0.5,0.05,4,2010-11-30,0.16270840194263747,5,0.2500874144811229,0.05000000000000001,0.05000000000000001,0.05000000000000001,0.10723568200700724,0.05945763817463305,0.05000000000000001,0.07410978014974422,0.05000000000000001,0.2591094851874927
regime,0.5,0.05,4,2010-12-31,0.19057713824285583,7,0.3185792999896324,0.05000000000000001,0.05000000000000001,0.05000000000000001,0.07442911517761767,0.05000000000000001,0.05000000000000001,0.05000000000000001,0.05000000000000001,0.25699158483275
regime,0.5,0.05,4,2011-01-31,0.1876147840413791,6,0.30707301326548525,0.05,0.05,0.05,0.0790844375577597,0.05,0.05,0.05010828973933163,0.05,0.2637342594374235
regime,0.5,0.05,4,2011-02-28,0.18678740310322917,7,0.30842382646224564,0.05000000000000001,0.05000000000000001,0.05000000000000001,0.08183583775495769,0.05000000000000001,0.05000000000000001,0.05000000000000001,0.05000000000000001,0.2597403357827967
regime,0.5,0.05,4,2011-03-31,0.18099512892114156,6,0.2933980666548221,0.05,0.05,0.05,0.09448666784070689,0.05,0.05,0.05051853212064294,0.05,0.26159673338382805
regime,0.5,0.05,4,2011-04-29,0.1831881093054662,7,0.30153863630874306,0.05000000000000001,0.05000000000000001,0.05000000000000001,0.09041570965764602,0.05000000000000001,0.05000000000000001,0.05000000000000001,0.05000000000000001,0.25804565403361096
regime,0.5,0.05,4,2011-05-31,0.175609728740105,6,0.28106699890103426,0.05000000000000001,0.05000000000000001,0.05000000000000001,0.10879482967629205,0.05000000000000001,0.05000000000000001,0.05094917114674044,0.05000000000000001,0.25918900027593333
regime,0.5,0.05,4,2011-06-30,0.16185405077944653,5,0.25031405840463766,0.05,0.05,0.05,0.12829218599693426,0.059340019307637146,0.05,0.06108469390596121,0.05,0.25096904238482975
regime,0.5,0.05,4,2011-07-29,0.17651121229300026,7,0.2837536606615505,0.05000000000000002,0.05000000000000002,0.05000000000000002,0.1075358631463617,0.05000000000000002,0.05000000000000002,0.05000000000000002,0.05000000000000002,0.25871047619208787
regime,0.5,0.05,4,2011-08-31,0.20228787482152671,5,0.05896305129949299,0.05000000000000001,0.05000000000000001,0.09910104157762642,0.39517122108855063,0.1204249398412601,0.05000000000000001,0.05000000000000001,0.05000000000000001,0.07633974619306991
regime,0.5,0.05,4,2011-09-30,0.18653013042815111,5,0.07206771967418378,0.05000000000000002,0.05000000000000002,0.0922386352840785,0.3703086242923657,0.10617963841431888,0.05000000000000002,0.05000000000000002,0.05000000000000002,0.10920538233505318
regime,0.5,0.05,4,2011-10-31,0.18442774029630707,3,0.06671904281210075,0.05,0.05,0.058882677854149766,0.08122532067562992,0.10662860743050238,0.116754862047575,0.3668957347223651,0.05,0.05289375445767725
regime,0.5,0.05,4,2011-11-30,0.16390345155562558,4,0.09348544317282048,0.04999999999999999,0.04999999999999999,0.08817420138129291,0.3234478204738661,0.10310277704347598,0.04999999999999999,0.052599943609994086,0.04999999999999999,0.13918981431855038
regime,0.5,0.05,4,2011-12-30,0.14754615345969285,5,0.21423300670028697,0.04999999999999999,0.04999999999999999,0.0672498478972579,0.19203793965000127,0.06921466395603658,0.04999999999999999,0.04999999999999999,0.04999999999999999,0.20726454179641715
regime,0.5,0.05,4,2012-01-31,0.1817622811221648,7,0.29628409774566666,0.05000000000000001,0.05000000000000001,0.05000000000000001,0.09342970413790518,0.05000000000000001,0.05000000000000001,0.05000000000000001,0.05000000000000001,0.2602861981164282
regime,0.5,0.05,4,2012-02-29,0.1844039593510391,6,0.29622058751284464,0.05000000000000001,0.05000000000000001,0.05000000000000001,0.08206321685051521,0.05000000000000001,0.05000000000000001,0.05321912704733712,0.05000000000000001,0.2684970685893031
regime,0.5,0.05,4,2012-03-30,0.18896829182431074,7,0.31415937173044456,0.05000000000000002,0.05000000000000002,0.05000000000000002,0.07742800180937012,0.05000000000000002,0.05000000000000002,0.05000000000000002,0.05000000000000002,0.2584126264601853
regime,0.5,0.05,4,2012-04-30,0.18649895609888428,7,0.3070442607711181,0.05000000000000001,0.05000000000000001,0.05000000000000001,0.08227736935971303,0.05000000000000001,0.05000000000000001,0.05000000000000001,0.05000000000000001,0.2606783698691689
regime,0.5,0.05,4,2012-05-31,0.15901751043973245,5,0.22559781557410108,0.05,0.05,0.05,0.12962487433433897,0.059124148761824466,0.05,0.0703757195101298,0.05,0.2652774418196058
regime,0.5,0.05,4,2012-06-29,0.15258048395168677,4,0.21845768149971814,0.05,0.05,0.058423185604253206,0.17043308287931488,0.06567110497618212,0.05,0.05159844787508855,0.05,0.2354164971654431
regime,0.5,0.05,4,2012-07-31,0.16151667393794664,5,0.25290477200745554,0.05,0.05,0.053768154936915,0.14481088198495579,0.05804766290410986,0.05,0.05,0.05,0.24046852816656383
regime,0.5,0.05,4,2012-08-31,0.18611038994439183,7,0.30970156386562564,0.05000000000000001,0.05000000000000001,0.05000000000000001,0.08414393199177439,0.05000000000000001,0.05000000000000001,0.05000000000000001,0.05000000000000001,0.2561545041426
regime,0.5,0.05,4,2012-09-28,0.18721062486688345,7,0.3100337546875051,0.05000000000000002,0.05000000000000002,0.05000000000000002,0.08109788247174438,0.05000000000000002,0.05000000000000002,0.05000000000000002,0.05000000000000002,0.25886836284075054
regime,0.5,0.05,4,2012-10-31,0.1869911475180352,7,0.30995263409956486,0.05000000000000001,0.05000000000000001,0.05000000000000001,0.0816936014239781,0.05000000000000001,0.05000000000000001,0.05000000000000001,0.05000000000000001,0.2583537644764571
regime,0.5,0.05,4,2012-11-30,0.18413411421159764,7,0.30193967803812716,0.05000000000000002,0.05000000000000002,0.05000000000000002,0.08773545901225105,0.05000000000000002,0.05000000000000002,0.05000000000000002,0.05000000000000002,0.26032486294962176
regime,0.5,0.05,4,2012-12-31,0.18496458968470916,6,0.3049360832576192,0.05,0.05,0.05,0.08457206947885423,0.05,0.05,0.05126624708938121,0.05,0.25922560017414537
regime,0.5,0.05,4,2013-01-31,0.18724560293117662,7,0.3112092701283449,0.05,0.05,0.05,0.08134761143275678,0.05,0.05,0.05,0.05,0.25744311843889844
regime,0.5,0.05,4,2013-02-28,0.1874422693073169,6,0.3104413403709078,0.05000000000000002,0.05000000000000002,0.05000000000000002,0.08055718510027367,0.05000000000000002,0.05000000000000002,0.05000665179958681,0.05000000000000002,0.25899482272923174
regime,0.5,0.05,4,2013-03-28,0.18494770227725238,6,0.30510157535076055,0.05,0.05,0.05,0.0852131075888203,0.05,0.05,0.0508067044340739,0.05,0.2588786126263453
regime,0.5,0.05,4,2013-04-30,0.18191961886291674,7,0.29236975471386284,0.05000000000000001,0.05000000000000001,0.05000000000000001,0.09224189000225438,0.05000000000000001,0.05000000000000001,0.05000000000000001,0.05000000000000001,0.2653883552838828
regime,0.5,0.05,4,2013-05-31,0.185636621828079,6,0.3016886500242059,0.05000000000000001,0.05000000000000001,0.05000000000000001,0.08338808544472738,0.05000000000000001,0.05000000000000001,0.05004032104410511,0.05000000000000001,0.2648829434869616
regime,0.5,0.05,4,2013-06-28,0.14792430812451635,4,0.19449073794010843,0.05,0.05,0.05,0.12233889835039957,0.06816220718612508,0.055233564880011694,0.100152913788176,0.05,0.25962167785517926
regime,0.5,0.05,4,2013-07-31,0.18938086662181494,7,0.3131308936804954,0.05000000000000001,0.05000000000000001,0.05000000000000001,0.07599670201527157,0.05000000000000001,0.05000000000000001,0.05000000000000001,0.05000000000000001,0.26087240430423303
regime,0.5,0.05,4,2013-08-30,0.18846071519687685,7,0.3120268300632926,0.05000000000000002,0.05000000000000002,0.05000000000000002,0.07819275059895194,0.05000000000000002,0.05000000000000002,0.05000000000000002,0.05000000000000002,0.2597804193377554
regime,0.5,0.05,4,2013-09-30,0.18959499083900822,7,0.3142804391249462,0.05000000000000001,0.05000000000000001,0.05000000000000001,0.0757484764478165,0.05000000000000001,0.05000000000000001,0.05000000000000001,0.05000000000000001,0.2599710844272374
regime,0.5,0.05,4,2013-10-31,0.18978521966228534,7,0.31532072384613713,0.05000000000000001,0.05000000000000001,0.05000000000000001,0.07554379984883786,0.05000000000000001,0.05000000000000001,0.05000000000000001,0.05000000000000001,0.25913547630502504
regime,0.5,0.05,4,2013-11-29,0.1913909824862592,7,0.3187836701220832,0.05000000000000002,0.05000000000000002,0.05000000000000002,0.072291967092991,0.05000000000000002,0.05000000000000002,0.05000000000000002,0.05000000000000002,0.25892436278492587
regime,0.5,0.05,4,2013-12-31,0.18992143408196632,7,0.3150751814350382,0.05000000000000001,0.05000000000000001,0.05000000000000001,0.07509968119301351,0.05000000000000001,0.05000000000000001,0.05000000000000001,0.05000000000000001,0.2598251373719483
regime,0.5,0.05,4,2014-01-31,0.18613602074802404,7,0.30628611870303457,0.05000000000000001,0.05000000000000001,0.05000000000000001,0.08310104467603925,0.05000000000000001,0.05000000000000001,0.05000000000000001,0.05000000000000001,0.2606128366209262
regime,0.5,0.05,4,2014-02-28,0.18446982172142656,7,0.30416026504541865,0.05000000000000001,0.05000000000000001,0.05000000000000001,0.08732257268300501,0.05000000000000001,0.05000000000000001,0.05000000000000001,0.05000000000000001,0.25851716227157634
regime,0.5,0.05,4,2014-03-31,0.18194814245366014,7,0.29747543237275453,0.05000000000000001,0.05000000000000001,0.05000000000000001,0.0931367035211681,0.05000000000000001,0.05000000000000001,0.05000000000000001,0.05000000000000001,0.25938786410607745
regime,0.5,0.05,4,2014-04-30,0.18437698884068865,7,0.3043021346129476,0.05000000000000001,0.05000000000000001,0.05000000000000001,0.08763246525879312,0.05000000000000001,0.05000000000000001,0.05000000000000001,0.05000000000000001,0.25806540012825935
regime,0.5,0.05,4,2014-05-30,0.18462841705499908,6,0.30433398561960395,0.05000000000000002,0.05000000000000002,0.05000000000000002,0.08565568170279968,0.05000000000000002,0.05000000000000002,0.05103607655611948,0.05000000000000002,0.25897425612147695
regime,0.5,0.05,4,2014-06-30,0.18485326156318294,6,0.30514629617894246,0.05,0.05,0.05,0.08507399100578053,0.05,0.05,0.051160207054508335,0.05,0.2586195057607687
regime,0.5,0.05,4,2014-07-31,0.18295637882745422,6,0.3010089418917853,0.05000000000000002,0.05000000000000002,0.05000000000000002,0.08990137084750169,0.05000000000000002,0.05000000000000002,0.050863789761003614,0.05000000000000002,0.2582258974997094
regime,0.5,0.05,4,2014-08-29,0.18353547643050402,6,0.3013885399739203,0.05000000000000002,0.05000000000000002,0.05000000000000002,0.08887584100737293,0.05000000000000002,0.05000000000000002,0.050384718906916516,0.05000000000000002,0.25935090011179035
regime,0.5,0.05,4,2014-09-30,0.18241439542506332,6,0.29569042244382104,0.05000000000000002,0.05000000000000002,0.05000000000000002,0.08971057379320253,0.05000000000000002,0.05000000000000002,0.05135773517585013,0.05000000000000002,0.2632412685871263
regime,0.5,0.05,4,2014-10-31,0.17787430218037775,6,0.28546452798786004,0.05000000000000002,0.05000000000000002,0.05000000000000002,0.10267760109742768,0.05000000000000002,0.05000000000000002,0.05053930160232552,0.05000000000000002,0.2613185693123868
regime,0.5,0.05,4,2014-11-28,0.17434815405774856,6,0.26716758807128016,0.05000000000000002,0.05000000000000002,0.05000000000000002,0.10321823067474521,0.05000000000000002,0.05000000000000002,0.05758564557881991,0.05000000000000002,0.2720285356751547
