variant,seed,date,SPY,EFA,EEM,IEF,TLT,LQD,HYG,GLD,DBC,VNQ
baseline,0,2008-04-30,0.24061539107120813,0.00039740654186678137,0.0006373258098590666,0.6054160362621295,0.10957726834407103,0.011656335835659058,0.005968974441731736,0.0247177330557944,0.00036210028436844103,0.0006514283533118213
baseline,0,2008-05-30,0.24012380356561164,0.0003851201761868854,0.0006148021430549054,0.6065176714697369,0.10880515389407816,0.011437104421305456,0.005885698229360769,0.0252516484368212,0.00034959159171141403,0.000629406072132728
baseline,0,2008-06-30,0.2266143514838228,0.0003531200076566816,0.0005774406121015253,0.6218281040278536,0.10754310027772274,0.011084604873969882,0.00549809184630773,0.02559537720338999,0.0003233132613616828,0.0005824964058134517
baseline,0,2008-07-31,0.2876355088280659,0.0004022634164895264,0.0006021544129826691,0.5724031733057457,0.09681836244503814,0.010590152508122744,0.006235176640446113,0.024225205637294404,0.00037758697871095165,0.0007104158271040195
baseline,0,2008-08-29,0.17322016527816964,0.00026517778278370695,0.00047617765235478927,0.6852750526043249,0.10163944215761674,0.009647981762364102,0.004315255422291869,0.02444654065155986,0.00024618857453305286,0.0004680181140013781
baseline,0,2008-09-30,0.12672150231249155,0.0001667746364959556,0.0003324436393810269,0.7511646653781453,0.0914965173429624,0.007438988781195752,0.003033594966071702,0.019171888275288693,0.00015515623639270992,0.0003184684315749519
baseline,0,2008-10-31,0.07868375537951192,9.419192565782367e-05,0.0002490471012552337,0.8061609991452076,0.07781532036072417,0.006012294819138173,0.002308161959790648,0.02841434611292218,0.0001035268813838731,0.00015835631440844273
baseline,0,2008-11-28,0.021143236005551194,5.612447991366406e-05,0.0002609880921971003,0.2570743649896724,0.01903840732674902,0.00316084845194168,0.002233955808070726,0.6969036651554447,9.581846837992776e-05,3.259122207966593e-05
baseline,0,2008-12-31,0.020634873968964962,5.473946708922483e-05,0.00024247179984712117,0.2167487184247322,0.01636461795100268,0.0028651131013509436,0.002250523231506482,0.740720151313053,8.884939569838399e-05,2.9941346754962777e-05
baseline,0,2009-01-30,0.03708926658521015,7.851463746606629e-05,0.0003127953084857681,0.2657954355637591,0.023463809604917705,0.0037242203804534533,0.0033613864110702395,0.66601361501892,0.00011718961109572249,4.376687862178624e-05
baseline,0,2009-02-27,0.9011923036831969,0.0003189427464610828,0.00038373034010198546,0.03442145642674012,0.012236534522011133,0.0026737027682517153,0.014813538707183408,0.033415780609624746,0.0002424463173984117,0.000301563879030588
baseline,0,2009-03-31,0.88095768615365,0.00036763759884503875,0.00048331961026631715,0.032877808113625735,0.010564912731341254,0.002914328336648234,0.01726917182197658,0.05392794803765023,0.00030370071714933466,0.0003334868788473475
baseline,0,2009-04-30,0.904836603694398,0.0003343781172449386,0.00038828366106434986,0.029610683804111974,0.009929228516006194,0.0026757253029840345,0.015522084716701886,0.03613366548668975,0.000255133342691942,0.00031421335810685237
baseline,0,2009-05-29,0.923595460244884,0.0003137950905141079,0.00032822641513135435,0.02634189440712237,0.009614706860799002,0.0024272088217719093,0.01422246045791341,0.022623436173843492,0.0002284795875703576,0.00030433194044989555
baseline,0,2009-06-30,0.9636544399311652,0.00036854295891509075,0.00021588144152125937,0.012751499824385806,0.008213517309694166,0.0016932760741465804,0.008117166676760535,0.004258864213793519,0.00020169695447708655,0.0005251146151407869
baseline,0,2009-07-31,0.7284142678845208,0.0006480485796573802,0.0005772292624813362,0.18567039138328495,0.049494986312098053,0.007434874030557712,0.009873308188446603,0.01611899039749858,0.0005950472869751095,0.0011728566744793674
baseline,0,2009-08-31,0.6469409742439284,0.0006278239526888625,0.0006259645302217942,0.25611465007820305,0.058903360600669544,0.008318405717751881,0.009288032554300454,0.017338409352783617,0.0005973473472610927,0.0012450316221913793
baseline,0,2009-09-30,0.6778748165652636,0.0006918662915498987,0.0006563324482833057,0.2273737043245197,0.05684568437173236,0.008327888777375133,0.009972486043531603,0.01628657140961708,0.0006471732770337885,0.0013234764910937027
baseline,0,2009-10-30,0.648665370706634,0.0006611946853906868,0.0006608192304173306,0.25382513391968464,0.059759472230905206,0.008573759553807271,0.009460836287551596,0.016448147133014884,0.0006335763623149128,0.0013116898902795057
baseline,0,2009-11-30,0.6349226503083957,0.0006766644216472415,0.0006837870778148335,0.2629159406996668,0.0631467215558136,0.009024343277923915,0.009660903758659566,0.017054678484839114,0.0006431900490335439,0.001271120366205723
baseline,0,2009-12-31,0.6657695718932107,0.000751284838347064,0.000727495654312911,0.23789556177601318,0.058411322674530385,0.009061069138881456,0.010231683348095637,0.014978889183843417,0.0007144211392868111,0.0014587003534786197
baseline,0,2010-01-29,0.26540714778361885,0.0003926777159103678,0.0006210902877009773,0.583537653611577,0.10752691543907573,0.011395910733006784,0.006047049875462184,0.02405931749178022,0.00036204466433755085,0.0006501923975303463
baseline,0,2010-02-26,0.5790239221753261,0.0006260123423428039,0.000675057463741528,0.31663757853987934,0.06575191098267832,0.009218780783107915,0.008880706512742698,0.01728210153921497,0.0006125868233160267,0.0012913428376504293
baseline,0,2010-03-31,0.6539573576151112,0.0007130480183888995,0.0007059932172874758,0.2490541301546244,0.05876896437302769,0.008913759606815888,0.009879528385873209,0.015890298625609544,0.0006882815528408212,0.0014286384504208311
baseline,0,2010-04-30,0.27931185309883116,0.0004312531269104153,0.0006628874115718185,0.5649198401171708,0.11114047997195145,0.011927721974671705,0.006446464571036087,0.024066328103550926,0.0003933045175266806,0.0006998671067790867
baseline,0,2010-05-28,0.26146851321114184,0.00034992341159916076,0.0005501537328791578,0.60037515214437,0.09781645977959756,0.01008098350950269,0.005592647363522041,0.02280931751024158,0.0003300944746957424,0.0006267548624501997
baseline,0,2010-06-30,0.19919093211391847,0.00030382885622000507,0.0005347596259674343,0.6555991663683677,0.10505262956983177,0.01018231531823638,0.004807500630331708,0.02350977715214336,0.0002829161514517874,0.0005361742135312762
baseline,0,2010-07-30,0.2087005164113382,0.000308762599357638,0.0005319521726614059,0.6468830685978831,0.10316139237618173,0.010267079955798095,0.004979072431580822,0.02434694488772829,0.00028629604284486634,0.0005349145246257941
baseline,0,2010-08-31,0.25864019646422065,0.00038873875196356153,0.0006231301903444782,0.5883608254155908,0.1080510621250363,0.011355945334499394,0.006056336618548931,0.025523444598327758,0.0003563771570402547,0.0006439433444277739
baseline,0,2010-09-30,0.300582977377094,0.0004586581232397259,0.0006929603101881628,0.5430744065847288,0.11004186858029519,0.012078670982054595,0.006959566399575339,0.02496663567242928,0.000413639305708584,0.0007306166646863514
baseline,0,2010-10-29,0.314773328649517,0.000485134015847748,0.0007180312946119178,0.5315468520705905,0.10788359295432563,0.012210687397318036,0.007173975884057873,0.023976733319549685,0.0004422566875665144,0.0007894077266150118
baseline,0,2010-11-30,0.7048675213414348,0.0006541650512952559,0.0006078722645676958,0.207366653159224,0.052185798901264624,0.007924891065528052,0.009717133280163489,0.014799783204183587,0.0006170309363455682,0.001259150795992895
baseline,0,2010-12-31,0.714632067419913,0.0007185024038483744,0.0006595602565261664,0.19784174302249244,0.051814517656340334,0.008257434836976664,0.010166964516140577,0.013841804978894267,0.0006810827802251823,0.001386322128643058
baseline,0,2011-01-31,0.690838803081902,0.0007082646498803986,0.0006659983826454643,0.21792298829709797,0.05433384235146649,0.00853966658570563,0.01003497342929618,0.014892402166741299,0.0006765263116217125,0.001386534743642799
baseline,0,2011-02-28,0.6759058791512192,0.0008061437692853315,0.0007656569153887189,0.22702937352690888,0.057913651992288935,0.009180373977056984,0.010757529739198884,0.015307474609818381,0.0007678366810465439,0.001566079637787983
baseline,0,2011-03-31,0.6372453877461686,0.0007505564011017643,0.0007535899580041842,0.26159811167777774,0.06141317746301012,0.009307444402913184,0.010178325127218845,0.016531972718837964,0.0007249019435963859,0.001496532561371267
baseline,0,2011-04-29,0.6641244242371679,0.0008529968782981786,0.0008262880183427112,0.23501332032057914,0.06042611919879423,0.00952533665911631,0.011054930716228838,0.015709931377649863,0.0008142203843414821,0.0016524322094813944
baseline,0,2011-05-31,0.6208704134811726,0.0007252432946297985,0.0007387305101983662,0.2759352718603237,0.06314725379432486,0.009282472797291491,0.009937559724661458,0.017210967523517348,0.0007008126710261647,0.001451274342854131
baseline,0,2011-06-30,0.6021324248300526,0.0006859454860988172,0.0007289465315644634,0.2938081444128689,0.0645791618264315,0.00930579808437598,0.009546290625731464,0.01714523919666141,0.0006690402722974667,0.0013990087339174298
baseline,0,2011-07-29,0.24918704698575178,0.0003767116091936309,0.0006144942467175031,0.6013211608969518,0.10635838734296829,0.011168447076589547,0.005836334660475124,0.024151002772482135,0.00034950387421290994,0.0006369105346574568
baseline,0,2011-08-31,0.16615804264441816,0.00022631800655415523,0.0004252993947998718,0.7010162115209613,0.09772659803392192,0.008708061893203186,0.003879520016693417,0.021231196307049602,0.00020959650049004014,0.00041915568190839216
baseline,0,2011-09-30,0.16759229177693835,0.00023973275459326915,0.0004494178622937079,0.6962948601065527,0.09874665425644617,0.009074095036857924,0.0039875236344594995,0.022946611786250206,0.0002256954895758366,0.00044311729603239633
baseline,0,2011-10-31,0.08383541922107264,8.726358435276692e-05,0.0002685948947208365,0.7251247861612085,0.06876012008039757,0.006343012917157128,0.0036115072392046053,0.11177287716950557,0.00011101368727672315,8.540504510368668e-05
baseline,0,2011-11-30,0.18142432281685547,0.0002608610377615094,0.0004669724673323938,0.6789067236048055,0.10119854988446324,0.009529588286161085,0.004332064516641258,0.023171420397146952,0.0002426876769462956,0.00046680931188621
baseline,0,2011-12-30,0.23372545577970563,0.000336429761338689,0.0005543411684831247,0.6189849304457038,0.1054642821360824,0.010684214694303248,0.00538513730828026,0.023987874750214536,0.0003104119146855992,0.0005669220412027046
baseline,0,2012-01-31,0.2551851172615569,0.0003911992616352242,0.0006265066810761778,0.5922137527754545,0.10852021431474247,0.011526502103807556,0.005992789023423782,0.024531402513069085,0.0003620234693042801,0.0006504925959298366
baseline,0,2012-02-29,0.3489254750243039,0.000513006452844242,0.0007270193337162294,0.4979059254792814,0.10597338546605371,0.012453320750336309,0.0076745663605586765,0.024555479570892862,0.00046543116855128684,0.0008063903934614997
baseline,0,2012-03-30,0.6934638872424033,0.0007343228777737329,0.0006901626388881086,0.21472653203530384,0.05446442463371821,0.008517152133525715,0.010314421257475866,0.014970081580332854,0.0006998975627864114,0.0014191180377920078
baseline,0,2012-04-30,0.6487384659011357,0.0007002458098027197,0.0007006188417369564,0.2540934598416198,0.058948918234137275,0.008879217389735121,0.009784039020935067,0.016060382423621858,0.0006790510100632972,0.0014156015272123045
baseline,0,2012-05-31,0.5672098055490779,0.0006363327599866617,0.0007035291643754907,0.32759142442026573,0.06635290427118032,0.009375617373260292,0.008813775811953322,0.01730708329070886,0.0006359208440585293,0.0013736065151329164
baseline,0,2012-06-29,0.4436567506472585,0.0005133024284111876,0.0006501291281689821,0.4370175387274089,0.07899742844301033,0.009892013454731417,0.007648579794205253,0.020067380818278375,0.0005045081140534597,0.0010523684444734027
baseline,0,2012-07-31,0.21557811414336653,0.0003355375955053148,0.0005672901935227558,0.6354141649498485,0.10646534828506042,0.010739293849188552,0.005238174149830086,0.024773524983691727,0.00031228203134047057,0.0005762698186457724
baseline,0,2012-08-31,0.3162067725425763,0.000518843899034235,0.0007649403674205732,0.5258247785270485,0.11055676409034992,0.012771973015623926,0.007518520993270662,0.02454651180008853,0.00047103311147263547,0.000819861653114701
baseline,0,2012-09-28,0.4456611072158365,0.0006122349078390318,0.0007817815464397805,0.41706129170550926,0.09200722392956749,0.011783296705539495,0.00876465998999399,0.02170104792775217,0.0005704461540679157,0.0010569099174543642
baseline,0,2012-10-31,0.6954096765531017,0.0007730239180659402,0.0007296303994777407,0.21129945778616163,0.05450973317421523,0.00863165474695975,0.010675638657900534,0.01575086512286883,0.0007369653061261064,0.0014833543351226233
baseline,0,2012-11-30,0.6602819602097021,0.0007406996521993726,0.0007306346245770577,0.24224519204259254,0.05811716335346675,0.008879641272643072,0.010255763074665827,0.016584788627688526,0.0007112609916331695,0.0014528961508317399
baseline,0,2012-12-31,0.6669470259827924,0.0008083094460794622,0.0007850280396793137,0.234355523721977,0.05798867430915361,0.009175494608882628,0.010870949284566436,0.016729140038607607,0.0007725057617529615,0.0015673488065086514
baseline,0,2013-01-31,0.6856355418728738,0.0008214064745875995,0.0007793746956878977,0.21830389771559933,0.056300290215791915,0.00903399874809788,0.011026959464293341,0.015737479525125296,0.0007810434506854153,0.0015800078372576417
baseline,0,2013-02-28,0.67589487947453,0.0007819936996562375,0.0007524004085810987,0.22794711829873088,0.05663166096223898,0.008991431487097336,0.010684382429238585,0.01603713607819264,0.0007488796484316788,0.0015301175133026277
baseline,0,2013-03-28,0.664904766901784,0.0008256740947055557,0.0008029422278424756,0.2358462419492203,0.058926702732935335,0.009360122098416529,0.010918232476222497,0.015998593785091254,0.0007942384453320524,0.0016224852884500398
baseline,0,2013-04-30,0.603551469846862,0.0006408646752208977,0.0006722369543571987,0.2966137632576808,0.06163367350578846,0.00897532075643625,0.00916891680267468,0.016767847264863214,0.0006262232129316479,0.0013496837231848427
baseline,0,2013-05-31,0.6494680069047841,0.0006650283220934985,0.0006631904901480277,0.255155364393338,0.05756395698398785,0.008643244370310556,0.009608771093986983,0.016236104409516255,0.0006402162904754008,0.0013561167413593564
baseline,0,2013-06-28,0.5917396150593462,0.0005419159669482117,0.0005803192746781874,0.3107747632458719,0.06091728416020218,0.008486052772179748,0.008258898420618886,0.017005504266909492,0.0005318942907800049,0.001163752542464997
baseline,0,2013-07-31,0.6642708897808771,0.0006075599320783941,0.0005996469375186306,0.2450111748155867,0.05530795918189069,0.008271371652579086,0.009071463064529672,0.015027764801911743,0.000589531381515837,0.001242638451512276
baseline,0,2013-08-30,0.6725173766919003,0.0006322339197475981,0.0006212594410006293,0.23667757254797606,0.05504593473920577,0.008314081838347882,0.009257907153207288,0.015038555614198413,0.0006145922366452109,0.001280485817771029
baseline,0,2013-09-30,0.6956732826266231,0.0006320377385236762,0.0006011931177904309,0.21646854896011197,0.052390763471966896,0.007942551878229795,0.00945038294610359,0.01499777817197555,0.0006039908357358676,0.0012394702529391886
baseline,0,2013-10-31,0.686053978315883,0.0006715249521290926,0.0006431396066190779,0.22288215942838915,0.05418551056563357,0.008283673714172865,0.009718759042694591,0.015604398730454785,0.0006431869398298957,0.001313668704193871
baseline,0,2013-11-29,0.7025553796161733,0.0006418260645602216,0.0006017757394499958,0.20961555281946717,0.05154187684022831,0.007928001014174815,0.009638201270792311,0.01561589830376625,0.0006105488362867393,0.0012509394951007184
baseline,0,2013-12-31,0.6781104756455097,0.0006623477728752126,0.0006385394870958413,0.23052798885021025,0.05459250889360031,0.008414807397499745,0.009592847587778008,0.015502278812783658,0.0006390404929982431,0.0013191650596489754
baseline,0,2014-01-31,0.6410530228992889,0.000669173720646887,0.0006795712334786221,0.2620027738396742,0.05906869911352914,0.008850014571457676,0.009408870019099621,0.016235173319826626,0.0006581016867223743,0.001374599596275897
baseline,0,2014-02-28,0.6494102002477065,0.0007476854351444954,0.0007487479822372611,0.2518658599047236,0.06025303228685491,0.009195280920264646,0.01003743133000834,0.01550735462374457,0.0007285111379062609,0.0015058961314094242
baseline,0,2014-03-31,0.6361863517762322,0.0007488584152010876,0.0007600187445892406,0.2630604279198302,0.061736749689466984,0.009362652951982024,0.010036879892446449,0.01585610692158821,0.0007309626458741052,0.0015209910427896542
baseline,0,2014-04-30,0.6622811407424845,0.0008322605905159154,0.0008099192965212918,0.2374428119234291,0.05984590174574261,0.009446925380620357,0.010885941235620838,0.01603596591757488,0.0007978800244159437,0.0016212531430745854
baseline,0,2014-05-30,0.6589835144339791,0.0008231606852197778,0.000805908505856347,0.240393593479238,0.059652454827215734,0.009426986136854698,0.01085483980880656,0.016654093520499916,0.000791982316179636,0.0016134662861501958
baseline,0,2014-06-30,0.6717500797732142,0.0008310094104125174,0.0008020043691713215,0.22946846928189352,0.05834362265371235,0.009281457679704522,0.011005110310781926,0.01610597729510239,0.0007946572811631698,0.0016176119448440625
baseline,0,2014-07-31,0.6567533287448233,0.0007935959337150596,0.000783327555286052,0.24367249952701453,0.05938104286499797,0.009245332900569088,0.010612915398666644,0.016424664901965733,0.0007650544054150384,0.0015682377675465804
baseline,0,2014-08-29,0.6529484834625968,0.000778883055298692,0.0007721133584655287,0.2470608720174543,0.0600293783123964,0.009245013869896028,0.010438619368556076,0.016431528549777287,0.000753885626495933,0.001541222379063016
baseline,0,2014-09-30,0.6206205334270843,0.0006973213460501722,0.0007219708965073199,0.277898263375467,0.061796312155065654,0.009160777532592595,0.009653711117133425,0.017337496576873928,0.0006841279516020088,0.0014294856216235865
baseline,0,2014-10-31,0.5919447903730934,0.0006594896543712284,0.0007058453216632352,0.30427197256146166,0.06463094469620154,0.00925778354887878,0.009213479144264224,0.017295810865986777,0.0006492961121920173,0.0013705877218873057
baseline,0,2014-11-28,0.6035423801076851,0.0006681460773806019,0.0007043490700814973,0.2947966596128717,0.0629617080079261,0.009161550958977416,0.009303262824920383,0.016805315376523088,0.000657028524409853,0.0013995994392242176
baseline,1,2008-04-30,0.3862681533694395,0.001421027405343122,0.0013395987303972483,0.02814143225410684,0.09504170064139303,0.0423021388658754,0.011312927879826304,0.37837501815787344,0.0007810913073715578,0.05501691138837352
baseline,1,2008-05-30,0.07763712013660096,0.0009009837930981474,0.0013884725163812194,0.05056889680141325,0.05770228258690951,0.06869507399259991,0.004497175037734095,0.7229938435394458,0.0008595736539835276,0.014756577941833536
baseline,1,2008-06-30,0.6167570662222659,0.0006459293428427019,0.0006263646619705687,0.016709600767520538,0.07644050323284665,0.03660695488170203,0.014656558773304545,0.15778818999666072,0.0005576076579614244,0.07921122446292496
baseline,1,2008-07-31,0.6840412711297524,0.0005240133517594258,0.0004776649510833649,0.01117893766839706,0.0636239704724115,0.025708870736619205,0.014538676502867779,0.11369136656610047,0.00043101649214541204,0.08578421212886345
baseline,1,2008-08-29,0.060807614007374194,0.0008358625861224612,0.0012687682152556568,0.08505743505211065,0.09429958950290401,0.10288245529628667,0.0040784301898093775,0.6390381089824388,0.000920297349250286,0.010811438818447783
baseline,1,2008-09-30,0.028929030796093252,0.000899884160865662,0.0011568368010276952,0.22026262172843405,0.14991413839268863,0.21123859188886013,0.003306176850085746,0.37911066582171943,0.0013123386683547352,0.003869714891870805
baseline,1,2008-10-31,0.008155357066781346,0.0007957074177122364,0.0011496981987615612,0.1151487633463847,0.0381204544181444,0.09696889361542631,0.002082567008046258,0.7355429991041054,0.0007858650564340189,0.0012496947682036845
baseline,1,2008-11-28,0.005553804870546559,0.00047870810742194655,0.0006390285510040311,0.027334444512446696,0.012104728413550137,0.03862762958492836,0.0013437875757076894,0.9127645274556582,0.0003623280958833632,0.0007910128328532253
baseline,1,2008-12-31,0.004420054244507796,0.00025481797743739926,0.000385940664724401,0.010585442913299698,0.00602223748943326,0.01949088029901455,0.0007955899463710062,0.9571894376887654,0.00016446999483521634,0.0006911287816112823
baseline,1,2009-01-30,0.004797525029346254,0.00027612969258271005,0.00042713490567464907,0.010611597549186808,0.0060527127760326834,0.0189911832857203,0.0008296563644605018,0.9570323294517499,0.00017586819606479955,0.0008058627491813781
baseline,1,2009-02-27,0.8205665904771419,0.00029901727990761743,0.000184849688140154,0.003527562918149559,0.03796238440917216,0.008587415544854496,0.010856410761760905,0.036182928494368334,0.0001839710826294685,0.08164886934387552
baseline,1,2009-03-31,0.820781403847353,0.0002742102032184817,0.00017334387031617374,0.003648184590476984,0.03717585523406309,0.008721551315971304,0.011136623596323229,0.034108926415427177,0.0001930550647690238,0.0837868458620814
baseline,1,2009-04-30,0.8166159411291923,0.0003050839597289729,0.00019996981303885408,0.0037357134945725013,0.03519492036963297,0.009727970174540326,0.011685870069298979,0.039267550687407025,0.00023359566744019834,0.08303338463514787
baseline,1,2009-05-29,0.8466005356928257,0.0002852499224128912,0.0001454777219137038,0.0012833321305621439,0.019205303239188537,0.002805936422269324,0.005986580218532907,0.009252743160157235,0.00017115861595192128,0.11426368287618563
baseline,1,2009-06-30,0.7462187351259211,0.0002736957597529136,0.00016123292945346184,0.0008841322939409349,0.012427691897760858,0.00135327954295951,0.0027802596908410413,0.002684616717994606,0.0001811103141734255,0.2330352457272025
baseline,1,2009-07-31,0.7419087790155734,0.0002546201882903089,0.00015270355798638322,0.0009658261911437342,0.013445666501772442,0.0013584269766539737,0.002569685233393032,0.0023180930565405173,0.0001734431001133027,0.23685275617853296
baseline,1,2009-08-31,0.7432399633943203,0.0002376377455555197,0.00014698073755452947,0.0011392447552209654,0.015388251281506305,0.0014523604091803393,0.0024300659913347017,0.0020742670569430977,0.00016759939171666197,0.23372362923666765
baseline,1,2009-09-30,0.7437232472137569,0.00025700996558943365,0.00015619908299126326,0.0010740630027683787,0.014558063046442988,0.0014664112174716027,0.002576737491707246,0.002282936588875303,0.00017723782310555503,0.2337280945672912
baseline,1,2009-10-30,0.7413269883037412,0.0002407704062848634,0.00014980074143566038,0.001173992288012692,0.015728308103396097,0.0014769150783939422,0.0024399595662653807,0.0020583276689729985,0.00017046286836290615,0.23523447497513422
baseline,1,2009-11-30,0.7396653322006967,0.00024739174689405763,0.0001528162094675196,0.0011627274053018172,0.015824742920804012,0.0014873856838482891,0.002506373676195822,0.0020461586957071323,0.00017390394472021603,0.23673316751636445
baseline,1,2009-12-31,0.7340102808788294,0.00026395382113656324,0.00016771723556765862,0.001270926884163744,0.016653790010029115,0.0015785693444761407,0.0024636542388173526,0.001899445912258734,0.00019080588092389508,0.24150085579379743
baseline,1,2010-01-29,0.7344708115581019,0.0002448297503448254,0.00015780543894521423,0.001428549697390768,0.018484169924846625,0.0016430718436472047,0.0023224039357271618,0.0017199735185034122,0.0001820315918060255,0.239346352740687
baseline,1,2010-02-26,0.7380490577383495,0.0002377132162086043,0.0001529948672664041,0.0015903066616245168,0.020609834210301325,0.00174712025713243,0.0022905930713968633,0.0016219265587406018,0.00017910660936909593,0.23352134680961065
baseline,1,2010-03-31,0.7333688148433363,0.0002523231903925464,0.00016384534803708158,0.0014720791396713947,0.018824809466410856,0.0017010464163409668,0.002343503538643701,0.001735431530235611,0.00018855809805583818,0.23994958842887584
baseline,1,2010-04-30,0.09983272886254309,0.00092791136870409,0.001318316173450768,0.043798810458438926,0.05683322236921048,0.06431976040390443,0.005111939113878641,0.709476684293293,0.0008554637933696277,0.01752516316320691
baseline,1,2010-05-28,0.1505550001319895,0.0006597889338424078,0.0009300146470662819,0.09164304772923314,0.14813093848914433,0.11786285415019584,0.006251231762384219,0.45740279212111573,0.0009303110490337848,0.025634020985994672
baseline,1,2010-06-30,0.7921588211241314,0.00036710894333161643,0.0002413459400007342,0.0056238841878580486,0.05425954391573437,0.013223122596922193,0.01176116604280736,0.0437698772953563,0.00023584557948220917,0.07835928437437581
baseline,1,2010-07-30,0.2613522431891089,0.0006209355405839531,0.0008166058710690694,0.07919408064266066,0.16126786721356068,0.11317670128857345,0.008772265614657038,0.33118570448826007,0.0009410480411944195,0.04267254811033176
baseline,1,2010-08-31,0.7850426139351856,0.0003467039887760538,0.0002525615258310327,0.006851523665935246,0.05116541878594731,0.016676164206424114,0.012269207954510909,0.04542307484290652,0.00030481059169256233,0.08166792050279073
baseline,1,2010-09-30,0.33944826033296166,0.0012098253440411925,0.001179426173895762,0.030561676715287967,0.08745260206147205,0.05122067685377702,0.010708557388348215,0.43171510036138616,0.0008450922977397927,0.045658782471090335
baseline,1,2010-10-29,0.8063139858377737,0.00034417746114925814,0.0002365212467770245,0.005269038518642711,0.04406067718450458,0.01248661945133743,0.010967241280641127,0.03359697165781288,0.0002873939177842743,0.0864373734435772
baseline,1,2010-11-30,0.737068903711395,0.00025209676268215516,0.00015729067934979965,0.0011509742536518343,0.015494640673575604,0.0014676762254572941,0.0024294612095335463,0.001947587952214879,0.00017980664343074463,0.23985156188870904
baseline,1,2010-12-31,0.7325996660539515,0.0002678538786458642,0.000170359215434221,0.0012484292508598796,0.016467868975444888,0.0015697658095313594,0.002480299554542876,0.0018993292754073952,0.00019369808684671012,0.2431027298993353
baseline,1,2011-01-31,0.733516801974076,0.00025897012200246913,0.00016634321672040763,0.0013171369322908786,0.017116072393692092,0.001596504544885416,0.002411089232258421,0.0018190528196186653,0.00019072495414658368,0.241607303810309
baseline,1,2011-02-28,0.7334618892601055,0.0002641251581019596,0.00017001405341649797,0.0014354084870457412,0.018358250210898697,0.0017199248845409165,0.002423055557317402,0.001827576452700459,0.00019643722534089106,0.24014331871053188
baseline,1,2011-03-31,0.7345951322015916,0.000252235358709591,0.00016268435676721678,0.0015026446639852078,0.019325826023166816,0.0017299399740637457,0.002358982451121356,0.0017451934453078626,0.00018804459179657898,0.23813931693349005
baseline,1,2011-04-29,0.7316751186050057,0.00026571480352239837,0.000171681731713552,0.0014551897134027427,0.018541068114985765,0.0017389073818100125,0.0024426198100024753,0.0018678045356238838,0.0001960532898196256,0.2416458420141138
baseline,1,2011-05-31,0.7250362492520093,0.0004031787920824354,0.0003487571810220594,0.01157263852667701,0.06497063551652091,0.027398411615640095,0.01357151624222122,0.07212173554507709,0.0004191183683361953,0.08415775896041387
baseline,1,2011-06-30,0.7345803946628328,0.0002458134457564958,0.00015928267035119657,0.001581633126568481,0.020320227422098148,0.0017627111469619417,0.002330852800573773,0.0016641508270899875,0.00018513274784192325,0.2371698011499252
baseline,1,2011-07-29,0.07273856460053635,0.0008135507073671748,0.0012534424326044679,0.07451240311951735,0.08515159834612268,0.09270328334600922,0.00432214400560677,0.654078963966812,0.0009027465053002803,0.013523302970123833
baseline,1,2011-08-31,0.7151410817088769,0.00032282601214916765,0.00020090464744795187,0.014021434842469963,0.1394951943088366,0.02992650942938881,0.010531404596503244,0.03311708853808857,0.0002536507298136284,0.056989905186425036
baseline,1,2011-09-30,0.6927117437232706,0.00033413916637452587,0.00022265512953717313,0.016799793849598364,0.1549919491915592,0.03288065228244294,0.010088683324535337,0.033500383139617194,0.00026479618743622136,0.05820520400562848
baseline,1,2011-10-31,0.22013325830340116,0.0013309125966209608,0.0011526775831482824,0.04613578726853474,0.16110359111495806,0.0607550615162263,0.0077574695172009265,0.47239703269191596,0.0007078514176084026,0.028526357990385165
baseline,1,2011-11-30,0.6854134250434648,0.00035117350554493597,0.00023212182487465,0.017981445107786313,0.15621433082490216,0.037266309630977414,0.010746223912667968,0.035250250837531964,0.00030303563279616307,0.05624168367945361
baseline,1,2011-12-30,0.05116049729675306,0.0008658734901578629,0.0011563736269135602,0.11593199999874616,0.13582854671354083,0.1387947824330817,0.00353631813824992,0.5440323963476394,0.00084755887083305,0.007845653084084468
baseline,1,2012-01-31,0.6941840727111493,0.0003837990163791733,0.00034004872504439537,0.018351454783209934,0.0868171386070481,0.04346266686846792,0.013966460831592413,0.07099430233747785,0.0005378434615715927,0.07096221265805942
baseline,1,2012-02-29,0.1038468916414388,0.0009234640617207874,0.0013162735008453066,0.045385760756977714,0.05999800520366658,0.06555980225756884,0.005224749674802785,0.6981011677293515,0.0008688351561065575,0.018775050017521198
baseline,1,2012-03-30,0.5750644121882351,0.000495637595271243,0.000556519376123056,0.02788549547351015,0.09693694067580287,0.060405967250109646,0.013880765248260504,0.1460179363503744,0.0006871642561884473,0.07806916158612455
baseline,1,2012-04-30,0.7353008737194487,0.0002492303585610255,0.00016079542396294673,0.0014631771593847883,0.01889993588127322,0.0016921034759883249,0.0023316947296969583,0.0017255889161703558,0.00018608732855218932,0.23799051300696158
baseline,1,2012-05-31,0.7364833423413542,0.00024115229694467662,0.00015903279504212676,0.0017762946536213318,0.022274052960888698,0.001895711033886589,0.0022757026805052564,0.001616676512485008,0.00018827459443985142,0.23308976013083232
baseline,1,2012-06-29,0.7462325826907105,0.0002451205000218523,0.00015721256359033073,0.0019487523119016581,0.025375661085821663,0.002138838131291662,0.0024528896998446846,0.0017491190843392762,0.00018774213230491707,0.21951208180017348
baseline,1,2012-07-31,0.050257277817806235,0.0009024162629321096,0.0011892118050857497,0.10444129716436781,0.12239523845040888,0.12976411822542844,0.0035929262219999525,0.5790472703171509,0.0008457213475539485,0.00756452238726596
baseline,1,2012-08-31,0.15544107997217435,0.0010367237773190182,0.0013423884609758362,0.049044724246358064,0.08254817427924388,0.0682058517375064,0.0068127110794633525,0.6072503284280801,0.0009318564326789308,0.02738616158619992
baseline,1,2012-09-28,0.8036738775925867,0.0003076437721307184,0.00019590915373570383,0.002955961146283042,0.03363862379415423,0.005076350779411917,0.0059585149939160005,0.008737005370355879,0.00022437381609253477,0.13923173958133328
baseline,1,2012-10-31,0.7705785257035391,0.0003806862757742212,0.00028933360071701554,0.007847063603528192,0.05167871755868332,0.01813770017131828,0.01245778206636342,0.04624650141065076,0.00035873458685826287,0.09202495502256745
baseline,1,2012-11-30,0.7315467317930567,0.0002533530414947142,0.00016470626603133477,0.0014939319812512317,0.019073006919815987,0.0017129806108951715,0.0023538704942547457,0.0017204535939525055,0.00018961286646630173,0.24149135243278105
baseline,1,2012-12-31,0.7303139190069105,0.0002660977346160388,0.0001746603389441893,0.0015382733253380839,0.019173239386250193,0.0017837774264082857,0.002419012469653659,0.0017754802828293594,0.00020105352284484134,0.24235448650620492
baseline,1,2013-01-31,0.6426693912212765,0.0005111276673556301,0.0005041719442456977,0.019204032157029725,0.07938718429697003,0.04415105772050083,0.014769527738075017,0.11677605372424622,0.0006183517294879777,0.08140910180081241
baseline,1,2013-02-28,0.7330697282240418,0.00026654596162892414,0.00017336966242322132,0.0014723277006561642,0.01849148907844293,0.0017469467323102095,0.0024223741109739043,0.0018085589132998084,0.0002004265520480727,0.24034823306417494
baseline,1,2013-03-28,0.7319580672803523,0.0002687661153190838,0.00017655834128450426,0.0015711188451410743,0.019560261253504036,0.0018273022975131544,0.0024271066907189127,0.0017817391134154561,0.00020419971246497714,0.24022488035028652
baseline,1,2013-04-30,0.7388149013596501,0.00024569389391414015,0.00016085199487644636,0.0016675489308148228,0.02068113226831844,0.0018339528210125195,0.0022740625468242125,0.0016542078589429066,0.00018910809720246042,0.23247854022844366
baseline,1,2013-05-31,0.7355057528628719,0.00024916735265608647,0.00016365434264320716,0.0015637178624079192,0.019605751977083197,0.0017573328550135679,0.0023007525363922744,0.0016718663734965795,0.0001911470078876129,0.23699085682954768
baseline,1,2013-06-28,0.06361634940163897,0.0008550140989922312,0.0012148112364894145,0.060157817417716454,0.07205732855281899,0.08294750318988282,0.004032582984448738,0.7038561824621654,0.0008144232250616588,0.01044798743078539
baseline,1,2013-07-31,0.07543331042741684,0.0009921348926132997,0.00136712300048876,0.05838430642507713,0.08051794435067423,0.07591488596608913,0.004392315740626415,0.6892044505754561,0.000781248194652235,0.013012280426905828
baseline,1,2013-08-30,0.6907773219348077,0.0006151073707500017,0.0005090473677041695,0.011391087146242014,0.061563610834924794,0.026316881933846844,0.015012825456711681,0.10908396264307911,0.0005042919262909118,0.08422586338564271
baseline,1,2013-09-30,0.6544216947190912,0.00044935470356663134,0.0004557592159956894,0.016954541581830383,0.07087528668956755,0.0410341447592487,0.0146433035628821,0.11845231049270936,0.0005729532976614195,0.08214065097744709
baseline,1,2013-10-31,0.7079602104501621,0.00043021610021700156,0.0003866117066912703,0.012096065062710552,0.05952618888387051,0.030830635592619702,0.014667781599740002,0.09168793341891741,0.0004987551607397246,0.08191560202433165
baseline,1,2013-11-29,0.7358104492018174,0.0002533870944083684,0.00016205579447500684,0.0013067846462844661,0.017072185191126896,0.0015987527183836273,0.002374503091008403,0.0018408879461760317,0.00018630340532004003,0.23939469091099988
baseline,1,2013-12-31,0.7342760730412751,0.00025106666026971085,0.00016274525869647662,0.0014037887075045964,0.018075066732968523,0.001647899512713045,0.002333306979391288,0.0017391912407353001,0.00018779627389871635,0.2399230655925473
baseline,1,2014-01-31,0.7336370301853514,0.0002453799974800171,0.00016111220119417513,0.0015740471566039653,0.019986255347983754,0.0017501991518672254,0.002289126692734245,0.0016556746980162995,0.00018796820707881262,0.23851320636169013
baseline,1,2014-02-28,0.7336309769914852,0.00025415658770690805,0.00016561367638163443,0.0015783300075365237,0.020049064748610523,0.0017898227518559553,0.0023399982986759427,0.001708716469118025,0.0001917447526158161,0.2382915757160138
baseline,1,2014-03-31,0.7577787606131614,0.00044014446322443673,0.0003331097801214824,0.007886616803741784,0.05387115189958172,0.01927338801466829,0.013420507180680295,0.06364011097387766,0.0003565387991738856,0.08299967147176915
baseline,1,2014-04-30,0.46062674113434493,0.0005783200741259496,0.0007152045556532336,0.042940542518916616,0.11756111281401538,0.08053005788616234,0.012688089511176186,0.21401726915726516,0.0008325550152199968,0.06951010733312006
baseline,1,2014-05-30,0.4257130536293497,0.0005996095296224457,0.0007723240530724494,0.04696237167337723,0.11871962943397274,0.08480328541361226,0.012267265951501112,0.24202005170614838,0.0008745621976042519,0.06726784641173951
baseline,1,2014-06-30,0.7316639528675049,0.00026950902365153616,0.0001761200607294435,0.0014664976840078085,0.01833316962301597,0.0017516424747651789,0.0024560265323197742,0.0018922908157195275,0.00020045749422774258,0.2417903334240583
baseline,1,2014-07-31,0.731858814766343,0.0002613086176839912,0.00017137606365977712,0.0015208362608014618,0.01901518878800594,0.0017627360215947924,0.002390337069347248,0.001795004610618876,0.00019626159931219697,0.24102813620263283
baseline,1,2014-08-29,0.7314371933376236,0.0002607725746192401,0.0001709287031942175,0.0015219554268732659,0.01913834136760293,0.0017636908233435264,0.0023947743547481615,0.0017865505082771173,0.00019532053629791528,0.2413304723674202
baseline,1,2014-09-30,0.732315952098173,0.00024759122464912956,0.00016390333130070103,0.0015866613710683987,0.01991812253707863,0.0017604357812086298,0.002310863498139739,0.0016715737415667789,0.00018964124768257353,0.23983525516913262
baseline,1,2014-10-31,0.05007758586846165,0.0008751070769152954,0.0012001022570221997,0.09264572525349224,0.10503494389517634,0.1199896614854738,0.003575194698492009,0.6180558348722851,0.0008354225140515888,0.00771042207862975
baseline,1,2014-11-28,0.03897993316209838,0.0008213854068486885,0.0011679219703093202,0.11295509961645674,0.10439341801607463,0.1456186657639791,0.003264224194909102,0.5860708094299888,0.0009315190725524583,0.005797023366782918
baseline,2,2008-04-30,0.2362422147265026,0.0004406135845739201,0.00041587486966478566,0.2669937274214452,0.3953911495275912,0.009135493185982712,0.049347226118808665,0.041054219007112785,0.0002348685558460533,0.0007446130024719954
baseline,2,2008-05-30,0.24554484970583532,0.0005265600614039797,0.00047804489226328307,0.26794429196643355,0.33666407460475534,0.010318458955489626,0.060403474848233114,0.07695212484957144,0.00028958822224763736,0.0008785318937666091
baseline,2,2008-06-30,0.2980267177216164,0.0006343025954026546,0.0005493882944913221,0.2444172624449219,0.28269191854905534,0.010753910382532993,0.07819815333959822,0.08337444196779098,0.00032819293642344133,0.001025711768166648
baseline,2,2008-07-31,0.22499031193675087,0.0003927413292312462,0.00037037137684408386,0.26638175546809956,0.4203401202535833,0.0089961781294062,0.04430348294538555,0.033405639304650285,0.00019199253438402093,0.0006274067216648391
baseline,2,2008-08-29,0.09691618446763516,0.0002384980793480267,0.00023896969190375834,0.35890217842191,0.3809622230422453,0.01157201970583049,0.020766300920159398,0.13001262270919936,9.903764091078258e-05,0.00029196532085783194
baseline,2,2008-09-30,0.07648537138540713,0.00013886631339078844,0.0001320680830226573,0.3865344597889602,0.456074936521875,0.009360054582473984,0.012931229260100733,0.05814599910540619,4.722646088337058e-05,0.00014978849848000823
baseline,2,2008-10-31,0.05569647301069468,0.00031014251503438137,0.000336809840080454,0.44219294692054173,0.24384289493214348,0.018542092493210295,0.01096843659076924,0.22790563550699763,8.954950658212326e-05,0.00011501868394609384
baseline,2,2008-11-28,0.033139889239449286,0.00036191084915800136,0.00030772645230313166,0.12214903962294466,0.045451004341596546,0.011694529900597564,0.011508153349485784,0.775186741814643,8.765044857313757e-05,0.00011335398124897107
baseline,2,2008-12-31,0.007670667286659583,0.00013816768949375134,0.00021662176012117814,0.018164310464549718,0.007234552514684266,0.004166840173664271,0.01218980127843038,0.9501057551996385,6.286223714498885e-05,5.04213956134177e-05
baseline,2,2009-01-30,0.009606493197413435,0.00016570949526537718,0.000264275835692328,0.019601677609370018,0.007926282385260977,0.004696993655590252,0.015125163965942526,0.9424759147549436,7.678606229812581e-05,6.0703038223349085e-05
baseline,2,2009-02-27,0.29460388873832155,0.001011812501337725,0.001299760683290354,0.040018903543788835,0.05783558625506028,0.0096580657742466,0.4093319862989942,0.18421309993945514,0.0006459024224272996,0.001380993843078158
baseline,2,2009-03-31,0.32929575536997907,0.0009207731681871356,0.0011875441831370702,0.04795026499773068,0.06630283832846208,0.009347190252800031,0.4106555186940945,0.13242535487490265,0.0005905498288209437,0.0013242103018859285
baseline,2,2009-04-30,0.25620616464575197,0.0010185332213905728,0.001371784910645639,0.03796903380879662,0.04808332855965586,0.00971559740664159,0.3955780273824056,0.24779519108066406,0.0007755336004833752,0.0014868053835648124
baseline,2,2009-05-29,0.6148333170778526,0.0010363111309944569,0.0008122312366396593,0.09637247560115686,0.11743188693712263,0.007433384080805757,0.14240025391445607,0.017816419285621818,0.00042058311295669324,0.0014431376223934178
baseline,2,2009-06-30,0.4108163902899337,0.0011178673574553113,0.0014994344957675546,0.0490575811923263,0.07167361335126654,0.008447142869172156,0.3922418077817278,0.06265050700175356,0.0007431456786680244,0.0017525099819289327
baseline,2,2009-07-31,0.6111641538314893,0.001047027409462441,0.0008455984676623937,0.09795677884622193,0.12241375037372453,0.007651052477995077,0.13975368841436778,0.01724804669971499,0.0004360862100686209,0.0014838172692931697
baseline,2,2009-08-31,0.5976741983697353,0.0010039279823709755,0.0008153641875443864,0.10442779823034651,0.1330822744556347,0.00782973683680748,0.1354431791034086,0.017883038758380963,0.00041496686600247287,0.0014255152097686179
baseline,2,2009-09-30,0.6071636751346038,0.0010924850198529052,0.0008976788030672621,0.09794148494477399,0.12475518463635932,0.007898609661799358,0.14044602222881888,0.017797712715799954,0.0004582901693866508,0.0015488566855377881
baseline,2,2009-10-30,0.5944517094770071,0.0010165404687583473,0.0008477705293157195,0.10545081123604359,0.13622495406324853,0.008040276986736865,0.13463707886455736,0.01744820156790981,0.00042860200125847503,0.0014540548051643625
baseline,2,2009-11-30,0.6072447168400257,0.0010711640344229184,0.0008862329687693098,0.09908003542366685,0.12510960797834383,0.007942447220735458,0.13965765375251082,0.017043453609228782,0.000446426788376781,0.001518261383919608
baseline,2,2009-12-31,0.5884217814592505,0.0010901797976239885,0.0009602607552416369,0.10776627368826482,0.14221670436611136,0.008605833261318044,0.1322444597240146,0.01661244210714826,0.000492836023589944,0.0015892288174369459
baseline,2,2010-01-29,0.5832223883783297,0.0010420713964462399,0.000895129417561752,0.11053558528993214,0.14548376766443205,0.008460304116908292,0.13110542833348207,0.01728507192796463,0.0004554936081973462,0.0015147598667458054
baseline,2,2010-02-26,0.5638790672754055,0.0009580591553847184,0.0008241436059428033,0.12054279573777091,0.16019658682813562,0.0085781380592485,0.12563895556733612,0.017564652668197116,0.0004190579706596643,0.0013985431319191392
baseline,2,2010-03-31,0.5842333808671512,0.0010712971698610416,0.0009255330124214281,0.10945990109230945,0.14495461978526178,0.00851055586641088,0.1314455768665944,0.017355874884270057,0.00047517207005751973,0.001568088385662191
baseline,2,2010-04-30,0.586128544724774,0.0010716979887728287,0.0009214383668945982,0.10854443191320491,0.14291536593981574,0.008491361722026757,0.13251863022778684,0.017397281461872513,0.0004694548849589291,0.0015417927698928105
baseline,2,2010-05-28,0.5536081572512583,0.0008987316361752973,0.0007437494003518302,0.1268928773120054,0.1632246701040574,0.008586933562128696,0.12519143472441877,0.019202969016418932,0.0003722810955847724,0.0012781958976006982
baseline,2,2010-06-30,0.5182718390477434,0.0008763100483200695,0.0007488639355349171,0.14226283330586045,0.19199241972039346,0.009051230904992874,0.11413043234151753,0.02101261579634964,0.0003728679812062341,0.0012805869180814056
baseline,2,2010-07-30,0.19356117744456325,0.0006875780137871896,0.0005956669508924702,0.18156817329841587,0.17816416800471555,0.012891164762829161,0.08442326600146621,0.34690589633113306,0.0003176906757805758,0.0008852185164166074
baseline,2,2010-08-31,0.3418972583693908,0.0012504775069349054,0.0015965996202868158,0.047484340564490767,0.06476676179803303,0.00996379146030451,0.38190136032302496,0.14838895497666194,0.0008618314654115497,0.0018886239154606
baseline,2,2010-09-30,0.5914282484478166,0.0011095778352210308,0.0009532960649773046,0.10598300267317287,0.13773010813997041,0.00849613946408539,0.13460082056141556,0.017594480997279734,0.0004926383574553788,0.0016116874586056646
baseline,2,2010-10-29,0.590410121756007,0.0011082110114277242,0.0009692885557946952,0.10590704954875516,0.13988631210274222,0.008548713661575015,0.13397005985848268,0.01707228869052617,0.0004980181750636266,0.0016299366396257387
baseline,2,2010-11-30,0.5888448537628665,0.0010253380483893825,0.000891140112482489,0.10822945564211214,0.14272154475979082,0.008330419087506886,0.13159318926226038,0.016420597530296448,0.00045589582779433096,0.0014875659665006301
baseline,2,2010-12-31,0.5798576036187557,0.0010634990062648154,0.0009600953726280592,0.11173673754848265,0.15080939611081667,0.008791022255101194,0.1287191099011919,0.016008299601120476,0.0004944476424261861,0.0015597889432122443
baseline,2,2011-01-31,0.5738752174921008,0.0010420907223631065,0.0009328255713305771,0.11474024202909557,0.15524245191337713,0.008792216003771398,0.12694233832480137,0.016408819577657927,0.0004826172308587963,0.001541181134643334
baseline,2,2011-02-28,0.5560133525814319,0.0010477213470422094,0.0009626531625554116,0.12202310251014317,0.16891334499114286,0.009275223343366572,0.12288942224704173,0.016811854226684034,0.0004977077857221705,0.0015656178048697358
baseline,2,2011-03-31,0.5592050119891693,0.0010212411126922472,0.0009086263566232736,0.12147186438637035,0.16465711732741614,0.008974937776697377,0.12427049862700018,0.01750688383472289,0.00046732322057202057,0.0015164953687364195
baseline,2,2011-04-29,0.5697479079298183,0.0011176354517554582,0.0010113636600201455,0.11486588747719594,0.15656788152089904,0.009145717587521597,0.12795934628611308,0.01739896311408983,0.0005190325671933025,0.0016662644053932112
baseline,2,2011-05-31,0.576901968012634,0.0010529003092960589,0.0009163844082209421,0.11242730852269782,0.15054884278295472,0.008583763262533397,0.12968393378799964,0.01785480668990211,0.00046543896059523306,0.0015646532631662141
baseline,2,2011-06-30,0.5670126104556639,0.0010324545704909493,0.0008961996474680052,0.11802264105086901,0.15688717526454696,0.00881436974771939,0.12727234707687501,0.0180881485091234,0.0004567792762789843,0.0015172744009645067
baseline,2,2011-07-29,0.5509386492454889,0.000988672214237549,0.0008728267161978105,0.12540474243169955,0.17037041995470475,0.008979852490582897,0.12209853920853299,0.018436127869167786,0.0004430116496578772,0.001467158219729987
baseline,2,2011-08-31,0.19035960573139138,0.00029201727641071896,0.0002726804319674447,0.2896810753266642,0.44145922700402745,0.008807560412249574,0.03769512201331761,0.030837290862255458,0.0001442027708910231,0.00045121817082514415
baseline,2,2011-09-30,0.16244180375759207,0.0002796563447294712,0.0002674918450827849,0.30402163064515725,0.44584867978017734,0.009252840700190538,0.0324769264743028,0.044853678803767054,0.00013318281236253575,0.00042410883663822563
baseline,2,2011-10-31,0.1376441353584442,0.00022943074048098656,0.0002205178026289677,0.3293703931755999,0.45080009355037576,0.009231568158172304,0.025774785673550293,0.0463138936108686,9.915484589145801e-05,0.0003160270839875513
baseline,2,2011-11-30,0.1611915674827568,0.0002830633860466953,0.0002703613736944783,0.32498584115654294,0.41514285281067304,0.009549785935176438,0.03438722212555699,0.05359595131117145,0.00014946719476647413,0.0004438872236146905
baseline,2,2011-12-30,0.18928375529546038,0.0003813623496108959,0.0003586732388627496,0.3103849678289227,0.3591668178022011,0.010335940306866895,0.045853157729301784,0.08340237730857122,0.0002137600946191874,0.0006191880455830534
baseline,2,2012-01-31,0.5707374702213566,0.0010076678628435963,0.000809818659549561,0.11367001036406568,0.14182868553037034,0.008115762160558189,0.13836494929854531,0.02356305344838433,0.0004251932244988526,0.0014773892298275413
baseline,2,2012-02-29,0.5954951832648994,0.001162941894159604,0.0010056722172422893,0.10347943674859077,0.13535915099458243,0.008551397741441718,0.13549169206580908,0.01721720547396922,0.0005299719641239877,0.001707347635181371
baseline,2,2012-03-30,0.5874080576072255,0.0011023573611827677,0.0009629868768351878,0.10789794862436866,0.14247573169471725,0.00862353198905887,0.1326382317505093,0.01676974510162392,0.0005005720504223828,0.0016208369440562581
baseline,2,2012-04-30,0.5745257511921763,0.0010388127543867437,0.0009033507604058992,0.11470139631797138,0.15205754115974252,0.00867612285313637,0.12871742712488252,0.017388417794284187,0.0004660892895478989,0.0015250907534663902
baseline,2,2012-05-31,0.5336605714654731,0.0009334940110826613,0.0008197635109276388,0.1339252267534715,0.1828257402821239,0.009097041220975738,0.11764770749171227,0.019284548936518237,0.00041748579980755714,0.0013884205279076018
baseline,2,2012-06-29,0.32190569548295317,0.000548753417079654,0.0005051744806792369,0.2246540773521492,0.3487891207061523,0.009534681670971207,0.06515089940269247,0.027797672912536694,0.00025885218449500104,0.0008550723902911162
baseline,2,2012-07-31,0.19604868309066023,0.000520766294112346,0.00045522915629279194,0.2740142348325743,0.288812762861931,0.012269672345796385,0.05494104753896778,0.1719621814759635,0.0002448774535622724,0.0007305449501392586
baseline,2,2012-08-31,0.3750666052322624,0.0007728410251363419,0.0006870831494208009,0.20871744763090752,0.24866873484316745,0.010436415858715256,0.09648102903805035,0.057494431116783,0.0004087644254892752,0.0012666476800677043
baseline,2,2012-09-28,0.5265971846285412,0.0009338075282459758,0.0008406671963039654,0.13570931215772172,0.1909889372584939,0.009033558836015938,0.11471991580717796,0.01933634912499371,0.00043048123813174645,0.0014097862243737823
baseline,2,2012-10-31,0.590852071496591,0.001153367505226484,0.001005729486635874,0.10580712092307232,0.1392894658330527,0.008689772464382198,0.13396098881600244,0.01701511706578343,0.0005243255916297023,0.0017020408176238238
baseline,2,2012-11-30,0.5852843625617419,0.0011108533427478915,0.0009575759995558099,0.108906086294292,0.14284919168812937,0.008630482619937568,0.1325339819850358,0.01759256790096196,0.0004963893818027641,0.0016385082257949592
baseline,2,2012-12-31,0.5827237709510537,0.0011726949095986088,0.0010209852729766325,0.10932011379412673,0.14431677613397026,0.008878942782979701,0.132388763386492,0.017888931135072242,0.0005398039119187439,0.0017492177218114311
baseline,2,2013-01-31,0.5786300260440536,0.0011661887590144132,0.0010367503295013692,0.11111800284328872,0.14868663690137443,0.009061443944730078,0.1307210309499433,0.01729825585327763,0.0005476183071631288,0.00173404606765318
baseline,2,2013-02-28,0.5745511036838119,0.0011272739283404336,0.000992629061732918,0.11347506675839115,0.1515698099523792,0.00896710807284166,0.12947761029656413,0.017636563249842366,0.0005251815168506631,0.0016776534792456775
baseline,2,2013-03-28,0.562543247451186,0.0011154545430541848,0.0010117575364432948,0.11854367502367621,0.16214677210866,0.00930076903142584,0.12564867913831818,0.017491086102463516,0.0005288122518033585,0.0016697468129695187
baseline,2,2013-04-30,0.526245231953033,0.000906042283675067,0.0008057669828029331,0.13678773217701187,0.19021533604823238,0.00901179045912504,0.11479623792140241,0.019441519383893047,0.00041499386278405406,0.001375348928040224
baseline,2,2013-05-31,0.5462109959347445,0.0009582675811958247,0.0008538809507879737,0.1277904425024359,0.1763695371871249,0.008893129490760958,0.11900993939589778,0.018032833836520667,0.0004430682606451254,0.001437904859886315
baseline,2,2013-06-28,0.3974135895375845,0.0007071548338405156,0.000593329503587979,0.20459606642979905,0.2259164730716442,0.010317534541218086,0.1035193529534678,0.05548869036107141,0.0003512696660241746,0.0010965391017623066
baseline,2,2013-07-31,0.556578753522469,0.0009399150411716651,0.0008407296750318824,0.1238816574661807,0.16918524987089012,0.008771279410815775,0.12159797638725038,0.01638301274877438,0.00043352752476831985,0.0013878983526477997
baseline,2,2013-08-30,0.5693662183249838,0.0009844321699862338,0.0008694467434266486,0.1178891404052434,0.15814301997404642,0.008675364640432517,0.12560488698845831,0.01657714769144503,0.00044505687605535856,0.0014452861859222297
baseline,2,2013-09-30,0.599964147079374,0.0010539505281454923,0.0008883150569212198,0.1032257833861868,0.13280901870154874,0.00808774708493344,0.13526739393857004,0.016720340414913427,0.00045688589516664207,0.0015264179142401178
baseline,2,2013-10-31,0.6027027304422898,0.001097346771905365,0.000918196236721288,0.10122851369997467,0.1296563277535586,0.00810753386687691,0.13710535481504607,0.017120560112026225,0.000475741941909465,0.0015876943596914502
baseline,2,2013-11-29,0.6018029682510626,0.0010918443350462382,0.0009066822317978278,0.10179004826503008,0.13004552042205336,0.008064401403201228,0.13697033469614725,0.017268736798618258,0.0004775043353972701,0.0015819592616458482
baseline,2,2013-12-31,0.5923284638071096,0.0010685490812003425,0.0009033441786515519,0.10667962117808305,0.13765368005738057,0.008305064152220749,0.13389185393501513,0.017140743213408957,0.00047264223364611147,0.001556038163283921
baseline,2,2014-01-31,0.5761195649465057,0.0010322971020828428,0.000887973348668539,0.11432237889666273,0.15032178725589984,0.00861346219035127,0.1292399578019298,0.01748980212273427,0.0004583864781217849,0.0015143898570433314
baseline,2,2014-02-28,0.5709047670388393,0.0010666297795114852,0.0009435369243012432,0.11555373649221996,0.15505671986465275,0.008927120297363826,0.1281065780224791,0.017387933368417516,0.0004825363529191155,0.0015704418592954609
baseline,2,2014-03-31,0.5598340456663423,0.0010465507938242512,0.0009348038151236541,0.12031153944053533,0.16361780331170767,0.00906916088751227,0.12515320292175844,0.017995535503960186,0.000477123811471997,0.0015602338477640396
baseline,2,2014-04-30,0.5748051264930629,0.0011387572993580097,0.001005956016088002,0.11271974063511468,0.15118499532398658,0.00898709101993347,0.13001214491027693,0.017928453650745527,0.0005246315213740503,0.0016931031300598301
baseline,2,2014-05-30,0.5814056883296194,0.0011635274276621211,0.0010115769686500574,0.10947449633306736,0.1449371472408057,0.008834577876098504,0.13251246283557722,0.018388662537988296,0.0005335506946558018,0.0017383097558757328
baseline,2,2014-06-30,0.5832933108971581,0.0011770020123960054,0.0010388295798594105,0.10825478144630957,0.14415443603014952,0.008910941590875797,0.13292425695501542,0.017948055360403833,0.0005442354318714404,0.0017541506959609708
baseline,2,2014-07-31,0.5772854659671943,0.0011437863955252997,0.0010047022762903679,0.11139622007906953,0.1487330012959399,0.008906683336208865,0.13108026566015427,0.01821175821514015,0.0005259929864447252,0.0017121237880326637
baseline,2,2014-08-29,0.5836570542624829,0.001146533758852972,0.0009976902391503584,0.10864563139528614,0.14351478441452833,0.008774968028518097,0.13309723857523223,0.017953037089302504,0.0005183951696658632,0.0016946670669805923
baseline,2,2014-09-30,0.5785155039567174,0.0010731126852261573,0.0009151159814006402,0.11249891953484646,0.14738406202033066,0.008607709378913296,0.13064311642863236,0.018304414648419188,0.0004745562122545659,0.00158348915325922
baseline,2,2014-10-31,0.5591725280403345,0.0010105811827925161,0.0008742396983637483,0.12189586186384581,0.16245954668023288,0.008863147638400081,0.12533619124314382,0.018446295112756653,0.00045044305422603905,0.0014911654859039068
baseline,2,2014-11-28,0.5536441252926053,0.0009907739054743126,0.0008733273171536749,0.12372815200424764,0.16928272328104302,0.008863159527010396,0.1222529154282362,0.018432002936252054,0.0004466524517054056,0.001486167856272023
baseline,3,2008-04-30,0.8265358074340953,0.0004658128980335554,0.0008245046534493076,0.10393163187167938,0.005524327005948864,0.005683222799068911,0.029777114732982553,0.009977951250567729,0.0005106800014921627,0.01676894735268233
baseline,3,2008-05-30,0.8460365321456683,0.00046152662606680276,0.0007684442021710531,0.08605172834761517,0.004839348552384714,0.005222206087311173,0.03044845802544789,0.008643791751995075,0.0004763576799852714,0.017051606581354385
baseline,3,2008-06-30,0.8472532304501647,0.00043015953072882845,0.0007311202937907587,0.08650075041193345,0.00470382557734439,0.005100355027181387,0.02988252345401865,0.00873470590465271,0.00045436978827275565,0.016208959561912314
baseline,3,2008-07-31,0.8166736451840213,0.000380323567050789,0.0006969259311153405,0.11804505373724508,0.005516755993362578,0.005603243061945494,0.02780940440505609,0.01055327594139612,0.0004300598659115171,0.014291312312895477
baseline,3,2008-08-29,0.7674992097313778,0.00038111185166167386,0.0006988429905875514,0.16699046740395287,0.006751302229107698,0.006307229557908354,0.025508816656499272,0.012091462523702365,0.0004113370422045631,0.013360220012997795
baseline,3,2008-09-30,0.05371682348774385,8.243099068622009e-05,0.0001528918968326725,0.907916543281261,0.013986540049789475,0.006630010582148698,0.0031877259357650047,0.013431374514142311,0.00011385934870326095,0.0007817999129273881
baseline,3,2008-10-31,0.00612244172797803,2.2284697359934317e-05,4.5574389741084486e-05,0.9692808178641502,0.007908423961526722,0.0023599406497397894,0.00047055358644233,0.013697689143892716,2.3661801298174012e-05,6.861217787108924e-05
baseline,3,2008-11-28,0.06905784942761391,0.00015366711084812993,0.00027082354407642476,0.8636995519279724,0.016478098151667588,0.0063772217780212305,0.003920215549734232,0.03904101864854084,0.00014163805073257705,0.000859915810792508
baseline,3,2008-12-31,0.00756432137524135,3.170377977539339e-05,6.825048212024483e-05,0.9618466122530992,0.009088695021132069,0.002817071911705336,0.000620549244361847,0.01783503952178381,3.3986356808518945e-05,9.377005397218014e-05
baseline,3,2009-01-30,0.5621942909951243,0.0007505751481181513,0.0012667993127334625,0.3272788014943437,0.013542159644193476,0.010780412133684213,0.026619855978974025,0.0473878868593852,0.000802494307794908,0.009376724125648526
baseline,3,2009-02-27,0.7455114746305245,0.0004947459135821734,0.0009174824189160371,0.17032847508989912,0.00838887082918311,0.008148860805618498,0.03198888144418093,0.021197619659372408,0.0006413775752834126,0.012382211633439852
baseline,3,2009-03-31,0.8429853158920472,0.0002950275190169439,0.0005508340122928825,0.09302047227020288,0.004597523402747429,0.00512850278509647,0.030435324070253893,0.010045994447045176,0.0003722757475282749,0.012568729853768864
baseline,3,2009-04-30,0.8674164082664769,0.00034632371124648624,0.0006007067821508432,0.06847465348032214,0.0038320651757179375,0.0045622621277935285,0.031637102121308706,0.0082587575536665,0.0003998791014789302,0.014471841679838025
baseline,3,2009-05-29,0.9071980357683331,0.0005018402764713288,0.000641258924883164,0.02241130165865246,0.002147645919402837,0.0034689988244042238,0.038395525525196095,0.004432409757128038,0.000468689939144431,0.02033429340638452
baseline,3,2009-06-30,0.9098212054064462,0.0005508666016089909,0.0006520382839307704,0.017584882970702653,0.001983193951045714,0.003334207157446832,0.03949990912458145,0.0037830580105926164,0.0004831870376372002,0.022307451456007394
baseline,3,2009-07-31,0.9105819222305458,0.0005229636482121943,0.0006258201174126763,0.018091818946876618,0.001973531037784995,0.003318209187184136,0.039127483726596274,0.003813502574701638,0.00046233334717364475,0.02148241518351228
baseline,3,2009-08-31,0.9058291534178716,0.00045790399671191386,0.000587383519917482,0.02745536908847976,0.002379815144080662,0.003536054011909808,0.035803627928017494,0.004495106129450314,0.0004138511787044918,0.019041735584856435
baseline,3,2009-09-30,0.898485474578586,0.0005135123940532721,0.0006857529183442186,0.03108261584965824,0.0027187744742787033,0.0039474974720842895,0.03673582406017527,0.0050624241578510094,0.0004822434739181923,0.020285880621050814
baseline,3,2009-10-30,0.8945139072872496,0.00046147122635775185,0.0006544708114889393,0.03844580120298306,0.0029856226012718173,0.004024806096524599,0.03438699739805111,0.005535139183336928,0.00044719253804910913,0.018544591654687095
baseline,3,2009-11-30,0.8996102303924604,0.0004624891491912715,0.0006418037934939524,0.03251124828054165,0.0026792927002047533,0.003780530036605579,0.03584459318347059,0.00513074496806678,0.0004469550326437665,0.018892112463321353
baseline,3,2009-12-31,0.8939785146277963,0.0004908636064165209,0.0006919856838416477,0.03729251896827612,0.0030014441545317396,0.004019202608452423,0.03522901906095186,0.0054702174082568705,0.0004735389573174845,0.01935269492415887
baseline,3,2010-01-29,0.8886401480294662,0.0004421283065045837,0.0006468019234758109,0.045615229803857946,0.0032239160395851037,0.004096437118411902,0.03334140050793994,0.005927361169175049,0.0004299704152793095,0.01763660668630423
baseline,3,2010-02-26,0.8673887254858149,0.0004021607022095727,0.0006418855880629869,0.06899708228447204,0.003947739426290673,0.004508504870008726,0.030586398365753224,0.007312767519173442,0.00040700614112449584,0.015807729617090018
baseline,3,2010-03-31,0.8815097452242294,0.0004454110969166781,0.0006650625031744493,0.052604669676599554,0.0034801431560161945,0.004272863481850769,0.03275617341108652,0.006409184581144953,0.00043329879556038654,0.017423448073420944
baseline,3,2010-04-30,0.8796414156734451,0.00046606083921577887,0.0007128529513568195,0.05290030736476431,0.003627160458689795,0.004433673313193131,0.033068693872093664,0.0066210099446896604,0.00047279395791671416,0.018056031624635142
baseline,3,2010-05-28,0.815817564329703,0.00036739614915136105,0.0006514540145696608,0.11936948618967513,0.005547402545688755,0.005654326944937004,0.02807771352719416,0.01019097872465652,0.0004094846107630373,0.013914192963661177
baseline,3,2010-06-30,0.7952852215914515,0.00037992331929956856,0.0006853917396696204,0.1389151767855883,0.006090590981823186,0.0060212497057661315,0.027224670388890464,0.011204644418688446,0.0004195035373050809,0.013773627531517537
baseline,3,2010-07-30,0.8124419850159121,0.0003921135740555193,0.0006937214288761422,0.12174470370136474,0.005589839872493356,0.005682365468356571,0.028032522663215074,0.010454031320598267,0.0004166353442751132,0.01455208161085315
baseline,3,2010-08-31,0.8662602616913212,0.00043715711405502034,0.0006834663007639898,0.06743484217680454,0.004030774554874758,0.0046944761330791895,0.031629738889693504,0.007472538923770254,0.00043517532228839063,0.016921568893348976
baseline,3,2010-09-30,0.8881038063222936,0.000497918877645832,0.0007069281486717654,0.0421503639493207,0.003249028642380603,0.00425384535506235,0.03507958137487135,0.0059326680539818185,0.0004788512009355327,0.019547008074836496
baseline,3,2010-10-29,0.8931899605601722,0.0005174419432762848,0.000710146386273692,0.03601404395237797,0.0030215954005188865,0.00412310125663161,0.03623116791663167,0.005431215358327666,0.0004887846031022959,0.020272542622687715
baseline,3,2010-11-30,0.9071434826393607,0.0005035449790410111,0.0006289633927284783,0.02340169955503793,0.0022498337048964955,0.0034838507335343267,0.037534953211969355,0.004233320469937222,0.00045144974575212935,0.02036890156774247
baseline,3,2010-12-31,0.9079027799723896,0.0005237255718224212,0.0006340635131152641,0.02189532000599592,0.0022154434139423917,0.0034420052130081065,0.037856086827413184,0.004002535213859286,0.000458140485684235,0.021069899782769547
baseline,3,2011-01-31,0.9065519868101181,0.000500276452315373,0.0006224607216510717,0.02450722081203498,0.0023261206379923452,0.0034869263387094476,0.03698070662900725,0.004206733237586379,0.0004423892167837841,0.020375179143801214
baseline,3,2011-02-28,0.8950556637987945,0.0005206944148596191,0.0007012031203594025,0.034448890501048886,0.0029764820503397284,0.0040358844472831576,0.03600324816576252,0.005173960386257804,0.0004843825215486894,0.02059959059374552
baseline,3,2011-03-31,0.8754842802411598,0.00047234292833493903,0.0007157504309268466,0.05639076443604686,0.0038028409031907653,0.004548893683779864,0.033066207352417554,0.0067948788275172005,0.0004669502872169087,0.018257090909409322
baseline,3,2011-04-29,0.8719368706635878,0.0005153780122199146,0.0007826296313999628,0.05717038488943313,0.00401295811057838,0.00480436023836095,0.03386714557038259,0.007033503413824255,0.0005134964140868848,0.01936327305612603
baseline,3,2011-05-31,0.8564993596856751,0.00045431324001705617,0.0007293414692423268,0.07623758741896422,0.0043985660254559945,0.004939484678098429,0.031218009908220896,0.007989423591275887,0.00045285130032526584,0.017081062682724694
baseline,3,2011-06-30,0.8557672322233224,0.0004339336489061511,0.0006990004820932756,0.07792760541106085,0.0044222624438729095,0.004939325132653482,0.030862363115436123,0.008020242278216162,0.0004396876746968986,0.016488347589741652
baseline,3,2011-07-29,0.8483625585205233,0.0004268687323570352,0.0007003547481664644,0.08577367015176396,0.004662559972396771,0.005081334755705868,0.030105153602782708,0.008451558231604728,0.0004376885201150323,0.015998252764584022
baseline,3,2011-08-31,0.7351495628824276,0.0003300976189321354,0.0006121370857674793,0.19693533332618626,0.007689966938769299,0.0072233255041991165,0.026254020853494382,0.013755825718413533,0.0003959574910352229,0.011653772580775082
baseline,3,2011-09-30,0.7076223151682974,0.0003370299354559906,0.0006214047012321006,0.22665953360988012,0.008020673059622228,0.0072309209077969505,0.02388451398888405,0.013988294965970784,0.0003759171913256041,0.011259396471534773
baseline,3,2011-10-31,0.7629312362189085,0.000353617947400457,0.0006406540567169965,0.17176974124395863,0.006786734376096701,0.006421419551327132,0.02570109395428138,0.012312801277744069,0.0003848544239932328,0.012697846949573066
baseline,3,2011-11-30,0.7992006391379454,0.0003623124135819272,0.0006268733335890068,0.13668841013364183,0.005851860800755314,0.005839840886768627,0.027089998701278335,0.010420776683642682,0.0003793646969860505,0.013539923211810941
baseline,3,2011-12-30,0.8566672558702879,0.00040889272300951153,0.000654338570030565,0.07866712463379986,0.004282674067127279,0.00477197702233407,0.030392443921596773,0.007890798153672272,0.00040974890755657225,0.01585474613058516
baseline,3,2012-01-31,0.8697892196966395,0.0004421608185006624,0.0006788929389684395,0.06435647473268243,0.003925848389072212,0.004600567815166088,0.031694098274445234,0.007061903978408122,0.00043404320907527045,0.017016790147042063
baseline,3,2012-02-29,0.899241865053006,0.0005323712493706282,0.0006893065491353675,0.029451491149513922,0.0026753872150194753,0.003861047090035868,0.0371793049625692,0.004839714778544139,0.0004851928059572546,0.021044319146848255
baseline,3,2012-03-30,0.9031257531359964,0.0005185026681224343,0.000650536275823954,0.026102397754254377,0.0024756944921817932,0.00367719459716708,0.0375695735170219,0.004449946132661059,0.00046307109875779416,0.02096733032801316
baseline,3,2012-04-30,0.8968933713259211,0.00045967058697286275,0.0006222351852477582,0.036497401011555776,0.002858042522125669,0.0038375815982288454,0.03458355065304917,0.0051459202080900105,0.00042269057667511606,0.018679536332133786
baseline,3,2012-05-31,0.8381140115884571,0.0003974951136842648,0.00065696058775155,0.0985512346793424,0.004877377343214787,0.0051316830838176375,0.02834512393587111,0.00859311496986816,0.00039897264832396595,0.014934026049669133
baseline,3,2012-06-29,0.733742894865686,0.00038042484516814974,0.0006935015670876845,0.1997489339821891,0.007564735369905859,0.0068176837022347865,0.025194507316138374,0.012763281728449602,0.0003980032816303384,0.012696033341510217
baseline,3,2012-07-31,0.05584332553825405,0.00011164805887574216,0.00021364283138470113,0.90004452038278,0.01622752248562084,0.007111081140308783,0.0035633720252286442,0.015774494776006735,0.0001456124539173643,0.0009647803076229939
baseline,3,2012-08-31,0.886087328278184,0.0005186113505373534,0.0007298589397329079,0.04334003896731519,0.003360350958021366,0.0043235328427195475,0.0352552473661295,0.005964461229953747,0.0004918912145020335,0.019928678852904204
baseline,3,2012-09-28,0.8995863229449214,0.0005320453154237014,0.0006891862546286275,0.028799047786423535,0.0026898363639612935,0.00388358302242197,0.03738509826874644,0.004785643874741229,0.0004866489882878117,0.021162587180444087
baseline,3,2012-10-31,0.9031995165546925,0.0005254195293594889,0.000656785634455306,0.02567824943700101,0.002479310807846815,0.00368538275633519,0.03774700314181002,0.0044576533004674675,0.00046518255475680166,0.021105496283275273
baseline,3,2012-11-30,0.8941296232155365,0.00046808672577296244,0.0006430116142293425,0.038401491661739534,0.0029623131458360653,0.003963752336578843,0.03482527067932827,0.005415231331890577,0.00043159245853357364,0.01875962683055449
baseline,3,2012-12-31,0.8906198808208093,0.0004885710411132992,0.0006687234388434823,0.0409287865570331,0.0031374132507830626,0.004123703663503613,0.034785258179693045,0.005602880372333091,0.0004454218222718403,0.019199360853616003
baseline,3,2013-01-31,0.8959287454183036,0.0005224755353648388,0.0006847510259391754,0.03375242983732177,0.002891738428040578,0.0039848429094137055,0.03621213077304206,0.005114452318150341,0.00046994180419396666,0.02043849195023006
baseline,3,2013-02-28,0.8989723603651113,0.0005251906468820744,0.0006696335512927862,0.030320474611013507,0.002736540397548324,0.003877464426280327,0.03680341642313421,0.00480325429577113,0.00046675898930623427,0.020824906293660253
baseline,3,2013-03-28,0.890314937442237,0.0005161380376904042,0.0007029370539554837,0.039632859040948744,0.003209976421230091,0.004200114525889478,0.035345995418344676,0.005543738173359357,0.00047602161108316473,0.02005728227526167
baseline,3,2013-04-30,0.8478116358187147,0.0004205575575538212,0.0006789601667989159,0.08708877452855744,0.00460843526380033,0.005036693845706277,0.029746766683498956,0.008177684441837411,0.0004124994759975779,0.016017992217534718
baseline,3,2013-05-31,0.8673206309304194,0.00042691075004270645,0.0006535860166908411,0.06820253164532228,0.003949416635549492,0.004559606136934019,0.030843325925237232,0.00718205418129063,0.0004084641165601442,0.016453473661953016
baseline,3,2013-06-28,0.8758172202440927,0.000360938432575386,0.0005531861833195836,0.06389171000420861,0.0035294763321745107,0.00411134180287533,0.029849363617475103,0.006636836744767782,0.00034764623177802913,0.0149022804067328
baseline,3,2013-07-31,0.9056537705121668,0.00040315693079287615,0.0005314896315077396,0.03190721723081027,0.002404102776158194,0.0033625176277719375,0.03382211751868938,0.004581790464589105,0.00036313752332113624,0.0169706997841925
baseline,3,2013-08-30,0.9098047702957625,0.00042483964829159704,0.0005408204712504691,0.026192916058080343,0.002215362035696915,0.0032618608675031207,0.03501186158124689,0.004172895326786487,0.0003767275793616277,0.01799794613601973
baseline,3,2013-09-30,0.9104520901885115,0.0004693952113893133,0.0005758403946121496,0.022234036006206968,0.0021030984566804537,0.003296285962074606,0.03688074066942516,0.003989429925387056,0.00040951294601159936,0.01958957023970119
baseline,3,2013-10-31,0.9084618091200911,0.000470058587964929,0.0005870826609789373,0.024322716700894337,0.0022167955331140474,0.0033815672509261998,0.03654854159948087,0.004186513659204735,0.000413202128368369,0.01941171275897675
baseline,3,2013-11-29,0.9097491562920252,0.00046813098050380904,0.0005724676706328279,0.023143723705035184,0.0021356961138766705,0.003289371319582381,0.03674836311052281,0.0040542249557431855,0.00040392589825434766,0.019434939953823536
baseline,3,2013-12-31,0.9089367159994451,0.00044785033716575367,0.0005587056662577417,0.025163944918481958,0.002215647604882889,0.0033093731825178025,0.03596553855035465,0.004143490469238852,0.0003912801839274366,0.01886745308772783
baseline,3,2014-01-31,0.9019996682303069,0.0004252243083291768,0.0005652129587963306,0.03378592505996632,0.0026171596982751642,0.0035749816388562197,0.03408024435735558,0.004756743620143904,0.0003834591471021767,0.01781138098086853
baseline,3,2014-02-28,0.8806838626354075,0.0004575669897550007,0.0006859327017194072,0.05260157280479876,0.0036039015647924776,0.004391291316206417,0.03283950241268899,0.006355946954793789,0.00044928770810432104,0.01793113491173354
baseline,3,2014-03-31,0.860988307137185,0.0004568453676940758,0.0007287336322078328,0.0717331035147874,0.004351291515873868,0.0049252482231421715,0.03139149813138428,0.007611411425514342,0.0004623091900124509,0.017351251862198748
baseline,3,2014-04-30,0.8631474532591157,0.0004886127594865831,0.0007695015066491714,0.06765563734518427,0.004308638737492616,0.004935715897284209,0.03238213721576949,0.007589398758558706,0.0004925486451453654,0.018230355875313735
baseline,3,2014-05-30,0.8723716091624677,0.0004819114677386852,0.000722617313934436,0.05933983548210422,0.003925697343540819,0.004670646091022551,0.03275500990573181,0.006909038335399434,0.00046469431930000926,0.018358940578760377
baseline,3,2014-06-30,0.8797277324189628,0.0005085117056011071,0.0007361755494493355,0.05042019125850651,0.003660763690848855,0.0045590772783925355,0.03413529461978084,0.006405445266688901,0.00048495985270611815,0.019361848359062933
baseline,3,2014-07-31,0.8757016133054704,0.000481031209031816,0.0007069698756370425,0.056262424723260054,0.0037918029236842774,0.004587158377669989,0.03295509288876489,0.006676648453786712,0.0004568273092733652,0.01838043093342147
baseline,3,2014-08-29,0.8759205289928557,0.00046746651899799436,0.0006942700272934685,0.056767525790443585,0.0037409211914917737,0.004522401916961608,0.03282569720326958,0.0066727287075560695,0.00044823832125612587,0.01794022132987403
baseline,3,2014-09-30,0.8748161614844352,0.00042007173937737773,0.0006294693437708139,0.06107684003714587,0.0037031572055492234,0.004383896556360715,0.03132365158868316,0.006702138264831565,0.0003997975920382178,0.016544816187807808
baseline,3,2014-10-31,0.8451730083214227,0.000413079460846958,0.0006692577887127786,0.09045430382507315,0.00467671757911496,0.00501662097689441,0.029366597767937784,0.008293859672637965,0.00040794123787169173,0.015528613369487708
baseline,3,2014-11-28,0.8348268710389142,0.00041164294875424285,0.0006762276078028253,0.10100531636829965,0.004959323101541409,0.005179435955871335,0.028561234607469118,0.00875187151413231,0.0004015340794694515,0.015226542777745466
baseline,4,2008-04-30,0.19471483655925184,0.001054420967235949,0.0008076470122202076,0.005999275850276531,0.21907309610994352,0.017735201320441707,0.00387218980722233,0.281874185496652,0.0005273304827687548,0.2743418163939871
baseline,4,2008-05-30,0.7448518767372514,0.00043825800229629447,0.0005051831747053042,0.0007728203071855945,0.02246369731105601,0.0021795552386187863,0.0023121821348204763,0.0035007113528680947,0.0002777613083900738,0.22269795443280785
baseline,4,2008-06-30,0.7345359346052551,0.00041998710474969484,0.00047788570084294124,0.000716782823329724,0.020641577032116613,0.0019840570828056027,0.002233813899961144,0.0032893024319283564,0.0002629854964070019,0.23543767382260375
baseline,4,2008-07-31,0.460793422089088,0.0006200800876439791,0.0008315154537745276,0.005621848514894706,0.25571742728152486,0.012028666696508013,0.002332449077574527,0.022456874224328797,0.0005373413816164972,0.23906037519304618
baseline,4,2008-08-29,0.03916301264969528,0.0005838230503191464,0.00045401881533950076,0.006410554862305372,0.24268790715437513,0.01894264177498706,0.001918579411601248,0.6309141521646527,0.00044531827752877025,0.05847999183919573
baseline,4,2008-09-30,0.006275429408623258,0.00011034210856781958,0.00022842398999320618,0.006741429342426913,0.8108385720101676,0.12270225194942372,0.0009554997104924781,0.04898519468503542,8.753436790892212e-05,0.0030753224273606214
baseline,4,2008-10-31,0.0014378912064888054,0.0005359193259868295,0.00043069345885766406,0.013406286542251141,0.15184388128501727,0.34932423773409027,0.0030008855587121525,0.47928610728625337,0.0003510201531215658,0.0003830774492209263
baseline,4,2008-11-28,0.0005604418989185618,0.00018541149821052098,7.069963694705893e-05,0.0006333793425504501,0.0018112068957454885,0.00287379185307498,0.00043847355401096974,0.9928630111183169,0.00014978305253646938,0.0004138011496885486
baseline,4,2008-12-31,0.0005824057670572702,0.00020987147383976878,8.686807333893327e-05,0.0007227348983010803,0.0019458793941381479,0.003765960636465452,0.0005805655276293518,0.9915214373958773,0.00017457969614661435,0.0004096971372059776
baseline,4,2009-01-30,0.002157687243951942,0.0005042474931324638,0.00017502044501039156,0.000856708301930984,0.0022871074544326864,0.0038166961404358605,0.0011985674569524132,0.9868211040499105,0.00033882986229777877,0.0018440315519449328
baseline,4,2009-02-27,0.2603472680016802,0.0009454232435535177,0.0007184257434996697,0.0011935293595794383,0.024139839463819215,0.0034485020187400863,0.0033178091863973434,0.04938286983173339,0.0002518863716186671,0.6562544467793785
baseline,4,2009-03-31,0.251656610789036,0.0009072822614068956,0.0006589947546705218,0.0011068358204254034,0.02348046436415297,0.0032842677167227072,0.0030453879114596635,0.04922511322538562,0.0002274109669484485,0.6664076321897918
baseline,4,2009-04-30,0.670669813394482,0.00045712634017912237,0.00041394328290366713,0.0006180675881719423,0.015031397816430075,0.001915573455632646,0.002292914852009504,0.007995926764218146,0.00023706265426213133,0.30036817385171083
baseline,4,2009-05-29,0.7917756098281955,0.00031500741283381224,0.0003281988272491864,0.0004655605000385523,0.014505796807212116,0.0016327284803589615,0.001968806880467479,0.0036652966231095047,0.00020166299622138045,0.18514133164431362
baseline,4,2009-06-30,0.7701115212966934,0.00035877328772867503,0.00039080855435691695,0.0005212870768259572,0.015283666855555138,0.0015596647559614346,0.0020607623719244633,0.003079707893892042,0.00022509370842983207,0.20640871419863216
baseline,4,2009-07-31,0.7699509295451887,0.00035001258719737907,0.0003884834659652734,0.0005146023521551034,0.014914320168000324,0.001524043517046749,0.0020124499669520036,0.0029649136601805548,0.00022154228186591052,0.2071587024554481
baseline,4,2009-08-31,0.7541968301460297,0.0003400009917820631,0.0004022401247258663,0.0006175845783498693,0.01837079017896351,0.001872591115573982,0.0020214878751994743,0.0032273967080796847,0.00022192960891166707,0.21872914867238416
baseline,4,2009-09-30,0.7540986401381037,0.000359248060753463,0.000418624170820234,0.0006453769054989254,0.018649810390185213,0.0019117727062555848,0.0020990665436394747,0.0033949956866857253,0.00023481635128186132,0.218187649046776
baseline,4,2009-10-30,0.7356588110100767,0.000360491040837551,0.0004297396236802173,0.0007151909439785748,0.021541253031521393,0.0020920490266984142,0.0020440331597992227,0.003447067098579015,0.0002328588757181649,0.23347850618911065
baseline,4,2009-11-30,0.7317193725952815,0.00037771858944071426,0.0004341669031513564,0.0007027561796602861,0.0203492252828343,0.0019621384478014595,0.0020749095499993184,0.003442739345554093,0.00024115365451419786,0.23869581945176274
baseline,4,2009-12-31,0.7465850235454441,0.0004133035378442073,0.0004604536113810787,0.0006546724285201465,0.01852175843629066,0.001802986368054928,0.0022060637951125243,0.0032607036625254557,0.0002593902061402163,0.22583564440868664
baseline,4,2010-01-29,0.7443068123664497,0.00038076255523295937,0.0004352623156094321,0.0006745053653110424,0.019651235921761673,0.0019641405642317924,0.002111622529279736,0.0034544033243151507,0.00024373708719504147,0.2267775179706134
baseline,4,2010-02-26,0.7404138060085296,0.0003628442879778013,0.00040681635217901837,0.0006669163530924549,0.020001797547116132,0.002000057532769151,0.0020463896456222163,0.0036157133373972425,0.00023147991498333293,0.23025417902033304
baseline,4,2010-03-31,0.7516961477572304,0.0004020205170592832,0.00045690794144304895,0.0006694404079032873,0.018693769235233165,0.001871752156833553,0.0021733157457818793,0.003403859418515542,0.0002582541841358732,0.22037453263586418
baseline,4,2010-04-30,0.7437980507142511,0.0003876190584275839,0.0004484434053389749,0.0006930446587995304,0.020154464924355374,0.0019899156910923887,0.0021499643862601227,0.003420975302492217,0.0002491745737989256,0.22670834728518371
baseline,4,2010-05-28,0.26511051489246584,0.0005922312099292638,0.0009135982868495961,0.007308332966870996,0.46581556053420026,0.023930903848723244,0.0024634752877447192,0.04884052310768052,0.00040721000330721217,0.18461764986222823
baseline,4,2010-06-30,0.23451889708615437,0.001099865628774983,0.0008314766682592255,0.0015938121717957263,0.030388338272239176,0.004168331150494393,0.003169966546252165,0.0545862935551314,0.0002865383091095904,0.6693564806117889
baseline,4,2010-07-30,0.6288640584599899,0.0006520890894880502,0.0005633618561262587,0.0009329985999851316,0.01756674546617742,0.0021835386798649157,0.002176686784066379,0.009079491812355504,0.00031819192237666545,0.3376628373295697
baseline,4,2010-08-31,0.7569925876968844,0.0003826426143632686,0.00043284935632723087,0.0006370230453645584,0.017331335692327712,0.001872350373864502,0.002136605231362896,0.003490939915405738,0.0002468053999873535,0.21647686067411248
baseline,4,2010-09-30,0.7567652469176397,0.0004070709727697221,0.0004704727719241858,0.0006804747213682446,0.019030687837783097,0.0019272713628384936,0.002211175836073157,0.0033316270985403237,0.00026218325056537485,0.21491378923049778
baseline,4,2010-10-29,0.7429800851630444,0.00043219973592909373,0.0005040721491064525,0.0007623072312263696,0.021450280236928493,0.0020545620595359246,0.00224274564536363,0.003403186849772449,0.0002761333279347045,0.22589442760115822
baseline,4,2010-11-30,0.7597795652634367,0.00037188319370751145,0.00041645997156318954,0.0005772782791850587,0.016910708513736748,0.0016689366031143837,0.0020787775275303458,0.0030838201894827994,0.00023506756141695155,0.2148775028968262
baseline,4,2010-12-31,0.7592771117196205,0.0004055636865814854,0.00044551741337698237,0.0005964024196250291,0.016589799592970442,0.0016477351097597974,0.0021628173529741786,0.00319680746623173,0.0002551359359758707,0.21542310930288402
baseline,4,2011-01-31,0.7591522813828928,0.00040881879500182606,0.000450224607321896,0.0005977096880021795,0.01646662026346565,0.0016577973063915084,0.0021784516642892886,0.00318158530537599,0.00025736799774478495,0.2156491429895142
baseline,4,2011-02-28,0.7497476834207202,0.00043671920971013496,0.0004940686813812485,0.0006877714193894997,0.01927205882029333,0.0019075449351409737,0.0022815645963182077,0.0032435504580225296,0.0002744000700644589,0.22165463838895935
baseline,4,2011-03-31,0.7302086152147866,0.0004426043324874185,0.0005182177051615612,0.000887652600284169,0.026652033171491632,0.002413296238211086,0.002241753035734293,0.003888953707247426,0.00028493735980440207,0.23246193663479134
baseline,4,2011-04-29,0.707676213522069,0.0005277440384880336,0.0006418269230179135,0.0013396069739730046,0.041091221543680154,0.0032705109454421364,0.002420391381097682,0.005264888939485273,0.00035829860303687825,0.23740929712971004
baseline,4,2011-05-31,0.4125295342756255,0.0007519816126297165,0.0010072271061362728,0.0073509234417806265,0.3396220279813912,0.015557116400272606,0.002575205655484948,0.025849467040243154,0.0006658053752108406,0.19409071111122508
baseline,4,2011-06-30,0.037091810609366324,0.0005264792210664638,0.0005372760775629593,0.009292061563479401,0.5608534142397912,0.040801599937941906,0.0024694612998348614,0.31504892277128643,0.0004523875039545375,0.03292658677571597
baseline,4,2011-07-29,0.1032741190742368,0.0006558441455062327,0.0010167906483758468,0.009989595783187921,0.7244510391588963,0.03297487585725867,0.0023608600741862676,0.04606130165397505,0.0004494413675627536,0.07876613223681418
baseline,4,2011-08-31,0.01200145823848026,0.00014627338610580446,0.00024791930605559,0.007366590602513493,0.8104999873312815,0.07179721417878411,0.0009721560614348248,0.09027372700038741,0.0001316613953638927,0.006563012499593177
baseline,4,2011-09-30,0.0083240413997503,0.0005584889499772497,0.00042010739188376494,0.010847260856490204,0.5935557051176833,0.10359577579325605,0.0009041964881606178,0.27705002389731714,0.0003970840077819701,0.004347316097699378
baseline,4,2011-10-31,0.0040942259909334654,0.0006709527826748312,0.00022157083350718545,0.002899244924172165,0.029664647317039813,0.0134437155196954,0.0007313699536054472,0.9428411538520721,0.0004141195393508254,0.0050189992869488454
baseline,4,2011-11-30,0.4601755137222058,0.000890903393430763,0.0007069806073402887,0.0014538414114838676,0.026456307494028834,0.0035518002473672425,0.002278994461972425,0.019338738678730753,0.00032040117513020184,0.4848265188083096
baseline,4,2011-12-30,0.7631579519016892,0.00033762412405481787,0.0003485983837828145,0.0005691563752661589,0.016797193719303046,0.0018299299666353127,0.001939271661037063,0.004453094217499833,0.00021926628355522026,0.21034791336717662
baseline,4,2012-01-31,0.7566515143324246,0.0003873258461794887,0.00043584691329753405,0.0006301695049941776,0.017192855037138785,0.0017902853378430055,0.002130820676269086,0.0033782859570574463,0.00024949626279350146,0.21715340013200227
baseline,4,2012-02-29,0.7617670847070779,0.00042757967773842206,0.0004714223745423052,0.0006272284466032488,0.016702956502155947,0.0017273901324385407,0.0022515091181428033,0.003355459683767548,0.0002701374619227306,0.2123992318956104
baseline,4,2012-03-30,0.7592052167137072,0.00041026411652467026,0.0004612664653167254,0.0006290442371528611,0.017595314236901603,0.0017813698361624592,0.0022152751211747335,0.0031889201031975616,0.00025972770000750277,0.21425360146985473
baseline,4,2012-04-30,0.7553926246215701,0.00039169180518355346,0.00044843164971329294,0.0006586255734384159,0.019031659703742754,0.001919561064923445,0.00214983954208525,0.003345557590687733,0.00025098322356176137,0.21641102522509373
baseline,4,2012-05-31,0.7227466660488245,0.00038054870145686886,0.0004448254677343563,0.0008976288226138412,0.027293450689845837,0.0027655477579320445,0.0020684001164382126,0.004704574103994899,0.00024919906271029385,0.23844915922844928
baseline,4,2012-06-29,0.3097805836479094,0.0006522515932584725,0.0008287689707633803,0.005925573647520449,0.3265414642103857,0.02003925322619012,0.0028797436713147353,0.0842169049649106,0.0004084347578678553,0.2487270213098792
baseline,4,2012-07-31,0.7051421656317772,0.0004447733755345659,0.0004928796721379759,0.001044446904929673,0.02886004054860322,0.0027480463585327587,0.0021803112857000724,0.006067717626086441,0.00029151263503288376,0.2527281059616651
baseline,4,2012-08-31,0.7516318152635388,0.0004613803651198492,0.0005198095985587802,0.0007200742202652264,0.01922510710673957,0.0019374277403724591,0.0023420851339422564,0.003439520586427627,0.00029157444971590184,0.21943120553531933
baseline,4,2012-09-28,0.7512453946881616,0.0004315758839603528,0.0004921989578179777,0.0006824756435556833,0.01867959678628996,0.0018576352361038672,0.0022395409068641263,0.0032346385699292394,0.0002727162848299005,0.2208642270424874
baseline,4,2012-10-31,0.749645044406278,0.00044167136421707776,0.000494329506624089,0.0006802443925552193,0.018328771919383337,0.0018374024010164502,0.0022796933101769815,0.003338945258231961,0.0002785784966355284,0.2226753189448814
baseline,4,2012-11-30,0.7468190529217685,0.00042495541703775174,0.0004806514335149255,0.0007251618523945387,0.020240808457481812,0.0020171012536031345,0.002224107827972491,0.0035908927073592485,0.000270910549218692,0.22320635757964885
baseline,4,2012-12-31,0.7535917019487207,0.00046048835229533293,0.0005153102296858136,0.0007170289756177261,0.018935081260402997,0.001968867804095795,0.0023741658395444467,0.003543402006728396,0.0002922599852955589,0.21760169359761322
baseline,4,2013-01-31,0.7575351858932458,0.00045178554874578775,0.000504894397261688,0.0006888044601871135,0.018345185053253724,0.0019071687898829395,0.002361737395329047,0.003474475939071305,0.00028711090291618055,0.21444365162010645
baseline,4,2013-02-28,0.7578020348255875,0.0004382933480052953,0.0004903358730194547,0.0006708661920359973,0.018364181951771346,0.0018870981910589972,0.0023272456095789497,0.0034354995354204374,0.0002792630175299959,0.2143051814559919
baseline,4,2013-03-28,0.7489722605524524,0.00045342508098055286,0.000511200539785048,0.0007250361936327228,0.0198216187380424,0.0019981249506751857,0.002361224475223803,0.003509157268707218,0.0002889836605768055,0.22135896853992387
baseline,4,2013-04-30,0.7618671671857707,0.0003805854574932232,0.0004380214397550373,0.0006825594045209372,0.020172275679307978,0.0021435881652958934,0.002201440064852785,0.00370111871368347,0.00024884606883328857,0.20816439782048662
baseline,4,2013-05-31,0.7690664324887474,0.00038143294119343213,0.00042559439223634025,0.0005931707035658303,0.016774237462438727,0.0017899713466450874,0.0021696995127719423,0.003459481502165805,0.00024638704430467065,0.20509359260593069
baseline,4,2013-06-28,0.7828163799503425,0.00031876281080751845,0.00035144959241765783,0.0005003114157123325,0.015437625306328915,0.0017125910321764753,0.0019918535225660118,0.0033775323436911002,0.00020653720876282722,0.1932869568171948
baseline,4,2013-07-31,0.7768043072441676,0.00035076895642284815,0.00037105280049158754,0.0005009441148490444,0.014385525776878674,0.0015195993213143577,0.0019978090232606097,0.0034125435564904467,0.00022364285401719968,0.20043380635210747
baseline,4,2013-08-30,0.7688445575636492,0.0003637229790907921,0.00039439782156003306,0.000532052742702561,0.01490515538262363,0.0015510015557628754,0.002030563166878967,0.0032959770456947243,0.00023191247320573374,0.20785065926883134
baseline,4,2013-09-30,0.7710694193211871,0.0003661955308602808,0.0004051265778608231,0.0005411499002515339,0.015022010169918658,0.00156391612899883,0.0020542129776130983,0.0031977630104711397,0.0002346547048550867,0.20554555167798352
baseline,4,2013-10-31,0.7684424918196312,0.0003836621353438067,0.00042549171486783367,0.0005732091765067649,0.015400594216112996,0.0016367138119287024,0.0021228053987627973,0.0033441353097573736,0.00024687962157751383,0.2074240167955111
baseline,4,2013-11-29,0.7765666289742436,0.0003839827754735387,0.00041257655391797784,0.0005436207666873584,0.014339084282577859,0.0015585626072607839,0.0020953184086471856,0.0034969113095765277,0.00024634382512225654,0.20035697049649298
baseline,4,2013-12-31,0.7711566914380316,0.0003858412172103136,0.00041263696037503224,0.0005458091170983569,0.014580604876913282,0.0015636689690866664,0.002104817041439052,0.0034744913199149818,0.0002460301710053826,0.20552940888892554
baseline,4,2014-01-31,0.7645227977051893,0.0003790489535273242,0.00042009601587578973,0.0005860130295069861,0.01619552991115904,0.0017187297952586777,0.0021035788520522543,0.0034161740408184815,0.00024374403423128014,0.21041428766238113
baseline,4,2014-02-28,0.7478326540905837,0.0004069946650360947,0.0004699927458539074,0.0007170516331115943,0.0202216632648441,0.002048949429933184,0.002173555575263595,0.003486339330171953,0.00026054786671877555,0.22238225139848292
baseline,4,2014-03-31,0.7216092015983704,0.0004518143376756319,0.000548216527569843,0.0010896472541736817,0.03363765644713707,0.0029605184716170823,0.0022116535899455517,0.004585994886940851,0.0002980789982941645,0.23260721788827585
baseline,4,2014-04-30,0.7293151774370037,0.00047964601003963765,0.0005580712260504152,0.0009833000247810872,0.028686393478065064,0.00258321383168316,0.0023302345672244393,0.004383436724392222,0.0003139589513875729,0.2303665677493727
baseline,4,2014-05-30,0.7488097359368157,0.00046647434724195555,0.0005355821680212389,0.0007924141005209665,0.021359039020729324,0.002138982875283647,0.002352068188001726,0.0036945137621528217,0.0002995504588321868,0.2195516391424004
baseline,4,2014-06-30,0.7491494002745971,0.0004648027994455727,0.000535691161897742,0.0007721256829829427,0.02059132117634575,0.002077799321430545,0.0023756324065055032,0.0035538275793710874,0.0002982493462457909,0.22018115025117782
baseline,4,2014-07-31,0.7441171025118594,0.00045526202987104965,0.0005296567245090003,0.0008344442551760829,0.0235510758815121,0.002292897886279256,0.0023200631427508275,0.0038351996037651534,0.0002942534330099661,0.22177004453126736
baseline,4,2014-08-29,0.7409060448958817,0.0004402363090055774,0.0005034912740052319,0.000795283518973028,0.021910954810466652,0.0021549011013654077,0.002259326766207953,0.0038256062597424754,0.0002841946598930631,0.22691996040445897
baseline,4,2014-09-30,0.7508191758522448,0.00040009695609249273,0.00045369162033221424,0.0006878933456291099,0.019240244496918052,0.001985264924845544,0.0021733102353488822,0.003621552798008937,0.00025802119867669265,0.2203607485719033
baseline,4,2014-10-31,0.7402800373411841,0.00038246373760077407,0.00042602866328478165,0.0007519582797100017,0.021873225322664086,0.002241973361218943,0.002077835156378088,0.004268586508697811,0.0002483723278083723,0.22744951930145296
baseline,4,2014-11-28,0.7509438427968088,0.00038969330066342085,0.0004407465001632796,0.0006905583897110813,0.019625653801075216,0.0020341420848352383,0.0021603706009690935,0.0037367664097934855,0.00025247092935600565,0.21972575518662432
baseline,5,2008-04-30,0.36279719801317645,0.00036582601244863027,0.0005503111757073274,0.029659391582654047,0.538935368735487,0.01753520746377162,0.002029973115834358,0.03733612965957359,0.00018608533517770837,0.010604508906169189
baseline,5,2008-05-30,0.3704729622284672,0.0003733401772505807,0.0005624783201849537,0.029402084755197476,0.5310274669642364,0.017695991712738633,0.0020424466925500206,0.03734864491760736,0.00018953218797629063,0.010885052043790935
baseline,5,2008-06-30,0.35475822279102065,0.0003672287237036461,0.0005612248395286744,0.031003314977725228,0.5441010177374649,0.017927039597970984,0.002104030788841846,0.03873762827629356,0.00018775154974406797,0.010252540717706302
baseline,5,2008-07-31,0.32224717417260934,0.0003412249922844042,0.0005399374941040944,0.03392755182608059,0.5702943029409707,0.01818005448564859,0.0021630291781428303,0.043225695013347984,0.00018268482016391258,0.008898345076647515
baseline,5,2008-08-29,0.3153615761609088,0.00033387094915794094,0.0005399470486440558,0.034884629548861006,0.5738543161288419,0.018220749561722274,0.002176957780850913,0.04576479916856881,0.00018426184650006415,0.008678891805944333
baseline,5,2008-09-30,0.29241589414262564,0.0002904919079418217,0.00047846464499316945,0.0363336648953607,0.5967052025689512,0.01788138533257458,0.0021049814677058768,0.04650187333854086,0.00016237972431449408,0.007125661976991478
baseline,5,2008-10-31,0.27534652963177797,0.00030012667356869784,0.0005087103392388173,0.040562483467642275,0.6007772131836666,0.01904209564766609,0.0023163163623022153,0.05434644434024296,0.00017202770265783643,0.006628052651236448
baseline,5,2008-11-28,0.2754676457764696,0.0003085771660138888,0.0005239619794076541,0.041142870782083715,0.5981132960751022,0.01938583033177416,0.002360250724449899,0.05574748853106944,0.0001772924293949625,0.006772786204234436
baseline,5,2008-12-31,0.007458357810797399,0.0007109704440353261,0.0012506053852987917,0.004747374125388564,0.010604404288444641,0.00465243625642614,0.0030134749458651036,0.9661980957834765,0.0006500991365773535,0.0007141818236903548
baseline,5,2009-01-30,0.0115282134540643,0.0010219826759411237,0.0016988601211018256,0.005630448665246027,0.014048019632745984,0.006150802613415633,0.004047702691988436,0.9538017616911201,0.0008787020501475249,0.0011935064042290257
baseline,5,2009-02-27,0.07258868833826136,0.06994751136980373,0.12236239907145115,0.02079429641846007,0.03613437766846625,0.06962370411138902,0.3323872708950756,0.19716267488724729,0.050738050880927824,0.02826102635891774
baseline,5,2009-03-31,0.29715252358771493,0.0003239052677896571,0.0005323029881667255,0.0371538351879265,0.5879838215847368,0.018970246865228083,0.0023289055816959553,0.04776296256836902,0.00017609283650898966,0.007615403531863377
baseline,5,2009-04-30,0.3152624123753678,0.0003276956127988261,0.0005275362490848077,0.03474143771790119,0.5736799401765216,0.01864882660148373,0.002190693931926298,0.0461612054716484,0.00017963445403993924,0.00828061740922748
baseline,5,2009-05-29,0.36710000653396985,0.00034776927851982526,0.0005123616536353311,0.02836076394267491,0.5372461936409232,0.017310018958227147,0.0019475536309993549,0.03678469661669827,0.00017610653375477493,0.010214529210597578
baseline,5,2009-06-30,0.3829706896095144,0.0003644904302674941,0.0005367954659445004,0.0276249278974592,0.5228018136733099,0.01722421159195019,0.0019510025955794613,0.035289397058905256,0.00018166592985217937,0.011055005747217371
baseline,5,2009-07-31,0.38166978244386174,0.00036696055995782696,0.0005444011915059693,0.028126881556826508,0.5226044336507961,0.017491007047146907,0.002003970923970791,0.03604901682394783,0.0001822875308128401,0.010961258271173387
baseline,5,2009-08-31,0.3575406190395226,0.00032807488326474734,0.000490148329577321,0.028787844688686077,0.5466896190367082,0.016742355523660744,0.0018684911801913418,0.037494796558905585,0.00016954872525343182,0.009888502034229904
baseline,5,2009-09-30,0.37277794640322826,0.0003374716437763932,0.000492633091716289,0.027308826758835607,0.5344269144716559,0.016550251128928613,0.0018234975621367621,0.03558065007010296,0.00017126549239060743,0.010530543377228701
baseline,5,2009-10-30,0.3596018878955185,0.00032683817005784707,0.0004806419911673088,0.028097295569967668,0.547694506024925,0.01630217751090623,0.0018206190805992299,0.035502639345620327,0.00016543276584506507,0.010007961645392843
baseline,5,2009-11-30,0.356376040092903,0.000334660745359815,0.0004934623361927246,0.028554261610316795,0.5504646862456964,0.01654467450254786,0.0019023312372829877,0.03513164980878938,0.00016806330377584422,0.01003017011713515
baseline,5,2009-12-31,0.3699651381941145,0.00036990171995689646,0.0005508333679790473,0.028810481018936653,0.534843659787315,0.01722374344148238,0.0020229163613619894,0.035117434264114074,0.00018322799536864552,0.010912663849370972
baseline,5,2010-01-29,0.3561668747575804,0.0003490470191342956,0.0005282792138739013,0.02982948258730527,0.5461200447660899,0.017174345558498748,0.001998809707025684,0.037482739556857735,0.00017872902846891478,0.010171647805165019
baseline,5,2010-02-26,0.3396981275623932,0.00033129734518457004,0.0005102992809293955,0.031005747514996112,0.5604635780145608,0.01715623048622387,0.002000645272606968,0.03923799852675147,0.0001734824439543109,0.009422593552399354
baseline,5,2010-03-31,0.3682591316813396,0.00035704296869066004,0.0005334838893283478,0.028785983389806057,0.5359670005092931,0.017015609095862045,0.0019743918583043523,0.03618877348187356,0.0001799711106636285,0.010738612014838533
baseline,5,2010-04-30,0.36644623282136835,0.00034966009491791376,0.0005171338204876606,0.02838315404623929,0.5389804696180547,0.016830703798127445,0.0019280755821248986,0.03582695041802418,0.00017647062429886396,0.010561149176356685
baseline,5,2010-05-28,0.3233603516051867,0.00030621364764175463,0.0004756809808252312,0.031838223154213106,0.5750586450930656,0.01700582670370407,0.0019531600101651138,0.04130284021799466,0.00016461565302056984,0.008534442934183293
baseline,5,2010-06-30,0.3230884799540204,0.00031808023907413396,0.0004986874079530837,0.03265307750780879,0.5727071674175505,0.017343183585420918,0.002024172429271138,0.042450089075307465,0.0001715225226262666,0.008745539860967369
baseline,5,2010-07-30,0.331719127850206,0.00033401682784781425,0.0005240523444744714,0.032470167856049836,0.5629041232256501,0.017734974206801944,0.0020836668556580805,0.042855865650748046,0.0001798227030782939,0.009194182479485525
baseline,5,2010-08-31,0.36334386741390684,0.0003542866182975954,0.0005337648090004334,0.029492334106170918,0.5376756409327229,0.017400440494242754,0.0020047508020736068,0.038543721148346595,0.0001824421623369731,0.010468751512901373
baseline,5,2010-09-30,0.3835195715307457,0.00037649728091813673,0.0005529943506069553,0.027857623177568496,0.5212475670343216,0.01738055380782217,0.002004558130579024,0.03548251691861481,0.0001871859851935142,0.011390931783629805
baseline,5,2010-10-29,0.3814582500217179,0.00036984236344162874,0.0005416864591393708,0.027730943717647612,0.5250180797570166,0.017005085887339542,0.0019531200586969633,0.034439133991076,0.00018215130169196272,0.01130170644223234
baseline,5,2010-11-30,0.37557276580991716,0.00036086030749659395,0.00052905000568988,0.027827193204840207,0.5317696493197348,0.016873726414363195,0.0019494311048521584,0.03404881374082811,0.0001765205148702008,0.010891989577407812
baseline,5,2010-12-31,0.3892081154528546,0.0003884291040636382,0.0005688325730824432,0.027555103865066096,0.5179740072645403,0.017212384892508578,0.002035987582648828,0.03310621096589458,0.00018625371836846396,0.011764674580972396
baseline,5,2011-01-31,0.38317228715569707,0.00038774232112922906,0.0005776261600234619,0.02854102617727315,0.5209154463977417,0.017591484494224655,0.0020743961941056535,0.03506245327625465,0.0001904729381667038,0.011487064885383744
baseline,5,2011-02-28,0.3847479814068463,0.0003949273602614791,0.000586314713354494,0.0285805859558564,0.5184598703651493,0.01779810363854615,0.002094329952247046,0.03549232685327525,0.00019514799291628807,0.011650411761547365
baseline,5,2011-03-31,0.36577897120403263,0.00036706318437272384,0.0005500710862516519,0.029407004211049522,0.5364115686633605,0.017487615447827017,0.0020393184078640408,0.037035144325032174,0.0001860522182948517,0.010737191251914944
baseline,5,2011-04-29,0.38531287732057284,0.0003905064222393506,0.0005752741611795342,0.028206620867532024,0.5187866285696939,0.017562398461869383,0.002050304592387111,0.03520049031316848,0.00019294151021742603,0.011721957781139868
baseline,5,2011-05-31,0.3617512785867459,0.0003450644421274428,0.0005120733549986203,0.028701772476099632,0.5430610691783813,0.016824697133687627,0.001920458045860977,0.03629239932849703,0.0001758902778036906,0.010415297175797792
baseline,5,2011-06-30,0.35571069716124615,0.0003465130103385255,0.0005225261011764314,0.029704447018653612,0.5464462232002036,0.017177462196024024,0.00199075014410754,0.03776736717509742,0.00017815409571556623,0.01015585989743709
baseline,5,2011-07-29,0.35319507735668626,0.0003469705304289106,0.0005261505214282212,0.030122608381208185,0.5479661888661926,0.017217190938036003,0.0020093231856344648,0.03835230987994009,0.00017875561078247465,0.010085424729662796
baseline,5,2011-08-31,0.30361183940454156,0.0003040252799873341,0.0004925491070605995,0.035060193295668646,0.586770665114987,0.01792738331338595,0.0021244295217288703,0.0458132778845487,0.000167050549410615,0.007728586528680703
baseline,5,2011-09-30,0.3070492285897235,0.0003084131195866473,0.0005021243981652676,0.035109745785044305,0.5819972781567613,0.017747695250362745,0.002095714154146292,0.04694236928955367,0.0001714873164296877,0.008075943940226713
baseline,5,2011-10-31,0.31251690535422366,0.00031496663835566284,0.0005054839992649082,0.034226864706942826,0.5784505329044592,0.017823415077092192,0.002105222518948674,0.045572947442656324,0.00017400872562645998,0.008309652632429977
baseline,5,2011-11-30,0.3223620697414309,0.00030895730320138886,0.0004855226223916292,0.032340060617398816,0.5744454000901159,0.017276435688165403,0.0020176885160129356,0.042072545049177304,0.00016678395928612107,0.008524536412819533
baseline,5,2011-12-30,0.34335864485789636,0.00033016521781147653,0.0005024485295348095,0.03019130703330134,0.558575172565631,0.01697339847720632,0.0019647298876042554,0.03837209008455348,0.00017208188441363145,0.009559961462047304
baseline,5,2012-01-31,0.363386051777444,0.0003454637025623069,0.0005152538110648871,0.02876524050346879,0.5412502773254301,0.01680481404463202,0.0019294890236978756,0.036368268494027245,0.00017541798419338226,0.010459723333479302
baseline,5,2012-02-29,0.4032389156009326,0.0004047800133646076,0.0005962775029384582,0.027308319756501005,0.5016233568873237,0.017680924736416366,0.002049198450317596,0.03451440948490254,0.00019772803369534013,0.012386089533607625
baseline,5,2012-03-30,0.3903264976444198,0.00039253549024897223,0.0005790775926645616,0.027997770307818217,0.5144280702837731,0.017611841452118943,0.00205552609995509,0.034674740433498163,0.00019212135168212042,0.011741819343820929
baseline,5,2012-04-30,0.3660175861427988,0.00036050770934547123,0.0005412839118350963,0.029226493935045436,0.5368180045593132,0.01729519059776697,0.0020148707652893273,0.03689792529247344,0.0001827089131770388,0.01064542817295522
baseline,5,2012-05-31,0.3377490039532268,0.0003325781051386614,0.0005201964764174235,0.03179860529205908,0.5589769893803137,0.017372358717801465,0.00203970565108637,0.041609531788020994,0.00017767409667423864,0.009423356539261218
baseline,5,2012-06-29,0.33082232447143606,0.00032121689633491236,0.0005042119098800617,0.03201162415505363,0.5652883140296565,0.0173714579755155,0.0020351306705395306,0.04244286252837945,0.00017368179089361576,0.009029175572310649
baseline,5,2012-07-31,0.34413917597798394,0.00033413997617567936,0.00051144007375036,0.03058348981217699,0.5556607632190336,0.017082825449270096,0.001982947167971259,0.03979524872470175,0.00017627825015981502,0.009733691348776453
baseline,5,2012-08-31,0.3999664219652109,0.0004165475517884785,0.0006159419747546617,0.027993204301090244,0.5028988484530726,0.01804706577407774,0.002132954183409118,0.035255744946254004,0.0002038122282353231,0.0124694586221069
baseline,5,2012-09-28,0.39364746282899316,0.00040277584362073373,0.0005961045619456781,0.02822407190530578,0.5097113987283771,0.01784408695182257,0.0020878151392158006,0.03528446845858599,0.00019704435110627213,0.012004771231026928
baseline,5,2012-10-31,0.3950037354548559,0.000417534588888859,0.0006249549416841274,0.028861821582431984,0.5058725754449216,0.018357784701074593,0.0021818721834228946,0.03627986212859199,0.00020530229589680877,0.012194556678231152
baseline,5,2012-11-30,0.3748910781275101,0.0003850212622325052,0.0005805904466784146,0.029542540755661588,0.5258814094952303,0.017884304022239766,0.002111694191058159,0.03734137459596818,0.00019350055535329616,0.011188486548067568
baseline,5,2012-12-31,0.3938856917982546,0.0004208962657996194,0.0006358555747056013,0.02928634979257079,0.5050062557190097,0.018607235954660586,0.002213946902811086,0.03752780336567639,0.0002098991972996138,0.012206065429211934
baseline,5,2013-01-31,0.39912095542646087,0.0004228436831901937,0.0006296974304804429,0.028453150641653026,0.5023558835967177,0.01828710747356363,0.0021657186691618003,0.03587149851265991,0.00020778496586455094,0.012485359600247919
baseline,5,2013-02-28,0.3956605994052622,0.00041877555753536654,0.0006312214326850655,0.029001515766444594,0.503969552235618,0.01849451120121245,0.002177273042324727,0.03721989562115497,0.00020905609796628648,0.01221759963979642
baseline,5,2013-03-28,0.385692331581671,0.00040960308298531445,0.0006161611978841007,0.029370269086070447,0.5142378464745235,0.018266803224907896,0.0021680843553534635,0.037128351247080776,0.00020542682354118643,0.011905122925982153
baseline,5,2013-04-30,0.3500106409576645,0.00034529502619055485,0.0005339673985818937,0.030885249113968703,0.5483022259056678,0.01751820301600375,0.00201330815900477,0.04031883027457485,0.00018221805989838868,0.009890062088444737
baseline,5,2013-05-31,0.36960031395587567,0.00036941169124778,0.0005586825868055022,0.029435600417976524,0.5320813080341663,0.01749494967353803,0.002041156063472897,0.03738066368183701,0.0001870455145017268,0.010850868380578449
baseline,5,2013-06-28,0.33775922331158265,0.00033200276949702564,0.0005192536746657532,0.03164026393453986,0.560583373959326,0.017373680319905063,0.0020474905311898325,0.0402793839122016,0.00017404780553950628,0.009291279781552636
baseline,5,2013-07-31,0.3594446927431785,0.00036269397635756037,0.0005515374941365771,0.030048162979137094,0.5432238913893598,0.017366718180060404,0.002085305585695431,0.03632764083813047,0.00018077649287817518,0.010408580321066042
baseline,5,2013-08-30,0.3603659230817818,0.00036755309773076674,0.0005606403617238124,0.030330315194014953,0.5410389895116458,0.017561789217843675,0.002110818139852328,0.036990218418583326,0.0001837381186539467,0.010490014858169803
baseline,5,2013-09-30,0.3729415242085041,0.00036411253570230276,0.0005429429859309606,0.028620933462018258,0.532234783264744,0.017104165803504878,0.001998600068438044,0.03514716013018144,0.00017950759197416072,0.0108662699490017
baseline,5,2013-10-31,0.3726602049044499,0.00036385223409303794,0.000542965691476451,0.02869863516554314,0.5317513697197322,0.017129407375220482,0.0019953281480671087,0.03578348826762943,0.00018111541382403025,0.010893633079964254
baseline,5,2013-11-29,0.38406276327040156,0.00037012142836593474,0.0005482732866037314,0.02778718738446319,0.5217009856511845,0.017079417698829848,0.0019907199681303694,0.034916413510763265,0.00018256246628604834,0.011361555334971516
baseline,5,2013-12-31,0.37042028229733104,0.00036923121864820347,0.0005581202841223117,0.029320979968889622,0.5322573260993307,0.017412892939244605,0.0020618243290834314,0.03653132485676787,0.00018498510557216397,0.010883032901009915
baseline,5,2014-01-31,0.3563320208197138,0.00035649346832517366,0.0005464132271640282,0.030465152974198995,0.5439056763908944,0.01743314340230245,0.0020630793946417487,0.038416184524725894,0.00018312029050454628,0.010298715507528847
baseline,5,2014-02-28,0.36379656879208916,0.0003598062541947066,0.0005404715473500825,0.029373292553475414,0.5390967620190044,0.017197384845062523,0.0020140945561506756,0.03680655488145853,0.00018231479407769657,0.010632749757136893
baseline,5,2014-03-31,0.36564333704207375,0.0003577165078650682,0.000535100411292814,0.029078146456820105,0.5377997315020019,0.01713053728057777,0.001985333478259989,0.03662041202081091,0.00018135983499607662,0.010668325465301488
baseline,5,2014-04-30,0.38564143893232167,0.0003894520238309878,0.0005772381738768099,0.028315503882489795,0.5177913206188409,0.017562517597177228,0.0020514798124317475,0.035764402931423626,0.00019365846778913784,0.01171298755981791
baseline,5,2014-05-30,0.3910046740307585,0.00040010095752434954,0.0005970588736827167,0.028524164228531518,0.5108161681410562,0.017889216464437627,0.002089459820458989,0.03649366994031871,0.00019963227528830627,0.011985855267942878
baseline,5,2014-06-30,0.39500620019469146,0.00041040044269435914,0.000611591319726382,0.028502012869572227,0.5065176294545498,0.018084214406821966,0.0021171453094550705,0.0363164582254907,0.00020356565919562382,0.01223078211780246
baseline,5,2014-07-31,0.38779602295455284,0.00039956256213035437,0.0005960100758231065,0.02877449931200227,0.5138885967176567,0.017880152501746037,0.0020911492804293456,0.036524126440924606,0.00019890216326485589,0.011850977991469688
baseline,5,2014-08-29,0.37963745442775754,0.00038316444407672095,0.0005718887898338633,0.028835939522192287,0.522883488271853,0.01757766510653786,0.0020594330948065774,0.036420763858097734,0.0001919578697292446,0.011438244615115153
baseline,5,2014-09-30,0.36197989109211987,0.0003639913085243747,0.0005553803849660394,0.03022359016538874,0.5379217295134135,0.017606562836392753,0.0020707283599638642,0.03851968370014658,0.00018706421871810545,0.01057137842036625
baseline,5,2014-10-31,0.3490902412703412,0.000341649950953403,0.0005235854100254652,0.030455820585815516,0.5510614072278556,0.01720487049178172,0.0020158960391469132,0.03920666859295719,0.0001785447145680083,0.009921315716554947
baseline,5,2014-11-28,0.35258260249401646,0.0003460244015432105,0.0005296727366058134,0.03033851196445186,0.5479546513316743,0.017168458242603837,0.0019958060809684083,0.03878894237507043,0.00017998517464182663,0.010115345198423775
baseline,6,2008-04-30,0.22040324745275125,0.002621623108004438,0.0025287630801350226,0.0028301017297258316,0.04772629902739418,0.01432205586249453,0.27340346110895003,0.03821344257041578,0.001771480147708987,0.3961795259124198
baseline,6,2008-05-30,0.24151626461396547,0.002471402923806614,0.0024485050281440736,0.002979390133500813,0.052620790531073575,0.013971882871892206,0.2188004179005045,0.03128267585996382,0.001804429199580376,0.4321042409375685
baseline,6,2008-06-30,0.24057522642252085,0.002396905753338312,0.0023787671428794448,0.0030627311288194525,0.05494892769017516,0.013635246278918236,0.20936664717284245,0.029772231907312836,0.0016998338470534632,0.4421634826561397
baseline,6,2008-07-31,0.1908385597048192,0.0025881102664247107,0.002495648057868059,0.002714914392681519,0.04518993602396285,0.01632598383926201,0.391444398542196,0.05710976234664074,0.0015346210808409551,0.2897580657453039
baseline,6,2008-08-29,0.17620404540186074,0.002643661978198711,0.0026934247352713575,0.0030171059133907905,0.04910336828998047,0.02005201981888373,0.43100754890371107,0.07978038932371621,0.001524656674600818,0.2339737789603861
baseline,6,2008-09-30,0.07231543095458547,0.001369310053711693,0.002386400751610894,0.003455449055320396,0.08298725550818824,0.05166365637460483,0.31047190984669953,0.4548106735484215,0.0007191589604014425,0.019820754946456173
baseline,6,2008-10-31,0.012004850230389497,0.0003795619740448452,0.0009507244311507172,0.0021114042950364014,0.05636259883058817,0.026374501479244142,0.04625130853183809,0.8543879813151706,0.0001298094580651299,0.001047259454472405
baseline,6,2008-11-28,0.009814426188661294,0.00021768426186005588,0.0006303050247002815,0.0014134127854559084,0.04018994023550614,0.014384968342717077,0.04274573373142041,0.8892981051502673,9.642389685621831e-05,0.0012090003825553706
baseline,6,2008-12-31,0.0011932792898678225,0.00011542262768349972,0.00022205111410501295,0.0003865712136109632,0.0019961976172900697,0.0017266661577204376,0.005169325588163568,0.9890121142108399,3.9768071740605626e-05,0.00013860410897787804
baseline,6,2009-01-30,0.0014364130573322374,0.0001424482405902796,0.00026306406864700364,0.0004401802667517412,0.002275923618586072,0.001884057264257118,0.005847854267248983,0.9874783859558649,4.8103752544549324e-05,0.00018356950817720696
baseline,6,2009-02-27,0.16311838273411566,0.002081918562374217,0.002157671321679647,0.0019247130585003198,0.0357258974575267,0.0156321262129709,0.5180958097643533,0.07749778398647114,0.0012500017777000681,0.18251569512430801
baseline,6,2009-03-31,0.16564874979956715,0.002009939527563365,0.0020257226318330865,0.0018835268554153444,0.03731276302102907,0.016016552701453326,0.5238665502177259,0.07835163973306775,0.0011445370967220936,0.17174001841562295
baseline,6,2009-04-30,0.17355552255324744,0.0021547887503032864,0.0021117232698977333,0.0018893280816263773,0.033650478577082754,0.014116253088296265,0.4779127748232267,0.06408165152350867,0.0013942784895196448,0.22913320084329114
baseline,6,2009-05-29,0.20184802610673988,0.0025842198013445845,0.002421508343241274,0.0022053280202700234,0.037405212180441766,0.013495714405470064,0.3752226843575265,0.046499222614482257,0.0018115811372556136,0.3165065030332281
baseline,6,2009-06-30,0.2194485398290708,0.0026043300203432156,0.0025081357732151185,0.002439984388648293,0.04227726047422545,0.013511088773498738,0.31053421508298945,0.04029381706189218,0.0018648645915991275,0.36451776400451763
baseline,6,2009-07-31,0.21594267464777944,0.002549741260813793,0.0024652922454173882,0.002408156364280454,0.042163284447288195,0.013607007470847546,0.3222816386540836,0.04263668558019896,0.0017966574511494077,0.3541488618781412
baseline,6,2009-08-31,0.20091404509309013,0.0024933933609622913,0.002463874370642992,0.0023207782561266454,0.03995281697621513,0.015111636508255366,0.383990676437336,0.05397545948848331,0.0017060855750400308,0.29707123393384827
baseline,6,2009-09-30,0.20915016045419382,0.002641711113042072,0.002619617264723148,0.0024529686319338445,0.04136779518072332,0.015136799469348313,0.35690701679471065,0.04931521102273,0.00190005119039024,0.31850866887820456
baseline,6,2009-10-30,0.20893824620469986,0.0025543721809870613,0.002526997648498986,0.0024886279242478156,0.04340258277850605,0.015183803724224468,0.3544357763253863,0.0502837504979788,0.001725257205149583,0.31846058551032097
baseline,6,2009-11-30,0.20582485502231293,0.0026561240588199664,0.00255337571482726,0.002542988227282009,0.04273894107273609,0.014397929248463498,0.34810498938539125,0.04671813048314057,0.0017770773004925503,0.332685589486534
baseline,6,2009-12-31,0.22620123826138602,0.0026907519359533776,0.0025329548815226396,0.0029523014687536566,0.04987163367542386,0.013736172812235402,0.24378092124106665,0.03286739967875527,0.0018281420147239044,0.42353848403017935
baseline,6,2010-01-29,0.23361147610292096,0.002467169194505203,0.0024238700894915924,0.002909608288146646,0.05221572834936192,0.014322089231000581,0.24705280929052936,0.03527173133034289,0.001710112068658085,0.4080154060550428
baseline,6,2010-02-26,0.20394010379025437,0.0025614806741129257,0.002424716800340899,0.002668298763220523,0.04509068284744769,0.015467076746135597,0.3487769479309668,0.04824191189145597,0.0015999896708250656,0.32922879088524026
baseline,6,2010-03-31,0.22195370278466284,0.002650502925568816,0.002551667597349316,0.0029324748992069502,0.050096869574932,0.014905126208772497,0.27116466821721463,0.03896307791297997,0.0017892906218942306,0.39299261925741874
baseline,6,2010-04-30,0.2291583486472463,0.002494106584588629,0.0024777242128411797,0.0027175592546639024,0.049097249173182825,0.01439633897242564,0.2681998826989537,0.038440927253209994,0.0017708957092933417,0.3912469674935946
baseline,6,2010-05-28,0.18247955119797715,0.002302612375342014,0.0023543249854501348,0.002271126803051258,0.041607232984971716,0.017961511512875165,0.46802091783412847,0.07171814741230258,0.001396042255503099,0.20988853263839832
baseline,6,2010-06-30,0.176285309275854,0.0025068788923846203,0.0025894779262339886,0.002584118778477201,0.04374520040020948,0.018655080014454286,0.4570444101376158,0.07624880169741334,0.0015011028047394682,0.21883962007261765
baseline,6,2010-07-30,0.1805973191523318,0.0025789729967595114,0.0025610231836100585,0.0025918601953466317,0.041876293790103644,0.016833927651552498,0.4239195821769322,0.066673128571913,0.0016109636016881578,0.26075692867976247
baseline,6,2010-08-31,0.20553788011651677,0.0026306639212063778,0.0026031564666961623,0.0026732061188850798,0.044939436422482326,0.015628580647695536,0.34273095638347545,0.05040617936673642,0.0017362916221680886,0.33111364893413747
baseline,6,2010-09-30,0.23344545979565445,0.0024910224636579257,0.002486585797129852,0.0026880164554250376,0.048969122375871095,0.013838211051636424,0.25139756676017505,0.035736491613413496,0.0017909366640895131,0.4071565870229472
baseline,6,2010-10-29,0.2574638913770978,0.0024416462249522365,0.002493806196460592,0.0031762128888852765,0.05640538275232078,0.013218310447091453,0.17206947298677208,0.024997899940708893,0.0019739363756126984,0.4657594408100982
baseline,6,2010-11-30,0.2779814150357064,0.0023308919159691437,0.002361588993910566,0.0033843194847421668,0.06027644133858674,0.012419830441103025,0.1285667017117483,0.01812239306140806,0.0021215014558962782,0.49243491656092925
baseline,6,2010-12-31,0.27091061563716834,0.002361649130497561,0.0022948517032936855,0.0038166033261263135,0.0649250859745033,0.012021689924793102,0.09603191185287224,0.013575422449260497,0.0021294098970719042,0.5319327601044129
baseline,6,2011-01-31,0.2730778380477061,0.0023285657306754636,0.0022970538573641613,0.003943909659447297,0.06644787774846303,0.012256324486031301,0.09219879729111573,0.013461993624227559,0.002155757058509403,0.53183188249646
baseline,6,2011-02-28,0.27545675687095533,0.002394510315260735,0.0024002905669620557,0.004069314094790753,0.06685539503950592,0.012498667357561735,0.09119970823480683,0.013529888292720059,0.0022631446516646536,0.5293323245757718
baseline,6,2011-03-31,0.27357157695909423,0.002327553568848057,0.002415695442709029,0.0035862553351988786,0.06242288973089027,0.013034080688006398,0.12668936500264344,0.018910373774994205,0.0020900829474144096,0.49495212655020093
baseline,6,2011-04-29,0.27308798177096405,0.0025147124823966145,0.0025800017482278544,0.004001777407033492,0.06535092896471416,0.013166275913287364,0.11113660588001946,0.016785016256364322,0.002308438896818772,0.509068260680174
baseline,6,2011-05-31,0.2448914999207273,0.002414298929798616,0.002471701315055041,0.0030064854281379332,0.054014139690116446,0.014191744060225758,0.22075484065669357,0.03280055082706393,0.0017999209548923442,0.42365481821728923
baseline,6,2011-06-30,0.21778009897458184,0.002549444728406907,0.0024984520791118767,0.0028393847558657206,0.04979670750365442,0.015787502578947243,0.30734132417960186,0.04489203729263867,0.0016539112614160042,0.35486113664577545
baseline,6,2011-07-29,0.21291944740662297,0.0026054299148633177,0.002538246185549969,0.0029203977875242194,0.050451054634903986,0.01616200370406747,0.3144790660362294,0.04662996869118087,0.0016375456469793096,0.3496568399920785
baseline,6,2011-08-31,0.16798895127439412,0.0021416259600328526,0.00231233458559158,0.0022340352585445986,0.04657157395350883,0.022734939565740273,0.5252105280286321,0.10004853839978334,0.00116240070635072,0.12959507226742156
baseline,6,2011-09-30,0.16022457601238216,0.0023634110201451054,0.0026394185032978753,0.002707799847571273,0.048820536890091644,0.022641297732284252,0.4945011648180186,0.11176146463341212,0.0013175961690573112,0.1530227343737398
baseline,6,2011-10-31,0.16648624696656247,0.0022718691420349677,0.0024273336316007854,0.002310761433845875,0.041769345990592295,0.019083212725953425,0.49299331396254653,0.09435103546909006,0.0013610043994178053,0.17694587627835584
baseline,6,2011-11-30,0.18146166306057648,0.0024202624184656283,0.002448507438602012,0.002396348673663585,0.042693312794309435,0.019099944112525264,0.46827938474968595,0.07434813544918471,0.0014431286839005223,0.20540931261908654
baseline,6,2011-12-30,0.1982675279698533,0.0026248564263088646,0.002501389078569926,0.0025219600501754967,0.041579519844357274,0.015543166084184384,0.3795847461742099,0.05222769671015617,0.0016893642841358004,0.30345977337804886
baseline,6,2012-01-31,0.21909168062732512,0.0025971745891875293,0.0025605090869334824,0.002815654694456844,0.04886215514749435,0.015359663265752669,0.29462636154972716,0.043277158690299564,0.001739807489288563,0.3690698348595348
baseline,6,2012-02-29,0.26262184197383703,0.0024848635297781124,0.0025286203117473927,0.0032077375753216545,0.05596263455180527,0.012777572780330353,0.15275962898177078,0.02199648373943248,0.0021347937968549955,0.4835258227591219
baseline,6,2012-03-30,0.2813352661238214,0.0024383174089677283,0.002468546587529445,0.003939990032137041,0.06526124848421427,0.012551860809767737,0.10032012901126923,0.014570769392736134,0.002351771365910854,0.5147621007836464
baseline,6,2012-04-30,0.27755136555900783,0.0022862683852521797,0.0023645404433121965,0.0036115976940922106,0.06384548933379257,0.0129913827848694,0.11959622871389787,0.018083750554782535,0.00209368748158492,0.4975756890494083
baseline,6,2012-05-31,0.23136658112070863,0.0023696854677903527,0.002401286078416368,0.0030336815259039513,0.05617248558849594,0.016052422349825377,0.2629199899015795,0.041887362140411985,0.0015851501089134993,0.38221135571795445
baseline,6,2012-06-29,0.18533251493551015,0.002561309151750052,0.002586567971537191,0.002710117832406898,0.045891156738769784,0.01891168830687153,0.42713522722599784,0.07110966196537966,0.001552721156842129,0.2422090347149348
baseline,6,2012-07-31,0.19446212662880816,0.002679498688683938,0.002652514332457663,0.0028299665411675346,0.04610693045292968,0.01739305605042173,0.37794974659733693,0.059432745780784384,0.00167505049206772,0.29481836443534226
baseline,6,2012-08-31,0.24803725808895938,0.0024305282953880386,0.0024144783817956067,0.003147092610740928,0.05659039213533086,0.013048424995120792,0.1643232352267676,0.023875757778017027,0.0018386749352110427,0.48429415755266886
baseline,6,2012-09-28,0.2759471681299559,0.002434131506927213,0.002482021631367358,0.003980773792885656,0.06552390598605563,0.01263499588921164,0.10089342525149451,0.014976282347093467,0.0022965440375767856,0.5188307514274317
baseline,6,2012-10-31,0.2719526987268512,0.002495670055988099,0.0024973814523892497,0.004225289901057841,0.06724140190567042,0.01278463201671526,0.0967115163035353,0.014344908813522463,0.0023282840033868085,0.5254182168208833
baseline,6,2012-11-30,0.2714941346640996,0.0024302152470441585,0.0024694656498800904,0.003877416178824386,0.06443728813770988,0.012998178478798703,0.11738320534819797,0.01750284586468979,0.0021863053577066845,0.5052209450730487
baseline,6,2012-12-31,0.26925346877866657,0.0025555740950287224,0.0025648906249093055,0.004257960433291566,0.06745327445097334,0.01328787932275226,0.10234858739892574,0.015775589468438354,0.0023531060779842625,0.5201496693490297
baseline,6,2013-01-31,0.2719537111550428,0.0025489007919767175,0.002535530372925966,0.004355800167710184,0.06823851112915795,0.012936072608556044,0.09089868479585968,0.01385156394838464,0.002427940772737786,0.5302532842576482
baseline,6,2013-02-28,0.27556363104256776,0.0024687773470842113,0.0024845275892142514,0.004296751424540305,0.06814866467610227,0.012938158462401306,0.09041964438095947,0.01386575978884462,0.0023971205562126827,0.5274169647320732
baseline,6,2013-03-28,0.2715028485240888,0.0025114801773454217,0.0025167898435625074,0.004408179015625644,0.06938601482967316,0.013113285666226389,0.09030834161028367,0.014090949387754112,0.0023637852077847505,0.5297983257376555
baseline,6,2013-04-30,0.28086590545271045,0.002255844468684564,0.0023760484262801505,0.0035831689260170515,0.06229006009869874,0.013113083778545347,0.12750939867943123,0.01962586997553024,0.0020978935148256023,0.4862827266792765
baseline,6,2013-05-31,0.27180948878355077,0.00233522212153312,0.0023752302798267406,0.003618445625626809,0.06288389468594144,0.013162371905239346,0.12429820963191106,0.018866609248436698,0.0020894795008276866,0.4985610482171062
baseline,6,2013-06-28,0.24887824215059734,0.002234510308191619,0.0021741896454668883,0.002910744837053366,0.055333933608105505,0.013848731295480574,0.21315989016950812,0.03054602209768171,0.0016165465878645764,0.42929718930005045
baseline,6,2013-07-31,0.2296512226285905,0.0025743865523916716,0.0023123217812806595,0.0030711057405426417,0.05436838316202503,0.013832799315423755,0.21990826881066933,0.029684773789412967,0.0016410875301010107,0.44295565068956244
baseline,6,2013-08-30,0.2524565843262873,0.0023144152284561466,0.002176948679746459,0.003408035299262446,0.062110630747191614,0.012737354116447528,0.14118925852181502,0.01982361870917384,0.0016942666912301836,0.5020888876803895
baseline,6,2013-09-30,0.2761917210830756,0.0024214619237134033,0.002449975683402844,0.0036516293138368714,0.06207782267650075,0.012579605076786791,0.1226886536015729,0.01769597214095274,0.002236576878196039,0.4980065816219622
baseline,6,2013-10-31,0.2677768143494586,0.0024636115235540947,0.0025005741565939745,0.003502092937738969,0.05998297797579788,0.013048565208023402,0.14223406470610991,0.02098720551248877,0.002185976712461377,0.48531811691777293
baseline,6,2013-11-29,0.27023264440211847,0.002400930978298959,0.0024267240689668595,0.0033371969190023457,0.05912819319284409,0.012894607423082148,0.14155139297755973,0.020898782379540633,0.002146033449590579,0.4849834942089963
baseline,6,2013-12-31,0.26412165938279664,0.002360707118487439,0.00235602295300751,0.0034021604030359436,0.0602042184105372,0.012706045573498435,0.1369694473658636,0.020088271222160708,0.0020096045889191148,0.4957818629816934
baseline,6,2014-01-31,0.2622571844709109,0.002296741378085986,0.002326559915043179,0.0034925393885544814,0.06297479576432118,0.013291315963184057,0.14173763778434334,0.021640079602165768,0.0018597680856641632,0.48812337764772695
baseline,6,2014-02-28,0.26324574705860854,0.0023601358230897714,0.0024131390023158163,0.0034529918310066726,0.06168526607522696,0.013329748732205292,0.14451931909780594,0.021898552755612966,0.0019342714217681228,0.48516082820235984
baseline,6,2014-03-31,0.26783453354740366,0.0023749844074811457,0.0024735444632823446,0.0035349185215018853,0.06276561053200909,0.013651533845689845,0.1439747823176261,0.02225783657742369,0.0020004258179435424,0.4791318299696387
baseline,6,2014-04-30,0.27075550695656625,0.0024877272985804545,0.0025487358367161967,0.0038619866109196517,0.06421180770862324,0.01324377292643467,0.11773229640879565,0.01806084971329565,0.002257823413626002,0.5048394931264424
baseline,6,2014-05-30,0.27463157193069654,0.002567941282491216,0.0026621963695339346,0.004204389026837456,0.06737897684648701,0.01361775807895421,0.1078879767216408,0.0173455589772806,0.002443728665227192,0.5072599021008513
baseline,6,2014-06-30,0.27402995945007697,0.0026358716794255433,0.0027176295541415573,0.004334872399381815,0.0674911537270351,0.013615836581405498,0.10463927728081922,0.016561617132262008,0.0025341653244904828,0.5114396168709617
baseline,6,2014-07-31,0.27508052452623755,0.0025236068054201076,0.002599919218640569,0.004278580740850174,0.0688968647548398,0.01357252630589513,0.10369772009313945,0.016445812550625508,0.0023825685953680733,0.5105218764089835
baseline,6,2014-08-29,0.2724632676249149,0.0025062503445887068,0.002592936005779617,0.0040181992830269474,0.06626965285419077,0.013652907107569112,0.11808516106912352,0.018522069085400193,0.0023050355730286154,0.4995845210523778
baseline,6,2014-09-30,0.2648505147160549,0.002399124922249545,0.002474389057559014,0.0036820934866488276,0.064526379897292,0.014156518569788994,0.1462137271637532,0.02324425676711521,0.002004761020614413,0.476448234398924
baseline,6,2014-10-31,0.21639467054109424,0.0025364003220569842,0.002466070263642547,0.0028935885659496525,0.05037830981279633,0.015983525855218512,0.30369449772139007,0.04538804549889312,0.0016413621547408687,0.35862352926421764
baseline,6,2014-11-28,0.21363425806074998,0.002672462484813457,0.0025822840891949086,0.0030733875038926315,0.05112605402319779,0.016575962215893802,0.30478452915337934,0.04647596705551178,0.001720507211212197,0.35735458820215404
baseline,7,2008-04-30,0.09007303409261727,0.00012405629381673116,0.00013052088721679305,0.37106526405365853,0.1866828630699027,0.015494295377603513,0.00039148258794199497,0.33150157560061233,0.00013721025198811524,0.004399697784642166
baseline,7,2008-05-30,0.12767616873501303,0.00020631185687129198,0.0001699382427518125,0.28490355674322076,0.2934169699616997,0.012428268382956433,0.0005962908383510534,0.2698954646383418,0.00019613964375183698,0.010510890957042347
baseline,7,2008-06-30,0.0910231150287829,0.00014507986253500395,9.77829369193398e-05,0.1464736742279773,0.6346302572828552,0.005854394767179614,0.00042162857480427255,0.09928910838660182,0.00013758433181519338,0.021927374600529292
baseline,7,2008-07-31,0.3656802383895505,0.000319284775031051,0.00021086753460008303,0.10205753324546787,0.37347947093804174,0.005131476736386781,0.0008145159319515957,0.0576505956014229,0.00021322607641509315,0.09444279077113246
baseline,7,2008-08-29,0.054026182156298695,0.0001003824807303444,6.697846049360032e-05,0.15962976764941633,0.6590094260898685,0.005819751686566375,0.00030657575886866676,0.10928320548071073,0.00010761971733680905,0.011650110519709845
baseline,7,2008-09-30,0.05205269184122577,6.8074057089391e-05,7.554935931190951e-05,0.4370847319224917,0.14540117510994047,0.015471060401543951,0.0002184021633005309,0.3478103783018456,7.975355066868474e-05,0.001738183292582093
baseline,7,2008-10-31,0.018726413016013188,6.608493086368233e-05,6.370516425152867e-05,0.28210310226558194,0.04382298680520153,0.010667504104781025,0.00015474087338222573,0.6436085779060915,7.019343635708089e-05,0.000716691497476176
baseline,7,2008-11-28,0.20841454530012662,0.00025849591362147955,0.0002309449659523862,0.22175868962780573,0.035832778624459466,0.013710533283819899,0.0007797692991531678,0.5111716311456759,0.0002234885334498976,0.007619123305935381
baseline,7,2008-12-31,0.007174103271914117,4.9898126016049614e-05,4.339522307939656e-05,0.11533797236945523,0.017957342984595573,0.0065737658466776035,0.00011401844807181293,0.8524915468454082,5.3349217235206095e-05,0.00020460766754681285
baseline,7,2009-01-30,0.008387027698633275,5.3765354707177934e-05,4.7341916824979915e-05,0.11566485278210736,0.019238817029928128,0.006709141623834684,0.0001243724733937334,0.8494696823701574,5.6270470421847975e-05,0.00024872827999137
baseline,7,2009-02-27,0.8235803700530301,0.0001705534437729237,0.00011373581010183472,0.00951272100040428,0.024461563545945506,0.0009087760338728547,0.0007953549437634363,0.00594255756369066,0.00010367687343347804,0.13441069073198492
baseline,7,2009-03-31,0.7988298686710038,0.00015821220792351475,0.00010463804189197395,0.007986480452781332,0.026350691204785174,0.0007794101221829225,0.0008073058785060006,0.004484613988501788,0.00010264390124426058,0.1603961355311792
baseline,7,2009-04-30,0.7966592278146014,0.0001669655001920769,0.00011086465381557801,0.008005127235604764,0.026564452878906474,0.0008056516123342157,0.0008408031904843981,0.004577778857793946,0.0001086619290029669,0.16216046632726425
baseline,7,2009-05-29,0.7966050856284153,0.0001822906130962345,0.0001261838424872753,0.00625152324509168,0.020862902749791416,0.0007711131001111843,0.0008474241594178599,0.0040331454878113375,0.00012121181513568477,0.17019911935864207
baseline,7,2009-06-30,0.8028522353679749,0.00020074623543664836,0.00014989809584046502,0.0033719809544023815,0.010543500347730578,0.0006445495219926128,0.0007737224937891117,0.0030928382046296666,0.00014083055355813186,0.17822969822464527
baseline,7,2009-07-31,0.8042652581539321,0.00019510996314478756,0.00014488567494760178,0.0033590608097907237,0.01050788595633013,0.0006332071789736055,0.0007533919036633756,0.0030755817887231666,0.000136180366347173,0.17692943820414747
baseline,7,2009-08-31,0.8085834432441255,0.0001871959051677662,0.0001380419201881629,0.00357922346446053,0.010987488272448916,0.0006365161512352454,0.000734010955272292,0.0032755506143469478,0.0001302608020739069,0.17174826867068083
baseline,7,2009-09-30,0.795212721029559,0.00017617940424296936,0.00011728209632111919,0.0085490092130532,0.02806885519964056,0.0008632757041967743,0.0008632982770985985,0.005013626047927237,0.00011299812486802707,0.16102275490309254
baseline,7,2009-10-30,0.7958148922615217,0.00017089324210750167,0.00011375023947321623,0.008749234996505028,0.028522157432799004,0.0008561663131508737,0.000843732928883656,0.005126168225705947,0.00010969344649709355,0.15969331091335592
baseline,7,2009-11-30,0.7930004626077083,0.00017719535279305944,0.0001181145863341317,0.008552998997987876,0.028347431386404612,0.0008632202890795616,0.000866961880570232,0.004934817093320816,0.00011353309515579049,0.16302526471064535
baseline,7,2009-12-31,0.7894445951515782,0.0001872610162396355,0.00012538388272114815,0.008690348144333391,0.028866003252887816,0.0008964758269864472,0.0009074233297629703,0.005032354591769754,0.00012108694259829072,0.1657290678611224
baseline,7,2010-01-29,0.7932232305062185,0.00017806988183823898,0.00011898493032090615,0.008879366193678864,0.029048338821170017,0.0008822362041795262,0.0008735955098377464,0.00520107443061294,0.00011505970959516806,0.16148004381254832
baseline,7,2010-02-26,0.7940410327059899,0.00017473591300261568,0.00011652421195519199,0.009071549817702966,0.02948929142178287,0.0008850673889172823,0.0008583957715123259,0.005282714402235371,0.0001130229584815264,0.1599676654084201
baseline,7,2010-03-31,0.7911952694664257,0.00018371950301747847,0.00012264299396796337,0.009141828360425944,0.029948216981995845,0.000913078531634695,0.0008907422884766058,0.005386075865838532,0.00011880976385430261,0.16209961624436287
baseline,7,2010-04-30,0.7900488729148603,0.00018277109077271956,0.00012264655364057841,0.009100941596437984,0.02999737347608084,0.0009086137143415648,0.0008888966572814728,0.00531114856748754,0.00011822297263664392,0.16332051245646048
baseline,7,2010-05-28,0.794400766144658,0.00016860336883372297,0.00011263878617401444,0.010074870630003174,0.03208961490275408,0.0009281980780436207,0.0008350015828780025,0.005745223073413068,0.00010970183350520125,0.155535381599737
baseline,7,2010-06-30,0.6964855693979851,0.0002511628769161863,0.00017109897693902805,0.033523734636316686,0.10440578145905634,0.00237834474319802,0.0010300190361036807,0.01850899450985296,0.00017631486930137888,0.1430689794943306
baseline,7,2010-07-30,0.05818817150693456,0.00010571871577650956,7.014135108318072e-05,0.1641812654615404,0.6443125530532944,0.006038881881096975,0.000319314202264287,0.11485049025813561,0.00010984029566830899,0.01182362327420589
baseline,7,2010-08-31,0.11099661150640135,0.00015419898453091171,0.0001476212100856947,0.33742471983422345,0.2164192024369503,0.014346727690202477,0.0004719550520206148,0.3134740308212459,0.00015818202611579633,0.0064067504382234845
baseline,7,2010-09-30,0.19350832911285287,0.0002780200059215696,0.00022236642545382223,0.23961576649201843,0.29857409934395435,0.011323337351888483,0.0008318700854308246,0.23633693029118122,0.0002478994092023673,0.01906138148209603
baseline,7,2010-10-29,0.7896548916857332,0.0001837920605527822,0.00012302220741847208,0.009225208515853817,0.03040579468701865,0.000917675294362654,0.0008875807546296043,0.005426263486903078,0.0001183984806661236,0.16305737282686164
baseline,7,2010-11-30,0.7926913080034428,0.00017944927634338436,0.00011976424197298977,0.008507243305325197,0.028206023833938172,0.00086650499567189,0.0008761950863347257,0.004925585371683708,0.0001151173299524114,0.16351280855533482
baseline,7,2010-12-31,0.7893702901579754,0.0001896730789183662,0.0001268135224637949,0.008534782792590729,0.028437159115006872,0.0008938223653989413,0.000914098544596988,0.0049465838892526655,0.0001221105573285373,0.16646466597646772
baseline,7,2011-01-31,0.7901746590172773,0.00018664048966782044,0.00012478526306921995,0.00865721973609825,0.02866651877857516,0.0008923925300777144,0.0009019841520817738,0.005030707348093472,0.00012048679900059393,0.16524460588605847
baseline,7,2011-02-28,0.7863472452221912,0.00019047202705449497,0.00012831901912102833,0.009136538212017814,0.030339558650668,0.0009277740831817404,0.0009170960621331966,0.005340073803788838,0.0001236356037155903,0.16654928731612803
baseline,7,2011-03-31,0.785888812537553,0.0001863054236653535,0.00012577915594387876,0.009777375902349327,0.03226879767618445,0.0009523342491191299,0.0008971851467754337,0.005781524395256821,0.00012123539577513577,0.16400065011737716
baseline,7,2011-04-29,0.7756713719369521,0.00019855177315943054,0.00013552967324040994,0.01124746114185766,0.03764226246143757,0.0010674429549850054,0.0009376719553767086,0.006774239145128023,0.00013047820484656734,0.1661949907530163
baseline,7,2011-05-31,0.6336795442860803,0.0002703835666612529,0.00019290383313749223,0.0416378156715569,0.14586927736167463,0.002702857369084084,0.0010524175897539782,0.027248272989267974,0.00019120231496284987,0.14715532501782053
baseline,7,2011-06-30,0.06875082813302366,0.00011728262606897656,7.808562430250028e-05,0.15565333887014732,0.6476622443576499,0.005893868271570489,0.00035667773953290064,0.10639805463488446,0.00011816493851017636,0.01497145480430982
baseline,7,2011-07-29,0.08074044723794406,0.00019191375527300323,0.0001374707106310488,0.2760588391703886,0.38342006799839995,0.011119588693030376,0.0004375820735925818,0.2393199377066872,0.00016648201420932975,0.008407670639843951
baseline,7,2011-08-31,0.057442361253049606,9.523380983204549e-05,6.18764573176211e-05,0.17245572720403726,0.6337056081112777,0.006036903496333967,0.00029507256478011976,0.11933337551440042,9.805858471456309e-05,0.010475783004256507
baseline,7,2011-09-30,0.05348296605967375,7.451921421575902e-05,8.256195899685187e-05,0.42170698607661106,0.14382462175108962,0.015630826150703197,0.0002301032855235258,0.3630283890867636,8.76235987401518e-05,0.0018514028176824817
baseline,7,2011-10-31,0.07500404920042346,8.661109079572332e-05,9.628429346061399e-05,0.3957335390430994,0.1398657431652592,0.015278073680902029,0.0002784915232655368,0.37096803834069064,9.626643132593927e-05,0.002592903230777555
baseline,7,2011-11-30,0.8353007829505872,0.00022351513904573736,0.00015199131255410605,0.015127374855809327,0.027583899042991338,0.0014071081293961403,0.0008885946523825796,0.009620277782749364,0.0001294714995693119,0.10956698463491514
baseline,7,2011-12-30,0.289009692606584,0.0001819571969301798,0.000207299227112773,0.28190980661920545,0.11403796812987285,0.013779608934216321,0.0006402013714978038,0.2883233235999255,0.00016697627432639406,0.011743166040328809
baseline,7,2012-01-31,0.7889212464882135,0.00018411032612045312,0.00012316337905233637,0.010081662061310172,0.03273067073102621,0.0009685586242571133,0.0008877159160249719,0.00594598093894559,0.00011965675859770422,0.16003723477645188
baseline,7,2012-02-29,0.7902297164283365,0.00018855752400270454,0.00012593741369627874,0.008768267092099545,0.028983055304847277,0.0009035372318537626,0.0009167679901395995,0.005126306269764782,0.0001220959860610086,0.16463575875919856
baseline,7,2012-03-30,0.7906689180206067,0.0001857069363711067,0.0001244131819642584,0.008723466096709296,0.028803273363811964,0.0008939248116530963,0.0009054343889143741,0.005043260526853959,0.000120072447444285,0.16453153022567096
baseline,7,2012-04-30,0.7919394594027667,0.00018148503494809528,0.00012138797596227976,0.008968075340948626,0.029349198788468582,0.0008957858333735018,0.0008846734611372858,0.005261242042524237,0.0001174618108974843,0.16228123030897315
baseline,7,2012-05-31,0.7836614030909747,0.0001875225526961765,0.0001261001832582627,0.011948016349775138,0.03806629679054924,0.0010829326559596854,0.0009008904961262305,0.007040526131149349,0.00012447019816641408,0.15686184155134486
baseline,7,2012-06-29,0.09039855640782113,0.0001469214798003994,9.310303786694438e-05,0.15820820812796565,0.6275172817712634,0.0061131388723677516,0.0003806836875985724,0.0968082098150774,0.00012756793498227995,0.020206328865256435
baseline,7,2012-07-31,0.0720912065431838,0.00012872527200041796,0.00012047536145202138,0.3626321053086247,0.22756445411698972,0.014565360326958545,0.00035419540804596244,0.3182744617871009,0.00013394935021660947,0.004135066525427442
baseline,7,2012-08-31,0.33625749307292674,0.00034020032733331375,0.000285013787766223,0.20175740119278943,0.21674691062256515,0.010488250424397508,0.0010413449946503198,0.2021006012339337,0.00027382969410119585,0.030708954649536466
baseline,7,2012-09-28,0.2734630383552269,0.00034164627013931465,0.0002759636122532311,0.2147789791830457,0.26682747767696957,0.01100117978782187,0.001037108786632532,0.20351331333424796,0.0002913918767337278,0.028469901116929257
baseline,7,2012-10-31,0.788252107254424,0.0001881382913876282,0.0001263531382168306,0.009091161717250267,0.030053665176564985,0.0009189172353114802,0.0009100888764112629,0.005371517557556187,0.0001221861314885786,0.16496586462138857
baseline,7,2012-11-30,0.7871254411646206,0.00018674568758541543,0.00012559685865933613,0.009613290971959527,0.03171592527567613,0.0009450796754736429,0.0009031104390669702,0.005725677034584851,0.00012179468289635651,0.16353733820947705
baseline,7,2012-12-31,0.7837240157545472,0.00019428273649371434,0.0001313210532720501,0.009931907968523257,0.03282463491036813,0.0009833799851162303,0.0009322267728197757,0.005923157832222882,0.00012768583504126562,0.1652273871515955
baseline,7,2013-01-31,0.7864666477062356,0.00019388688288180433,0.00013062473164471695,0.009375113137503405,0.030884253491876207,0.0009521856909206247,0.0009346237075810624,0.005521484545708515,0.00012686045938476928,0.16541431964626316
baseline,7,2013-02-28,0.7896062993345078,0.00018914503294898368,0.00012705175226336202,0.009046388570259169,0.02962497851165548,0.0009197445884605271,0.0009203233456334329,0.005317609616068477,0.0001236631104991955,0.1641247961377035
baseline,7,2013-03-28,0.7871395539432,0.00019313606763332855,0.00012986503941535876,0.009417664233712823,0.030850343853137768,0.0009507948971589352,0.0009305458359282505,0.005547609164080988,0.0001260868042170516,0.1647144001615154
baseline,7,2013-04-30,0.7883341942734944,0.0001833405604663027,0.00012238716508263583,0.010653708535471726,0.03442045789012175,0.0009981768911345179,0.0008886759408280041,0.006299687508041647,0.00012037848090865855,0.15797899275445035
baseline,7,2013-05-31,0.7878310725226776,0.00018709947329264317,0.0001253228900920177,0.009880240449503615,0.03227565196241613,0.0009624744053176183,0.0009051220629596274,0.005844047425125346,0.00012254705825020694,0.16186642175036506
baseline,7,2013-06-28,0.7956206559145481,0.00017390458677223885,0.00011545118057159189,0.00892993353597061,0.028980564477154906,0.0008754950979144248,0.0008604111126790098,0.005210016076723348,0.00011334646968174846,0.15912022154798425
baseline,7,2013-07-31,0.7934867694581887,0.00018325835916054058,0.00012181910487185264,0.00829703302583906,0.027313961067169067,0.000863166695194235,0.0008959513019549114,0.004818418065271222,0.00011868828291265188,0.16390093463943756
baseline,7,2013-08-30,0.7925770097060177,0.00018277999073779545,0.00012159165154303728,0.008424661490248946,0.027816009063616736,0.0008691849154299542,0.0008888365877957304,0.0049265125095454936,0.00011802448265263114,0.16407538960241197
baseline,7,2013-09-30,0.7945784558140891,0.00017983456209568892,0.00011934894933631558,0.008288113512666121,0.02733615120840115,0.0008556848889590634,0.0008788107638462725,0.004845402064539518,0.00011570692191744906,0.16280249131414926
baseline,7,2013-10-31,0.7938389164740053,0.0001813217585340277,0.00012044855043274345,0.008464283077252461,0.027883432102707172,0.0008686972662344471,0.0008845693290043728,0.004978484833066364,0.0001169251630412903,0.16266292144572192
baseline,7,2013-11-29,0.7949829283224918,0.00018242291577217097,0.00012091454740964307,0.008338727099690989,0.027405483787815956,0.0008655907260658337,0.0008897568747459888,0.00491737429489737,0.0001175398653929812,0.16217926156571721
baseline,7,2013-12-31,0.793288935965447,0.00018391247952723966,0.00012212794644978403,0.008430421911881413,0.027758081714588285,0.0008724751399650614,0.0008968302332931788,0.004946443822204263,0.00011901603781481903,0.163381754748829
baseline,7,2014-01-31,0.7931783843448852,0.00018051618906586315,0.00012018881268558146,0.008881475695189813,0.02895611765440268,0.0008877319810044272,0.0008820403117160585,0.005247163461795945,0.00011710163067601718,0.16154927991857837
baseline,7,2014-02-28,0.7881305955799272,0.00018703411944054503,0.0001253958979565112,0.0096205619619099,0.031501811226643694,0.000948343724181235,0.0009038654322853539,0.005653158501463046,0.00012164664804521884,0.1628075869081474
baseline,7,2014-03-31,0.7782383410887185,0.0001966800134804778,0.00013318882644328792,0.011855493336078564,0.03868055552850321,0.0011032662417542682,0.0009336576669392877,0.006975193693069841,0.000130237126172617,0.16175338647884002
baseline,7,2014-04-30,0.7135069661803154,0.00024806421829291406,0.0001748959290553988,0.02418043176255811,0.08226259430685884,0.001878672432287191,0.0010696923575742336,0.015086021679892949,0.0001738891180959842,0.16141877201506896
baseline,7,2014-05-30,0.09449629764722813,0.00015279772877351358,0.00010274834287292882,0.15044047302131003,0.6252324161198521,0.006045600403062294,0.0004384681065748383,0.10073564333974956,0.00014257541182469393,0.022212979878751912
baseline,7,2014-06-30,0.7338866568311077,0.00023512852292559058,0.0001645216076494045,0.019797803112647935,0.06703008854342077,0.0016215956649168653,0.00104296295476494,0.012386679664855786,0.0001626496239205606,0.1636719134737906
baseline,7,2014-07-31,0.7743188943027228,0.00020160776756167494,0.00013747572592969114,0.012281756152803735,0.04038166847226022,0.0011368214459626523,0.0009534921022864163,0.00737950921923483,0.00013465035273465083,0.16307412445850342
baseline,7,2014-08-29,0.7774195589062624,0.00019986960115007753,0.0001356294628898362,0.01166709606236766,0.03832123411586932,0.0010992407637900904,0.0009465880972342551,0.006968053912727279,0.0001324623602496325,0.16311026671745943
baseline,7,2014-09-30,0.7682194650876094,0.00020504756602556532,0.00013998337256186457,0.014097369358319933,0.04595170127499453,0.0012449086355434988,0.0009613456935140449,0.00848166989910316,0.00013868634458777913,0.16055982276774025
baseline,7,2014-10-31,0.6674158325203631,0.00027010574050728096,0.00018688886029518726,0.037348337649291644,0.12289137628576316,0.0025697199204633525,0.001067807763450874,0.02216069318170061,0.00018969555113088911,0.14589954252703405
baseline,7,2014-11-28,0.0807574635047711,0.0001320985407138519,8.694225292467443e-05,0.15596451547813814,0.6347138797233831,0.006008403522354858,0.000386244459209965,0.10412242480224067,0.00012689690275336605,0.017701130813510286
baseline,8,2008-04-30,0.46370307610033096,0.00011162482130318409,0.00020420252970180069,0.00427669818930712,0.48273085918681397,0.007064001537057454,0.005567017746424477,0.008454010571812314,8.778001888675933e-05,0.02780072929836181
baseline,8,2008-05-30,0.4772285771817157,0.00011133640592936847,0.00020714786195855024,0.004223009942608909,0.4681380569142134,0.007051785340701382,0.005479278914985177,0.008364732023597207,8.862798884394064e-05,0.029107447425446496
baseline,8,2008-06-30,0.4311234708153877,0.00010939315047570274,0.00020430930943529714,0.00437063659251078,0.516707988803203,0.007383037535957807,0.005732236039674669,0.008774799131951581,8.921543548583796e-05,0.025504913185917525
baseline,8,2008-07-31,0.2942494373362312,9.567695452652639e-05,0.00018708225416659202,0.004703252632384565,0.6596582215852093,0.008654664892682113,0.005875136745086361,0.011645277555295241,8.059688159458421e-05,0.01485065316282369
baseline,8,2008-08-29,0.28585402544964145,9.164932638593328e-05,0.0001829228718147861,0.004839561629952709,0.6690712772833071,0.008728452084311203,0.005536375445649371,0.012242218424723473,7.492944433092058e-05,0.013378588039883215
baseline,8,2008-09-30,0.1634277198847761,6.390395609330337e-05,0.00016324528485802797,0.004599001593455085,0.7908858695320964,0.011458249180148825,0.005028144039786169,0.017345054159193872,6.575178766974012e-05,0.006963060581922667
baseline,8,2008-10-31,0.10035581410098834,8.284473819542128e-05,0.0006143672165821606,0.011985425723487613,0.7600400964129493,0.03197373188833205,0.004273968737714794,0.08740306411390966,0.00012698469815741457,0.0031437023696833503
baseline,8,2008-11-28,0.0003183122366456407,0.00032759618949274765,0.0011858462259494486,0.0009031419434030852,0.0009592188485216483,0.0017449806074839147,0.0026077881845156937,0.9915901550940822,0.00032369480894494046,3.9265860960617535e-05
baseline,8,2008-12-31,0.00035799485082798607,0.0003637479204025605,0.001318282933712859,0.0010044786123795833,0.0010641949819107733,0.0018782283215553156,0.0027855605466496607,0.9908219706014425,0.0003597753000314405,4.5765931087333786e-05
baseline,8,2009-01-30,0.0004204108759670436,0.0005124901965348051,0.0016731331184198827,0.0012387544293263487,0.0012480260167906723,0.0020780183922415813,0.003360110637673734,0.9889249304716256,0.00047983563323523846,6.429022818525222e-05
baseline,8,2009-02-27,0.01239919609607365,0.15819341525702132,0.08464311645113841,0.0441273571007737,0.034659577915616885,0.06597301630716708,0.25820175397927464,0.19870592497389827,0.11274944904301405,0.030347192876022083
baseline,8,2009-03-31,0.012778207333488069,0.15662754684945826,0.06750488387432566,0.03245541077467247,0.032014865307925036,0.06098955458251146,0.3257133347519331,0.1744135290875751,0.10420418884671699,0.03329847859139386
baseline,8,2009-04-30,0.015165567098435336,0.15531397185537454,0.07905611479544783,0.04077935339130012,0.0357059883229752,0.0643338958530767,0.27419541379843887,0.18995697551558566,0.11049149204945778,0.035001227319907874
baseline,8,2009-05-29,0.0978967495879117,0.05845331094888159,0.03004052035727375,0.027840310595880945,0.09303445269950093,0.07810683381423618,0.3551236175818502,0.1120447210216615,0.0404226888530837,0.10703679453971959
baseline,8,2009-06-30,0.5716733748531829,0.00011787419339888739,0.00020924192585100403,0.0035924667915048325,0.3649110713508184,0.006128834742366565,0.005455367184463981,0.006267693820381913,9.703278714770311e-05,0.04154704235088367
baseline,8,2009-07-31,0.5548995886251865,0.00011392614337539537,0.00020049361429660847,0.0036667946314331637,0.385282894677696,0.0060082421925428155,0.005335332682693392,0.006473128441449832,9.079498814963045e-05,0.037928804003176796
baseline,8,2009-08-31,0.9091497632334894,0.00010384322277458363,0.0002633947117691879,0.001291849506201821,0.046738793842995,0.002550006028534074,0.0017246702698593666,0.0013666949423471215,0.00016195244623109378,0.03664903179579811
baseline,8,2009-09-30,0.520016504736676,0.00010917821969149738,0.00019974254076972293,0.003954107133213281,0.4241877499218829,0.006416769169041434,0.005107052116307469,0.007748102247865376,8.416084329655762e-05,0.03217663307125585
baseline,8,2009-10-30,0.4693102079314846,0.00010749273444808115,0.0002001879035994882,0.004173843032882343,0.47758758334180434,0.006926782313157666,0.005381535028556119,0.008456397461460428,8.532076191684415e-05,0.027770649490690122
baseline,8,2009-11-30,0.48851145980027394,0.00010948255108452505,0.00019700320038229345,0.004075484971686053,0.4576610319271397,0.006595032000221382,0.005370017110269406,0.007818231339800277,8.511020916688916e-05,0.029577146889975515
baseline,8,2009-12-31,0.5328786492996598,0.00011413325842221735,0.00020499250847136555,0.0039379046944092765,0.409573880089059,0.006352938948569733,0.005243057095013123,0.007222992921208323,8.8681371359367e-05,0.034382769813827825
baseline,8,2010-01-29,0.481231782507277,0.00010763390823517929,0.00019938583473437272,0.004219321831174379,0.4660148290119377,0.00675977848779297,0.0051654461380105715,0.008381944145457752,8.23935478203912e-05,0.027837484587559955
baseline,8,2010-02-26,0.4154105096184604,0.00010226751460122562,0.00019236416933983305,0.004454822195870103,0.535435762208395,0.0073113718667739734,0.005339140996691644,0.009457106542838026,7.925569032495613e-05,0.022217399196704953
baseline,8,2010-03-31,0.5254658768003537,0.00010835221796119233,0.000197446196661507,0.004051997818915132,0.4204755895686812,0.006232579278650802,0.00484486145144327,0.0077623556516983605,7.984241942387731e-05,0.030781098596210876
baseline,8,2010-04-30,0.5096456228262577,0.00010903181558472628,0.000199820368486235,0.0040745550403019585,0.4358015348985634,0.006462101330265477,0.0050624744516877054,0.007881662113499293,8.299805112645267e-05,0.030680199104227042
baseline,8,2010-05-28,0.29065314442594425,9.122179248399528e-05,0.0001781202664818326,0.004643549094160773,0.6643591518576606,0.00851839111084927,0.005619240058967757,0.011954550799230674,7.486957435744381e-05,0.013907761019863338
baseline,8,2010-06-30,0.3138181607513834,9.40135379263664e-05,0.00017978191745177805,0.004706166424600183,0.6413509346542056,0.008100455895931967,0.005489762018964651,0.01130299195238655,7.406188451296403e-05,0.01488367096263673
baseline,8,2010-07-30,0.36206721430132816,9.941671143980687e-05,0.00018611275872905812,0.004668862021635678,0.5915147559213222,0.007670223002702372,0.005408820943756168,0.010407324857156624,7.576316463626702e-05,0.017901506317293533
baseline,8,2010-08-31,0.4671301052710248,0.00010748383451260415,0.00019624077905649787,0.004286380047664575,0.48143548338952374,0.006729267129653534,0.005199782701905748,0.008506979956886688,8.06728029692274e-05,0.026327604086802802
baseline,8,2010-09-30,0.5344928990335726,0.00011435841074476413,0.0002023243584409401,0.003933691292460707,0.40846895770294905,0.006202537529318436,0.005188629230736985,0.007170549368620674,8.667075033987348e-05,0.03413938232281588
baseline,8,2010-10-29,0.5451023550408479,0.00011404448615931203,0.00020557390584960766,0.0038897746782283167,0.3969010337517896,0.006212164599067065,0.005127020140308121,0.007063120905079041,8.817102883587427e-05,0.035296741463835136
baseline,8,2010-11-30,0.551272117228799,0.00011559774563682832,0.0002066049330209269,0.0037652718181787623,0.3886639762211658,0.006186493932449799,0.005337548836478343,0.006658781863319824,9.261056678407366e-05,0.0377009968541668
baseline,8,2010-12-31,0.5704735504057867,0.00011736597107820218,0.00020811134568312346,0.0037588306256561245,0.3688410834650952,0.005987969957706582,0.005112595647112349,0.006490318487515742,9.096264189632559e-05,0.03891921145246959
baseline,8,2011-01-31,0.5602620421477373,0.00011451360696769238,0.000205858791740284,0.003829513801727919,0.38097048441197634,0.006060917709747606,0.005030486933853865,0.0068237352910345255,8.80047007518924e-05,0.03661444260446245
baseline,8,2011-02-28,0.5326764680238277,0.0001153690145781012,0.00021046958924075604,0.003982348615252369,0.40902223964494905,0.006494451377808079,0.005276297434804788,0.007319845213408924,9.083105288056145e-05,0.03481168003324969
baseline,8,2011-03-31,0.47062411546742183,0.000110790484116715,0.00020408608355460553,0.004258831502217238,0.4756814322340421,0.006973775781283483,0.0054442952839103935,0.008389797612662469,8.677348338192745e-05,0.02822610206740934
baseline,8,2011-04-29,0.518024111520502,0.00011400600331085529,0.00020904860246435052,0.004084594854381644,0.42515108970386756,0.006585169234138407,0.005236209450639259,0.007642995329681564,8.87376347127921e-05,0.032864037666301686
baseline,8,2011-05-31,0.4727179936506656,0.00010685905628421308,0.0001999086657850163,0.004263643424608262,0.4746699299356083,0.006872118904699829,0.005196534402343786,0.008546264967653093,8.248638312230924e-05,0.02734426060922954
baseline,8,2011-06-30,0.41915328894236326,0.00010515189979521109,0.00019863915402297468,0.004485714693483501,0.5305088514355143,0.007410383759667855,0.005427097236640036,0.00943252082827303,8.226498508743355e-05,0.02319608706515234
baseline,8,2011-07-29,0.42769537679416303,0.00010476203318041822,0.000196401550972868,0.004476422451617511,0.5224580944001866,0.007202559359383134,0.0053015390471672025,0.00923811490857188,8.038747870208942e-05,0.02324634197605519
baseline,8,2011-08-31,0.22357854609593436,8.18389228683534e-05,0.00016181283717030723,0.00451678769696266,0.733619598493847,0.009031346517629699,0.005691843332475389,0.013221901025109898,7.011235488247514e-05,0.010026212723119998
baseline,8,2011-09-30,0.26340645586081085,8.573826908268956e-05,0.0001683161795475273,0.004723315031816039,0.6937154457155054,0.008528375148512778,0.005369441198389876,0.012545645273610143,6.88258758666181e-05,0.011388441446858022
baseline,8,2011-10-31,0.0007519108321065523,0.0012735879983389532,0.0028765392857385457,0.0021836524124802708,0.002161508831208864,0.003030052473507212,0.006805142083220216,0.9797048007881142,0.0010520615991579966,0.0001607436961272175
baseline,8,2011-11-30,0.3175271820835074,9.311025386568013e-05,0.00017735633098088678,0.004664342816118858,0.637887813957202,0.008027975542727817,0.005461631031213898,0.01107418900338915,7.301691547601038e-05,0.01501338206551842
baseline,8,2011-12-30,0.012890465217176928,0.01439609243970373,0.01860182138986698,0.03064791467251868,0.03448382276527684,0.028023588455318695,0.03776671256863507,0.8034763461099158,0.012892739449108888,0.006820496932478265
baseline,8,2012-01-31,0.5096216553364139,0.00010774267771047647,0.0001970117145359871,0.004131399005814531,0.43730183268448475,0.006345969214572105,0.004914072365522766,0.007896675121867279,7.978294356783078e-05,0.02940385893551047
baseline,8,2012-02-29,0.6104942155926346,0.00011625493131618539,0.00020301859038237733,0.00354277433818606,0.3274150937829185,0.005485929009359729,0.00473869927304278,0.0059514245334686125,8.693320885884846e-05,0.041965656739832345
baseline,8,2012-03-30,0.5779602425264156,0.00011644450793062071,0.00020711794835878374,0.003717814397053648,0.36130736096192284,0.005915263294058967,0.005025155849809013,0.006443846785416236,8.983369958506129e-05,0.03921692002944927
baseline,8,2012-04-30,0.5064187325505377,0.00010976081394067727,0.00019998647884363706,0.004128227989326677,0.43963586149628814,0.0064761158709284675,0.005072487574624105,0.007936336352861157,8.245235285911175e-05,0.029940038519790324
baseline,8,2012-05-31,0.3958607143023779,9.858486535625492e-05,0.00019211580787347485,0.004684059179653261,0.5566530670571667,0.007500330529371605,0.005046486091263417,0.010212117865835956,7.480770023621076e-05,0.019677716600865286
baseline,8,2012-06-29,0.34763481444863503,9.508379313661288e-05,0.00018447427922441609,0.004721527023301322,0.6065399536753783,0.007918637817396039,0.005277434139617857,0.010873840759644112,7.373231555105152e-05,0.016680501748115067
baseline,8,2012-07-31,0.4112299326520386,0.00010140331969414855,0.0001927545143449991,0.004586711548351326,0.5404218400926697,0.007327041064472981,0.005148891199647527,0.009785720550738996,7.659473550045232e-05,0.0211291103225413
baseline,8,2012-08-31,0.5653333167869051,0.0001164163665428755,0.000207584981199476,0.0038392734442573174,0.375254852492964,0.006048597081958156,0.005014632718306769,0.006844184770167312,8.824129890668533e-05,0.037252900058792296
baseline,8,2012-09-28,0.5672145060562951,0.00011704278762138063,0.00020934748779788276,0.0038019444791858583,0.37278891202212283,0.006022996373624424,0.00507958926543427,0.006626347773996911,9.051595823117843e-05,0.038048797795690224
baseline,8,2012-10-31,0.5522946409425796,0.0001158418098545923,0.0002083068939917297,0.0039016199256811396,0.3892447443489729,0.0061599383438898,0.005079075496548218,0.0070445376302261655,8.849028121690824e-05,0.03586280432703889
baseline,8,2012-11-30,0.5113417445773286,0.00011104856894228583,0.0002003400034511811,0.004115438006786855,0.4344132029376753,0.006396353767741663,0.005087088531552799,0.007786061079803743,8.288575578596238e-05,0.030465836770931537
baseline,8,2012-12-31,0.542018984539442,0.00011346578878926154,0.00020495357091512547,0.004019149409101826,0.4016639912519335,0.006199779959791896,0.004933927773110444,0.007457349166024116,8.389134918676937e-05,0.033304507191705114
baseline,8,2013-01-31,0.5644724868350249,0.00011656142060129095,0.00020802690712598394,0.0038853140153605388,0.3767488447677854,0.0060429157522247975,0.004950269890021006,0.006997436613294522,8.694087805672889e-05,0.036491202920504874
baseline,8,2013-02-28,0.5616990815619055,0.00011542249132675223,0.000208356777791588,0.003890287684978737,0.3797875994409386,0.006099686515597687,0.00494216334954218,0.007100392873496647,8.680214391250809e-05,0.03607020716050965
baseline,8,2013-03-28,0.5329699086348437,0.00011399233246764589,0.00020883942965574758,0.004075290455462651,0.4103348383476498,0.006421603137829509,0.005036928344067002,0.00766533402629188,8.617864511170157e-05,0.033087086646620294
baseline,8,2013-04-30,0.4861233822584743,0.00010441391747481902,0.00019273526685287056,0.004234113215869274,0.4627932941748694,0.006609320565939353,0.004915182946681992,0.00856776331778577,7.677141884419912e-05,0.02638302291720793
baseline,8,2013-05-31,0.5272058758749304,0.00010945642375264139,0.00019874592449766439,0.0040551380474008894,0.41857673088227837,0.006234758932112746,0.004867883130877348,0.007752898606224709,8.0428729184308e-05,0.030918083448740825
baseline,8,2013-06-28,0.44516652801604484,0.00010245455206035361,0.0001886235518035911,0.004380426302670741,0.5059700735138837,0.006821019611981885,0.005074092624913726,0.008914780608135463,7.575041561101073e-05,0.023306250802894793
baseline,8,2013-07-31,0.5312624809923037,0.00010989294203140333,0.00019533649418952445,0.0040003540075713995,0.4146287217524067,0.006063070217999221,0.004915529167360344,0.007320216391998546,8.055808096278557e-05,0.03142383995317642
baseline,8,2013-08-30,0.5141929388247083,0.00010969419624498319,0.00019736827028234532,0.004103358464711929,0.43239308052882564,0.0062611562248842826,0.004989442966393464,0.007606316717596479,8.121899101541674e-05,0.03006542481533713
baseline,8,2013-09-30,0.5714711147437465,0.00011145696757492255,0.0001951661365789174,0.003740883803614928,0.3717218932218756,0.0056691001819229574,0.004772438819607924,0.006644567283629836,8.155504778567376e-05,0.03559182379366291
baseline,8,2013-10-31,0.5720548812305151,0.0001102779646089189,0.0001928590818582682,0.003788439849151704,0.37232920250626855,0.005604912141080473,0.004621916641623218,0.006821663972078152,7.830468447505217e-05,0.03439754192834044
baseline,8,2013-11-29,0.6069410426548718,0.00011004733756902769,0.00018891530636465026,0.003574148021172652,0.3360228454656584,0.005203993337877171,0.004405686026480627,0.006301602966170641,7.642852462411206e-05,0.03717529035921073
baseline,8,2013-12-31,0.5806153130204212,0.00010933275054524586,0.00019080439220410707,0.0037523784146925965,0.36396084306357585,0.005495962641374941,0.004520000282641125,0.006732787436294245,7.68264938712801e-05,0.034545751504379496
baseline,8,2014-01-31,0.5136491680578057,0.00010682643850181512,0.0001944228527024454,0.004157238004595401,0.434297454562178,0.0062269836744833105,0.00477617323735877,0.007924439657602983,7.712895920813115e-05,0.028590164555563406
baseline,8,2014-02-28,0.5030063521414915,0.00010855741383700675,0.00019876615459849345,0.0041929754132631865,0.44398777560784614,0.006486121743241786,0.0049689924629736605,0.00808274162902319,8.047937686651873e-05,0.02888723805685849
baseline,8,2014-03-31,0.486381702693683,0.00010788000777799758,0.00020061357384341057,0.004268113970988524,0.4609631876025611,0.006722360415321854,0.0050535488713624,0.008377758761446481,8.138886769213216e-05,0.02784344523532293
baseline,8,2014-04-30,0.5421968198488691,0.00011253001213573358,0.00020268860380986191,0.004011417606003613,0.40178547180684954,0.006157561494587466,0.0048950127809369815,0.007405310234489035,8.292966892032377e-05,0.03315025794339823
baseline,8,2014-05-30,0.55965932518666,0.00011238190440252048,0.0002022854365374374,0.003953922578273529,0.38414829540343126,0.005947482087131007,0.004711400258795,0.007222577865280918,8.131210850902843e-05,0.033961017170979386
baseline,8,2014-06-30,0.5581663244410906,0.00011470969153734207,0.00020774946482435367,0.003954928228352968,0.3842515774808947,0.00608289873793256,0.004854082388903285,0.007170589407705298,8.524465824077744e-05,0.03511189550051816
baseline,8,2014-07-31,0.5446031018228924,0.00011199333339170186,0.00020319184563410308,0.004018442933259697,0.3996604618860316,0.006124692657368167,0.004813546529057831,0.007438407459286426,8.223338681624082e-05,0.032943928146261965
baseline,8,2014-08-29,0.5317887719562014,0.00011067130742151649,0.0002008658963416989,0.004090265520502076,0.41363136726366034,0.006184997266618895,0.004820046202665521,0.007624910242883576,8.07369421288626e-05,0.03146736740157608
baseline,8,2014-09-30,0.49535819880224125,0.00010635186620739588,0.0001972870319536233,0.004285297409303256,0.4530329182793924,0.00645302259701497,0.004815443564421013,0.008319681722678798,7.747851856240843e-05,0.02735432020822505
baseline,8,2014-10-31,0.4456509484078388,0.0001030707444968387,0.00019303766288970012,0.004468390164955932,0.5049374427761962,0.006935966030761088,0.005014609004110934,0.009118929783484721,7.622617898237036e-05,0.023501379246283382
baseline,8,2014-11-28,0.4766476185243333,0.00010311430732167942,0.0001951188837173068,0.004366412759126703,0.4728340414161584,0.006712914736037543,0.004804936928458532,0.008862106829784147,7.577342340707911e-05,0.025397962191655337
baseline,9,2008-04-30,0.23658986375002175,0.00020454088304461214,0.00027143364150172334,0.022504748233928867,0.6584684294820436,0.0057987904069672505,0.006774439819899261,0.01797818862530816,0.00020929833802207432,0.05120026681926286
baseline,9,2008-05-30,0.24852995955930177,0.00021710567735992397,0.0002895754190090424,0.02196914498438828,0.6435172567500573,0.0058241685721191995,0.0068401796268381465,0.017272886647049807,0.00022354824482672577,0.05531617451904998
baseline,9,2008-06-30,0.2344918639569489,0.0001982172870918396,0.0002623963281063471,0.02217058918542082,0.6610887997766686,0.0056422752393683676,0.006635259229406321,0.017375077849919148,0.00019649833095799034,0.051939022816111693
baseline,9,2008-07-31,0.47283350250681083,0.0005378101170519855,0.0008554169410408866,0.01212623866522891,0.15265573414084724,0.016334058457565453,0.0539766207996437,0.008336752600480057,0.0006543013130198137,0.2816895644583111
baseline,9,2008-08-29,0.14248794621189673,0.00011774401187540816,0.00014604527703318144,0.03172383825891033,0.7619961653539858,0.006333599947118961,0.0074661500885618345,0.030210546180862132,0.00012908138011057777,0.01938888328964489
baseline,9,2008-09-30,0.11300906081947934,7.995615174823037e-05,9.97259487480128e-05,0.03771963755593321,0.7798151848913827,0.007043003514981631,0.00798179666528064,0.042213335493879865,9.233529467612019e-05,0.011945963663890205
baseline,9,2008-10-31,0.014479052997176618,6.957896137891782e-05,0.00013574073806533186,0.03777666063857348,0.11490418075666244,0.02494901010773676,0.009716165450187157,0.7957854525999,0.00010935408508464157,0.0020748036652346855
baseline,9,2008-11-28,0.0002910968550313748,4.2895143061187884e-05,3.176589279899384e-05,0.0028024105821312846,0.002524776004687613,0.002989281578244518,0.001708890652724772,0.9895266436454908,3.552298033462635e-05,4.671666549471391e-05
baseline,9,2008-12-31,0.0002856447466231906,4.951089837497429e-05,3.613957384667519e-05,0.002714060449046741,0.002447862287226576,0.003006827249063348,0.0016807859656789265,0.989691536139439,4.111209711180498e-05,4.6520593588680726e-05
baseline,9,2009-01-30,0.000579665375937213,6.078355540533792e-05,4.7413578265724647e-05,0.0039113285495705795,0.004620859903236971,0.004334300417665873,0.002783586347504196,0.9835116838465633,5.405489031494383e-05,9.632353553587413e-05
baseline,9,2009-02-27,0.02729281097214943,0.0005836279174993854,0.0006475527179565973,0.015024369186379342,0.020515695135887833,0.05921120661483861,0.19871287804268428,0.6672725498274892,0.0007562175953017039,0.009983091989813644
baseline,9,2009-03-31,0.05801919947221882,0.0008639560189910899,0.0008488738403787093,0.0210993330772968,0.034926232903951714,0.08543056730177255,0.39084905735319175,0.3821319804781813,0.0010430357066991548,0.024787763847318116
baseline,9,2009-04-30,0.07402099122880373,0.0012252079053725435,0.001182847859269242,0.023001719042341842,0.040901810214701996,0.08989503065069904,0.42351388826907954,0.31032421098464874,0.0014354257760680912,0.034498868069015386
baseline,9,2009-05-29,0.17234789620680752,0.0026284016786812863,0.0026597913777593367,0.02090328670481063,0.056656091112314455,0.08135389768032794,0.38761863835224397,0.15057908105500614,0.002713767439681399,0.12253914839236735
baseline,9,2009-06-30,0.44579734213546673,0.0006159131792533889,0.0010542828616505802,0.01234554641796403,0.12816391757033752,0.02383641311345304,0.0760202422166583,0.011192578273359356,0.0007732846098402148,0.30020047962201674
baseline,9,2009-07-31,0.5178764160902551,0.0006167331051739725,0.000897238295069945,0.009677935296074256,0.127580301346902,0.011341793397528359,0.03626318393354073,0.004868862009085521,0.000779098314095988,0.2900984382122741
baseline,9,2009-08-31,0.5105596323824534,0.0005807199046757995,0.0008579138170587007,0.010026439929005681,0.13327845214175585,0.01196611003128865,0.03915773659292101,0.005436328994620906,0.0007334288940452115,0.2874032373121748
baseline,9,2009-09-30,0.5169807642358999,0.0006203781424177886,0.0009035005700096154,0.009766395398201308,0.13004708090722705,0.011346370280417585,0.03613689778223246,0.005016395458428975,0.000794733432785165,0.2883874837923802
baseline,9,2009-10-30,0.5144258044685327,0.0005692692771598087,0.0008249146093680651,0.009950632212118372,0.1363430597262977,0.011183819883950417,0.03661013754319881,0.005127403592333291,0.0007132164042279271,0.284251742282813
baseline,9,2009-11-30,0.5104710900032275,0.0005770587825662542,0.0008409139977271146,0.010089262013083177,0.1367735155758639,0.011497970344478537,0.03770886866232307,0.005139200496389752,0.0007121646221613717,0.28618995550217924
baseline,9,2009-12-31,0.5153536437556139,0.000646902245179237,0.0009432081898458248,0.009821384499602648,0.13029800817474757,0.011211793845137426,0.035055818121612924,0.004833334019559933,0.000820536374766123,0.29101537077393463
baseline,9,2010-01-29,0.514949791659741,0.0006011516132285703,0.000874022306317244,0.00994576431590342,0.13586818382004448,0.011064542438697013,0.03522604118527673,0.0049733096819976445,0.0007557495279290088,0.2857414434508648
baseline,9,2010-02-26,0.5078015455602611,0.0005540694178716763,0.0008194324686240962,0.010270143533796764,0.13869696104514478,0.01199689644540859,0.03945646549237581,0.00556278911418268,0.0006871281237052072,0.2841545687986293
baseline,9,2010-03-31,0.5148884804588882,0.0006515016623264099,0.0009513480486065864,0.009914599466770624,0.1327787074818329,0.011192403711257057,0.0347442973547295,0.004921802919968173,0.0008270033629257873,0.28912985553269493
baseline,9,2010-04-30,0.25110470915840005,0.00022079446620531138,0.00029362858828378355,0.02173111650887223,0.6401516252405948,0.0058538146465819734,0.006929832605859299,0.01716385179888213,0.00022783479239023624,0.05632279219393025
baseline,9,2010-05-28,0.49318634343593365,0.00047406987509418974,0.00072151430605976,0.011126343309836096,0.14816278030069885,0.013949708789130088,0.04806987768524974,0.007076053640532745,0.0005862946528869764,0.276647014004578
baseline,9,2010-06-30,0.42354773431291914,0.0003949476884436389,0.0005298468227911466,0.02202799368665386,0.3672178568568252,0.010503277527277834,0.026090320228795007,0.014584841325329828,0.00038109138709434195,0.13472209016387016
baseline,9,2010-07-30,0.19653641624151408,0.00016106609558968256,0.00020725056274570962,0.025150388401267834,0.7074214431695264,0.005727112304725237,0.0067778275744553185,0.021409597061507097,0.00016194947441960337,0.03644694911424905
baseline,9,2010-08-31,0.2374392358748429,0.00020213856938180503,0.0002662406005625284,0.022056298500203436,0.6579377421072525,0.005612318849006077,0.0066693014952635705,0.017697261655163356,0.0002027522909862143,0.05191671005733743
baseline,9,2010-09-30,0.25790921612485995,0.00023249151133165918,0.00031179725770225303,0.021429223932255857,0.6309977279859481,0.005873755833894599,0.00689310049862704,0.01661975036909962,0.00023941729358384865,0.05949351919269685
baseline,9,2010-10-29,0.25575872880751954,0.00022916644163867427,0.00030680413320507846,0.021488684200759972,0.6336397899027443,0.00582630142088182,0.006872572827828029,0.01663569771077375,0.00023421408451021459,0.0590080404701387
baseline,9,2010-11-30,0.5200883239554778,0.000619679341229417,0.0008924927415315176,0.009690484505675584,0.131182482080363,0.010794985149791575,0.03385456005369768,0.004678995836250413,0.0007845538002797108,0.2874134425357034
baseline,9,2010-12-31,0.5183333492244075,0.0006889484903936064,0.0010006871134884466,0.009678249971853087,0.1266858778919665,0.011059577721446728,0.0337264273441825,0.0046170211027754884,0.0008806240227420747,0.2933292371167441
baseline,9,2011-01-31,0.5184518648157923,0.0006729385249341831,0.0009801537421843178,0.009706355115493072,0.12849025212672988,0.011037082731266933,0.03353388417306546,0.004709850236568284,0.0008667293880614626,0.2915508891459042
baseline,9,2011-02-28,0.513706260497491,0.0006619481174020072,0.0009710326656392475,0.009851911514881198,0.13013967421288997,0.011391620628573886,0.034788829764644036,0.004936890547675836,0.0008533013834802619,0.29269853066732243
baseline,9,2011-03-31,0.5124026778210116,0.0006062960530743236,0.0008869509428899519,0.010021499962533485,0.1362460885983059,0.011291067402535984,0.03562938903730339,0.005081844974919625,0.0007651502314601928,0.2870690349759657
baseline,9,2011-04-29,0.5118646989931434,0.0006616603246780555,0.0009642446970859218,0.010076416586923265,0.13516766736100766,0.011181714817828581,0.03417953174919035,0.004911489460111624,0.0008404636036610559,0.29015211240637
baseline,9,2011-05-31,0.5184467340514846,0.0005794554522808149,0.0008296578516310537,0.009964190270530604,0.1443316112343448,0.010247809901214029,0.031932432573684215,0.004822428896961209,0.0007320166411665592,0.27811366312670216
baseline,9,2011-06-30,0.25035903791269654,0.00021705267793680814,0.00028689034773297066,0.02176236610083427,0.6403426291465041,0.005773510519178816,0.006984779562736554,0.016659873121099296,0.0002158533435446344,0.05739800726773632
baseline,9,2011-07-29,0.22951395195224894,0.00019374781450862973,0.0002540263476022611,0.02257584035506424,0.6678049856977627,0.0056349209559067755,0.006692626673444974,0.018148171611686945,0.0001936665305929137,0.04898806206118155
baseline,9,2011-08-31,0.1591707104134669,0.00011642077326685335,0.00014693788248920138,0.028992314196046146,0.7473624750705825,0.006031209063494583,0.0070103759992366935,0.0270861797749038,0.00011956742914122923,0.02396380939737195
baseline,9,2011-09-30,0.1477703849453424,0.00011303248650109607,0.00014073638180321223,0.030271977299007092,0.7581903637682241,0.005987823892805933,0.007002342323355549,0.02957605018069081,0.00011888952739436437,0.020828399194875544
baseline,9,2011-10-31,0.03927399567500505,0.000785313720205933,0.0008665991771272153,0.01842995490968134,0.02577968638737829,0.07797584709022307,0.2874975967970992,0.5320483075962706,0.000990279784360847,0.01635241886264844
baseline,9,2011-11-30,0.13649901892427496,0.00010999787558021632,0.00013591554080958954,0.032996881584038865,0.766231721683837,0.006544374446902351,0.0076719036418396325,0.032112535172877044,0.00012106183174217933,0.01757658929809825
baseline,9,2011-12-30,0.27667284790035623,0.003034641453633098,0.00343061659935332,0.026294072322226275,0.08193072917240304,0.0700170540388898,0.214969805413449,0.09657674525896948,0.003384552616649866,0.22368893522406996
baseline,9,2012-01-31,0.24468247171946078,0.00021100421233889225,0.000279163690520661,0.02192325529416196,0.6490316588638768,0.005700762539157655,0.006788025041776721,0.017483116383714366,0.00021618153319899605,0.05368436072179312
baseline,9,2012-02-29,0.2791555216311959,0.0002635142485879864,0.00035872294203960335,0.021056242625373957,0.6037153819966372,0.006116273757916651,0.0071837161499991005,0.01623813625240435,0.0002849722051960228,0.06562751819064915
baseline,9,2012-03-30,0.5178594623090333,0.0006713183890580719,0.0009765168545659183,0.009762018242646596,0.12907567505992842,0.010999699880252336,0.033393787017583984,0.004662287840440756,0.0008625514905978287,0.2917366829158928
baseline,9,2012-04-30,0.5169254057803625,0.0006232951579130818,0.0009077554936931353,0.009805912166111434,0.1331367397384013,0.010989385927640991,0.03434749916352396,0.0048901681012859235,0.000794230694437263,0.28757960777663044
baseline,9,2012-05-31,0.5088572197602252,0.0005712299975892871,0.000839695111937322,0.010454932019091194,0.144399866447713,0.011533525429882185,0.037084084763848044,0.005487758054921842,0.0007064070860779043,0.2800652813287141
baseline,9,2012-06-29,0.5053957761045379,0.0005125160963199847,0.0007490132153479929,0.011378406745956072,0.16132154291202042,0.0117649983141505,0.03809504158368758,0.006245071934054601,0.0006138548169745996,0.2639237782769505
baseline,9,2012-07-31,0.2151176641225859,0.00017774430194265732,0.0002308838810219259,0.02375597654831941,0.6855979207721477,0.00569294481894983,0.0067421084329818285,0.019858558209544356,0.00018033178612399234,0.04264586712638254
baseline,9,2012-08-31,0.2685782894149538,0.00024982807818430485,0.00033736565197609687,0.02117522775434583,0.6168992383040051,0.006020826976573889,0.007056644198617197,0.016478944506726663,0.0002650214824075155,0.06293861363220951
baseline,9,2012-09-28,0.2629706415583396,0.00023997448359189017,0.00032272674379063744,0.021297393282688516,0.6239985366907005,0.0059200052119344595,0.006976543103274635,0.016435298987107202,0.000248664989198175,0.06159021494937426
baseline,9,2012-10-31,0.5138141970641366,0.0006962507244366405,0.0010183031740602455,0.009968779633443883,0.13203269568341713,0.01117271378900003,0.033339167300197446,0.004779902261164667,0.0008897817335819266,0.29228820863656135
baseline,9,2012-11-30,0.5139075918883109,0.0006515096659771409,0.0009511681009601362,0.010006404885669493,0.1357073732493185,0.010993274223744569,0.03361439091411639,0.004827846116943712,0.0008214345134755334,0.2885190064414835
baseline,9,2012-12-31,0.5129181936240541,0.0007239887130441637,0.0010673955671650205,0.010049646740735085,0.13138411788591536,0.011363225230325838,0.033354579905089186,0.004852578583994543,0.0009319046318736009,0.29335436911780316
baseline,9,2013-01-31,0.2701212942765634,0.00025471062916321735,0.00034395170465441576,0.021406212708403097,0.6150001741982184,0.00607389875385492,0.007175110448827137,0.01659093663386074,0.00027359754807326845,0.06276011309838155
baseline,9,2013-02-28,0.5149538879982256,0.0007200305308448943,0.0010611710224807276,0.009913242480192949,0.1283935092019149,0.011465191387490522,0.033637236092798034,0.004908671246555021,0.0009430301718998877,0.2940040298675974
baseline,9,2013-03-28,0.5102481681835607,0.0007099745179948041,0.0010543072444389777,0.010078134771179411,0.1306152048234744,0.011784746201794162,0.03488139415121294,0.005061307229336993,0.0009198430891596859,0.29464691978784785
baseline,9,2013-04-30,0.5188407601472755,0.0005870768801052714,0.000854882333423111,0.009825468759661124,0.1378799194552333,0.010721366331467348,0.03354533756886779,0.00502779926799351,0.0007537569049269901,0.2819636323510461
baseline,9,2013-05-31,0.516782919641809,0.0006617959531643494,0.0009734854816756259,0.009756907075555278,0.13068387860079575,0.011189128801910279,0.033978271078927896,0.004931001932969672,0.0008571451656944929,0.2901854662674977
baseline,9,2013-06-28,0.23522375930465794,0.00019495433756717598,0.0002567020608259828,0.022881849710711544,0.6613446781807656,0.005794920234133707,0.00692313185387354,0.018608360674066186,0.00019970446891485542,0.04857193917448359
baseline,9,2013-07-31,0.5101766452905409,0.0006588841145087625,0.0009817435169540405,0.009886724187374827,0.12690728267825044,0.012034444314798911,0.037731690148791144,0.0050468198496755315,0.0008247540377840722,0.2957510118613213
baseline,9,2013-08-30,0.5136565599771589,0.000646121291596393,0.0009452234309328909,0.009885350512249622,0.13174424247588035,0.011251909092850032,0.03520604914546482,0.004844070746317431,0.0008053001995134839,0.29101517312803604
baseline,9,2013-09-30,0.5181221722221943,0.0006567008527656399,0.0009511873660472944,0.009744190873791954,0.1302352263490642,0.010867796246972585,0.03376869635770897,0.004647433502933826,0.0008264070307518905,0.29018018919776933
baseline,9,2013-10-31,0.5189595714728522,0.000669642901201405,0.0009690770012253618,0.009732621959047854,0.13061843080435484,0.010773912652362883,0.03312833634089639,0.004657919690067397,0.000850621888129782,0.289639865289862
baseline,9,2013-11-29,0.5227201109193699,0.000714318081263268,0.0010380690842203683,0.009529650840877339,0.12456971755991934,0.010855349476629134,0.03251207061896878,0.004563200932348866,0.0009277282162517474,0.2925697842701511
baseline,9,2013-12-31,0.5200458455684179,0.0006830619595627922,0.0009949392527525858,0.009597785421309415,0.12766461492831283,0.010859115463200711,0.03300656724685348,0.0046543999825945865,0.0008810015538684003,0.2916126686231274
baseline,9,2014-01-31,0.5143217360849123,0.000633524337872494,0.0009274545247646925,0.009910947287157922,0.13430212164706962,0.011130682684470466,0.03474543250127669,0.004982361042566531,0.0008024091736804157,0.28824333071622915
baseline,9,2014-02-28,0.514612120865006,0.0006285906054257874,0.0009145072222896164,0.009946594580256572,0.1356710025959805,0.010975622710982055,0.034261692289787045,0.004919780008350635,0.0007955557286339533,0.28727453339328785
baseline,9,2014-03-31,0.5143743717043211,0.000622078110215889,0.0009038735842611762,0.010044824729106281,0.1380478395228833,0.01092523888517988,0.03403420450573192,0.0049411137430658255,0.0007851401154465239,0.28532131509978814
baseline,9,2014-04-30,0.2605670970442302,0.0002390790901867432,0.0003205914151094765,0.021461318822814435,0.6274623822093172,0.005895650186599529,0.006966442990906299,0.016696764434675236,0.00025020612143326177,0.06014046768472765
baseline,9,2014-05-30,0.26389277063951105,0.0002455746211749436,0.0003296198811767419,0.021478869023999807,0.6234773468216818,0.005909055089368234,0.0070356549024858436,0.016777650725060784,0.0002608698494778562,0.060592588446063085
baseline,9,2014-06-30,0.5125658854298627,0.0007294157364095269,0.0010694171499566144,0.010080360071904342,0.1323436025044841,0.01127200916579835,0.03305604483767375,0.004853490224147854,0.0009432213202075994,0.293086553559555
baseline,9,2014-07-31,0.5126703054721337,0.0007033618618619184,0.0010314386263017645,0.010088784638191024,0.13413267746258933,0.011193578418305077,0.03315998667726557,0.004887447445880318,0.0009029850440808366,0.2912294343533904
baseline,9,2014-08-29,0.5123936809355469,0.0006894266572421042,0.0010095322199332828,0.0100853591805522,0.13475332447928215,0.011177069763269216,0.033597655546247385,0.004868370806628005,0.0008773956732971304,0.29054818473800165
baseline,9,2014-09-30,0.5111505636902283,0.0006577265201721303,0.0009691471577453013,0.01013460550479727,0.13635253250273424,0.011351639848765534,0.03473249328952825,0.005037037772089718,0.0008304214597624809,0.28878383225417675
baseline,9,2014-10-31,0.5148794268905628,0.0005909472748545369,0.0008628286998930247,0.010131116351926287,0.14088402373117365,0.011004006876286167,0.03451079208769655,0.005087492090511706,0.0007409118203583779,0.2813084541767369
baseline,9,2014-11-28,0.5150866282875199,0.0006220835321855126,0.0009109304886468658,0.010040113583461645,0.13923686451064676,0.01098561565469712,0.03368652567943236,0.005054922641275875,0.0007923331831817443,0.2835839824389521
regime,0,2008-04-30,0.004198941609299889,0.0003771127013123173,0.0004395109528460135,0.0006306072767640835,0.0007749866992412622,0.0006648026032152721,0.0013927723630379509,0.9911200343775857,0.0003146939597428682,8.653745695458772e-05
regime,0,2008-05-30,0.052329150153217485,0.0012568570137337768,0.0004757683257615722,0.0037167837798809805,0.02942214321601703,0.013252615420418811,0.004036740181748108,0.8947708666168535,0.0004788558833139902,0.0002602194090547406
regime,0,2008-06-30,0.006040480898238879,0.0005529648847824854,0.0007572884559389334,0.0008863729411981937,0.0011538164860517457,0.0008289538220984091,0.0019374863757750526,0.9871250146913033,0.0005514875401210134,0.0001661339044917989
regime,0,2008-07-31,0.09334837737713092,0.0006248695410954741,0.0002850030784285872,0.009617629183962863,0.7418498821318289,0.11142451399486976,0.005828234627942861,0.03650799379466953,0.00013927718886691634,0.00037421908120412477
regime,0,2008-08-29,0.0018724799554686138,0.0002573139593690594,0.0003313945309050309,0.00042534066275304343,0.00037097443416518665,0.00032677340597395897,0.0008869761279051416,0.9952408188906322,0.00024289608390049236,4.5031948927138096e-05
regime,0,2008-09-30,0.11306990815219141,9.54413739058802e-05,6.529808308266362e-05,0.007872965972711527,0.7436903019914362,0.131214382954445,0.001923624498823858,0.001902859858175485,4.3299157661058904e-05,0.0001219179575668755
regime,0,2008-10-31,0.04945986834501501,0.00139439215781502,0.0009739103914063576,0.034139587205970184,0.10132297494303089,0.07676939431478268,0.00782515190985006,0.7272564667559139,0.000737911775339861,0.00012034220087611175
regime,0,2008-11-28,0.017227075140267157,0.00045397393464824393,0.0004931402610913088,0.006282967303550672,0.007364528357849924,0.009402673038122747,0.003217280076384801,0.9551945210705272,0.0003241420492513332,3.969876830656486e-05
regime,0,2008-12-31,0.001000946438666974,0.00012727982500231353,0.0001578126073837995,0.0002483261763866796,0.00021040192745223245,0.00018207420726532316,0.0005937868097761089,0.9973478076110754,0.00011677255225750353,1.4791844733522926e-05
regime,0,2009-01-30,0.0014300980740177742,0.000267723392694005,0.00036433397981134837,0.0003631379016985983,0.00023911250197971128,0.000272845723204124,0.0008246266707678529,0.9959328596821712,0.00026149503540036557,4.37670382549633e-05
regime,0,2009-02-27,0.21887703026606614,0.04527001112322866,0.04422478112630792,0.06086285562769517,0.09905293916862305,0.21989451191379347,0.13516265288737184,0.12890627638784466,0.023316512414894283,0.024432429084174898
regime,0,2009-03-31,0.15504678683958195,0.029782294043517024,0.04836681139335422,0.0356847271208222,0.02779732425999559,0.09615090535481774,0.25994169119688554,0.3185050183954734,0.020367610738137767,0.008356830657414636
regime,0,2009-04-30,0.10267736268802022,0.029361518018853665,0.04644216182360386,0.01850373258587048,0.012354249068489009,0.038975013335346795,0.13274149095960458,0.5847523589849537,0.022393391369585614,0.011798721165672042
regime,0,2009-05-29,0.42654449842725334,0.0155886951026934,0.015495330995550043,0.01999205804420719,0.09308145049498803,0.16070955117134117,0.17858453915019998,0.0693410208934263,0.006527131617969368,0.01413572410237126
regime,0,2009-06-30,0.4886625612421749,0.009889771145039505,0.009649006173627237,0.014334855516079659,0.09410737501648304,0.1440138658348128,0.168834841267433,0.05679305541379346,0.004023431237227013,0.009691237153329191
regime,0,2009-07-31,0.6517566668196502,0.0029184061628956567,0.0018904003758089666,0.0073729054483970945,0.12582414044809684,0.12562949684437164,0.062329490841946306,0.018567258007982545,0.0008560493378618035,0.0028551857129891396
regime,0,2009-08-31,0.050081060667766006,0.0012298499420247504,0.0012672006731081983,0.001937135456068837,0.00783174041401036,0.004591694698731292,0.005422019085045596,0.9263579042743444,0.0006853271363099393,0.0005960676525907491
regime,0,2009-09-30,0.08204410143079188,0.0016135095363661246,0.0014150001292472277,0.0022061398068805873,0.009395988055751392,0.00573453886530514,0.005904583853155942,0.8901567115418507,0.0008214237071696874,0.0007080030734811895
regime,0,2009-10-30,0.611187920375772,0.0018450516782533334,0.0009288366333729773,0.003734773198411959,0.03270946333526435,0.01851883583836926,0.008402165692709088,0.32116850010590425,0.0007093947842692417,0.0007950583576735501
regime,0,2009-11-30,0.9399626215062417,0.00018665943203283484,9.481960582026276e-05,0.0007646403534582973,0.03458556784429587,0.01601293727397176,0.0028579216850340857,0.0052356126981603366,6.771729809840837e-05,0.0002315023028865472
regime,0,2009-12-31,0.6426071186012491,0.002090246324511867,0.000692907930428252,0.002658324634200168,0.02289056620188532,0.017368492059912814,0.009855226038035505,0.300400224038449,0.0006364528613040741,0.0008004413100237844
regime,0,2010-01-29,0.9358887750474147,0.0001498050356199862,8.065956457920362e-05,0.0007795070827694308,0.042468877784085916,0.015189394687345351,0.0025286259359877006,0.0026372682037775178,5.548899139317549e-05,0.00022159766702699023
regime,0,2010-02-26,0.4340442947854141,0.002170889832991637,0.000632130136210034,0.008842790524668808,0.3308519650740772,0.12093616631210173,0.008402805610368958,0.09288673866586344,0.00038850744514167896,0.0008437116131624605
regime,0,2010-03-31,0.8508639958720531,0.00020012647608831595,0.00011611608091940091,0.0019032715141155997,0.11441133786961642,0.02759790002368329,0.003420117740200179,0.0010313968873173482,7.686555415360563e-05,0.00037887198185264847
regime,0,2010-04-30,0.010825829720538785,0.00047874224689523016,0.0004034959567730908,0.0008304960930213379,0.0016212503860623057,0.0012695147532094748,0.001970348662584281,0.982161659851598,0.0003318268386796939,0.00010683549063762271
regime,0,2010-05-28,0.006235981398510155,0.00023281635273660455,0.00019199647829548923,0.0007011710035805067,0.0015239364072098843,0.0011364220636652022,0.0011439282148057875,0.9886600370255134,0.00014129721578936538,3.241383989358944e-05
regime,0,2010-06-30,0.86150210459955,0.00015799083978118743,9.540547927717993e-05,0.0016602941444722507,0.10641052955095393,0.025635814561891013,0.003175496652993853,0.001007079544509587,6.240506093509812e-05,0.0002928795656359021
regime,0,2010-07-30,0.2904125816297131,0.0007279214325601381,0.0002852040340732823,0.005933606737493744,0.595386010451046,0.09282492232116808,0.004865566418185826,0.008762908100192219,0.00014399638824882585,0.0006572824873188333
regime,0,2010-08-31,0.46669433109200587,0.0005310180428758007,0.00024922560026831455,0.006684875326168498,0.4368389773791329,0.08295383640590018,0.003907933301217598,0.0012047217601669654,0.00018414828757899916,0.0007509328046847414
regime,0,2010-09-30,0.3486697440686657,0.0030198670476778823,0.001741499342897815,0.00431713549928072,0.018393635964788307,0.012869361790168324,0.00884314941445671,0.5994111622575532,0.001490610820056592,0.0012438337944548456
regime,0,2010-10-29,0.5972237948361869,0.002118809968424378,0.000638889093471413,0.005361918534828608,0.2220684108126234,0.08947860645712867,0.008863140534092106,0.0726629416280904,0.00042755553018577276,0.0011559326049684184
regime,0,2010-11-30,0.2908691860645829,0.003209975143314971,0.0008600321610459508,0.008298994918936523,0.13073135101223,0.059210430355741674,0.008844703142223685,0.49658029789501396,0.0006258030357004985,0.0007692262712098002
regime,0,2010-12-31,0.9474050339359011,0.00017105347783889622,8.922662594344313e-05,0.0006744593854157391,0.031641112794755795,0.013186583291687714,0.002500515895374083,0.0040363172028073145,6.667887232644522e-05,0.0002290185179494033
regime,0,2011-01-31,0.5310927519325216,0.002132919480100189,0.0006788946011444629,0.0026876723905350144,0.025374227648948443,0.015979727019986557,0.009290119653095445,0.41141973186900876,0.0006021053047242712,0.0007418500999352691
regime,0,2011-02-28,0.740735527774732,0.00031414985565763037,0.0001675954303852899,0.003375434623433566,0.2050569087138267,0.044885103593977585,0.003772007506103428,0.0010318867098143155,0.0001183361567676498,0.0005430496353020659
regime,0,2011-03-31,0.41934407219797903,0.0014444976327598908,0.00048027474853225256,0.006623006758938972,0.42352957052096696,0.10716281398776702,0.0073094179105205005,0.03290806505201926,0.0002707609152528091,0.0009275202752634581
regime,0,2011-04-29,0.5228213068116975,0.0005355328432192274,0.00025810769950009927,0.006589771001031252,0.3849992968016091,0.07867061083513921,0.0040742486296716516,0.0010512992423805903,0.0001966230973970704,0.0008032030383543507
regime,0,2011-05-31,0.43966749709845193,0.0006047741053418324,0.00027544400302619313,0.006728814210030687,0.45992236613926174,0.08576716938234216,0.004302505554822514,0.0017205560874228427,0.00019323760563406115,0.0008176358136659508
regime,0,2011-06-30,0.9361588520359003,0.00014559546809157298,7.90410537490146e-05,0.0007764120422205951,0.04287997736898529,0.01456547724603173,0.0023795544278858217,0.0027489817346992773,5.498589887103495e-05,0.0002111227235650277
regime,0,2011-07-29,0.25465842481677925,0.0028202922812407033,0.0008236028532210173,0.006705577260840455,0.08744243960682624,0.035787822828721165,0.007232709116350755,0.6032101636555969,0.0006857079394628711,0.0006332596409605834
regime,0,2011-08-31,0.06119798076420765,0.00021664962020816726,0.00012857391786977686,0.008367026133842962,0.8295614400859063,0.0900797113583148,0.002766339451897115,0.0074283855773579635,6.847699479691425e-05,0.00018541609559834756
regime,0,2011-09-30,0.00232496466831597,0.0003271782511635283,0.0004488442421604874,0.0005262723884341734,0.00043478170982791695,0.0004060820066631176,0.000939988682669237,0.9942090481095124,0.0003192544501148695,6.358549113840835e-05
regime,0,2011-10-31,0.4022368020409147,0.00018978148615804,0.00014820184024615877,0.006997775005979971,0.5108924996527318,0.06038877602908386,0.004933680339613343,0.013930928001985672,7.131230589596566e-05,0.00021024329739067604
regime,0,2011-11-30,0.27114319701443634,0.00024610766397906977,0.00013230788099077755,0.0070307576613620705,0.6193236054909562,0.09819903156038227,0.0023071148505906117,0.0012017580529287617,8.572859484105169e-05,0.00033039122953278896
regime,0,2011-12-30,0.2334708904327963,0.004011851611222398,0.001124822689109223,0.014305068295250328,0.22275897798048871,0.08520205303466516,0.009644894802966595,0.42790552658512565,0.0008029023469054172,0.0007730122214700087
regime,0,2012-01-31,0.38294718449736426,0.0007924225036323298,0.0003268606658307873,0.006263454108095003,0.5122931939205914,0.0869622668777699,0.005311559705663101,0.0039454933624125926,0.00020198308221788954,0.0009555812764226622
regime,0,2012-02-29,0.3277672885603713,0.002160248751398582,0.0006917939104571222,0.0031373299387424725,0.027688922971767085,0.015931853026214,0.007936834575896154,0.6134708366078784,0.0006043516155894651,0.0006105400416853778
regime,0,2012-03-30,0.5550041731525122,0.000591637634829848,0.000268520191283297,0.005674746656033041,0.35643787231016555,0.07478095518584524,0.004694085859412536,0.001505456558690695,0.0001936659772057103,0.0008488864740219233
regime,0,2012-04-30,0.6644677308910878,0.0003690411703092832,0.00018497182565659973,0.00418366228264078,0.26895130581692456,0.05635904762419155,0.0037243006694790263,0.001037761242047684,0.00013336508070492073,0.0005888133969575678
regime,0,2012-05-31,0.27502340453770047,0.00045936781370951266,0.00020919897911972308,0.005960134941453347,0.6350644421887004,0.07614669731587351,0.003263306876765356,0.0031700490632751797,0.00012088176104013283,0.0005825165223624793
regime,0,2012-06-29,0.04880799184852214,0.0006461917841353892,0.00028665971646836644,0.0017004974001661654,0.011637629343419224,0.0053620390694801194,0.0028100319915363987,0.9283168619402185,0.0002890033809934819,0.0001430935250603674
regime,0,2012-07-31,0.1603836595241279,0.0012479809517475502,0.0005089643735444818,0.002892192810413391,0.022544540022768116,0.00993200847824804,0.004686896333937682,0.796970599977749,0.0005034479918433466,0.0003297095356205154
regime,0,2012-08-31,0.4272049646916912,0.0027824912677226407,0.0008409972110126552,0.004890866341293726,0.05777164429789559,0.027721420861116203,0.009029465454052369,0.4682953998259164,0.0006602287388506171,0.0008025213104485089
regime,0,2012-09-28,0.8452167835611667,0.0013528774733092108,0.000553185747973131,0.0027706332893917304,0.026474899896241695,0.018924048444131095,0.006489661011014621,0.09697936900671567,0.0005180079768115191,0.0007205335932445956
regime,0,2012-10-31,0.8598262945423553,0.00020040730517471308,0.00011765911334767306,0.0018272247954947462,0.10686292092710019,0.026144458592142105,0.003496864234589045,0.001060974466359869,7.738704468234461e-05,0.00038580897875396423
regime,0,2012-11-30,0.40641081470082835,0.000792520881492114,0.00033485796000429235,0.006491641937777431,0.49297619346918176,0.08355062393933356,0.005190599805484567,0.00303244296954557,0.00021994964119233167,0.0010003546951597802
regime,0,2012-12-31,0.6336704722397329,0.0019817511443657727,0.0008733541693737665,0.004622323835798561,0.032281404159649175,0.018556674705016356,0.007378005598667175,0.29882203593912054,0.0009957994339550734,0.0008181787743204758
regime,0,2013-01-31,0.9471264860299763,0.00018374356384405984,9.639031998584944e-05,0.0007305637223539792,0.03189698049462926,0.012532837226697215,0.0024075993114776348,0.004712595344978466,7.38329798743979e-05,0.00023897100618304609
regime,0,2013-02-28,0.9449380061710497,0.00021265591252512625,0.00010808893193062409,0.0008183190657558143,0.031411461266747556,0.013210843773877618,0.0025874807921816047,0.006379298738643015,8.434072786883124e-05,0.0002495046194200107
regime,0,2013-03-28,0.9470918850743169,0.00016376461151534563,8.731391960558925e-05,0.0006938883592572338,0.033248863047012495,0.012408297908369174,0.0023016158232615417,0.00371121881847478,6.64280896150796e-05,0.0002267243485720412
regime,0,2013-04-30,0.942239963865029,0.000194476973651,0.00010129916122499373,0.0008188364050321173,0.034256883022370045,0.013141462975061613,0.0024827838120351693,0.006464220135752976,7.826426821703853e-05,0.0002218093816258918
regime,0,2013-05-31,0.9480072942438142,0.00015118641520526287,7.989005199386506e-05,0.000648168475442787,0.03250763624441654,0.012515442279835705,0.0022619229720000386,0.0035621540161592533,5.928512304469368e-05,0.0002070201780877028
regime,0,2013-06-28,0.2656597934408753,0.0005055792542287235,0.00021806983498190777,0.005578423869202536,0.631674085991961,0.08636684517252549,0.004054461864821681,0.005231071960803035,0.00011647928233159346,0.0005951893282688407
regime,0,2013-07-31,0.010563478662950126,0.0005354444334346193,0.0005024540036809998,0.0008101144651199522,0.0013577746220876537,0.0011807855510639564,0.0020405047777979743,0.98251279100529,0.0003623311467600274,0.00013432133181481493
regime,0,2013-08-30,0.5085417780515956,0.0006269890138073651,0.00027900935454287616,0.005894585747147274,0.40357941042157874,0.07396758024792494,0.004566343015343843,0.001441417707272001,0.0002036211914232051,0.0008992652493641452
regime,0,2013-09-30,0.8728545178023445,0.00019702802434330577,0.00011231744646112877,0.001547305872885135,0.09498413623747455,0.024931788857525807,0.003651518722621193,0.0012938738975330952,7.011529066965045e-05,0.00035739784814145466
regime,0,2013-10-31,0.8824801576662205,0.00020539690797187837,0.00011193708324816962,0.0013682858336725727,0.08650042627783394,0.02357484406029399,0.003648862981859786,0.00168553816891759,6.837192461378251e-05,0.0003561790953678156
regime,0,2013-11-29,0.9494650575955966,0.0001656664909507234,8.48693539650496e-05,0.0006252937133384583,0.029747050067462037,0.012740862597662828,0.002476464189685995,0.004415021188942796,6.18187851483018e-05,0.0002178960172472231
regime,0,2013-12-31,0.9454251576759232,0.0001549109654679972,8.151570083926658e-05,0.0006709562850448073,0.03432461644317927,0.013315139593770517,0.0024418993831802995,0.003308219159122748,5.800846819415421e-05,0.0002195763252777764
regime,0,2014-01-31,0.9299749032240162,0.0001426168548810337,7.862948995161568e-05,0.0008358438791280821,0.048968898177373314,0.015247105753323678,0.002510188544266665,0.0019557323351661092,5.2280771381667886e-05,0.00023380097051164177
regime,0,2014-02-28,0.7308101780771559,0.00030624833423140396,0.0001628850232254945,0.0034501906036024477,0.21374582576590478,0.04625767003636436,0.0036455281958677507,0.0009780586171332004,0.00011646736058688232,0.0005269479859278129
regime,0,2014-03-31,0.4085214237843955,0.0007458399418699773,0.0003222259633813822,0.006754174707671828,0.4897360427468243,0.0850965588409083,0.004810037613094697,0.002855344444148048,0.00022221005189918845,0.0009361419058065754
regime,0,2014-04-30,0.8122763696864939,0.0012389513622270384,0.0004859933432281918,0.0034189453524158145,0.035432515653688344,0.019132101911813793,0.005906892720834409,0.12109197342109446,0.00048603819406794503,0.000530218354136092
regime,0,2014-05-30,0.582886069841248,0.0018086614496445439,0.0005793163270088843,0.005631631396797038,0.2491845991896885,0.07837899917063769,0.007445606367776158,0.07267361641899416,0.00038078014090603646,0.0010307196972989031
regime,0,2014-06-30,0.9475007417843967,0.00018052695493115674,9.458198578983408e-05,0.0007182555695881405,0.031546067619416605,0.012534615251822501,0.0023971550834183406,0.0047218802344673105,7.226230506941585e-05,0.00023391321110007588
regime,0,2014-07-31,0.8845821198553633,0.0007832427726959154,0.0003725514545354032,0.0026380556250781375,0.03563670857847244,0.018848632282168525,0.00483493817379851,0.05143416321936813,0.00037471711955458774,0.0004948709189651654
regime,0,2014-08-29,0.6903848775344769,0.001840326783478403,0.0008537056536619664,0.0047657479581742854,0.03320564330953581,0.01992210207322432,0.007266105392627273,0.24004031140274706,0.0009359904420537918,0.0007851894500201026
regime,0,2014-09-30,0.9121464593734084,0.000396719339654684,0.00021534395050215954,0.0016015516481398882,0.04308525003189341,0.016204384204431873,0.0036903129644652775,0.02210548677967718,0.00018646552938030315,0.000368026178446937
regime,0,2014-10-31,0.09379750392931525,0.000976663441493133,0.001078587023943284,0.004786500484679153,0.014539772247803688,0.008524329197479098,0.004659597596827725,0.8704882245925912,0.0008100236821343994,0.00033879780373304193
regime,0,2014-11-28,0.03465132086427025,0.0007134178527084168,0.0005060974344956472,0.001708983414922787,0.005098556510067151,0.0031799802968287853,0.002681919331774251,0.950849989469623,0.0004413602972026769,0.00016837452810702274
regime,1,2008-04-30,0.02758108937199801,0.08176533868048558,0.20120277749059073,0.08922534923030674,0.04100321818265086,0.08730453549413933,0.07865903369876048,0.26312881628459367,0.08401208322530976,0.04611775834116479
regime,1,2008-05-30,0.45919106216870786,0.0005876609450211919,0.00039171813103034683,0.0031205510488558318,0.38090276272928447,0.07498642104274986,0.0024313230337004135,0.017856889917233824,0.0005320358785772666,0.05999957510483905
regime,1,2008-06-30,0.28964101479575827,0.0005353668258063113,0.0004908717480516523,0.0031031505225036036,0.5402724572037081,0.10437853997489781,0.0028786411331292753,0.01409370622060055,0.00046837496008980873,0.04413787661545468
regime,1,2008-07-31,0.13445489707014116,0.00039895738117856866,0.000537253117899805,0.0027478888697835906,0.6962774435214861,0.12736587517949532,0.002773073361092359,0.011979965019795504,0.0003154502689889237,0.02314919621013874
regime,1,2008-08-29,0.00035437595175415225,0.00019444548018788282,0.0013728787151698302,0.0005332837292305411,0.0026836580515760744,0.0016396670121042985,0.0003688408684934549,0.9923266679522109,0.0001890272848473555,0.00033715495442565986
regime,1,2008-09-30,0.0010803062513204504,0.0003513533056343176,0.004585147293943779,0.013820981785570806,0.08416306346210138,0.8897475861487334,0.0019489129132673746,0.0037176309955014174,0.0002667611122229261,0.0003182567317042101
regime,1,2008-10-31,0.001242740949885991,0.04642215876641681,0.5245499933939543,0.11464935804438346,0.014398106636005216,0.08101642608523099,0.053222425848624605,0.11386156507437546,0.046560786616291754,0.004076438584831366
regime,1,2008-11-28,0.001502957384188272,0.03428677435691128,0.2496063824097913,0.03968831274892302,0.007705494679703311,0.0173391342012277,0.029630141888277246,0.5825171917981454,0.031697880296585525,0.006025730236246852
regime,1,2008-12-31,8.719442185346513e-05,0.00011558915704850648,0.001154580108624313,0.000291393088874637,0.0008028621038309798,0.000701044414270958,0.00021727295684136806,0.9963925288093437,0.00011770246890140709,0.00011983247041059232
regime,1,2009-01-30,0.000563169407248326,0.00023071024048787497,0.0017514359969353576,0.0007343068679175229,0.004805507907854996,0.0026398995827222205,0.00042046561695560495,0.988220701370768,0.00021503019371322762,0.00041877281539674273
regime,1,2009-02-27,0.0022818257330991213,0.03096104730922581,0.453058765663892,0.11669359207811562,0.03832049032922475,0.19035637137280062,0.04204903018367241,0.09522212465115133,0.02707026498909586,0.003986487689722519
regime,1,2009-03-31,0.009695240856071818,0.07920682016241033,0.28477369705996514,0.0887391407333103,0.029441244873047178,0.06416954965832204,0.07918220985730749,0.26105767017412185,0.08074850086549583,0.022985925759948022
regime,1,2009-04-30,0.008970168983045248,0.0005933686027017472,0.003221036206886799,0.0041336534437201805,0.08886239352716886,0.04468384936380252,0.0030790973328000443,0.8405344238844686,0.000743730354212481,0.005178278301193572
regime,1,2009-05-29,0.002294446564225923,0.0005614526604257019,0.005762638089647511,0.016125790315060978,0.11585296070533614,0.8487657850189176,0.003598864283710173,0.005774933927526629,0.0005045062187308495,0.0007586222164184969
regime,1,2009-06-30,0.0027554814826468424,0.0007464995169454128,0.007029971185384306,0.018999605755060697,0.1254150660564528,0.8328950735401348,0.004382665349113506,0.006165092272437879,0.0006651166223580919,0.0009454282194657157
regime,1,2009-07-31,0.6698482044823687,0.0007675297364951459,0.0003249315661667858,0.0027282483099251675,0.18632267021532367,0.04062514591296605,0.002333926314193401,0.019399561020021633,0.0006889156021937844,0.07696086684034567
regime,1,2009-08-31,0.6177218624567509,0.0005804402910258015,0.00029695288692062604,0.0026296047567357884,0.23703626770654837,0.04895990574393856,0.00196569721924452,0.02021361671488918,0.0005237856451066351,0.07007186657883975
regime,1,2009-09-30,0.569555511883572,0.0005968963223777036,0.0003294259066431581,0.002861199176472768,0.27581074817692025,0.05709084555563912,0.002132239261677885,0.021130064155695457,0.0005386414117425169,0.06995442814925922
regime,1,2009-10-30,0.48782733750712154,0.0006008713161862729,0.0003744499918905765,0.003104418408524792,0.35243463670309927,0.07042062276945253,0.002424042541692206,0.02022545249682736,0.000538134363487679,0.062050033901717816
regime,1,2009-11-30,0.7370020385595908,0.000847438217262212,0.000275891210721154,0.002578462742029178,0.14388352373662763,0.030033842028630225,0.002426327802404722,0.013010824648488371,0.0007907480905200984,0.0691509029637255
regime,1,2009-12-31,0.8107483040669485,0.0008674912749658712,0.0002187616695484128,0.0021169576151940078,0.08878764949312871,0.018434598012648504,0.002077440306827236,0.009484478560471372,0.000820165077146623,0.06644415392312071
regime,1,2010-01-29,0.7655239185170303,0.0007820957239678794,0.00023967001650409208,0.002329392745465536,0.12660460436636875,0.02535150302940895,0.002158649688801514,0.011643116006726089,0.0007401913795291202,0.06462685852619789
regime,1,2010-02-26,0.7235018628330321,0.0006664574550192191,0.00024347038308627898,0.00237482234645132,0.15791453683238202,0.031682046206545085,0.001987566188850383,0.014587247733474336,0.0006155242985307152,0.06642646572262835
regime,1,2010-03-31,0.8118439734113901,0.0008636933839337523,0.00021376252322932168,0.0020940254048153815,0.08883660964248526,0.018310063341098564,0.002092814764230642,0.009693023221052408,0.0008086708939310775,0.06524336341383333
regime,1,2010-04-30,0.5864580649827597,0.0007557842057736431,0.00036535982488893645,0.0031093987432392776,0.26490140574686394,0.054073917910338845,0.002677797679500179,0.017426796530992942,0.000696603337864902,0.06953487103777768
regime,1,2010-05-28,0.13199542188088811,0.00035150655569000727,0.0004776344987894026,0.0027647712877621133,0.7003182791533864,0.1264840093363467,0.0023430358769878264,0.013334226247212312,0.0002723334968309083,0.021658781666106203
regime,1,2010-06-30,0.3885670808428622,0.0004601467244885341,0.0003590663314896624,0.003065525066267604,0.44607754966306573,0.08606460893100538,0.0021128824713930504,0.02225422953084361,0.00040301180099500784,0.05063589863758937
regime,1,2010-07-30,0.05789003715642373,0.00024119286774820258,0.00092285929049773,0.0034032616884644516,0.7157373821086933,0.1764039547395221,0.0022725898041271743,0.032975693173318034,0.0002407751000925579,0.009912254071112495
regime,1,2010-08-31,0.8022555408977154,0.0008136125875188317,0.00021732393635707988,0.002151238326108721,0.09948148434202968,0.020020154944825085,0.0020808281081807142,0.010186345183386306,0.0007792251359847003,0.06201424653789328
regime,1,2010-09-30,0.8276491145168963,0.000870278299842128,0.00020450512348692493,0.0020082334650138077,0.0770220884958422,0.016161707209889884,0.0019872323121614965,0.008827806628380444,0.0008324920390395104,0.06443654190944738
regime,1,2010-10-29,0.8150198164067676,0.0008929002101754855,0.00022149009756762764,0.0021457944958446287,0.0875014037017833,0.018053837381672953,0.002130742913220007,0.009169705452754945,0.000852257282081957,0.06401205205813146
regime,1,2010-11-30,0.5787615177616146,0.0006527760207038477,0.00035886601448640947,0.0028981094915051984,0.27653714661738915,0.055616047121056555,0.002357754360293616,0.016190185580035127,0.0006096000709253365,0.06601799696199018
regime,1,2010-12-31,0.8313400402967254,0.0009202811562317785,0.00020801211888548974,0.0020104756491374537,0.07240485206738533,0.015469101147215216,0.0020316345445925118,0.008425007123323973,0.0008670163352529163,0.06632357956124993
regime,1,2011-01-31,0.8085524609372176,0.0009063210531281326,0.00022277272538007837,0.002166790894844034,0.08959583568422164,0.018815897908803614,0.0021580977518093868,0.009384304372776391,0.0008487085889364598,0.0673488100828829
regime,1,2011-02-28,0.8086857631701365,0.0009052699108119303,0.00022453402447180588,0.002193750892636991,0.0904716820997511,0.01891381974897844,0.002147554833721061,0.009162317360871117,0.0008583827836528279,0.0664369251749681
regime,1,2011-03-31,0.7836249022194146,0.0007994270424498287,0.00023004875337420656,0.002253938407409904,0.11172319364721248,0.022681537467831712,0.0020895453816036393,0.010826469639508812,0.0007604315407953369,0.06501050590039968
regime,1,2011-04-29,0.7980296652510029,0.0009124924499449722,0.00023979913453187038,0.002292087291818269,0.09918304551643752,0.020516106127589483,0.0022512310678742247,0.009698267476202319,0.0008697988834874433,0.06600750680111121
regime,1,2011-05-31,0.7718650027312869,0.0007972755194699576,0.0002389948845744444,0.0023300535420755523,0.12229826817221619,0.02449469818176293,0.002174074860903211,0.01131209346243422,0.000758479068694215,0.06373105957658258
regime,1,2011-06-30,0.6526581839992274,0.0006415149502241406,0.00029050678885014563,0.002668356368632767,0.21444105844396943,0.042964783155402614,0.002109656613082182,0.017073419603386705,0.0005949706312983588,0.06655754944592641
regime,1,2011-07-29,0.7727967556369565,0.0007999791621982977,0.00023671697886596549,0.002332865857512655,0.12266423618971393,0.02434627736673167,0.0022018650488452142,0.011332048841913633,0.0007597626540233305,0.06252949226323874
regime,1,2011-08-31,0.008262763064668135,0.00011293081380690945,0.0011176035609525656,0.0033494688241434696,0.7753878996441621,0.1929250598579828,0.001206441726697828,0.0162561268496266,9.384496588109263e-05,0.0012878606920786531
regime,1,2011-09-30,0.0016893075950333031,0.03427676296465351,0.44358679081688895,0.11069074113906616,0.03283622055307363,0.147209996864372,0.04963159437449827,0.1417826278862978,0.03418945818881776,0.0041064996172986016
regime,1,2011-10-31,0.00027283542940140633,0.00017587940304019702,0.0013573598895286001,0.0004944384717667931,0.0022786476141862504,0.0014661745126183239,0.00033113977097431086,0.9931825163348315,0.0001738848812302981,0.0002671236924224599
regime,1,2011-11-30,0.004936959715045002,0.00029962936020958567,0.0025743703071136894,0.009856331125930581,0.3298508027536918,0.6445508719849832,0.0020659153059210005,0.0046724809208795,0.00023595964057766255,0.0009566788856479946
regime,1,2011-12-30,0.10604022871824045,0.03847430233931606,0.04887582305585939,0.037565192579820925,0.07033673835088783,0.05670786978734949,0.044829657685814886,0.45937997510296963,0.037365477354989275,0.10042473502475205
regime,1,2012-01-31,0.8052836504906105,0.0008385055883573423,0.00021453475932638584,0.0021365833452477428,0.09489463903354636,0.019274273089031794,0.0020781184338150025,0.01014361231590204,0.0007860535457996848,0.0643500293983631
regime,1,2012-02-29,0.8081572602506573,0.0009718226282690098,0.00023896329086420438,0.0022187155265804325,0.08459963919795545,0.018594740339148583,0.0021935910661400088,0.01033754221642908,0.0008938380058291828,0.07179388747812694
regime,1,2012-03-30,0.8320411573942957,0.0009143132156336365,0.00020431954336014717,0.0020113669211452435,0.07285975359265652,0.015440656232892506,0.0020113354737568583,0.008307310548584933,0.0008630767483066534,0.0653467103293679
regime,1,2012-04-30,0.813562280175893,0.0008596645967842392,0.00021110594555515566,0.002102826245970684,0.08868145859776272,0.018209514015050644,0.0020690472198697874,0.009360040617366543,0.0008119515285095041,0.06413211105723779
regime,1,2012-05-31,0.5405698261930965,0.0006419954207046612,0.0003388275664779343,0.003066378605895703,0.30545303048025746,0.06106445927139489,0.0024355380533541715,0.02074967464723912,0.0005676249479168538,0.06511264481366283
regime,1,2012-06-29,0.6440774409926999,0.0006458422213556413,0.0002813291130661172,0.002759380584952261,0.2234805582668198,0.044167098506446664,0.0021851122238412696,0.01769576213480638,0.0005933765118559544,0.06411409944415586
regime,1,2012-07-31,0.7344596573434526,0.0007550710534944187,0.0002553016118211872,0.002510402647888729,0.1536405323677192,0.03007212853312347,0.002238236071474602,0.012893875788222826,0.0007165188129279563,0.06245827576987477
regime,1,2012-08-31,0.8219295876447297,0.0009447231390677889,0.0002231889283758058,0.0021453646869878467,0.07977250137843721,0.016904484319316994,0.002128674660000067,0.008839210504545678,0.0008982914763694772,0.0662139732621696
regime,1,2012-09-28,0.821207837162765,0.0009242659728943859,0.00021921797494997867,0.0021136496186437157,0.08126739756064189,0.017062563560846462,0.0021226149189203895,0.008886698953739641,0.0008739838044991039,0.06532177047209932
regime,1,2012-10-31,0.8266368176480399,0.0009282053284891764,0.00021277874702229756,0.002052027040179449,0.07634669037254398,0.016142108221315597,0.002089756114454661,0.008817832836992664,0.0008710295583604052,0.06590275413260202
regime,1,2012-11-30,0.8108077368756337,0.0008759062276234035,0.00021907146618951848,0.00213649697196582,0.09041176047218517,0.01860702240963368,0.0021243207982029845,0.009533569993160775,0.0008289876041834843,0.06445512718122162
regime,1,2012-12-31,0.8187446036840413,0.0009224039820154388,0.00021714704116128364,0.002092704988319433,0.08170134479669654,0.017174904168049936,0.0021248818566315837,0.009149130282118213,0.0008641730547115589,0.06700870614625466
regime,1,2013-01-31,0.8242526426665882,0.0009539870334932798,0.00021863810740106973,0.0020947766960797915,0.07680949309543585,0.016352625683737174,0.0021155170122293798,0.008834187830583677,0.0008942340935075012,0.06747389778094404
regime,1,2013-02-28,0.8286549127066164,0.0009284430523219607,0.00020691181762774592,0.00201672848202004,0.07394446470438373,0.015628820924863843,0.002043984612350162,0.008738437369932399,0.0008653731285461527,0.06697192320133755
regime,1,2013-03-28,0.8135483869170048,0.0009293653154412455,0.00022233103267694083,0.002152519420067648,0.08538736720912038,0.017926054491740923,0.0021509812975912305,0.00937612933517348,0.000866303729135899,0.06744056125204746
regime,1,2013-04-30,0.7813690624409705,0.000780653566947946,0.00022369089415583162,0.0022555810076755204,0.11568759662637368,0.022849587716128883,0.0020659266643731043,0.011098426968285531,0.0007384634437726435,0.06293101067131641
regime,1,2013-05-31,0.808268440248307,0.0008669699355328212,0.00021624017581351251,0.002118469903452885,0.09083039017522472,0.018791963748992037,0.00208396552720199,0.009963352785341013,0.0008050902494593614,0.0660551172506745
regime,1,2013-06-28,0.4160194546144705,0.000535584712740307,0.00037043623987266565,0.0031212398492977645,0.41445246994586615,0.08276697740403355,0.0023237017134113734,0.021496046882924044,0.00045777500132847975,0.05845631363605518
regime,1,2013-07-31,0.8293177029257796,0.0008450714477600371,0.0001910445255671247,0.0019033339138097645,0.07481936302898197,0.015688514695680975,0.0019235941717351975,0.008830071400576279,0.0007772304620659709,0.0657040734280431
regime,1,2013-08-30,0.817721221474005,0.0008546925103752707,0.000205351257119068,0.0020173722035001897,0.08431783011515015,0.017508917888037104,0.002045251989115203,0.009266827662838073,0.000794208718438498,0.06526832618142159
regime,1,2013-09-30,0.8293248344179883,0.0008517163095949087,0.00019807320582570798,0.0019426435104788688,0.07605191436176914,0.015840679243046673,0.001958392534762886,0.00886752196770587,0.0008002140932501396,0.06416401035557767
regime,1,2013-10-31,0.8288571178327315,0.0008763573452589123,0.00020050758740514232,0.00196243129325169,0.07553741258994853,0.015808419491326046,0.0020046082167127725,0.008860934659771154,0.0008206495272681999,0.0650715614563262
regime,1,2013-11-29,0.8411266178682167,0.0008788788179562672,0.0001889012459248578,0.001846501534584782,0.06532595001596199,0.013914859508367659,0.0018961563825404624,0.00845642559659945,0.0008175908290750353,0.06554811820077305
regime,1,2013-12-31,0.828062684674436,0.0008790481874006298,0.00019899765891715542,0.001961725982967306,0.07540604769336552,0.015824250963600687,0.0019959520378671582,0.008855425803420627,0.0008169984876200189,0.06599886851040507
regime,1,2014-01-31,0.8025086617034556,0.0008555058821512718,0.00021548184953057626,0.0021466103461005863,0.09677876205866569,0.019666295574905013,0.0021417379877966642,0.009922353317749908,0.0007950819428947888,0.06496950933674976
regime,1,2014-02-28,0.7936621332613399,0.0008682202406058208,0.00023036443133129912,0.0022707088193120537,0.10416969977261861,0.02114663628250156,0.002206044956092394,0.010035059508749038,0.0008221274554378858,0.06458900527201152
regime,1,2014-03-31,0.7854055954595478,0.0008482106451646995,0.00023374624460067116,0.0022978981749010724,0.11088859909809033,0.022323514611609963,0.0022097161476779333,0.01040314639578457,0.0008034001169489673,0.06458617310567405
regime,1,2014-04-30,0.8037974812792765,0.0009042615159901351,0.00023008698012324047,0.0022243105620129364,0.09423343748639601,0.0195095845849031,0.0021861974885309284,0.009668358601049117,0.0008557289682705213,0.06639055253344757
regime,1,2014-05-30,0.8109449954727969,0.0009143333705665834,0.0002225532217963282,0.0021447103822218824,0.08773368661193702,0.018260360059530155,0.0021554047240867416,0.00955228198734181,0.0008543114850918818,0.06721736268463073
regime,1,2014-06-30,0.8129324585352043,0.0009278328857444151,0.00022550545726622334,0.0021552886838818587,0.08596596120215941,0.017994933227003282,0.0021702652423617247,0.00950817680946445,0.0008703596229212258,0.067249218333993
regime,1,2014-07-31,0.8067159824541659,0.0009050840165818498,0.00022578934319262151,0.0021809726812787047,0.0917453110234227,0.018955381151797807,0.0021721542262000035,0.009751970173077626,0.0008470214924028537,0.06650033343787984
regime,1,2014-08-29,0.8046294563107796,0.0008915984869169105,0.00022463800823503157,0.0021816073474361314,0.0933963533244528,0.019314975539000922,0.0021742366555397444,0.009891244259837102,0.0008354837889357,0.06646040627886599
regime,1,2014-09-30,0.7970495000297493,0.0008497285369216221,0.00021758861419938938,0.002143524430274341,0.09957517334755277,0.02034516731515358,0.0021516359407130698,0.01045896553244492,0.0007809015405491757,0.06642781471244177
regime,1,2014-10-31,0.7681156321204199,0.000767823008657135,0.00022851123844892205,0.0023007091074708475,0.1251277475015872,0.024890881763931574,0.002112833498644769,0.01177399763697803,0.0007205916778798677,0.06396127244598193
regime,1,2014-11-28,0.7150314813955918,0.0008682109903806279,0.00028965609356770383,0.002713988449365075,0.1614859040834015,0.03298666199664854,0.002535786291290179,0.014271770350343752,0.0007857951720380299,0.06903074517737252
regime,2,2008-04-30,0.006476288625806985,0.00016687592764387944,0.0003839933893078157,0.08170023391451507,0.7532452359969581,0.13854997434716057,0.0003941833343775115,0.01621608704269099,0.00020819125969749757,0.0026589361618416193
regime,2,2008-05-30,0.006013997166714746,0.00016270133410416544,0.00038358617965359966,0.08519821005300249,0.7450468123103197,0.14439586611364216,0.00037911283094436233,0.015755217169685736,0.0002045332124543604,0.002459963629478725
regime,2,2008-06-30,0.005431882502929207,0.00015120110282905146,0.0003742283374548954,0.08713448840751675,0.738252991858153,0.15065607288755115,0.000366121156594676,0.015223894079873316,0.00019555854909464307,0.00221356111800331
regime,2,2008-07-31,0.0047784726922557004,0.00014395269544685324,0.00036748067136561306,0.09270957319596514,0.7271085169400254,0.15748021855048372,0.0003476930185628891,0.01494592525117649,0.00018869820458789762,0.001929468780130571
regime,2,2008-08-29,0.06288392098318224,0.0004037120205169549,0.0009628259348095055,0.036824630109590535,0.22452972769261034,0.032934720700342444,0.0009774404306126605,0.19113808591561698,0.0001228102152585621,0.4492221259974598
regime,2,2008-09-30,0.004097954330105841,0.00020699842992959817,0.0005724895492026556,0.1928463870125263,0.5903571572832705,0.1875695696276099,0.0005117863543901273,0.022126456171554513,0.00037837036020720504,0.0013328308812032277
regime,2,2008-10-31,0.008206818408805478,0.0019965926015989175,0.0035346154563033125,0.4552515148845424,0.2128264896880849,0.1288997457189678,0.004021812605689239,0.1793184936897288,0.005190422951233809,0.0007534939950453035
regime,2,2008-11-28,0.006290766041558728,0.022576529242715197,0.04148452973556985,0.39529135163587176,0.05623484221850794,0.04171394963374602,0.018369179521019408,0.2871677652758771,0.13011433233904285,0.0007567543560911718
regime,2,2008-12-31,0.0003640581648491217,0.0005724023023991526,0.006004208940845694,0.005038505434808311,0.0013633461184757389,0.0023864322472910123,0.006729187759071273,0.9762244605182756,0.0009808841704678775,0.00033651434351625494
regime,2,2009-01-30,0.0005167349495972437,0.0007497870228803273,0.007137016121741609,0.006264258251199426,0.0017686873218936163,0.0029738034157801314,0.007924280240094487,0.971001786745017,0.0011903656657575182,0.0004732802660383964
regime,2,2009-02-27,0.018160418614568893,0.09076362381856269,0.2048113384919085,0.03173695176555962,0.025074371471792537,0.0303506727075917,0.3067036430208353,0.17603216670889962,0.09829749744671708,0.018069315953564015
regime,2,2009-03-31,0.013550949910229806,0.0690522983250819,0.1881076664332574,0.024109394558392467,0.019849539832348186,0.02693821857220862,0.3503552681689441,0.21712499469053725,0.07469525940702602,0.016216410101974037
regime,2,2009-04-30,0.022272535622343617,0.03120681751511561,0.11219912237771724,0.021326904959006472,0.03388984292225051,0.04152254860541569,0.25243628391668277,0.41622269792302063,0.02806642139148241,0.040856824766964915
regime,2,2009-05-29,0.021440772892486044,0.00032377045762940445,0.0006550850847704115,0.05047274048421705,0.7641024238533589,0.13363072627566105,0.0010693389668838395,0.017896621121876906,0.00034295895486289863,0.010065561908253466
regime,2,2009-06-30,0.2910039448024889,0.00033956208925556606,0.0004804373810197832,0.017887266134352344,0.17734943337468623,0.03393418250945245,0.000780968927807842,0.06149588170820447,0.0001713820145061742,0.41655694105822644
regime,2,2009-07-31,0.23373280999245813,0.0002932293537270524,0.0005024135200936427,0.009765547405781004,0.08496041666313106,0.014534857265687347,0.0006962106583611754,0.04326123001009912,0.00011703159694770191,0.6121362535337138
regime,2,2009-08-31,0.15097595061343624,0.0003004931692538672,0.0005877932350279574,0.017233869910984738,0.14371759822961952,0.02057629826696785,0.0006834108013538865,0.09118133745110761,0.00010986428613814134,0.5746333840361103
regime,2,2009-09-30,0.17397728330027856,0.00031530033165780584,0.0005655798875957027,0.018615770478774454,0.15433122255891416,0.023175086202413278,0.0006814458371488099,0.0801945941800457,0.00012733402204552643,0.548016383201126
regime,2,2009-10-30,0.3020220401200666,0.0003782968143976532,0.0004916215262925523,0.015271673614800594,0.13938312634567573,0.024814988171933446,0.0006829650250407293,0.03938822753766113,0.00017673070254781522,0.4773903301415837
regime,2,2009-11-30,0.43587721840957755,0.00046247579854215987,0.0004068369051406883,0.003787145203734945,0.04423182265225891,0.00995162842490331,0.0006555195006673454,0.010381470359414922,0.00014424617026074395,0.4941016365754993
regime,2,2009-12-31,0.6966400324322828,0.001494193642555041,0.0005493037429897532,0.010468206321094065,0.136015284413207,0.02374389853897452,0.0005378174377389189,0.004305436372445948,0.000553184498895447,0.12569264259981658
regime,2,2010-01-29,0.6752695410769657,0.0014409455973608332,0.0005310104804543816,0.012143128406477731,0.16024753012659207,0.02745858232218811,0.0005138306130945537,0.004557092263882751,0.0005511787300676555,0.11728716038291631
regime,2,2010-02-26,0.6180799119785763,0.0013758526109365263,0.0005244460658370408,0.016225815122689453,0.21569318093443207,0.03706814998731957,0.0005153065844523702,0.0052532592131950915,0.0005537651569803471,0.10471031234558129
regime,2,2010-03-31,0.7024522728237439,0.0014022872719444128,0.0005079782467082137,0.01013457502844557,0.13561285240074147,0.02272583331613805,0.0004949459016253742,0.004350047287146442,0.000521703037319832,0.12179750468618676
regime,2,2010-04-30,0.5523394896533661,0.0017575621914316917,0.0007152884478712492,0.02123469518010986,0.25810650730182516,0.04414260224915327,0.0006715744122492974,0.007057789087445545,0.0007389864272918054,0.1132355050492558
regime,2,2010-05-28,0.004715066322421169,0.00013749898993998023,0.0003483180059058825,0.09192939808589384,0.7307402146663912,0.15481378125269699,0.00032832028788699305,0.014935159778162777,0.00017852276829357543,0.0018737198424077298
regime,2,2010-06-30,0.005245579051808778,0.00014696643787463954,0.00035091928500917717,0.08920346173489521,0.7414842557311925,0.14512777032315283,0.00033855702876221046,0.01581369210729319,0.00018576399736731062,0.0021030343026442666
regime,2,2010-07-30,0.006051533288271946,0.0001571765188867589,0.00035864334580127646,0.08381457599513205,0.7544039838606647,0.13567651862267052,0.0003604065982716274,0.01652042497050463,0.00019607476981629737,0.0024606620299800993
regime,2,2010-08-31,0.007083491028427245,0.00017079976677019333,0.00037707226832308386,0.07786623721146273,0.7643543470993719,0.1301637581544752,0.00039533620875067694,0.01648455430598661,0.00020939498900322942,0.002895008967429392
regime,2,2010-09-30,0.7042849947456432,0.0015171405459443556,0.000543360179678449,0.010343999180818542,0.13298642309948802,0.023323220892462984,0.0005320223349128772,0.004411440431233586,0.0005623960052299942,0.12149500258458804
regime,2,2010-10-29,0.7004095411648392,0.001522573874726887,0.0005621090173808863,0.010346360089123275,0.13257727996604923,0.02335826650317174,0.0005495300015231065,0.004416405894759993,0.00056098508071108,0.1256969484077145
regime,2,2010-11-30,0.5742181611076222,0.0015068348599564876,0.0006127180190432206,0.01849659308081363,0.24129569175639332,0.040027185720029924,0.0006026594073748733,0.0063136482637317845,0.0006149322426044353,0.11631157554243014
regime,2,2010-12-31,0.7157431739343851,0.0014697793957118472,0.0005290656708131523,0.008752671553575108,0.1169838061263169,0.02012846315718261,0.0005318208395251043,0.004072296912607362,0.0005257188962996545,0.13126320351358317
regime,2,2011-01-31,0.7090437350607589,0.001444706779520663,0.0005215270185088666,0.009251880514156059,0.12259913075311615,0.021076434338207228,0.0005239601132199916,0.004246911225538168,0.0005211462331295005,0.13077056796384443
regime,2,2011-02-28,0.7071381305308699,0.0015567697261868474,0.0005603589974149683,0.009885582276716449,0.1263818683217371,0.022350334058236238,0.0005598949717020624,0.0043594976316275735,0.0005672736404228212,0.1266402898450859
regime,2,2011-03-31,0.6872147823900242,0.001495107635312248,0.0005443803485662478,0.011685489301413027,0.1495559905047522,0.026280635169715662,0.0005345386229876208,0.004491531350597042,0.0005692447766952396,0.11762829989993653
regime,2,2011-04-29,0.6870156337524349,0.0016603682303892604,0.0006244655928080628,0.011502395699182549,0.14244200749127625,0.02543356640634454,0.0006063514603324546,0.004782488654549414,0.0006249007208712479,0.12530782199181129
regime,2,2011-05-31,0.66845473215708,0.0015057692950689431,0.0005691982239831875,0.013174172429677763,0.16427384788385563,0.02925792994451157,0.0005384338895163176,0.004814993493624742,0.0005787181212696155,0.1168322045614122
regime,2,2011-06-30,0.5395645347188189,0.0016045918176867315,0.0006444719413357191,0.022346650767497492,0.2803380968776198,0.04951151168248115,0.0006072354324359749,0.006500165963691493,0.000664576359691493,0.09821816443874139
regime,2,2011-07-29,0.6515417213016482,0.0014756453714587145,0.0005597752425088118,0.014284612596505052,0.18269788228654762,0.03192032161379171,0.0005304340797118652,0.00483246973180381,0.0005872787826349207,0.11156985899338923
regime,2,2011-08-31,0.0043156625499902535,0.0001408254612489714,0.00037600074953497584,0.10785025835333435,0.7020973692389096,0.16724941686825787,0.000346327688873549,0.015793950058375056,0.00019696460074727855,0.0016332244307281842
regime,2,2011-09-30,0.004446100812252277,0.00015660929999737635,0.00041251951262911957,0.11974374513984713,0.6894304114125432,0.16588851428556517,0.0003750751532686884,0.01765523295760575,0.00023262515042286422,0.0016591662758684862
regime,2,2011-10-31,0.004619303161298882,0.00013710648890110337,0.00034782335307711267,0.09320372507305529,0.7291041318911075,0.15528102634189958,0.00032507367934433236,0.014970782420432125,0.00017985733095123233,0.0018311702599330165
regime,2,2011-11-30,0.004775915429657941,0.00013462561253763203,0.0003423261709785167,0.09009517296956553,0.7342750526506252,0.15287043039357537,0.0003258783664774776,0.015090102701558488,0.00017673605827715557,0.001913759646746783
regime,2,2011-12-30,0.006805861371627478,0.00016465043376958613,0.00036475086227077654,0.07934760564815499,0.7629552500412197,0.1301495722730869,0.0003798714806052975,0.01685305099779777,0.00020281248166903915,0.002776574409798512
regime,2,2012-01-31,0.00809565775998385,0.0001829672492890937,0.0003905401802754577,0.07275884491070413,0.7716268201784864,0.1269839711760204,0.00043146784047288166,0.01603444957830802,0.00022020833958234692,0.0032750727868774525
regime,2,2012-02-29,0.009956631522245834,0.0002049057948954291,0.0004416801491546722,0.06870937110045218,0.769377967907088,0.13119840176777345,0.0005032813989646321,0.015406046570722882,0.00024860139494345965,0.003953112393759482
regime,2,2012-03-30,0.7175595467200739,0.0014687233190319308,0.0005209083293018626,0.00897176446427812,0.11844379630595919,0.020453886581049716,0.0005234344403627671,0.004102374284245019,0.0005291878111592472,0.12742637774453822
regime,2,2012-04-30,0.7066932897307308,0.0013810639591299234,0.000492295139648707,0.009966437024927818,0.13361117850172183,0.022500065244710894,0.0004846234038876878,0.004222339277527232,0.0005130903862581228,0.120135617331457
regime,2,2012-05-31,0.5021004710894144,0.0015495736476652574,0.0006342479508648983,0.025153333542794296,0.3140736972706867,0.0528530505138434,0.0005821807021692268,0.007334918730492626,0.0006756098077157947,0.09504291674435342
regime,2,2012-06-29,0.006842807666654881,0.000159500363848914,0.00037112747795149605,0.0794211894818987,0.7544807706071419,0.13968172969659648,0.0003811089017891935,0.015763563709167695,0.0001993969517485022,0.002698805143202018
regime,2,2012-07-31,0.006809142877625666,0.00016735888600007565,0.00037378868729966256,0.07991937892453285,0.7600782503756385,0.13248382528692837,0.00038693085099225183,0.016792323071617002,0.00020420724632607215,0.002784793793039667
regime,2,2012-08-31,0.7085581161481155,0.0016093304326769769,0.0005840647850402375,0.009800147557204302,0.12435448719360206,0.021860061874324085,0.0005808976167591287,0.00456727542465567,0.0005843605410113892,0.12750125842661048
regime,2,2012-09-28,0.7072266639198592,0.001537828312103926,0.0005634617092410872,0.00958756225774653,0.12359335257634424,0.021605473733408296,0.0005597908671338632,0.004379804535732281,0.0005564696236491121,0.1303895924647817
regime,2,2012-10-31,0.710070049299928,0.0015255369718014879,0.0005544849569096621,0.009328397424404286,0.12150432319482381,0.02101390374434018,0.0005504117526902702,0.004404762218366518,0.0005433910864954482,0.1305047393502401
regime,2,2012-11-30,0.6937050562023631,0.0014977118835558451,0.000549715623191338,0.011036141855617274,0.1417796826086634,0.02473864629924717,0.000529837735390686,0.00446064999136266,0.000560886968985919,0.12114167083162249
regime,2,2012-12-31,0.7029943316093739,0.0015292037130975932,0.0005530584541554957,0.010275827100092947,0.13199003374619425,0.022824837972946273,0.0005401489542713595,0.004571447217594764,0.0005623044177418866,0.12415880681453165
regime,2,2013-01-31,0.7088635909405506,0.0015802791163285219,0.0005677172266800604,0.009862947564708775,0.12604039901960212,0.022042480284986895,0.0005630398833746263,0.004527359464858987,0.0005765102910072018,0.12537567620790205
regime,2,2013-02-28,0.7178652763227724,0.0014827099678957221,0.0005195099745436076,0.009065037735656848,0.11935185670486086,0.020313627429938256,0.0005235429602316246,0.004402958420551161,0.0005288814951657091,0.12594659898838365
regime,2,2013-03-28,0.7049375394907347,0.0015543607613988579,0.0005618036800134389,0.010139086654537215,0.13019101457939858,0.02255049710825984,0.0005570654603125762,0.00460254319068376,0.0005729721333819417,0.12433311694127924
regime,2,2013-04-30,0.6932561430415337,0.0013401986767498052,0.00048162426404743517,0.011648217150361885,0.1504613360813711,0.02589302821272557,0.0004637098686578468,0.004407058109749036,0.0005174047339983722,0.11153127986080534
regime,2,2013-05-31,0.7075132982046667,0.0013534274882390578,0.0004820339845209321,0.009962782825529141,0.13376200090252183,0.02242295380032716,0.0004719035276527861,0.004257077857584893,0.0005038445940947903,0.11927067681486266
regime,2,2013-06-28,0.4153091668941388,0.001548952862093286,0.0006298276926366486,0.030908279645156092,0.3964732631233229,0.06579816080550917,0.0006034318554940514,0.008364073276554284,0.0006629353404581606,0.07970190850463665
regime,2,2013-07-31,0.7166743525053443,0.0012841881929460484,0.00045142127047089267,0.00892828932239479,0.1258371422107008,0.02061595415693927,0.0004467775491668425,0.003699835432472586,0.0004731762558290428,0.12158886310373544
regime,2,2013-08-30,0.7040288157758874,0.0013545432961293215,0.0004937787980425932,0.00970899256269725,0.13316914977377506,0.022357943265163306,0.00048005976421309614,0.003934188256089541,0.000501691545531687,0.12397083696247073
regime,2,2013-09-30,0.7113783065644479,0.0013786863622871528,0.0004962637619592865,0.009359307849398512,0.12679125356948837,0.021535500018074513,0.0004856552495304314,0.003971632571148534,0.0005038526551858774,0.12409954139847941
regime,2,2013-10-31,0.7101578637219489,0.0013993281145285976,0.0005032328997413155,0.009552281996572128,0.12810434807415533,0.0216139413873249,0.0004901184698769942,0.00416282872760095,0.00051318773193168,0.12350286887631913
regime,2,2013-11-29,0.7271254401830121,0.0013283713553909103,0.0004592816909582583,0.008222822005396029,0.11436695991986259,0.018616442402723567,0.0004585081626703786,0.004037675788867724,0.00047064903364931864,0.12491384945746921
regime,2,2013-12-31,0.7210610603799318,0.0013354855693581717,0.00046794223280636376,0.008652338165858605,0.11949935190252743,0.019570090193014693,0.00046495481958826244,0.003999156981816536,0.00048211444727849653,0.12446750530781982
regime,2,2014-01-31,0.7017575254880899,0.001345534683800999,0.00048639275449544164,0.010207408578854535,0.1383743049625349,0.02303256350842245,0.0004732190304387531,0.004225595446442603,0.0005044406727574199,0.11959301487416295
regime,2,2014-02-28,0.6838901863006027,0.0014853639542184768,0.0005532680594118366,0.01173257819090108,0.15169999368827006,0.026135270059032177,0.0005318546846000368,0.004579951938750531,0.0005718877210247724,0.1188196454031882
regime,2,2014-03-31,0.6749704613041098,0.0014924891278420287,0.0005588826094068356,0.012374264045009362,0.1594308139337739,0.027425549988924408,0.000534789245960777,0.00471564487925895,0.0005788267684668015,0.11791827809724743
regime,2,2014-04-30,0.6907278992198919,0.0015838931021886795,0.0005823967161481787,0.011264722581982039,0.14262125576091667,0.024830670242030006,0.0005658745204582128,0.004756259687092955,0.0005975413612559473,0.12246948680803559
regime,2,2014-05-30,0.6984934158180844,0.0015324750287003454,0.000556061331028859,0.010609227210162202,0.1366192534541223,0.0232721791597903,0.0005421714813664589,0.004747944432045336,0.0005717483941653051,0.12305552369053442
regime,2,2014-06-30,0.6981610069415196,0.0015748857350305478,0.000579779020772767,0.010595757223212016,0.13490780468002112,0.023305901314904457,0.0005655774784346035,0.004766631604839541,0.0005872173134328235,0.12495543868783245
regime,2,2014-07-31,0.6928495181098738,0.001527628345052404,0.0005595200916177948,0.010979119239006446,0.14202360711787076,0.024185887077292516,0.0005438026412827154,0.00471160222079002,0.0005757559558764912,0.12204355920133687
regime,2,2014-08-29,0.6895604745898627,0.0015178490206317063,0.0005577530944256161,0.011156610734548275,0.14523162902546413,0.024638020944338104,0.0005401776654610932,0.0047087386162374175,0.000576669002168708,0.12151207730686227
regime,2,2014-09-30,0.688568738734101,0.001390491854301026,0.0005048958032332995,0.011159989943812761,0.14955217458406797,0.02483639125052469,0.0004866623245669533,0.00456527349921172,0.0005289667290358141,0.11840641527714485
regime,2,2014-10-31,0.6632333687141075,0.0013853536983119712,0.0005080060879476488,0.013224091853244795,0.17519254409735152,0.029702387882806932,0.0004883275880834941,0.0047697888329994035,0.0005450538465448122,0.11095107739860187
regime,2,2014-11-28,0.6495958290525767,0.001442680110134894,0.0005568553873077142,0.01425367446063163,0.18179918167138412,0.03131950540190148,0.0005244270010870034,0.005272753763926908,0.0005775668555623475,0.11465752629548713
regime,3,2008-04-30,0.21256104524077543,0.0006156848613585055,0.00046438251801558746,0.0030620242411173496,0.03226770841041647,0.03786099921045693,0.0010073498717335977,0.7108322652674246,0.0006729060135083382,0.0006556343651932081
regime,3,2008-05-30,0.5196455178226693,0.0001272020346023575,0.0002328725779351536,0.005776735502626769,0.07889573640616311,0.37735438954663947,0.0004760451259976343,0.017051871902008367,0.00026290079686545773,0.00017672828449236388
regime,3,2008-06-30,0.4538191399880217,0.00013577235543441165,0.00022651984445705317,0.00665927487720935,0.08805080222282391,0.43187574471206963,0.0004412984470157692,0.018379866255647356,0.000246778605488154,0.00016480269183247637
regime,3,2008-07-31,0.24146128975318623,0.0001624785967949215,0.00021424340284882993,0.009737222470453942,0.11732109849922848,0.6071652182250603,0.00033195713161790794,0.023256095091922797,0.00021569315567882233,0.00013470367320763885
regime,3,2008-08-29,0.005798042520464295,0.00026218020821812524,0.00020353145499012244,0.00044103889994445174,0.0015055795709168042,0.0016910092436842267,0.00015421486737385344,0.98961058754388,0.0002118407839392264,0.00012197490658880492
regime,3,2008-09-30,0.02757820529963489,0.00010706503907133793,8.857444798441444e-05,0.012438597269808616,0.09923473856995754,0.8542596763585403,0.00010665789745994721,0.006038101404682982,0.00011529304614290873,3.309066671694945e-05
regime,3,2008-10-31,0.038551150689122814,0.0003899054323065258,0.0003909129024699265,0.01802089459703326,0.07049194837410418,0.8095452909827309,0.0002885663932541534,0.06187701361090636,0.00037956178359537163,6.475523447636549e-05
regime,3,2008-11-28,0.024704246370113175,0.0004945956664662639,0.000510217180541025,0.0012697608519152649,0.004986277226296213,0.009097616999981111,0.0002874375119137204,0.9579778756657552,0.0004866189417052352,0.00018535358531273255
regime,3,2008-12-31,0.0030889031347460503,0.000181989180748273,0.00014341531405191553,0.0003068961198421034,0.0009479986061365454,0.0010227781152110796,9.523026456103558e-05,0.9939862613701633,0.00014646129890973013,8.006659562997308e-05
regime,3,2009-01-30,0.004091858433658372,0.00026943203351436474,0.00022015696589111725,0.0004647124011489117,0.0013341245456987385,0.0015544035461347737,0.0001449095311770051,0.9915733816794929,0.00023077555648173448,0.00011624530680202494
regime,3,2009-02-27,0.12055299076681841,0.00022926922418235404,0.0002611801179247223,0.01223052377492151,0.1107734944668822,0.7153502751891435,0.0002778517367326974,0.039979930143904725,0.00023559085303166376,0.00010889372645824577
regime,3,2009-03-31,0.4296559519618853,0.0005550232183276518,0.000792843061445278,0.00704011903795879,0.05220564952237976,0.31804616319129925,0.0010538681523778511,0.18972013888400735,0.0006864489036567431,0.00024379406666216665
regime,3,2009-04-30,0.6250397390143688,0.0002846212592421738,0.00046721255896542635,0.0043001165452684975,0.044664680959948556,0.21517076767423218,0.0008553934964627139,0.10852147617160435,0.0004764011535061782,0.00021959116640112123
regime,3,2009-05-29,0.5185644844479435,0.00011929487890859023,0.00021504695973551476,0.005238443623036632,0.07685976204739632,0.3809082402775915,0.0004489023886830559,0.017243822645433875,0.00024394876154488658,0.00015805396972623303
regime,3,2009-06-30,0.5304182762004668,0.0001210281781026392,0.00022608827557606898,0.005409283350170346,0.07558937854793911,0.37115332094162057,0.0004675492588497126,0.016187971711192097,0.0002551539055048605,0.0001719496305777634
regime,3,2009-07-31,0.5553507554642663,0.00011554937795894515,0.00021697075230863393,0.0050424360895598135,0.07226011063062697,0.3494057935967873,0.0004653266458590044,0.01672548205115272,0.00025018453193030756,0.00016739085954995198
regime,3,2009-08-31,0.535076167650009,0.00011646967980401214,0.00021261617626989226,0.0051117471027603365,0.07460425102728882,0.36719557460893293,0.0004424764828474074,0.0168390052091608,0.0002442836509153013,0.00015740841201145758
regime,3,2009-09-30,0.5085280033896541,0.00012227374666897825,0.00022650800779808953,0.005543949046676394,0.07865895744158757,0.3890753949183106,0.0004517930798171459,0.016969340446195694,0.0002558869678088234,0.00016789295548250247
regime,3,2009-10-30,0.5043680900393249,0.0001210857829766624,0.00021575445263650637,0.005718818666969191,0.08010596510145113,0.3899997012470622,0.0004346975407571931,0.018628673727010377,0.00024516268063770917,0.00016205076117405945
regime,3,2009-11-30,0.5641386889253247,0.00011598848630077713,0.00021543468845513876,0.00498900662378943,0.07192706596343089,0.3406056865054791,0.0004692063729812492,0.017117793493158142,0.00025387391883989995,0.00016725502224076478
regime,3,2009-12-31,0.5825513503782732,0.00012621583919574788,0.0002397549496957698,0.005080292615293753,0.07114995467802648,0.324080647699084,0.000527371902434409,0.015776373056811812,0.0002798572237922226,0.00018818165739250346
regime,3,2010-01-29,0.5713491007458706,0.0001223396610116446,0.000229033175310802,0.0050490168814610135,0.07162760814675528,0.33444171839660575,0.0004956192718022052,0.016242773332803943,0.00026589081092737523,0.00017689957745120637
regime,3,2010-02-26,0.5000194486493653,0.0001313036088354674,0.00023335859689023312,0.005874206321988544,0.079246867162034,0.3981102981271246,0.00047522707253648614,0.015480819197733533,0.000258575236628705,0.00016989602686311476
regime,3,2010-03-31,0.6009458333335743,0.00012066027489411829,0.00023208656526671877,0.004779770387014651,0.06817187825047849,0.30846799286301085,0.0005157398839856271,0.01630683803912529,0.0002747210186196788,0.00018447938403025853
regime,3,2010-04-30,0.5329406875493681,0.00012267816088760248,0.0002279606882502477,0.005520695835658862,0.0767236013964002,0.3663754682903449,0.0004731578974791762,0.01717923225313879,0.00026083081048272345,0.00017568711798943368
regime,3,2010-05-28,0.19274692782581626,0.00015575224964582286,0.00020615690864284525,0.010131552668057363,0.11752066816993531,0.6595360449110368,0.00029219640143834713,0.019085286229166186,0.00020415981286993644,0.00012125482339122638
regime,3,2010-06-30,0.3575333501933917,0.0001515649727955766,0.0002379092849331041,0.0076956527795691895,0.0960269147488016,0.5189618997777338,0.00040836280940717687,0.018585062653680613,0.00024707861319618417,0.00015220416649101774
regime,3,2010-07-30,0.4915581771197066,0.00012875886417737116,0.00022327171667764392,0.005775861557609314,0.08066665970000923,0.4036746164344591,0.00044868976532815485,0.017114053488377842,0.0002504712687328487,0.0001594400849218284
regime,3,2010-08-31,0.6168199577469016,0.00011215570134565531,0.00021465360349532723,0.004450662048816652,0.06573699248618282,0.2945333971053324,0.0004861656612885429,0.017213942208778248,0.00026046508593262845,0.00017160835192618504
regime,3,2010-09-30,0.6293890793385519,0.00011630485460665961,0.00023092322148982828,0.004446084766003681,0.06490953744341511,0.2839091090259077,0.0005302082808682232,0.01599949503345633,0.00028185098662000845,0.00018740704908045422
regime,3,2010-10-29,0.6320072419996323,0.00011722143825063799,0.00023088110826854257,0.0045009942371129165,0.06483130319222082,0.2807745908851142,0.0005322467551332138,0.016533248465360303,0.0002818954196831736,0.00019037649922387109
regime,3,2010-11-30,0.5521117154027008,0.00012531056299108876,0.00023542391789637462,0.005333461492203509,0.07385933900988491,0.35159348071120894,0.0004983481007493057,0.015796455562171314,0.0002658537197860817,0.0001806115204077448
regime,3,2010-12-31,0.6020365476866866,0.00012852729989740273,0.0002487768177073172,0.004980826789912664,0.06906069112470366,0.30695678988868613,0.0005574324198856475,0.015539901079865885,0.0002911692831077677,0.00019933760954707802
regime,3,2011-01-31,0.6053425867762138,0.00012370556230806485,0.00023830138685995472,0.004888537137699844,0.06843483963404098,0.30361459997294454,0.0005377779726531228,0.01634534686924361,0.00028152329840218555,0.0001927813896338549
regime,3,2011-02-28,0.6027083819700865,0.00012882109482811898,0.0002509242918250158,0.005040805157358023,0.06948028697562766,0.3055345599468387,0.0005627288541277599,0.015792160566390333,0.00029832239081478343,0.0002030087521031098
regime,3,2011-03-31,0.5749109158633358,0.00012700329304628574,0.00023886820409156826,0.005214343988262547,0.07202453522497308,0.33050570319674505,0.0005220411111573538,0.01599056593170334,0.00027916210986190826,0.00018686107682320017
regime,3,2011-04-29,0.6205080061915691,0.00012351952585237133,0.0002445042189704639,0.004763759450006427,0.06697515744021107,0.29017282739466427,0.0005535197910978144,0.01616237093999994,0.00029550758214531554,0.0002008274654831699
regime,3,2011-05-31,0.60546993370596,0.00011624383182990894,0.0002236004438539125,0.004667732570044251,0.06730199292571987,0.3045319456580903,0.0004996608529090968,0.016741060283222357,0.00026870251417866753,0.00017912721419155157
regime,3,2011-06-30,0.5348806666067132,0.00012551701872010398,0.00023151423562991558,0.005462790568846566,0.07593239318460403,0.3660012087131991,0.00047985853182124573,0.0164482382175951,0.0002633592752852906,0.0001744536475855886
regime,3,2011-07-29,0.5609605967221651,0.00012473748094683857,0.00023072747657943335,0.00524384743352659,0.07318569214833147,0.3426770385669531,0.0004955292712886954,0.016636144551670104,0.0002680086793343095,0.00017767766920418892
regime,3,2011-08-31,0.1169366144605903,0.00015306189574957116,0.00017039984479826547,0.011271864939524017,0.12771715370403053,0.7224718904559747,0.00021933976394773505,0.020798413203677313,0.00017111847889489306,9.014325281260923e-05
regime,3,2011-09-30,0.4701390366275778,0.00018532324274160366,0.0002636625460124171,0.005722242682748209,0.07975500378420947,0.3573575525845515,0.00042832197172582893,0.08570451267484208,0.000302822271948297,0.00014152161364269037
regime,3,2011-10-31,0.017353477550752745,0.000295228675879725,0.0002710715101341641,0.000690084468426713,0.003368272019094228,0.003517851815989042,0.00028207145285122576,0.9736768483556195,0.00033014767437377105,0.0002149464768789836
regime,3,2011-11-30,0.34444158041053974,0.00013619200245830002,0.00019347440042048213,0.007062435394460101,0.10374575812365168,0.5132680648561396,0.00032613004819010495,0.0304891181832589,0.00021587626760760957,0.00012137031327356106
regime,3,2011-12-30,0.5553159596511182,0.00012128358189123161,0.00022399883165907396,0.005072459980672567,0.07286476506622624,0.34951384006753755,0.00048115957586272127,0.015978154418083583,0.0002609407871724592,0.0001674380397763688
regime,3,2012-01-31,0.5865118105071103,0.00012165188341847233,0.00023278509361865317,0.004946926670458686,0.06996147016371795,0.32110788811678653,0.0005101131770494972,0.016150257870853016,0.00027446009064604316,0.00018263642634088362
regime,3,2012-02-29,0.6132120913617161,0.00012050413926558197,0.00024267622807961291,0.00485292600951359,0.06734247602163379,0.2967888653533571,0.0005507168702233104,0.01639151899985989,0.0002957085971416165,0.00020251641920940067
regime,3,2012-03-30,0.6203517796504558,0.00012221081962259748,0.0002440056104143011,0.004718855936663601,0.06658135185645006,0.29140959121956794,0.0005553934156593263,0.015523454930056784,0.0002942701918363104,0.00019908636927331018
regime,3,2012-04-30,0.5980998598983831,0.00012150880395538264,0.00023283116203691003,0.004848949350707496,0.06876206613962746,0.31083896254471466,0.000519599392614042,0.016115590675793327,0.00027612152692373104,0.00018451050524386384
regime,3,2012-05-31,0.4891700326658405,0.0001243784313983644,0.00021682774513209134,0.005968579725136862,0.08174802555394123,0.40310900128182603,0.00043385518344094963,0.018823194512324226,0.0002445837154453617,0.0001615211855142006
regime,3,2012-06-29,0.4460807916755172,0.00013092036479042625,0.00022470059102103792,0.006338570480586517,0.08524919805586781,0.44435407383282394,0.0004313050979345448,0.016785739980925928,0.0002466803739009648,0.00015801954663167517
regime,3,2012-07-31,0.5623968690006631,0.0001212937222056755,0.00022328273164581148,0.00511033135117338,0.07252757318558403,0.3417364606029326,0.000477965440672424,0.016974477083874232,0.0002609234885401128,0.00017082339270866934
regime,3,2012-08-31,0.6371623575163807,0.00012414293389158908,0.0002489358691541832,0.0046657688636275,0.06519797957326863,0.27516587663591957,0.0005746895553363856,0.016346375854714424,0.0003045566879201282,0.00020931650978668064
regime,3,2012-09-28,0.641389470453598,0.0001198687145290581,0.00023839872140511936,0.004525663061420402,0.06425415503588085,0.27174985209713487,0.0005555991926674251,0.01667422286362885,0.0002923157593631061,0.00020045410037234588
regime,3,2012-10-31,0.6384050288602056,0.0001223107628772351,0.00024195322181217314,0.004608234101267183,0.06459390142187285,0.27416625176083886,0.0005629598494098075,0.016800757013374044,0.00029496337331555916,0.00020363963502690528
regime,3,2012-11-30,0.618664518041551,0.00011956371207027467,0.00023225131916620664,0.00465495297754983,0.06625164386305235,0.29237648040521447,0.0005281478183211687,0.016703911828564674,0.0002793587237616439,0.00018917131074861618
regime,3,2012-12-31,0.6316242305644532,0.00012168895785373579,0.0002426374710128631,0.004653405716973446,0.06529793127117992,0.28035929590496245,0.0005579729162526612,0.016644989409006855,0.00029532100659045775,0.0002025267817144342
regime,3,2013-01-31,0.620874538038862,0.0001290513732341565,0.00025816885089747637,0.004928041229302124,0.06734062101263061,0.2894084560990404,0.0005870964945349856,0.015948910825691845,0.00031099427989156125,0.000214121795914844
regime,3,2013-02-28,0.6105751880802146,0.00012972474297535735,0.00025576916653167266,0.00501104316051371,0.06877803483130995,0.2981055927466575,0.0005784455893511161,0.016049861351881637,0.0003068827965491127,0.0002094575340153118
regime,3,2013-03-28,0.5923951333931402,0.0001352360052655346,0.00026372593050972193,0.005312596683978432,0.07109543143470319,0.31375655294403976,0.0005829059853332819,0.01593305795801101,0.00031154540212323476,0.0002138142628958159
regime,3,2013-04-30,0.5338489639113382,0.00012976911050902523,0.0002394120190516185,0.005525576509807131,0.07614076910495653,0.36753268784267684,0.0005012219111453172,0.015629707206994244,0.00027290134866665933,0.0001789910348544099
regime,3,2013-05-31,0.5875455641528955,0.00012393244627723472,0.00023507682104817175,0.005048743684709779,0.0703434405260095,0.31916566729292284,0.0005220533833766804,0.016550835574332727,0.00027793954281023203,0.00018674657561723717
regime,3,2013-06-28,0.42110068478142976,0.0001344355454628732,0.00022234868406414374,0.006865765507297706,0.08907581017884797,0.4639676004472305,0.0004193974124309176,0.01782098170757072,0.00023532081174700234,0.000157654923918578
regime,3,2013-07-31,0.5682253266058074,0.00012925431718642538,0.00023982780301404512,0.005277360254728552,0.07199451718695442,0.3374686628527501,0.0005245996021927291,0.015681419959690718,0.00027360989018565204,0.00018542152748994497
regime,3,2013-08-30,0.6110037781176982,0.00011996167756971127,0.00022433831500776714,0.004654461860848665,0.06678201633878518,0.29928087033829576,0.0005124060583767926,0.016978514468611462,0.000264398857079157,0.00017925396772727322
regime,3,2013-09-30,0.6340536559492388,0.00011213753769538775,0.00021720857253781708,0.004279830368150707,0.06344305036211047,0.28038078142696704,0.0005038974474938629,0.01657094669292367,0.0002627160755647515,0.00017577556731768358
regime,3,2013-10-31,0.6437480902746007,0.0001110678662451341,0.0002164027889916054,0.0041623755699522775,0.062317303295338224,0.27151573708262244,0.0005056065034825588,0.016982269880073585,0.00026419281327726184,0.00017695392541612607
regime,3,2013-11-29,0.6475510809295384,0.00011260953331994018,0.00022311294800278185,0.004184214424054927,0.0617627918950505,0.2685621986189841,0.0005216912697789693,0.016625800305036985,0.0002725912567538167,0.00018390881947969378
regime,3,2013-12-31,0.6364507782233487,0.00011469719599683953,0.0002214129900786995,0.004313704743659186,0.06361840931139151,0.2773462265148692,0.00051454957980488,0.016971503065482296,0.0002681752736047815,0.0001805431017637353
regime,3,2014-01-31,0.6165833608719946,0.0001169702512458409,0.00022045689497323152,0.004562561899729626,0.06632693058348704,0.29381212203480295,0.000502422261918916,0.017433015220580148,0.00026463251827984205,0.00017752746298779033
regime,3,2014-02-28,0.6062701451689089,0.00012049042824438903,0.0002320737507568952,0.004728237975621105,0.06789230256246437,0.3033772664672482,0.0005176103281919881,0.0164003994235113,0.00027636612282756225,0.0001851077722252145
regime,3,2014-03-31,0.5971628278487752,0.00012124155287573438,0.00023401413793808023,0.004829387202414211,0.06919721176050525,0.31124485584874545,0.0005165508786307081,0.01623081074859393,0.00027789451629897503,0.00018520550522244174
regime,3,2014-04-30,0.6196878331407027,0.00012235068999756654,0.00024177118594937298,0.004700329531373898,0.06685872953026609,0.2911183762793111,0.0005450826970062177,0.016237008307088054,0.0002914287819654595,0.00019708985633943178
regime,3,2014-05-30,0.6338049178067144,0.00012035690883982649,0.00024046623519768216,0.004565222661870218,0.06518366329600779,0.2784322964491313,0.0005499369300829639,0.01661017216068431,0.0002935871008616094,0.00019938045061000578
regime,3,2014-06-30,0.6379949176422745,0.00012089688918188886,0.0002424610867009346,0.004546745017827959,0.06491538871978478,0.2744802471741866,0.0005573355252940269,0.016642452952946012,0.0002970016308147544,0.0002025533609883473
regime,3,2014-07-31,0.6167666819062705,0.00012404416285146505,0.0002453617192048533,0.004807940751976558,0.06750779718781388,0.2931300867459883,0.0005527492376356995,0.016368855643297753,0.00029579945067914577,0.00020068319428191857
regime,3,2014-08-29,0.6124455358099369,0.00012247649550182295,0.0002407051570745982,0.0047433612545627005,0.06750728057227952,0.29761054999590236,0.000537901215981408,0.016310130405042426,0.0002877408259781987,0.00019431826774017068
regime,3,2014-09-30,0.6041261102425225,0.0001186792158930979,0.00022593405803053996,0.004735340177791323,0.06790403065413424,0.3047702710945498,0.000506598511957653,0.017162293822054753,0.0002700563365731604,0.00018068588649305852
regime,3,2014-10-31,0.5423657251164842,0.0001264607448312079,0.00023410293277949804,0.00537028521745339,0.07472304743023561,0.3602920692572711,0.0004913067665846798,0.01595351668366241,0.00026729659963967026,0.00017618925105842095
regime,3,2014-11-28,0.5423311688965946,0.0001237451379438346,0.00022715620381184336,0.00548689563720637,0.07513596784411307,0.3582111063075641,0.00048161988060230996,0.01756137415573508,0.00026410865534348297,0.00017685728108522732
regime,4,2008-04-30,0.3417355698668202,0.00030576204337489775,0.00018330968684628036,0.00560371554054905,0.6025535921806169,0.004050711094726916,0.001805112201452849,0.0057838516507927075,0.00022991650160288435,0.037748459233217437
regime,4,2008-05-30,0.3337476018920029,0.0002984547982099561,0.0001825520880700842,0.005183675017896009,0.6093792665828823,0.0038243371577377262,0.0016741565865302662,0.005707355606194118,0.00023227615166891165,0.0397703241188077
regime,4,2008-06-30,0.32027932288010724,0.00028709202362592096,0.00017397167129215368,0.005030157090070814,0.6234121180944827,0.003718484574114337,0.001608963102325303,0.005770854100555154,0.0002200269651458403,0.03949900949828046
regime,4,2008-07-31,0.30594720799773717,0.00028261719824745603,0.0001667330446350806,0.005046429713190071,0.6388978092134673,0.003747995549070678,0.0016195181060673584,0.005963031333598116,0.00021015604596871877,0.038118501798018165
regime,4,2008-08-29,0.3123635702111728,0.0002742839044642813,0.00016411291104196892,0.004984540372874723,0.6325290556563731,0.00375111988753433,0.0016360986478699514,0.006142121877356694,0.0002065932998322042,0.03794850323147988
regime,4,2008-09-30,0.29085991804621364,0.00047186366423340894,0.0002506899253973443,0.01735909023292046,0.6561690779130714,0.008817656959239495,0.003925213783030052,0.006071589187331775,0.0001723368917735791,0.015902563396789058
regime,4,2008-10-31,0.052528055682626716,0.0004903555492178716,0.0009795793125780337,0.1010942942501863,0.7516317038529672,0.0651224061855965,0.007562988042417675,0.01762300406296888,0.00010969949478612124,0.0028579135666544253
regime,4,2008-11-28,0.03454952365371025,0.0031010052907574997,0.01790873420372274,0.06666183204566206,0.05481003584525388,0.035541151973097644,0.1082971900253522,0.6759034742797994,0.001001931585916054,0.002225121096728483
regime,4,2008-12-31,0.005399668667109738,0.0004597238462915852,0.003264900103640801,0.0058253158716921145,0.005431066614060473,0.006788197892351646,0.059370216002535905,0.9123197839589677,0.00039024156437965195,0.0007508854789703824
regime,4,2009-01-30,0.0037447377170522363,0.0020085298283662118,0.020612116140686147,0.013094422190286135,0.008948374015949919,0.009977271505570751,0.015395779857434821,0.9226837896613029,0.0022612522045740344,0.0012737268787769659
regime,4,2009-02-27,0.060971872282407545,0.016121397885909005,0.08887577675997403,0.22839148726753838,0.0695429786979381,0.07512383877248432,0.1264545918477345,0.3192343663765102,0.009996355862508828,0.005287334246995202
regime,4,2009-03-31,0.05433687321509896,0.003612754577642178,0.023096159668703757,0.03795484937030103,0.025555375299399077,0.024301681421419294,0.1992834521843474,0.6243421941830032,0.0030219104779023636,0.004494749602182684
regime,4,2009-04-30,0.09617153531315961,0.0024238260018877127,0.011287596172859276,0.00929647915028648,0.061086290196240886,0.008134721921052948,0.07962172113889743,0.7130980889947447,0.00203341618428651,0.01684632492658453
regime,4,2009-05-29,0.3271450777506955,0.00035633927638827046,0.0002173725164459316,0.005816886956947766,0.6136751974198479,0.0042908484006119905,0.002010869902026359,0.006367510683550838,0.0002661122115748301,0.03985378488191055
regime,4,2009-06-30,0.332263692663711,0.00029541387241391077,0.00017898363373862382,0.004956377434463343,0.6094144915366115,0.0037345230181469458,0.0016710085255711108,0.005960815812058947,0.00023234913694408546,0.041292344366340446
regime,4,2009-07-31,0.32704827794245944,0.0002914216899582971,0.00017457553130228662,0.005075658455433861,0.6167176867827542,0.0037185335706653435,0.00162184221985264,0.005732670150032641,0.00022294011530170192,0.03939639354223976
regime,4,2009-08-31,0.3305147789373957,0.00029023209668043056,0.00017417487894164787,0.005342855393150283,0.6148088306948585,0.003871518276611509,0.0016944706401652535,0.005881108244437997,0.00021676486885939363,0.03720526596889914
regime,4,2009-09-30,0.3255256555918274,0.0002946255882138436,0.00017794096677837754,0.005074649852229543,0.6179868276581574,0.0037223702048826955,0.0015987176821309842,0.005771339702180217,0.00022708224841178429,0.039620790505187777
regime,4,2009-10-30,0.3122659546451372,0.0002907463660823147,0.00017325772542884765,0.005112036006288463,0.6334341907958618,0.0036083160136379105,0.0014971012876005894,0.005420799252610734,0.0002160825334316521,0.03798151537392037
regime,4,2009-11-30,0.3302161082635343,0.00030891856363465575,0.0001814901635483297,0.005964887127251956,0.6168300050966001,0.004041102467970945,0.0017373998685730613,0.00541248724138768,0.00021721886971532155,0.035090382337783485
regime,4,2009-12-31,0.354647734241199,0.0003283447751761957,0.00019167862049655822,0.006344971802926805,0.5909569640174441,0.004390779803273871,0.0020041706437956643,0.005593107000243648,0.00023512139456999368,0.035307127700874213
regime,4,2010-01-29,0.34668746070174994,0.00031312273598903777,0.00018457344555381048,0.006085599076043517,0.5995557931841311,0.004240819875514242,0.001906699149598568,0.005670307097387748,0.00022546071347036905,0.03513016402056175
regime,4,2010-02-26,0.347781840079306,0.0003083274354979868,0.00017761958916132523,0.006284241146664681,0.5991928046740094,0.004414026582907387,0.0020549044438614864,0.005876222006353063,0.00021540350382648227,0.03369461053841232
regime,4,2010-03-31,0.3510500817886387,0.00031874178355270025,0.00018742999638489047,0.006098603421991762,0.5943760466300049,0.004288380780069081,0.0019423100207678992,0.005761279693211031,0.000231694320358277,0.03574543156502068
regime,4,2010-04-30,0.3243642432460122,0.00030158379036981865,0.00017817467723678653,0.0052768715982361245,0.6199616067484367,0.0037859325834466075,0.0016241118306463374,0.005597688939020676,0.00022651085428698184,0.03868327573230775
regime,4,2010-05-28,0.29425095204308727,0.0002810803614388863,0.00016595160700446884,0.005352324322320369,0.6551561043253595,0.0036161804115659637,0.0014536064682992976,0.0051577765766868365,0.00019590715349313963,0.03437011673074446
regime,4,2010-06-30,0.3192193271012706,0.00029499651241532865,0.0001765851925049041,0.0060894267089380925,0.6307837916760044,0.004013193603932745,0.0016528714565980202,0.005211998072231966,0.00020158262261700798,0.03235622705348695
regime,4,2010-07-30,0.33717131752276613,0.00030018022742060686,0.00018019648344570695,0.005998948868332882,0.6103816925152973,0.004148711242042927,0.0018046260609572993,0.00565354320003888,0.00021364809635016996,0.03414713578334801
regime,4,2010-08-31,0.3403870498071791,0.00030542422398844134,0.00018611087211908885,0.0058165982227626365,0.6058260432174662,0.0040484860877708735,0.0017398290928403945,0.005575738240626952,0.0002250577652909983,0.035889662469955355
regime,4,2010-09-30,0.3472138886368458,0.00031745876578367986,0.000192975429128923,0.0059324860061940494,0.5980654369047136,0.0041177350540671535,0.0017965389754508064,0.005499135406206883,0.00023619123584295865,0.03662815358576607
regime,4,2010-10-29,0.34634864077594474,0.0003183135464673711,0.00019211813388992843,0.006108332926591546,0.5997953148114459,0.004173222989723967,0.001818154445863185,0.005430575404902465,0.00023132386826588553,0.035584003096904966
regime,4,2010-11-30,0.3396962979920735,0.0003122610851963916,0.00018677399158002143,0.005751846139292768,0.6058443286509795,0.003993664886619949,0.001748686362017064,0.005344724319713776,0.00023050885488825026,0.0368909077176388
regime,4,2010-12-31,0.3590795994187879,0.00034133621751702867,0.0001951470423325735,0.0065596500476814545,0.5862792645161232,0.004503272242715447,0.002078730509803019,0.005501668228604028,0.0002421474439827216,0.035219184332452594
regime,4,2011-01-31,0.3539172547430044,0.00032246784944700465,0.00018657281224910362,0.006031488527400697,0.5906264008858771,0.004293897693801224,0.0019860932296359036,0.005689158593926819,0.0002367470370050197,0.03670991862765265
regime,4,2011-02-28,0.35415621331622615,0.0003253189947895763,0.00019186407957289963,0.006088040710533147,0.5903858981456108,0.0042899542377589075,0.0019529009248625163,0.0056366969118415355,0.00024054341109614125,0.03673256926770825
regime,4,2011-03-31,0.348838914387743,0.00031492965268121683,0.00018743211044178058,0.006032363453182329,0.5965951078747139,0.004235585142326767,0.0019037485653484027,0.005657390123848204,0.00023077640102396694,0.03600375228869055
regime,4,2011-04-29,0.34726305109129874,0.00032463823309046395,0.0001967459254843698,0.0061196800662873686,0.5981218075365582,0.004192151723520322,0.0018205991309706204,0.0054407400921349285,0.0002391452356211144,0.03628144096503378
regime,4,2011-05-31,0.3452253962585435,0.0003077875983386897,0.00018607421522881456,0.005991385724833978,0.6008875320804519,0.00417744880619991,0.00184401139624405,0.005657997469508781,0.00022440947804731003,0.03549795697260316
regime,4,2011-06-30,0.3379244171409113,0.0003121886698178306,0.0001859501452982067,0.0058940601728015955,0.6082489934973528,0.004074195737094959,0.00176101355376197,0.0054699017782728005,0.00022711013478872162,0.03590216916989972
regime,4,2011-07-29,0.3410905757884247,0.00031571166359665835,0.0001862813459547179,0.0061817619457146655,0.6060045878434356,0.004211665068591424,0.0018320952346204263,0.0054633619674427075,0.00022403717012096192,0.034489921972098235
regime,4,2011-08-31,0.27186182454678165,0.00030181942736414905,0.00017234793629987598,0.006823815853161203,0.684695757188607,0.0038055456484528977,0.0013771948982723736,0.0040271731222701005,0.00017388566493376395,0.02676063571385697
regime,4,2011-09-30,0.2778429909239121,0.0002980591079832899,0.00017233612178414715,0.006175209144662982,0.6764206131987407,0.003640999535522833,0.0013126787960269749,0.004305616178758891,0.00018589859057465481,0.029645598402033436
regime,4,2011-10-31,0.29426089935913063,0.0002912772904031098,0.00017127874146582537,0.00555760435366988,0.65606590886567,0.003607418831625976,0.0013923062453573794,0.00486472362450388,0.00019930793574825522,0.033589274752425145
regime,4,2011-11-30,0.29763414217294876,0.000284581683711306,0.00016617353969767024,0.0052183300999627,0.6507325870896598,0.003552251392103091,0.0014182338947134182,0.005036163792728165,0.00020154764424522103,0.035755988690230035
regime,4,2011-12-30,0.34422542252766836,0.0003067933436719434,0.0001834851942206702,0.006113885411292384,0.6030380126292397,0.004207432996858545,0.0018612307339267772,0.0055429984345033,0.0002185570219803593,0.03430218170663798
regime,4,2012-01-31,0.3428143940947115,0.00031284223844051784,0.0001869829187963703,0.006026877345099956,0.6036863650159736,0.004151068485361435,0.001800123502521506,0.005478751337016596,0.0002262944254753596,0.03531630063660312
regime,4,2012-02-29,0.34386783404723653,0.00031765395831771424,0.0001894067451706627,0.005545432028653418,0.5994439660748606,0.00395344711659379,0.0017284336033121695,0.005640734409088892,0.0002404486848844504,0.03907264333188198
regime,4,2012-03-30,0.3511563381021979,0.00032384439009615075,0.00019353946762204295,0.006161792564198955,0.5944290459549356,0.004231690567697523,0.0018843282540007254,0.005453619292641881,0.0002360818054907269,0.035929719601118626
regime,4,2012-04-30,0.3498732831039655,0.0003189480748016295,0.00018704777093558637,0.0061183212977998485,0.5958506221233187,0.004273136949561896,0.0019284735665681127,0.005646959298395893,0.000231026156868109,0.03557218165778473
regime,4,2012-05-31,0.3188181644388024,0.00029317044903553563,0.000169578842758148,0.005300391917129034,0.6269136589784862,0.0037965033153656907,0.0016233265067302197,0.005706081862316398,0.00021435112617313674,0.037164772563203274
regime,4,2012-06-29,0.32592430595782246,0.00029466970314071764,0.00017325076065858656,0.0057948045953751534,0.6219931365261221,0.003993342532817625,0.001704507314942075,0.005503274068034621,0.00020744459751106064,0.034411263943575555
regime,4,2012-07-31,0.3387658673343687,0.0003034288669714614,0.00018288202974156383,0.005926350294204705,0.6081219885783794,0.004105570715698124,0.001774551537608053,0.005610044103530678,0.00021939837847303873,0.03498991816102429
regime,4,2012-08-31,0.35277586450883475,0.00033166325263281603,0.00019943172660324913,0.0060737314176817405,0.5915249245685952,0.004212333657541303,0.0018591167114955778,0.005493882589510528,0.00024767399549364044,0.037281377571611145
regime,4,2012-09-28,0.3467693898219858,0.0003220707079360198,0.0001933778591140208,0.006055495625460983,0.5988547010604537,0.00414843446879152,0.001807169977364753,0.005406372986509627,0.00023595426445390213,0.03620703322792969
regime,4,2012-10-31,0.3542674443949308,0.0003275237665138704,0.0001944232963760193,0.006087454778821772,0.5902041872856495,0.004262493327777656,0.001920120338830564,0.005668445575571355,0.00024252984380106828,0.03682537739172747
regime,4,2012-11-30,0.3502952076030037,0.00032129109051256665,0.0001916090800448227,0.006032593179962225,0.5947868489287818,0.004209034059867988,0.0018713369678019156,0.005633054946202035,0.000236727041323007,0.03642229710249986
regime,4,2012-12-31,0.354848717275135,0.00032528498967454404,0.00019435158603908726,0.005880756728195745,0.5885137208929727,0.004215808147519473,0.0019027394195365052,0.005812917515543489,0.00024672273774387115,0.038058980707639536
regime,4,2013-01-31,0.3565180655398663,0.0003314530743583574,0.00019766349663231328,0.006034443445896591,0.5870740590340278,0.0042677837899526274,0.0019304432003754263,0.005731784799764837,0.00024947267495690383,0.03766483094416883
regime,4,2013-02-28,0.3583481533610235,0.00032378228081746027,0.00019088924412767226,0.005923044545641363,0.5850365851698156,0.0042949981538518076,0.001990039850951917,0.0059554102078898455,0.00024436374973497413,0.03769273343614582
regime,4,2013-03-28,0.35612075406907556,0.0003288358038895888,0.00019422118558284736,0.0059847758079949595,0.5872746966018446,0.004291308661093289,0.001958557822012812,0.005849588945293484,0.0002475681052034671,0.03774969299800927
regime,4,2013-04-30,0.34363570567420104,0.00029142430348971565,0.00017652321392945444,0.005569784358463103,0.6020454143628459,0.0040449222153672105,0.0018080979796465657,0.005903223818443277,0.00021727117213112524,0.03630763290148255
regime,4,2013-05-31,0.3478326997106488,0.000310492004702509,0.00018226718754526177,0.005700594929047358,0.5967123690211177,0.004108329263287521,0.0018550391960794857,0.005815978304612249,0.00023126632808579583,0.03725096405487333
regime,4,2013-06-28,0.32056687574282433,0.0002921575661091491,0.00016511139404029831,0.005094094855125412,0.623863245596517,0.00377436525908098,0.001687960195237697,0.00584462519490451,0.0002164337062924182,0.03849513048986818
regime,4,2013-07-31,0.3587865164923693,0.0003393850920909204,0.00018772536085873555,0.006656554329840287,0.5871850432518642,0.004584944452310983,0.0021692432154717957,0.005636121986446731,0.00023490714824110623,0.03421955867050582
regime,4,2013-08-30,0.3555152256753654,0.0003346230862946177,0.00018760797955515236,0.006577534029951369,0.5906300575879099,0.0045222670824306465,0.002108771455331079,0.0056337479563412065,0.0002325282270529945,0.034257636919767485
regime,4,2013-09-30,0.3482113213200221,0.0003184089549044381,0.00018881255183922683,0.006206214279064634,0.5984435660183388,0.004229204112465538,0.0018774221756673352,0.0054614873486109545,0.00022684371563464912,0.0348367195234523
regime,4,2013-10-31,0.3509986324608666,0.00031982320866226054,0.0001892592376452476,0.0061165831787943735,0.5946701494246406,0.0042510463236085545,0.0019080606730201306,0.005640780637869548,0.00023184769208936602,0.03567381716280343
regime,4,2013-11-29,0.3576199956653157,0.00032382381312483466,0.00018990764389251673,0.006040642955053142,0.58681167872438,0.0042938920732550475,0.0019784951734119847,0.005831471796016864,0.0002390389802631955,0.0366710531752867
regime,4,2013-12-31,0.35634087862442854,0.0003241857096906922,0.00018800727411318163,0.006106910734267387,0.5883988539261161,0.00433095572496933,0.002001794478327901,0.005796728392173037,0.00023667248173050163,0.036275012654183356
regime,4,2014-01-31,0.3502552776848098,0.0003204631137609151,0.00018520341276290973,0.006157739370661809,0.5954769226748028,0.0043171680269167715,0.0019629481994930505,0.005733650549970162,0.0002301836654117679,0.035360443301410235
regime,4,2014-02-28,0.3456965547902031,0.0003235201837828709,0.00019134240628173425,0.006198576967471736,0.6004991603710766,0.004231653665714044,0.0018507950844022017,0.005438700513332951,0.00023273512385911445,0.0353369608938756
regime,4,2014-03-31,0.34301586452279575,0.000320384986300727,0.00019102752755980956,0.006139878990860552,0.6034445405559499,0.004180799338494197,0.0018012240489319368,0.005377314690949517,0.00023072585611703055,0.03529823948204079
regime,4,2014-04-30,0.35050390514954993,0.0003260250402176238,0.00019647342797682443,0.006005223549032775,0.5939652314457173,0.004194413495481396,0.0018454471367858837,0.0055893045317007345,0.0002435923528735086,0.03713038387066399
regime,4,2014-05-30,0.35037025663024296,0.0003230908114493493,0.00019543385105138042,0.005856600247730239,0.593575967845128,0.0041479621775288075,0.0018240111726239338,0.005703621518990009,0.0002446446724424322,0.037758411072812775
regime,4,2014-06-30,0.34892761399522376,0.0003239031128887112,0.00019666852810501677,0.005877506043431595,0.5951979006600512,0.0041333954161514065,0.001802205378522911,0.005631380370522177,0.0002447073310558902,0.037664719164047324
regime,4,2014-07-31,0.347245139521789,0.000321643745302154,0.00019484834664471062,0.00590521654946083,0.5974703525161874,0.0041188908636416695,0.001790251504475514,0.005581717115767526,0.000240636147818188,0.03713130368891292
regime,4,2014-08-29,0.34835720888380073,0.00032488874540610333,0.00019484194206356102,0.006009857656716109,0.596397325123488,0.004189721053711504,0.001831179846778185,0.005601877428530584,0.00024119004592828522,0.03685190927357696
regime,4,2014-09-30,0.3475097153648228,0.0003175958083067515,0.00018585356497663845,0.005937658312938534,0.5975064395511855,0.004213224125207794,0.0018847206299094214,0.005790551257913273,0.0002332843149508454,0.03642095706978849
regime,4,2014-10-31,0.34705969527527863,0.00031423501661968865,0.00018341210586377213,0.006045706098372609,0.598806711314048,0.004255719847339976,0.001911227752993757,0.005731703222900723,0.00022698090055812587,0.03546460846602486
regime,4,2014-11-28,0.3337564939802563,0.00030203049138912276,0.00017591137941218882,0.0054894515008035065,0.6111101181250793,0.003943463529192654,0.0017302457600048091,0.005888967589360996,0.00022213671242190305,0.037381180932079094
regime,5,2008-04-30,0.08535570927181407,0.00021918333544181746,0.000252012936897787,0.009296656901013117,0.7427416540824572,0.012894661453492355,0.0006672923503770415,0.004909741451271301,0.00015577766363705832,0.14350731055359847
regime,5,2008-05-30,0.07279863695729631,0.0002335315729749262,0.00028196213932448665,0.00999007261982542,0.7708856727035029,0.013828483699158954,0.0006744945643385911,0.004881568993323831,0.0001619115357560472,0.12626366521449853
regime,5,2008-06-30,0.0614864009486089,0.000212259057054018,0.00026256112337263174,0.009896646674219384,0.7945887309469599,0.013816450939631467,0.0006156216052288109,0.004401079693733751,0.00014172403618485457,0.11457852497500619
regime,5,2008-07-31,0.03834841375591208,0.0001967115397806292,0.0002590405574309452,0.010876403090980022,0.856409144737809,0.016248463273505175,0.0005821607583499487,0.0038357996486872107,0.0001152866940272601,0.07312857594351758
regime,5,2008-08-29,0.04372084936639595,0.00018050780119922022,0.00023684427590304506,0.010476048143775132,0.84958298402355,0.015577825298839955,0.0005401283210175616,0.0038675414737926878,0.000110885495383688,0.07570638580014302
regime,5,2008-09-30,0.009262635046444593,0.00021584899574142278,0.0004083753086944778,0.06532581375879838,0.7078011407187975,0.20221571808500738,0.0011851266114572706,0.010618876409806388,0.00014783929983318885,0.0028186257654192358
regime,5,2008-10-31,0.0010755303119579559,0.0008324266087201944,0.004364568060796655,0.002999780869598715,0.0025112575603608864,0.004479413788991131,0.005499704826720037,0.9770790126782023,0.0007826980391051335,0.0003756072555469457
regime,5,2008-11-28,0.0008904046663228907,0.0007523581031058873,0.0048313944976872795,0.0016207372997476602,0.0006856987970743563,0.001716302007950367,0.00435137191094655,0.9843879931043665,0.0005784339904505372,0.00018530562234794656
regime,5,2008-12-31,0.0010140034978134468,0.0007338268314886991,0.004332541226980147,0.001380113818032569,0.0005969191790469512,0.001524659839870509,0.004240981299972556,0.9854372208406299,0.0005441817325800394,0.00019555173358516044
regime,5,2009-01-30,0.0024599041474032968,0.0018430442706844684,0.00883155581822408,0.0024784634830850626,0.0010134769760936618,0.002106885278455245,0.007618178764441033,0.9714402644003319,0.0015680251273318569,0.0006402017339495076
regime,5,2009-02-27,0.01862472917264613,0.09493679540882885,0.19627245856882686,0.048719728563645884,0.020936754998040635,0.039411264487462114,0.09080808432296826,0.35924237661767816,0.10010102050552504,0.030946787354378044
regime,5,2009-03-31,0.0121423007754078,0.08973723919417731,0.1947245890574638,0.03735267465363141,0.01196926135014338,0.03205312360244147,0.10023691491922301,0.4104688779036605,0.09322102875326718,0.018093989790584176
regime,5,2009-04-30,0.02323852943053991,0.07134712727674943,0.12356117472855391,0.04063431804796681,0.027940363582859857,0.03891060559831471,0.08948902373516907,0.4741110272428057,0.07254111275143607,0.03822671760560456
regime,5,2009-05-29,0.09390880524789898,0.0012520056624299876,0.0013015008667782567,0.018611528199303888,0.7334068479636882,0.03409332297434102,0.002538134611103129,0.007955424163275828,0.0007837277893290368,0.10614870252185173
regime,5,2009-06-30,0.649476824921231,0.0006560330406436361,0.00037967111327292494,0.005242015900411778,0.1859899414950148,0.007720734484795498,0.0010332379348281255,0.003993690690608189,0.0005477393231655896,0.14496011109602858
regime,5,2009-07-31,0.7131361207074235,0.0004318587410641592,0.00022368283319020802,0.0034788588383489645,0.13358718090338292,0.005095857523717417,0.0007319336996484984,0.0031104427475853844,0.00036518883996409965,0.13983887516567495
regime,5,2009-08-31,0.6893973198551442,0.0004038326618788082,0.00021788005791182689,0.0036730367397232555,0.15128234444697722,0.005397121795006151,0.0007054939568223812,0.0032142194892701,0.00034715164686637185,0.1453615993503997
regime,5,2009-09-30,0.6005001235385852,0.0005855022521862925,0.00035542537412561035,0.005684540219728539,0.2188725380991778,0.008397542156155046,0.0009826828559566906,0.0043566915830895725,0.00048706484669559894,0.1597778890742998
regime,5,2009-10-30,0.6367932812749173,0.0005104392013333321,0.0002950166854098812,0.004874436545227526,0.19212706448309125,0.007140477754692638,0.0008499016539083215,0.0038188606513365167,0.0004223024116582949,0.15316821933842492
regime,5,2009-11-30,0.7355837168861808,0.0003628602290190157,0.00018095334271034662,0.0029103952321274744,0.11616883533159952,0.004254600826243893,0.0006309916299946762,0.00272946127042336,0.00031592305793562496,0.13686226219376518
regime,5,2009-12-31,0.7596249148499317,0.00033642497490977193,0.0001649412515124369,0.002511788860761513,0.0981870282941109,0.0036428793708045077,0.0006076555002500654,0.0027155947512758974,0.0002998817519845275,0.1319088903944587
regime,5,2010-01-29,0.7565030793124751,0.0003234634525687344,0.00015965908208761398,0.002546921572656115,0.10262766072443194,0.003678575999286597,0.0005791657316267002,0.002634395060607241,0.000286601482236846,0.13066047758202334
regime,5,2010-02-26,0.7513682016022795,0.0003060773934622291,0.00015095784436024878,0.0025504202475335152,0.10727712089501704,0.003687364747387185,0.0005539584497071009,0.002545941007343307,0.00027092237537804315,0.1312890354375317
regime,5,2010-03-31,0.763082535014482,0.000324555746779466,0.00015991065960691418,0.0024475120401586574,0.09638133913243946,0.0035433884400693947,0.0005829070531260297,0.0026700827998723618,0.0002886983106619516,0.13051907080280375
regime,5,2010-04-30,0.7076325419938164,0.0004421685737939929,0.00023424877387443033,0.0035567539299978072,0.13518548355831297,0.005177969737639371,0.0007450171281897408,0.003254496552355459,0.000377223627391415,0.14339409612462847
regime,5,2010-05-28,0.03300417962855137,0.00017456446896672853,0.0002330038455599031,0.011268017422622777,0.8841668114697517,0.01922240069068038,0.0005325395141096653,0.0034342447249523676,0.00010025624204598784,0.04786398199275895
regime,5,2010-06-30,0.06518086826649258,0.00017373119915244323,0.00021185302250333854,0.008995000969979204,0.7978727840523654,0.012625041218320235,0.0005198996976849205,0.003960322262684851,0.00011834418009518885,0.11034215513072174
regime,5,2010-07-30,0.11351886697636189,0.00019523671097055212,0.00021045121281648997,0.008124094960864634,0.6967632540354683,0.011228176982603404,0.0006133492882826066,0.004914423289543516,0.00014817944823802595,0.16428396709485052
regime,5,2010-08-31,0.7546613418349687,0.0003176516167947931,0.00015721146514926298,0.0025153335534959637,0.10250214042426556,0.0036405577800662863,0.0005682870179241795,0.0026233575062000677,0.0002833598121860296,0.13273075898894915
regime,5,2010-09-30,0.7614260156083708,0.0003363174422338482,0.00016406021014165914,0.002488690569459848,0.09672498852967192,0.0036111169051770823,0.0006037101912392002,0.0026831268271071494,0.00030102941887293625,0.13166094429772554
regime,5,2010-10-29,0.7615414302848591,0.0003301360441867494,0.00016131969642917696,0.0024781872526255587,0.09731482834237926,0.0035987067782311017,0.0005926305369884484,0.0026615411670218537,0.00029385825746057,0.13102736163981804
regime,5,2010-11-30,0.7365219265521195,0.00038152398586146206,0.0001931717221603011,0.00301622443454937,0.11709537330670226,0.0043693007046663405,0.0006708738386637109,0.0029051504987602523,0.0003309739782221474,0.13451548097829474
regime,5,2010-12-31,0.7654148310635606,0.0003347980541743215,0.0001630031381105317,0.0024330209930114506,0.09352305741181663,0.003520675099268038,0.0006068244942451594,0.002699520588093112,0.00029878955561185095,0.1310054796021086
regime,5,2011-01-31,0.7630883629329023,0.0003347846185155276,0.00016356613123604555,0.0024648178818119106,0.0952832427311482,0.0035656974092867864,0.000603280072908579,0.002698614969597704,0.0002971467970820403,0.13150048645551096
regime,5,2011-02-28,0.760950246035061,0.0003403226097964988,0.00016655739641490222,0.00249131635378992,0.09633898365592457,0.0036047202217071926,0.0006140695972897134,0.002732780994546333,0.00030466742915845807,0.1324563357063114
regime,5,2011-03-31,0.7582013857290293,0.00032527986876354167,0.00015957752280946783,0.0025023664887971944,0.09984037332081759,0.0036153460010418586,0.0005857134820231901,0.0026375644113021046,0.0002906790984932317,0.13184171407692252
regime,5,2011-04-29,0.7580176340636612,0.00034318059369309935,0.00016877673237713242,0.00253020176663292,0.09835815707654673,0.00367818247030167,0.0006153811656655955,0.0027442928149500234,0.00030747356117098864,0.13323671975500062
regime,5,2011-05-31,0.7574757229821409,0.0003196839672282908,0.0001575151281791648,0.0024978476906673784,0.10106927441518468,0.0036354134570097366,0.0005752153614953858,0.0026131775867718633,0.0002860161151307957,0.13137013329619174
regime,5,2011-06-30,0.739150641512615,0.00034244286643676786,0.00017288835145457532,0.002797642675409016,0.11427189295270794,0.004073880975637429,0.0006052789543619924,0.0027409709302714407,0.00030341506516989977,0.13554094571593608
regime,5,2011-07-29,0.7560323546572273,0.00031076630040973384,0.0001532862316789069,0.0024982318618596636,0.10275024920899416,0.0036066211633740924,0.0005566605332453842,0.002564599278346367,0.00027600400052337854,0.13125122676434076
regime,5,2011-08-31,0.011271949074059496,9.974901107199479e-05,0.00015491891978846142,0.013635035635052735,0.9204891456846777,0.0423366032031196,0.00044115799018643384,0.002838405902108886,5.176207034423664e-05,0.0086812725095907
regime,5,2011-09-30,0.012274202043328884,0.0010874413512571071,0.00527999017260689,0.010504359069617032,0.014763525895493144,0.010388213830508669,0.007198943378733626,0.9327185077294058,0.0017675298253104763,0.004017286703738366
regime,5,2011-10-31,0.015934785181608648,0.0012870032123356073,0.005396912258021834,0.008806129608888177,0.011528758909493531,0.007979000085320332,0.00794217753464965,0.9339508545153796,0.0020661772889783124,0.005108201405324146
regime,5,2011-11-30,0.0526689348824399,0.00018829296508282163,0.00024655994729027935,0.010139241629765225,0.8214322065953052,0.01398799173515103,0.0005540634895214745,0.004219173101843926,0.00012203684777040055,0.09644149880582964
regime,5,2011-12-30,0.10941205151897,0.00021240006110845788,0.0002292643074426276,0.008563687933548681,0.7067441980411618,0.011858966941283926,0.0006535649580076031,0.004968712579214677,0.00016111007540781149,0.15719604358385433
regime,5,2012-01-31,0.7577144899379011,0.00031818983873337,0.00015729474095907878,0.0024867688164651918,0.10053070573383163,0.0036020586540607483,0.0005714798905178664,0.0026266642829893385,0.0002836166163957605,0.13170873148814594
regime,5,2012-02-29,0.7483594431910825,0.0003792674789876004,0.00018633250805831495,0.0027102477218140255,0.10108895275783253,0.003984322520723615,0.0006622226736695735,0.0028803372113446607,0.00033306708969229356,0.1394158068467949
regime,5,2012-03-30,0.7620283278870364,0.00033631643617102646,0.0001629466623391784,0.002479193418236651,0.0962914663448381,0.0036016147628940396,0.0006053598913497241,0.0026736022521316473,0.00030032727916445764,0.13152084506583858
regime,5,2012-04-30,0.763070692631213,0.00032006292661304354,0.00015654915410457938,0.0024376428356206984,0.09666260957196611,0.0035169203936361963,0.0005757046453078805,0.002619155092552123,0.0002850297107626806,0.13035563303822376
regime,5,2012-05-31,0.7197112076795831,0.00035887686777237707,0.00018570995550891024,0.0030692047446441795,0.12699935167804283,0.004510980759031896,0.0006138761842738319,0.002845895244178481,0.00030894839167496164,0.14139594849528958
regime,5,2012-06-29,0.7073762472659564,0.000324344936246761,0.00016806049260466706,0.0030308798267933475,0.13464731180750114,0.004457447854610769,0.0005887307916586178,0.0027991750215630704,0.0002871530498817442,0.1463206489531835
regime,5,2012-07-31,0.748346547723621,0.00031341833839218226,0.00015690967959518733,0.0025640216904170465,0.10725595965604037,0.0037155362850188087,0.0005624227654082867,0.0026428218064944715,0.0002800384630287556,0.13416232359198385
regime,5,2012-08-31,0.7625066207724858,0.0003512558760140313,0.00017251060178019513,0.002490487065120238,0.09405473645012118,0.0036079781663640245,0.0006304087613518463,0.002819701561393271,0.0003145468256077577,0.1330517539197616
regime,5,2012-09-28,0.7616064959525226,0.0003338644156045537,0.00016261384231348297,0.002468229806021724,0.09610789264994248,0.0035797670481297035,0.0005982286449047092,0.002682311749143193,0.0002968589124114936,0.13216373697900619
regime,5,2012-10-31,0.7635202030440097,0.000332556114815533,0.00016280001368258385,0.002443207173963643,0.09471305946643245,0.003536982264528744,0.0005984237501828368,0.0027069638877119397,0.0002969388432163916,0.13168886544145628
regime,5,2012-11-30,0.7622988876055377,0.0003247610331618751,0.00015921412763708409,0.002447875594799387,0.09660450718198552,0.0035396769351604893,0.000581864341902903,0.0026549835846698933,0.00028969750816669427,0.13109853208697864
regime,5,2012-12-31,0.7629302427512642,0.00033667094087405365,0.00016608938499812527,0.002460495520642936,0.09458438249865242,0.003558932968431063,0.0006043514904796759,0.0027510189067909813,0.0003013074558374062,0.13230650808202923
regime,5,2013-01-31,0.7626712177364251,0.0003478778303864927,0.000171471787317392,0.0024947990821531916,0.0942747800642712,0.003603007319295254,0.0006250750876429851,0.0028206935531126525,0.00031154332517456713,0.1326795342142212
regime,5,2013-02-28,0.7633222693398427,0.0003374508072444392,0.0001661298739071219,0.002466233748164126,0.09449068702410642,0.0035592308878590237,0.0006082813910088846,0.0027650634226834498,0.0003017157532885912,0.13198293775189515
regime,5,2013-03-28,0.7614247666330707,0.0003437918127074934,0.00017046796141359416,0.0024940039852017425,0.09524219128742947,0.0036050297058719686,0.0006194044750437636,0.002814074350821464,0.00030799297463241453,0.13297827681380744
regime,5,2013-04-30,0.7604548823157411,0.000310716373513127,0.00015223106810190843,0.002440824915030491,0.09979991906444752,0.003555124698440254,0.0005568790496963326,0.0025818383807275098,0.00027543215685894547,0.12987215197744276
regime,5,2013-05-31,0.762606347522333,0.00032246564501906276,0.00015800916096112103,0.0024351969170190602,0.09585655918152462,0.003524885967118484,0.0005765819420309499,0.002654706082429974,0.0002848433276861422,0.13158040425387757
regime,5,2013-06-28,0.675245707036039,0.0004182265250245369,0.00022799571920895892,0.003948758237446555,0.16167614598685806,0.0058218011459588905,0.0007213966258380886,0.003335741360392647,0.0003384316583417592,0.1482657957048914
regime,5,2013-07-31,0.7671111675649491,0.0003106253735371601,0.00015069086840325955,0.0023602059102296132,0.09397571185137457,0.003397473405621293,0.0005625107225017405,0.0025743869856855958,0.0002746652925799779,0.12928256202511781
regime,5,2013-08-30,0.7672447734128407,0.00030931459252311004,0.00015041650312407485,0.002355521120682471,0.09396409668474424,0.0033868246765725593,0.0005577663125912578,0.0025613749365736623,0.0002734961909839699,0.12919641556936418
regime,5,2013-09-30,0.7665773002248774,0.00031934382871417994,0.00015472349261542794,0.0023945997322575813,0.09462098029767348,0.003466810777766844,0.0005716596394184803,0.002590084727410716,0.00028250311533678464,0.1290219941639293
regime,5,2013-10-31,0.7676996034371258,0.00032104040076075366,0.00015679266709455397,0.0023864715543210177,0.0932632363795455,0.0034447325325273432,0.0005750900853301308,0.0026350117676466785,0.0002853250967900886,0.12923269607885798
regime,5,2013-11-29,0.7712512386293645,0.00032566439643755355,0.00015902304869844726,0.002348893089665841,0.08993569963126365,0.0033908602654557,0.000585126991573513,0.0026831972079465046,0.00029033950727950874,0.12902995723231472
regime,5,2013-12-31,0.7694128652074118,0.00032103842654451547,0.00015660471361866345,0.0023484555508056964,0.0914017870163562,0.003390635218948642,0.0005767373383429943,0.00265093267982547,0.00028544483103019235,0.12945549901711573
regime,5,2014-01-31,0.7659130922132903,0.0003106857990940328,0.00015242958635286994,0.002370703146334335,0.0948331801907003,0.003409935130323577,0.0005570661941126986,0.002594021875645956,0.00027550222165888564,0.12958338364248706
regime,5,2014-02-28,0.7604845899355123,0.000329484918355639,0.0001623297726496751,0.002485228277703759,0.09805316093836454,0.0035889266873681248,0.0005879252953602802,0.0026760749892195067,0.00029313867446611384,0.1313391405110002
regime,5,2014-03-31,0.7586321307086015,0.00032681450932580796,0.00016117399256183548,0.002499504434923155,0.09960153334877087,0.003620181679894793,0.0005829861165951481,0.002644996797023571,0.0002912348775016041,0.1316394435348019
regime,5,2014-04-30,0.7603488470296008,0.0003436475467645898,0.00017015137635187645,0.0025136910968591355,0.09651669382597777,0.0036329600077975176,0.0006149721572946499,0.0027878970672892836,0.0003079288862489517,0.13276321100581526
regime,5,2014-05-30,0.7624401281293293,0.000338656866593479,0.00016799628217031785,0.0024683409247171295,0.09480881296804015,0.003568928942181155,0.0006060333193044165,0.0027836246556284675,0.00030307035456832095,0.13251440755746724
regime,5,2014-06-30,0.7612198911219423,0.00034248976700055955,0.00016958705883715158,0.002487846963811848,0.09552278796349675,0.003611091231427924,0.0006137698072525686,0.0027954228105755465,0.0003062238202077382,0.13293088945544768
regime,5,2014-07-31,0.7608781507801459,0.0003351705366342512,0.00016576005753448004,0.0024876485820081303,0.09652319247775938,0.00359938059071365,0.0005983560414384758,0.0027420471136896346,0.0002990266511237532,0.13237126716895273
regime,5,2014-08-29,0.7611465973723921,0.00033368569266888684,0.00016534508562459418,0.0024806264666308213,0.09661836588766584,0.0035933424660779634,0.0005973883194306134,0.0027285210481047253,0.00029857398471587856,0.13203755367668848
regime,5,2014-09-30,0.7623124376208883,0.00031327105981458943,0.00015468599076212246,0.0024167410445896016,0.09688019044665533,0.0034936597976738806,0.0005609587754150124,0.0026083529587381713,0.00027822551297024327,0.13098147679249275
regime,5,2014-10-31,0.7546286188431949,0.00031575035469495717,0.00015699355490339775,0.0025284100617980914,0.10304677613881162,0.003651094580085051,0.0005669419666086648,0.002629108464572121,0.00028128722783278196,0.1321950188074985
regime,5,2014-11-28,0.7414905831730979,0.00034189257068241213,0.0001711886563001013,0.002702811224509811,0.10848703789850918,0.003972965370151287,0.0005956222731345848,0.0027517185856658017,0.00029863485187116555,0.13918754539607775
regime,6,2008-04-30,0.1496539961339468,0.0006723712660272783,0.000821142923861049,0.03134000579608632,0.10859600445269264,0.24507514914586867,0.010801388341315832,0.2653688774614736,0.0004470162536065363,0.1872240482251213
regime,6,2008-05-30,0.14607074011634227,0.0006680071943973275,0.0008132952583540333,0.03143438914442817,0.1068579336221665,0.2519814620440437,0.010743869394385609,0.27062527844138157,0.0004440370446759962,0.1803609877398248
regime,6,2008-06-30,0.14329880210486778,0.0006462355275769286,0.000783459063707219,0.03101727680919659,0.10698051542615437,0.25099411674979755,0.010652876457304943,0.2748210652168735,0.0004317994654335545,0.18037385317908763
regime,6,2008-07-31,0.12399622042013342,0.0006573930016240255,0.0007748492983780801,0.031141336190366218,0.09539133405931662,0.28078875441658613,0.010833542686099703,0.2990469283628643,0.00042490424401666265,0.15694473732061492
regime,6,2008-08-29,0.09844415797780147,0.000710635023241756,0.0008258587579410238,0.03346071475626473,0.08666480398242436,0.33575841973814063,0.011281630063791176,0.3089534925835815,0.0004464813995093695,0.12345380571730372
regime,6,2008-09-30,0.00528160492700997,0.0002966181049369209,0.0004837418104993231,0.042041486179770875,0.018975950561809105,0.8102035837048979,0.002535818639971767,0.11730878549482998,0.0002226940094844383,0.002649716566789728
regime,6,2008-10-31,0.0013161539664717182,0.0005096022169635468,0.002056284969541897,0.02265043704313951,0.003751009462702899,0.08659792497238078,0.0017251111138901008,0.8798808459784244,0.0009347237638099417,0.0005779065126750913
regime,6,2008-11-28,0.0013403165137501818,0.000498509704907842,0.0019548458471080766,0.021613473769002592,0.003613214875986859,0.08251866659145482,0.0017361098067265742,0.8851955326174897,0.0009247724437759693,0.0006045578297973807
regime,6,2008-12-31,0.0014892865041602715,0.0004602373584931437,0.0016707536026451218,0.018206665946725306,0.0034334488671165157,0.0687249320818687,0.0017151546352421774,0.9026992306874718,0.0008281276682978384,0.0007721626479789222
regime,6,2009-01-30,0.004290802094997458,0.0007906360215615418,0.002934104415386293,0.024354179414877157,0.007623394635088451,0.05281100416552609,0.004025465608200077,0.8991288560190903,0.0012021454985213739,0.002839412126751242
regime,6,2009-02-27,0.08478659419763569,0.0007028972950692693,0.0017315160447057883,0.06861745567272211,0.10116413121578334,0.26477815806182803,0.009933277653281244,0.42209161224127534,0.0008672032790079267,0.04532715433869107
regime,6,2009-03-31,0.1023570158043032,0.0007177696600495989,0.0008197888754132865,0.032627789859931186,0.07912876808991286,0.348990753390194,0.011347967409358105,0.3014696512254066,0.00041193919895667427,0.12212855648647448
regime,6,2009-04-30,0.11929156472086716,0.0006474458480561154,0.0007533496926574631,0.03074828699387854,0.09073307946752081,0.29182969754295096,0.01083175728440351,0.30561594779322615,0.0004083808259393487,0.1491404898305
regime,6,2009-05-29,0.14972987403489196,0.0006228079503284,0.0007472444268466113,0.029917162675116057,0.10872389266150925,0.24227554364610218,0.010523752738592728,0.27013848984692984,0.00041598086587542,0.18690525115380746
regime,6,2009-06-30,0.1522295181603721,0.000634900317776155,0.0007667817800109883,0.030082406138474044,0.11061791630495137,0.23655186589291016,0.010529334536664053,0.2664703234345928,0.00042829772632773153,0.19168865570792062
regime,6,2009-07-31,0.15224036023540677,0.0006248103820935846,0.0007566710502426464,0.030061500575073456,0.11067149415776041,0.2368983046047265,0.010494292404127463,0.26657066575774946,0.0004223939029166735,0.19125950692990315
regime,6,2009-08-31,0.14602794355017812,0.000639655550609767,0.0007782368560241546,0.030880703680006637,0.10610069457006457,0.24933701923305457,0.010626273820118914,0.27497465697055895,0.00042838008964176603,0.18020643567974254
regime,6,2009-09-30,0.14501070136080738,0.0006439002840340866,0.0007774438830824974,0.030629507416616485,0.10614961314728848,0.24818220153136092,0.010629672892298695,0.2759884744043214,0.00043247509257295785,0.18155600998761717
regime,6,2009-10-30,0.14338753734667653,0.0006212304023551786,0.0007493060791627515,0.03043998496406648,0.10644392019238767,0.2490002697433184,0.010470577337599313,0.27992518743839484,0.00041963028996596475,0.1785423562060729
regime,6,2009-11-30,0.15165709081678072,0.0006463318964177193,0.0007821182679002953,0.0304770630617457,0.1102506727209628,0.23915594261135478,0.010663932737021459,0.2638696949944687,0.00043219764040293066,0.1920649552529449
regime,6,2009-12-31,0.15918071508664386,0.0006885072222085317,0.0008444006495947736,0.0312603316038594,0.1116847427839715,0.23554922004708156,0.010887487652234665,0.25205846401540666,0.0004562264463432648,0.19738990449265562
regime,6,2010-01-29,0.15235158100748833,0.000672583516371883,0.0008267075323188243,0.03151692955983665,0.1082479467588085,0.24590075669969344,0.010751427941985619,0.2625636334024326,0.00044715451650012263,0.1867212790645638
regime,6,2010-02-26,0.14615040008888178,0.0006720875901077427,0.0008207492060844369,0.031744061518990535,0.10491461361993301,0.25741291715724773,0.010729192410727784,0.2688164825639627,0.00043996585028669815,0.17829952999377763
regime,6,2010-03-31,0.6306568281582922,0.0006860172485281975,0.0004029222778524499,0.005608727944276099,0.060111051231921016,0.029137034858700075,0.0025783450035230943,0.01040996879254895,0.0002395236643927553,0.2601695808199653
regime,6,2010-04-30,0.13927756478135234,0.0006324183326418083,0.0007529897593160201,0.030514026179257355,0.10134225104397784,0.2604714453305085,0.010057754515193333,0.28539203701600113,0.00042503977628937636,0.1711344732654624
regime,6,2010-05-28,0.39132100937615194,0.0015421908382510223,0.0012413739146982284,0.03744429875023152,0.2081672202774664,0.19442665240317944,0.008078929640159414,0.028636159690378072,0.0008800175938191795,0.1282621475156648
regime,6,2010-06-30,0.13419721304221122,0.0006516700568375672,0.0007893566965720905,0.03182798408245972,0.09924183154901403,0.2722101464144475,0.010704675796663734,0.2874507321459617,0.00042802312246133586,0.16249836709337112
regime,6,2010-07-30,0.12887244804452289,0.0006394832907478512,0.0007637159528882049,0.031430509816511104,0.08979838804465383,0.2946359162308222,0.009238869674049903,0.2975858848540897,0.0004246868010148801,0.1466100972906994
regime,6,2010-08-31,0.10677744398069242,0.0005519206530830189,0.0006318231776153985,0.029463720882968388,0.06824339593142134,0.3562118178366239,0.006373888464149818,0.3274665648123556,0.0003777952244700336,0.10390162903662013
regime,6,2010-09-30,0.1161468394052126,0.0005733384027465801,0.0006578181114911177,0.029742315039316868,0.07358958014074915,0.3410571664930697,0.006740211074744511,0.31572795551197297,0.0003904264857230226,0.11537434933497347
regime,6,2010-10-29,0.15478709388048237,0.0006722501564297251,0.0008225849961669937,0.031314073225488355,0.10807302111645753,0.24579688307178033,0.010429385380439039,0.2603109221094385,0.0004498433269446237,0.1873439427363724
regime,6,2010-11-30,0.15604038618654237,0.0006512028974074661,0.0007981250186953527,0.030823891583305285,0.11111372246148064,0.23902441996687512,0.010631667980409898,0.25876980703380903,0.00043543673549092525,0.19171134013598395
regime,6,2010-12-31,0.6295801827944154,0.0006830097529114499,0.00039856879392595305,0.005437643129241931,0.05925450152015256,0.02819401802322113,0.0025355121788688565,0.010067338652428199,0.0002352536707841443,0.26361397148405036
regime,6,2011-01-31,0.15819364430040125,0.0006825501333980755,0.000835349847055035,0.03128899437204732,0.11128366107145479,0.2386291279177539,0.010806768501991606,0.252822554069659,0.0004518059752952123,0.1950055438109439
regime,6,2011-02-28,0.6285150932884573,0.000694553469125251,0.0004054753466294795,0.005586258832421224,0.060337469430434235,0.029070019345635606,0.0025890488287295763,0.01028473480824022,0.00023993648420006869,0.2622774101661269
regime,6,2011-03-31,0.6301473145513701,0.000679396008872488,0.00039946026237358117,0.00569527709795623,0.06139236964379616,0.029848431976532575,0.002594667325540999,0.010612165812457231,0.00023732244891229017,0.25839359487218855
regime,6,2011-04-29,0.6268393190398575,0.0007055122023950355,0.0004147056569706322,0.005677230877928646,0.06085881130661329,0.029293947714217894,0.0026214677050093098,0.010502646749426688,0.0002475540157975753,0.26283880473178356
regime,6,2011-05-31,0.14722145629594505,0.000676786370061559,0.0008265372484311604,0.03168395033600871,0.10450027125042935,0.2570323418411817,0.010420748623841824,0.26835612961145716,0.0004490644133999394,0.1788327140092436
regime,6,2011-06-30,0.1450121017017579,0.0006731276079553007,0.0008222066462794354,0.031708420887000856,0.10439596174928444,0.2566339830854591,0.010706505883312862,0.27163208497282393,0.00044556872586487724,0.17797003874026132
regime,6,2011-07-29,0.12610784667043978,0.000622518815752941,0.0007366932373065656,0.031134462453840463,0.08527747428764729,0.3080332489750494,0.008397605516766677,0.30162784935169135,0.0004170676306074861,0.13764523306089801
regime,6,2011-08-31,0.06304930878647581,0.0006097293683430047,0.0008728736805116918,0.05043115495425921,0.10771697734256049,0.4489985111570075,0.010861976449369735,0.253637871582174,0.000456542466440537,0.06336505421285792
regime,6,2011-09-30,0.06132141735434131,0.0006382410356817916,0.0008168244304019608,0.04282182595521863,0.094713689390456,0.4398028923880198,0.0110345815757289,0.2800809701913434,0.00045798040857750324,0.06831157727023067
regime,6,2011-10-31,0.040864938670764954,0.0006444200275990082,0.0008346397120034106,0.047413472465816994,0.09302132943828892,0.5179320473855169,0.010991339178532313,0.24350994544366486,0.00048513960394811146,0.044302728073864414
regime,6,2011-11-30,0.11593813016455548,0.0006582930938333296,0.0007917684718516488,0.03313680284096972,0.09613954585404635,0.3047918899872104,0.010916574627512911,0.2946617966618285,0.0004241909139889017,0.1425410073842028
regime,6,2011-12-30,0.15116614946489934,0.0006673253741546746,0.0008168771867270915,0.03150912981804108,0.10777672361588551,0.24979333852748467,0.01069684434041479,0.26337448804265823,0.0004400578685697772,0.18375906576116485
regime,6,2012-01-31,0.1444204747129142,0.0006591581150834456,0.0008005748956339605,0.03164753667552343,0.10063976198421948,0.26646032767728084,0.009856450116706267,0.2755992445146615,0.0004410893549380314,0.169475381953039
regime,6,2012-02-29,0.14627487421173696,0.0006546276114615814,0.0007837117490666312,0.030733636215749087,0.10215240675153382,0.2591237326942597,0.009729564950462379,0.27357321349693975,0.0004403807484277382,0.17653385157036222
regime,6,2012-03-30,0.15317562395014994,0.0006763524102847133,0.0008213040979395336,0.031347153357689325,0.10510667512708728,0.25477580563843927,0.010103158515419637,0.26157495212554166,0.0004494247329728879,0.18196955004447565
regime,6,2012-04-30,0.6328991227422364,0.0006726184063904351,0.0003936531184784202,0.005597576436232586,0.06045128937150684,0.029294610378622486,0.002561431252162581,0.0104036767978589,0.00023369193697211167,0.25749232955953927
regime,6,2012-05-31,0.6086765920866274,0.0007280586904727187,0.00044368338906064226,0.00731430392547765,0.07162664118877313,0.04071391089947781,0.0029831106930373777,0.01428106134390925,0.00027168237747744116,0.2529609554056864
regime,6,2012-06-29,0.6166472795316832,0.000740631619841653,0.0004531308726692577,0.0074535854410025535,0.07297389033241486,0.040519000689198656,0.003006756426290061,0.013041137248475712,0.0002687787571677412,0.24489580908125633
regime,6,2012-07-31,0.07471523574993354,0.000492421827336009,0.0005352686915011277,0.02688419468288599,0.04640167144725906,0.43323370185737564,0.004662963007162799,0.34738760898868243,0.00032752777266416305,0.06535940597519929
regime,6,2012-08-31,0.09890232293197122,0.0005384235414599148,0.0005982744927251559,0.028385987633440614,0.059236824638354384,0.3872913694781642,0.005337143353421023,0.329219204453951,0.0003672639838067307,0.09012318549270586
regime,6,2012-09-28,0.1405585905099476,0.0006374220303764033,0.0007598013025133314,0.03102803225235843,0.09413554973145116,0.2827809697136918,0.008828384073487358,0.2837003701013398,0.00043021153838602056,0.1571406687464481
regime,6,2012-10-31,0.15702402531325957,0.0006934918608959919,0.0008505381815118243,0.031422838633907456,0.10901266464187415,0.24104377258881077,0.010704768214243559,0.2557189662803222,0.00046227875159712264,0.19306665553357735
regime,6,2012-11-30,0.628827006406477,0.0006883728967835542,0.0004062205038715151,0.00562283612928018,0.060717288303966964,0.02918045373390336,0.0025939570850089916,0.01049045407250029,0.00024287481483664105,0.26123053605337165
regime,6,2012-12-31,0.6272391766830872,0.00072280748860283,0.0004243011866333557,0.005703293009645564,0.06048133031442017,0.029322872125087673,0.0026562271344249375,0.010407755422309064,0.00025408624086136844,0.2627881503949281
regime,6,2013-01-31,0.12376486379806056,0.0006279075657101464,0.0007307440079114125,0.030749634715327864,0.07976987145890024,0.32262896858560763,0.007598528707804393,0.30370230014762467,0.00042204274929037575,0.13000513826376273
regime,6,2013-02-28,0.629471955765768,0.000716420106448278,0.0004184328869692989,0.0056385810493766305,0.060082120813176605,0.028993230573509176,0.0026296619211964977,0.010235719570185946,0.00024877138916084397,0.2615651059242088
regime,6,2013-03-28,0.6276830942409308,0.0007349952141882574,0.00042884819020165923,0.005715179061902681,0.060351340432377824,0.02928840591044657,0.002669812279351673,0.010235054186974115,0.0002543446233643219,0.26263892586026216
regime,6,2013-04-30,0.6326119971250146,0.000686249242020589,0.00040639596943167636,0.0059171643220084285,0.06232071313078227,0.031236378022586518,0.0026219543698448723,0.010723360749622468,0.00023812335348527704,0.25323766371520334
regime,6,2013-05-31,0.6306441927984909,0.0006843737537815557,0.0003992804361808175,0.005673084945861651,0.06069760806982942,0.029874702551957493,0.0025897281019326168,0.010638430208364674,0.00023694536310861768,0.25856165377049206
regime,6,2013-06-28,0.08387361307587939,0.0005250837181553903,0.0005734149623309837,0.027802214640509845,0.05730944971228022,0.3945250723210275,0.0060854143397573385,0.3457759813449337,0.0003424166967711632,0.08318733918835447
regime,6,2013-07-31,0.1482804126989123,0.000666335743769656,0.0008057291480499303,0.03145865990944886,0.10162665154606629,0.2634435484723232,0.009905363350080744,0.2692031329472438,0.00043968205404499493,0.17417048413006037
regime,6,2013-08-30,0.15542546843518143,0.0006721274205523144,0.0008221906328410669,0.031359049214201976,0.10857138049170482,0.24371361573134073,0.010627031883664482,0.25924559961526455,0.0004456465140965166,0.1891178900611524
regime,6,2013-09-30,0.15759683192113091,0.0006673494916906579,0.0008187913900041917,0.031111909096578717,0.10997361211477183,0.23942751710785087,0.01063927717096369,0.2573752167966112,0.00044567337723196794,0.19194382153316575
regime,6,2013-10-31,0.631594385200911,0.0006641863592016925,0.00039041235582246413,0.005487090066637203,0.05969024995357993,0.0286408080384414,0.002521604336825496,0.01043101155775267,0.00023334387693373708,0.2603469082538944
regime,6,2013-11-29,0.6315453420101079,0.0006734413597682778,0.00039486222079510854,0.005449679878069928,0.05900088438149458,0.028245908407716368,0.002519730407046391,0.010195365046853788,0.00023398900125728734,0.2617407972868902
regime,6,2013-12-31,0.6309858726627685,0.0006749434292865859,0.0003946340191383316,0.005487302878317691,0.05937466263095308,0.028496401029255637,0.002535036855976785,0.010194554096745368,0.00023288609499242334,0.26162370630256565
regime,6,2014-01-31,0.6327477757723758,0.0006722986716374132,0.000392280049757695,0.0056252573456313315,0.060390739988971855,0.029433381807260378,0.0025699323010227124,0.010485454656727079,0.00023278615669283762,0.2574500932499228
regime,6,2014-02-28,0.6309003388235541,0.0006859376300832125,0.00040208940586009966,0.005701011723354414,0.06097644858356982,0.02971965579215959,0.0025976704410953524,0.010551134105121695,0.0002396521774482642,0.2582260613177535
regime,6,2014-03-31,0.6311182020032176,0.0006891278829573197,0.00040512803122938213,0.005777645347194275,0.06141319821373335,0.03012558001167786,0.0026174113646918497,0.010620546360859925,0.00024101895208701702,0.25699214183235136
regime,6,2014-04-30,0.10436695732203309,0.0005624046228584914,0.0006366508173142817,0.029303157283549486,0.06492395554770486,0.36843701671030243,0.006007507768285681,0.325622562478596,0.0003827080642062549,0.09975707938514951
regime,6,2014-05-30,0.10092283392016321,0.000557953303901032,0.0006298500389862559,0.029140277298404915,0.062450193065601615,0.37533154704191946,0.0058275800609389455,0.32936606260221213,0.00038039025327643225,0.09539331241459612
regime,6,2014-06-30,0.10240241442144768,0.0005615172222778442,0.0006345042633656432,0.029191770772640974,0.06331917871149939,0.37232807371141097,0.005886025246896753,0.3280541860529956,0.00038343377065454325,0.09723889582681071
regime,6,2014-07-31,0.6291711322267474,0.0007149364764514738,0.00041920327565035713,0.005754327889609802,0.06079405378607454,0.029560712429786584,0.002646915886759975,0.010519428142082605,0.0002502614539774097,0.26016902843285983
regime,6,2014-08-29,0.6282429010122254,0.0007144302883395777,0.00041972502453134936,0.005741709092227543,0.06067323362564742,0.029559879769356985,0.002644176686517123,0.01050063384003648,0.0002505882177872131,0.261252722443331
regime,6,2014-09-30,0.6308271202508536,0.0006990728159374902,0.0004080837680858657,0.005775643802884656,0.06091013727291028,0.030257457742574292,0.002645322163116603,0.010661838208474599,0.00024277340508703138,0.25757255057007544
regime,6,2014-10-31,0.6311762075117936,0.0007003931221407706,0.0004133827876615411,0.005995209429490675,0.062455805861623366,0.031668533070524876,0.0026781213141585203,0.01083371026489817,0.0002433733839730997,0.2538352632537354
regime,6,2014-11-28,0.6135814348230152,0.0007198858489667893,0.00042853460047982103,0.006299052259296855,0.06484470543494394,0.033951974660182585,0.002768624841964801,0.012293830569321419,0.00025748777490206703,0.2648544691869265
regime,7,2008-04-30,0.6443160589509239,0.0005537265205849698,0.00026553360047636604,0.011347563983954242,0.022260260990230898,0.002234556001788886,0.0004884355401244722,0.010825863609765255,0.0003126427776109047,0.30739535802454016
regime,7,2008-05-30,0.0696907321224625,0.0008809139206699813,0.0008239903842649126,0.2304625391198663,0.38925963837459854,0.05455277454868728,0.0009579803139230811,0.1513669165599882,0.0009610375764589312,0.10104347707908026
regime,7,2008-06-30,0.1330141523546717,0.000988960005770292,0.0008270214073219935,0.16624662014257116,0.3239828671409525,0.03383552135357319,0.0008750983884680485,0.14468222595928834,0.0010142102568523907,0.1945333229905304
regime,7,2008-07-31,0.05469759666576023,0.0006821208253285936,0.0006653504714365517,0.2368806067084098,0.4130558409583853,0.05478483928624748,0.0007537394860793621,0.15564352743797047,0.0007843731607659947,0.0820520049996163
regime,7,2008-08-29,0.07706258677585583,0.0006335440417028619,0.0005840652056816369,0.21415797174328943,0.4142197459689303,0.04096090914708411,0.000584009746178905,0.14456624492882325,0.0007018379430053113,0.10652908449944819
regime,7,2008-09-30,0.014028251072153568,0.00017004787052046227,0.00022304539721176286,0.4519142595540566,0.31909784536651115,0.14560125495701104,0.0003792135829464457,0.06017452269980506,0.00019646310523413317,0.008215096394549858
regime,7,2008-10-31,0.008417230805560056,8.650000473663565e-05,9.309010592280422e-05,0.6006643564845644,0.08156731661444176,0.26128049125934866,0.0002494315477311786,0.045850578367715715,8.462048336334443e-05,0.0017063843266154816
regime,7,2008-11-28,0.010307500723234555,0.00010160590889165443,0.00010770328068473432,0.5900464546208976,0.08040895059503193,0.26458608962748953,0.00028770886009084275,0.05207849347354536,9.535595084508859e-05,0.001980136959288658
regime,7,2008-12-31,0.005656003797307197,0.00017611522257206317,6.924355941053756e-05,0.36354035833455894,0.027566308791820506,0.17774744209547433,0.0006191848094298152,0.42339964672110897,0.00016339884029408053,0.0010622978280236197
regime,7,2009-01-30,0.02998872390156021,0.0003234906063771473,0.0001422691945979367,0.3406741786034752,0.03960189417858521,0.11202611078631323,0.0009758195797310516,0.4717727017388921,0.00022721996552542027,0.004267591444942366
regime,7,2009-02-27,0.6920639906982422,0.0006107455685924859,0.00023499276508621918,0.010657048770709648,0.019090088492706554,0.00254750491817097,0.0004911915126261326,0.010742327486757955,0.0002857832422901047,0.26327632654481764
regime,7,2009-03-31,0.673707445460904,0.0008982277098564938,0.0003152394603652292,0.014839040358916212,0.01870348480494155,0.009550242035117978,0.0014656931256448024,0.010805698706355399,0.0006418530895714703,0.2690730752483269
regime,7,2009-04-30,0.4194030177904548,0.0009982314901700617,0.0007061182675955056,0.07534532252234116,0.13363240683419683,0.015114309037314394,0.0008638102527617996,0.05927388145257917,0.0007475685795253641,0.2939153337730608
regime,7,2009-05-29,0.12536573538735002,0.0014129530040123514,0.0009559037301429589,0.1880969430080071,0.2811019573111067,0.05581001202017383,0.0015222013066732733,0.1839976134304447,0.001457724572543913,0.1602789562295452
regime,7,2009-06-30,0.1501005584532681,0.0014656200486669996,0.0010404583161600397,0.1573499821768654,0.2750253298666361,0.040067071286744825,0.0013907789194972631,0.16040774842845548,0.0014909324200812614,0.21166152008362432
regime,7,2009-07-31,0.46070546386243744,0.0009321552696648348,0.0005749358433373752,0.041303056529021845,0.0784361678006265,0.006678262670416028,0.0007001932987270762,0.04098359443879681,0.0006076915112090838,0.36907847877576305
regime,7,2009-08-31,0.36049053008548476,0.0009061197807460646,0.0006883794110148616,0.08072181580491904,0.16711263306659385,0.012027332381348847,0.0006189367853982222,0.07200529480916638,0.0006334324666065732,0.30479552540872135
regime,7,2009-09-30,0.10019658566096791,0.0011023131484070175,0.0008864713496810925,0.19553248927889155,0.3444406120626891,0.04815700961451875,0.0010718573076155425,0.1703847540307783,0.0011528277555629867,0.1370750797908878
regime,7,2009-10-30,0.505965139389505,0.0013454909758125794,0.0005609233455287103,0.029105396968643532,0.044807161540150596,0.016416529438713384,0.0023604418093272016,0.02475263488626534,0.0010748780546151772,0.37361140359143835
regime,7,2009-11-30,0.7332981613571511,0.0004884524775803713,0.00017894550497503595,0.00389639974868938,0.007489047041735521,0.0014980799482412074,0.0006881615688640163,0.003478248618273821,0.0002678285646903961,0.24871667516979917
regime,7,2009-12-31,0.17757946607068914,0.0014470420915769966,0.0012020221794051824,0.15971890907860237,0.2743363187107663,0.036261623147757674,0.0012866140207957442,0.11766661228646896,0.0013813722593549256,0.2291200201545826
regime,7,2010-01-29,0.6299535708933428,0.0010224162316380368,0.00033934112612889086,0.013945716188635948,0.02130900106794356,0.007929877090257238,0.0015517266114996734,0.010987178440721874,0.0006512983962907532,0.31230987395354115
regime,7,2010-02-26,0.6140353121582679,0.0005652919247306487,0.00029283451209683397,0.018343531007605777,0.03478755601516553,0.0028238160763468206,0.0003870529467842233,0.016406760136114956,0.0002945907570243252,0.3120632544658631
regime,7,2010-03-31,0.735067456106508,0.0005967330579289747,0.00019221895890484447,0.005319911424813082,0.008785197087612422,0.002390330653652057,0.0008349279317634529,0.004397455565961491,0.0003289701168613458,0.24208679909599426
regime,7,2010-04-30,0.06502191088533647,0.0012338437477035385,0.0010706719469766688,0.23358860387069774,0.3539128411740591,0.06974386645769905,0.0015620030151496905,0.17484396806316357,0.001339407268190678,0.09768288357102343
regime,7,2010-05-28,0.07015338912817022,0.0007086136158147706,0.0006441480647966121,0.22122551912703903,0.3970813697254134,0.0478555768146717,0.0006859257054336926,0.15678991106789134,0.0008220030874249634,0.10403354366334414
regime,7,2010-06-30,0.7414430519518574,0.000484067715547041,0.0001716188670788119,0.003981373848909379,0.0071183867206677225,0.001600117224424308,0.0006717904575445249,0.0035608144151624936,0.0002586911792676219,0.2407100876195408
regime,7,2010-07-30,0.16039560404347014,0.0009316782458733666,0.0007855107659678872,0.16319114682654456,0.31783391903621416,0.03169531996292672,0.000713952500739743,0.12872503756741743,0.0008674064242427341,0.1948604246266032
regime,7,2010-08-31,0.3569206913482567,0.0017882271016155336,0.000973761096375578,0.07591665595025586,0.1063497999484158,0.034994257833873804,0.0028695496398030264,0.06952326747095117,0.0020078556266414785,0.3486559339838112
regime,7,2010-09-30,0.5985702469754476,0.0012068390806984962,0.0004104721547434743,0.018275402598358692,0.029066701700076282,0.010760328293757839,0.0018673924451690464,0.014231162298195165,0.0007920957361044537,0.32481935871744905
regime,7,2010-10-29,0.42483473084489043,0.0016876583619683356,0.0008426925757523851,0.0522223129472805,0.07270221943309543,0.025062527225678446,0.0027017126585192884,0.043013807233521224,0.0016348989830416553,0.37529743973625224
regime,7,2010-11-30,0.10730117500162736,0.001190157298223109,0.0010178621905551739,0.20368085963793764,0.3334370343331328,0.05174429878935275,0.0012090690097947394,0.1467728988995884,0.0012060004028687185,0.15244064443691915
regime,7,2010-12-31,0.7548088425386488,0.00050186018892719,0.0001654333520427035,0.0041173274101931065,0.007052892993899209,0.0017044215717602795,0.0006966994714301524,0.003347725783724798,0.00026694068416570045,0.22733785600520806
regime,7,2011-01-31,0.5335200809242531,0.0014968365024935842,0.0005834008309095922,0.027590968467119587,0.04024145778596405,0.0161731294416326,0.00248775117278034,0.02210274410133569,0.0011563235299203046,0.35464730724359117
regime,7,2011-02-28,0.6515741145741594,0.0009193864040849875,0.00030515132567311096,0.011407331440338057,0.018143727484846533,0.0060709370382700505,0.0013797311095647352,0.008702092443837458,0.0005663027920284639,0.3009312253871972
regime,7,2011-03-31,0.6937658743463708,0.0004575821205327714,0.00020328587615196694,0.0063476051261422495,0.012201428266993079,0.0016049400148102104,0.0005002807515006538,0.005777216082506229,0.00026859871582441926,0.2788731886991678
regime,7,2011-04-29,0.7046494847098888,0.0007154924361292826,0.00023896967141159422,0.007049749278175742,0.011688322724572242,0.003352692814180715,0.0010361027652554902,0.005596793484782014,0.00041028334293349947,0.2652621087726708
regime,7,2011-05-31,0.11739351946035416,0.001442451618503193,0.0010080126802257457,0.18689043067281266,0.3041129957913763,0.05477825268021651,0.0014974697383729643,0.17147266159472732,0.0014864880714097713,0.1599177176920014
regime,7,2011-06-30,0.27801036537393503,0.0019204921239792693,0.001156034963956721,0.10492325839359115,0.1445238936156899,0.04918748830970914,0.003363540165363456,0.10132348674035599,0.002476396092822969,0.3131150442205963
regime,7,2011-07-29,0.7596849239649887,0.00047354671226294175,0.00015744303601721151,0.003671935898915066,0.006493898876150682,0.001506765064432503,0.0006499805551308328,0.003158856321928972,0.00024621766291819404,0.22395643190725498
regime,7,2011-08-31,0.020107053699700103,0.0003082771466190124,0.0004114021616138939,0.3402134669527973,0.4400298941244671,0.0880130275969733,0.0005058352088789992,0.08773377678792758,0.00035551867623715165,0.022321747644785533
regime,7,2011-09-30,0.48195913075479435,0.0007657490112285087,0.00048322925002212676,0.032310051342134403,0.06364181542540262,0.004885310112472705,0.0005586918656857062,0.03345247532013958,0.00047115745839278086,0.38147238945972733
regime,7,2011-10-31,0.05140548591080169,0.000515009661657651,0.0005005640044382397,0.2386816054358916,0.44927866170784797,0.04914473257084028,0.0005183095151757294,0.13840191386999795,0.0005891969059029609,0.07096452041744597
regime,7,2011-11-30,0.527621215487118,0.000691031031493088,0.00040143610496526496,0.019880392228585026,0.03363029760133531,0.004845792057160176,0.000811200192265885,0.01747477658532787,0.0005404477974382832,0.3941034109143111
regime,7,2011-12-30,0.646957981087719,0.0005355303267641857,0.00025173768315726533,0.015334605378715276,0.0302496838405478,0.002584680004357742,0.00037486540004751453,0.013813497122463624,0.0002626790033586587,0.2896347401528689
regime,7,2012-01-31,0.642511150125644,0.000963031047422132,0.0003154673360397547,0.012474616516602055,0.019699956333545026,0.006813781859536765,0.0014310537636618172,0.00983286075643357,0.0006017427137230206,0.3053563395473919
regime,7,2012-02-29,0.13250976284755767,0.0015712130952480333,0.0012023270948767115,0.1770278639078992,0.2973657727927313,0.04704510896789706,0.0015630146523805688,0.14941286952049151,0.0016476325102965904,0.19065443461062143
regime,7,2012-03-30,0.7469577298503679,0.0005410662892622247,0.00017545718951563063,0.004707212315544079,0.007932743166802743,0.002023915839352736,0.0007545213790374345,0.0038227317702246824,0.0002898681827656133,0.23279475401712693
regime,7,2012-04-30,0.7457311264061341,0.0005371330516541333,0.00017353740130984685,0.004696119765078213,0.007896201912008486,0.0020421334864605227,0.0007464107317638414,0.003867122606470881,0.0002897640213691024,0.23402045061775073
regime,7,2012-05-31,0.6101206511199276,0.0009868644617263588,0.00036475245478441703,0.01371955977398815,0.02079697170353747,0.007277226733913882,0.0015873550493911124,0.011162507980824151,0.0006797419504713644,0.33330436877143554
regime,7,2012-06-29,0.7578398000712606,0.00042527427164076284,0.00014449961278221478,0.0031277848486034247,0.005896005997486535,0.001219060803233136,0.0005856745156382366,0.002812510728706178,0.0002221255229669613,0.22772726362768217
regime,7,2012-07-31,0.556684519853388,0.0012830991080028024,0.00047291882922402323,0.023627085943269184,0.036664286104749075,0.013120515654093846,0.001960631055179306,0.01957407106230811,0.0009014541078629382,0.3457114182819228
regime,7,2012-08-31,0.7075638118838419,0.0007067973490015304,0.00023294628348699756,0.007106454010140647,0.011708401807177155,0.0033595008929157245,0.0010160138125097922,0.005640118496195281,0.00040608610880878533,0.26225986935592216
regime,7,2012-09-28,0.7262286030487264,0.0006069927315044078,0.00020032290588507245,0.0055680207750483,0.009416807358019775,0.0025024896010998367,0.000861557718103733,0.004500970234231478,0.00033617902983882014,0.24977805659754224
regime,7,2012-10-31,0.7476384383889538,0.0005451200958572318,0.00018062003455727798,0.004621149167644957,0.0077824203247376985,0.0019888880137836195,0.000761231675931003,0.003813202267323599,0.00029299312778458306,0.23237593690342614
regime,7,2012-11-30,0.7630469056782645,0.00047895681462967654,0.00015904940583504211,0.0038029401424514034,0.006640085308768523,0.0015415815924786993,0.0006559385328765916,0.003241607907032563,0.0002498238909875577,0.22018311072667546
regime,7,2012-12-31,0.7579044663461248,0.0005218455391627434,0.00017100647562345267,0.00425929002188177,0.007268110349130689,0.001772252695363938,0.0007205168300750074,0.003609770685051046,0.00027720251787310653,0.2234955385397134
regime,7,2013-01-31,0.7292737932741705,0.0006367807557289233,0.00020678797930638772,0.006003426524403404,0.009770327750319526,0.0027218139114338225,0.0009005346136878533,0.004861192970026123,0.0003568192849629566,0.24526852293596046
regime,7,2013-02-28,0.747553242461686,0.0005587630544309074,0.00017994943792483983,0.0049055640331876725,0.008142171355887998,0.002127222358257136,0.0007783347532476963,0.004073044650602994,0.0003026539830381859,0.2313790539117366
regime,7,2013-03-28,0.7382096973336991,0.0005973625485385049,0.00019607066599923022,0.005292920422176771,0.0087948351971197,0.0023366214907786977,0.0008393917417243117,0.004368612791844937,0.00032863361940476906,0.23903585418871415
regime,7,2013-04-30,0.7487849310052133,0.0005137881324988448,0.00016214915275860215,0.004508187298830583,0.007744958791294766,0.001929907207878148,0.0007071553387484655,0.0038421211080402556,0.00027535996235340153,0.2315314420023837
regime,7,2013-05-31,0.7607455333972128,0.00047529263280352767,0.00015339395389664002,0.003818422631987712,0.006607275431468337,0.0015655651916351245,0.0006557379103731257,0.003286829149724251,0.0002512100965930633,0.2224407396043053
regime,7,2013-06-28,0.3046410377337505,0.002212460434149333,0.0010879537568486588,0.11137919082175267,0.12312809922788588,0.06853599396295076,0.005015820413877047,0.11371256663317886,0.002818131016584714,0.26746874599902143
regime,7,2013-07-31,0.7813695574494669,0.0003844643526978281,0.00012489703767205374,0.002986458395102558,0.005265750380124536,0.0011330738834902084,0.0005133241896880792,0.002514887453544429,0.00019440260911452806,0.2055131842490988
regime,7,2013-08-30,0.737180616884085,0.0005620265211960236,0.0001827312653212549,0.005043020173129865,0.008202779190738677,0.0022504355732433368,0.0007847340348333235,0.004088029826927813,0.0003092070918249258,0.24139641943869986
regime,7,2013-09-30,0.7321098427876067,0.0005953430639286055,0.000188771893094437,0.005612394144000218,0.009134984265493239,0.0025498857424359265,0.0008308109969376714,0.004559526775264894,0.0003282452361096646,0.2440901950951287
regime,7,2013-10-31,0.7758900309871338,0.0004299736589923758,0.00013890233760033264,0.0033289305492366986,0.005933316623086964,0.001290355411066943,0.0005731122456098955,0.0028771735458353476,0.0002186282682711911,0.20931957637316656
regime,7,2013-11-29,0.777257079479034,0.00043824746904401295,0.00013833979174577522,0.0035191019703039545,0.006091826644019205,0.0013824262359784887,0.000582966405813691,0.0030116191315661786,0.00022412925666986808,0.2073542636158247
regime,7,2013-12-31,0.7738416206694291,0.0004104601981493336,0.00013646285015389963,0.003291082592905996,0.005991596884267899,0.0012165745241050335,0.0005385578772816298,0.0028777987963958854,0.00021174206971992632,0.21148410353759134
regime,7,2014-01-31,0.12805795851750357,0.0013713720964796663,0.000971316006505566,0.18451144543375422,0.29254516858727675,0.05109371979524843,0.0013360113822297704,0.16900838496506598,0.001455595935326456,0.1696490272806096
regime,7,2014-02-28,0.5333383335483086,0.0007691459790532949,0.00046802304388906797,0.03318192916220012,0.06172116562880998,0.004812062887596967,0.0005173881089244731,0.03087076119490932,0.00044990486291996746,0.3338712855833881
regime,7,2014-03-31,0.7115722530745752,0.00044427187709752383,0.00018900429909297244,0.005197629494195383,0.009789149319510389,0.0014521751856514352,0.0005213070053506884,0.004683338273160119,0.00026057663342353324,0.2658902948379428
regime,7,2014-04-30,0.7479921634375563,0.0005565765296245169,0.00018286350380296908,0.0046845520010346245,0.008048518734033094,0.0019892928162824936,0.0007734294279129317,0.0039326370641918065,0.00029922508050168634,0.23154074140505967
regime,7,2014-05-30,0.7358520863856608,0.0006178812713076569,0.00019981655750555763,0.005578463086732966,0.009294720893980445,0.0024759291058521096,0.0008634304850799203,0.004672478067898027,0.0003418377217026197,0.24010335642427996
regime,7,2014-06-30,0.7370877694779369,0.0006085191990263777,0.0001988847172024022,0.005330399336879581,0.009010525658809432,0.002346053851024599,0.000852290563770568,0.004459568834005045,0.00033433598076990014,0.23977165238057524
regime,7,2014-07-31,0.7378356137248161,0.0005993496051052537,0.00019619263578662306,0.005321468397042926,0.00884050214171669,0.00235877966863949,0.0008406701955107627,0.004443134301577905,0.0003292036740765822,0.23923508565572763
regime,7,2014-08-29,0.7484995601783058,0.0005589003284322122,0.0001836575223705224,0.004685148807141886,0.007923175638791545,0.0020179008581059214,0.0007750284225885956,0.003943919007449098,0.00030077495176901605,0.23111193428504534
regime,7,2014-09-30,0.7548853209551959,0.0005214233077777382,0.00016961096551297277,0.004269181701088217,0.007176129647479231,0.0018242368572280985,0.0007197079390371743,0.0036649090789216696,0.00027824513339409285,0.22649123441436506
regime,7,2014-10-31,0.7145306028187651,0.0006477248505371699,0.00021016726183609229,0.006571412660409637,0.010512620212269097,0.0031089209499379966,0.0009177728784658867,0.0052937566406758944,0.00037085209638227853,0.25783616963072087
regime,7,2014-11-28,0.7306728741349031,0.0005679507458561342,0.00019230952304021803,0.004564788723070853,0.007909362809242731,0.0019987125120880453,0.0008304067252881402,0.00401468231461069,0.00031985888481114803,0.24892905362708884
regime,8,2008-04-30,0.5580807432365819,0.0007803692363411005,0.0008830470495279006,0.005453953930330575,0.13266547481001967,0.24789995723918148,0.004677982158495026,0.04441593694893543,0.0005540184909523873,0.004588516899634531
regime,8,2008-05-30,0.5313815558623213,0.0008873199667667226,0.000962229460634581,0.006280740686315292,0.14429634668149885,0.2615503890362541,0.0049024789488423745,0.044242277616346685,0.0006076995854577111,0.00488896215556227
regime,8,2008-06-30,0.5194077040493217,0.0009225169548448256,0.0009919368696634403,0.006655147875827772,0.14960747328193508,0.26672414200463584,0.004994007254215444,0.045127767992133805,0.000625325205936491,0.004943978511485567
regime,8,2008-07-31,0.5049793171376666,0.0009247025167372101,0.0009863786740865216,0.006910352556154809,0.15455493400870254,0.27440499781048927,0.004979130787337424,0.04681696155259105,0.0006178091496347116,0.004825415806599732
regime,8,2008-08-29,0.5082681313976362,0.000909998754528435,0.0009779913323823815,0.006911141942679375,0.15492202191894738,0.2709900695793653,0.004876574209660259,0.046746106541116536,0.0006146881615514681,0.0047832761621326965
regime,8,2008-09-30,0.4799931815844436,0.000711773288658531,0.0007676332240760722,0.006382065462209821,0.15912312249476995,0.29989131817834913,0.0042192587671175475,0.044843937058192784,0.0004534611284798232,0.003614248813702734
regime,8,2008-10-31,0.46426469197783604,0.0006541557726198521,0.0007182422439546359,0.006347842488588378,0.1645337334325572,0.30646854285696956,0.004066113953449587,0.04926486990614476,0.0004209306043254892,0.003260876763554392
regime,8,2008-11-28,0.4708221084730343,0.0006863232361253799,0.0007746977335190567,0.00662190413654445,0.1639737621682581,0.2962717116477929,0.0042057433106661,0.05277176230856881,0.00045665843682528523,0.003415328548665499
regime,8,2008-12-31,0.49369633892578463,0.0007844770946911905,0.0008598351484562537,0.006535396590096128,0.15742025172824406,0.2817112477334817,0.0045514678758693415,0.04988461481322701,0.0005140710731406346,0.004042299017009026
regime,8,2009-01-30,0.5108082494513413,0.0007787916525774882,0.000870311266295269,0.006294892121459273,0.14891334931956343,0.2769307168366134,0.004599393055036532,0.04615364405138883,0.0005122872465128445,0.004138364999211498
regime,8,2009-02-27,0.5082764433524838,0.0007902814047232995,0.0008778726799414105,0.0063777406371357285,0.14891286340350873,0.27895741661970624,0.0046271339637737,0.046478723677597075,0.0005232195440532688,0.004178304717076829
regime,8,2009-03-31,0.509284808442354,0.0007228293255848866,0.0008020362834561734,0.0058970710261917894,0.1465559499465545,0.2820581943765964,0.0044100465239816115,0.045903929828587334,0.0004762351063734688,0.0038888991403198112
regime,8,2009-04-30,0.522119918597681,0.0008157270027372842,0.0008815432005659721,0.005887179695018813,0.14412052695738806,0.27104547853614414,0.0047569431454443116,0.04535139253321072,0.0005392598631163457,0.004482030468693297
regime,8,2009-05-29,0.5430677688533152,0.0008340834342468934,0.0009023864487393586,0.0055138931375063975,0.13509637308446526,0.2609842506957503,0.004915837065978857,0.043375014881962985,0.000558286864742207,0.004752105533292436
regime,8,2009-06-30,0.5413494544892891,0.0008643361409918711,0.0009342560283260459,0.005773279525964237,0.13782343838693176,0.25951638619821116,0.004960258981431659,0.043312490975994704,0.0005838895312983602,0.004882209741561092
regime,8,2009-07-31,0.5477663871270066,0.0008142562295128774,0.0008975405632005998,0.0055467897775606035,0.13545345504413123,0.25569172076091395,0.004818257471316622,0.04376483948081107,0.0005561809758210368,0.004690572569725577
regime,8,2009-08-31,0.559141305519951,0.000726891249995202,0.0008287990411664271,0.005189946988435411,0.13108894400254748,0.24833730728766096,0.0045148341073008025,0.04531668995988204,0.0005129157728690932,0.004342366070191529
regime,8,2009-09-30,0.5442673194799351,0.0008356027556332027,0.0009205371726687015,0.005721874088521515,0.13648718081935124,0.2569981968528219,0.004882996651435108,0.04454624515133252,0.0005726436200106412,0.004767403408290166
regime,8,2009-10-30,0.5254189083193094,0.0008742267365921825,0.0009405673489340015,0.006265358667442606,0.14523351971438195,0.265758337075179,0.004910365677963058,0.0452357026589924,0.0005883292634640651,0.0047746845377413675
regime,8,2009-11-30,0.5575477101378996,0.0007914575317810253,0.0008935990170368674,0.005425452079124178,0.13254947538683262,0.24876933769876133,0.0047761996984452245,0.04403712432999859,0.0005547555376107973,0.004654888582509746
regime,8,2009-12-31,0.5782897545874484,0.0007171600800287072,0.0008411321093241692,0.004964953718603122,0.12496072172005326,0.23653635768353698,0.004527403939157582,0.04415007027130013,0.0005286751170932427,0.004483770773454469
regime,8,2010-01-29,0.5695530149351495,0.0007177107041877252,0.0008348482218119138,0.005136989499971816,0.12903094861003273,0.24033292897327418,0.0044764684227385524,0.044996115744575814,0.0005236634676257744,0.0043973114206320545
regime,8,2010-02-26,0.5669195656997087,0.0006901084508639686,0.00080298961521409,0.005049121120981234,0.12982326007830547,0.2424295791959824,0.00435690975542975,0.045207093055294925,0.0005013308266227449,0.0042200422015967135
regime,8,2010-03-31,0.5841547744891941,0.0006787941049110268,0.0008093454978766818,0.004785388398910299,0.12301687122273317,0.2321134569217827,0.004396429544102845,0.04522101321451379,0.0005074476687143253,0.004316478937261093
regime,8,2010-04-30,0.5384931107647077,0.0008638703526794444,0.0009430514824590398,0.005975324187557252,0.1397168313920715,0.25874412651908507,0.004945662102626667,0.044872126574439467,0.0005943997494371623,0.004851496874936537
regime,8,2010-05-28,0.5028722910156088,0.000896548341216621,0.000939613706963505,0.006782090314493874,0.15532046931867954,0.2777392095673082,0.004858080179551896,0.04534179995416119,0.0005868728642976091,0.004663024737718853
regime,8,2010-06-30,0.5424436608400943,0.0007659713162888757,0.000868333244518645,0.005846568567031281,0.14097617688672623,0.253195225943786,0.004540691445160114,0.0464308964295781,0.0005406948880130688,0.004391780438803382
regime,8,2010-07-30,0.5725173820832443,0.0006863959904953211,0.0008093820423909059,0.005016130681554904,0.12829968209738374,0.23788142208117555,0.004366267840484979,0.04569147205006363,0.0005030777563126184,0.004228787376894123
regime,8,2010-08-31,0.5868155280250024,0.0006613862630154548,0.0007921669503391694,0.004705216731416215,0.12219896663392363,0.23078463542380573,0.004334325822283819,0.045012297905419184,0.0004911539102374103,0.004204322334557127
regime,8,2010-09-30,0.5942962287695507,0.0006688966171343208,0.0008009754312203883,0.004558608967944617,0.11875444150520476,0.2281357297455423,0.004402820857578644,0.04356823862966262,0.0004974203688002714,0.0043166391073613895
regime,8,2010-10-29,0.5843714744271582,0.0007015232522395855,0.0008329784874040101,0.004868400331185496,0.12318925003222701,0.2324954513410183,0.0044850909712235,0.044106648069018886,0.0005189276729586809,0.004430255415566385
regime,8,2010-11-30,0.5480357210515153,0.0008041488894388849,0.0008954830680445812,0.005695596213304611,0.13691041141075658,0.25357313901506306,0.004712089841967021,0.04414517336794347,0.0005626790897211729,0.004665558052245386
regime,8,2010-12-31,0.586199742492499,0.0006795114181785102,0.000806025537259321,0.004722042027583079,0.1217281309408944,0.23247028727698588,0.004408504258289407,0.04413095756116322,0.0005075165421322773,0.004347281945014783
regime,8,2011-01-31,0.5802974905363711,0.0006873236255634751,0.0008088522381028672,0.004805860724616324,0.12417133193955318,0.235574208931938,0.004407014337305241,0.044409103991688306,0.0005083489236792105,0.004330464751182182
regime,8,2011-02-28,0.5791857284120215,0.0007222666875968785,0.0008436458996069413,0.004978631828346161,0.12494957230222069,0.23599746240779446,0.00452993032724996,0.043773419828613304,0.0005302370076411171,0.004489105298909033
regime,8,2011-03-31,0.5762581275154927,0.00071453157715748,0.0008352478688520954,0.005016423225936749,0.12644723374048528,0.23717116195382182,0.004486383163889334,0.04414069434102534,0.000522331852879921,0.004407864760459244
regime,8,2011-04-29,0.5763846771157936,0.0007585461955843965,0.000886124972387304,0.0052146103924985586,0.12680860869922278,0.23613343111526058,0.004659828833795265,0.043933681922383686,0.0005578191248772436,0.004662671628196657
regime,8,2011-05-31,0.5757978755733595,0.0007233546305578974,0.0008502659068723285,0.005077969095962747,0.12725290143713872,0.23652778195545376,0.004512520458723468,0.04426497097209125,0.0005300496577173091,0.004462310312122895
regime,8,2011-06-30,0.5549480730421391,0.0007728129603034031,0.0008762292214365227,0.005579998249003444,0.13557193718249086,0.24786040296242995,0.004598051136112174,0.044701261857663724,0.0005499908105409079,0.004541242577879779
regime,8,2011-07-29,0.5693043940772905,0.0007106480915212585,0.0008309601809373806,0.005187893259217272,0.12969640778679087,0.23942322511198974,0.004439970036429742,0.04554225697294128,0.0005206377096318159,0.004343606773250184
regime,8,2011-08-31,0.49697077369960907,0.0008451931331412338,0.0008819370809479305,0.006678520370246556,0.15859027977236306,0.2820176468451546,0.004641938438689193,0.044457899945745866,0.0005458936454163714,0.0043699170686861645
regime,8,2011-09-30,0.49549479602359764,0.0008978918126765727,0.0009560698224941505,0.007282421608276547,0.16176742797641197,0.27603825752085587,0.004777540666568487,0.04759849905871884,0.0005993844396082591,0.004587711070791679
regime,8,2011-10-31,0.5047505398249319,0.0008904969234215623,0.0009401671432419599,0.006857766664385076,0.156164687089732,0.2747599520450866,0.004804141710539417,0.04561319034483056,0.0005898996646949701,0.004629158589135865
regime,8,2011-11-30,0.5064275586178552,0.0008904655416155639,0.0009312464238920401,0.006669010423807009,0.1548244758369149,0.2760841982328493,0.004808324827934101,0.04413713159895711,0.0005817698456051175,0.004645818650569592
regime,8,2011-12-30,0.5728519449962473,0.0007011643021975065,0.0008140139259997258,0.004987244365948002,0.12771977734960194,0.23983589790744203,0.004410002388331713,0.04386104157591417,0.0005071904467499374,0.00431172274156768
regime,8,2012-01-31,0.5775630187647968,0.000693360275840645,0.000818108404694915,0.004970337665420543,0.12588156726487515,0.23576781629073493,0.004413060832555994,0.04505594350031233,0.0005122206985426087,0.004324566302225955
regime,8,2012-02-29,0.5743129892799271,0.0007656094879195474,0.000879667271605089,0.005093288936250377,0.1257191957127096,0.23985272632177249,0.004719366904504654,0.043437449663351405,0.0005515546004681624,0.004668151821491492
regime,8,2012-03-30,0.5823043217598872,0.0007082843616850263,0.0008294740624784421,0.00485942103761214,0.12358703249716281,0.2348948756591723,0.004491795007685822,0.04335372422404954,0.0005194046887150439,0.004451666701551761
regime,8,2012-04-30,0.5841025163443819,0.0006684677724532833,0.000792197927514437,0.004723230180520858,0.12296809609221497,0.23302398110674788,0.004341974519763266,0.04464242199829385,0.0004962520582126845,0.004240861999896868
regime,8,2012-05-31,0.5317216581404157,0.0008244793225822447,0.0009078398645756317,0.0061170831428514075,0.1440663660758605,0.2599208676499674,0.004720907479924144,0.0465575055404274,0.0005723390527442445,0.004590953730651364
regime,8,2012-06-29,0.5507669452660527,0.0007410560707189018,0.0008410012920263379,0.005483697929236888,0.1369380058129115,0.25068936172204526,0.004473611925375513,0.04521463475019836,0.0005241039666558664,0.004327581264778691
regime,8,2012-07-31,0.568843665167277,0.0007161748395620952,0.0008373520340980307,0.005232299206231297,0.1306270850080795,0.23899112332894348,0.004435999657921217,0.045435916267291945,0.0005249675490781926,0.004355416941517176
regime,8,2012-08-31,0.5855430121892016,0.0007237732932659092,0.0008542920663352486,0.004924058710391262,0.12272515513777872,0.23168411386749743,0.004571596605324687,0.0438818196549896,0.0005374656219399834,0.004554712853275641
regime,8,2012-09-28,0.5812994542085016,0.0007157556030946631,0.0008442539411783728,0.004972119715362392,0.12443521299220593,0.23398031055690324,0.004523193870134308,0.04422137886697929,0.0005285758914130255,0.004479744354227211
regime,8,2012-10-31,0.5825941984459246,0.0007161056630651515,0.0008462190330999083,0.004944620116893347,0.12419111774631379,0.23282049472776278,0.0045242929777593345,0.04433478932495873,0.0005310364308322821,0.004497125533389892
regime,8,2012-11-30,0.5796465566728406,0.0007165204295902455,0.0008447807192796919,0.00500528345480478,0.1256954569993576,0.23408825541203915,0.004502922107732303,0.04450449097560356,0.0005297980556709727,0.0044659351730811
regime,8,2012-12-31,0.5838381134625048,0.0007079813037897041,0.0008375042876760899,0.004884294462768855,0.12342532357692121,0.2322337681864979,0.00449284991392477,0.04459493748273343,0.0005279538483359615,0.004457273474847294
regime,8,2013-01-31,0.5856852751022318,0.0007099969082608904,0.0008386241236871312,0.00485223215356248,0.12243993214581629,0.23174113415547146,0.0045121952305110565,0.04420918384346032,0.0005291792396925604,0.004482247097306096
regime,8,2013-02-28,0.5879450797202186,0.0006856023012305414,0.0008130712424205672,0.004707726141391475,0.12112509632934818,0.23109846672444714,0.004428306374579765,0.044319395500841414,0.0005103466591823835,0.004366909006339987
regime,8,2013-03-28,0.5799081243227594,0.0007264997594179197,0.0008525527412845691,0.005016025532681793,0.1250011197563691,0.23446479818337682,0.00454089903581645,0.04442532539165471,0.000538314726489636,0.00452634055014977
regime,8,2013-04-30,0.5787075256415,0.0006758957101393044,0.000797635292702915,0.004841757521779039,0.1255261406246817,0.23574346506791335,0.004323151460769727,0.044651285013842516,0.000497869813439527,0.004235273853232028
regime,8,2013-05-31,0.5812367233062513,0.0006681558331534602,0.0007899166800938451,0.004745880176816423,0.12377352988783921,0.23454164298000282,0.004327572365833607,0.045196795751340425,0.0004959233577666024,0.004223859660902296
regime,8,2013-06-28,0.519677323859948,0.0008433415574663941,0.0008992010432522193,0.006222980804461117,0.1481748351862637,0.268989855251343,0.004727782981680801,0.04532801542891994,0.0005662889423445447,0.00457037494432019
regime,8,2013-07-31,0.5781032538001404,0.0006569623456481207,0.0007753394567163479,0.0047660228514559136,0.12539225384739136,0.23605600667844814,0.004258356919896489,0.04534013594319117,0.0004899214522309514,0.004161746704881087
regime,8,2013-08-30,0.5804593973107435,0.0006620047951704072,0.0007888322270107261,0.004803373000441604,0.1250117939089428,0.2335733988361897,0.004294248640322455,0.04570560097649256,0.000497452073153283,0.004203898231532975
regime,8,2013-09-30,0.5860529660491661,0.0006680571669389606,0.0007973458212307687,0.004709966331956346,0.12240628717393573,0.23152720351162218,0.004354727990860361,0.044710926945584074,0.000497658008477319,0.004274861000228253
regime,8,2013-10-31,0.5943160646688659,0.0006461159381768144,0.0007823711061396316,0.004515374928106162,0.11880477014670844,0.22682719966286974,0.004313868611402289,0.045087774369291414,0.0004887482780452724,0.004217712290394358
regime,8,2013-11-29,0.6019415688437962,0.0006180294174281004,0.0007534787380066388,0.004266294375122741,0.11563045712277967,0.2233018323584064,0.004219544690187338,0.04468574960034924,0.00047018430977925066,0.004112860544144519
regime,8,2013-12-31,0.592688742732118,0.0006471001602860507,0.0007800466947825219,0.004534110633503502,0.11976892437849089,0.2276187011853046,0.004291399900420046,0.04497021715924606,0.0004892035919881514,0.004211553563859978
regime,8,2014-01-31,0.5804556968349432,0.0006716705484208657,0.0008002005293899164,0.004866276713219507,0.12515887117832294,0.23303252763341514,0.004328450527883144,0.04594615933550112,0.0005032262682422894,0.004236920430662015
regime,8,2014-02-28,0.5778604661726839,0.0007130007466414909,0.0008394593818781264,0.005056325288854815,0.1262418367109189,0.23491144349081813,0.004483223363210281,0.04492824675600565,0.0005290161036390302,0.0044369819853498195
regime,8,2014-03-31,0.5725166625712289,0.0007310981547947593,0.0008543384435878582,0.00521004467356485,0.12836753244434038,0.23791004959262532,0.004527011937402236,0.04485864817111752,0.0005379570094576802,0.004486657001880649
regime,8,2014-04-30,0.5821168923133422,0.0007279283100969588,0.0008577640798655274,0.005009750185746876,0.12403176128373132,0.2331848474813183,0.004569997843208173,0.04440972145052779,0.0005410001473326553,0.004550336904830117
regime,8,2014-05-30,0.5829086816308026,0.0007181251987763079,0.0008502595918487485,0.004977920598495178,0.12376376227514806,0.23228248614918912,0.004531800872962427,0.04492309853380918,0.0005364521227307284,0.004507413026237775
regime,8,2014-06-30,0.5819544385723132,0.0007286494723961778,0.0008614181158341619,0.005031026138810116,0.1241820193073268,0.23282661485733203,0.00457359631719086,0.04473798075097871,0.000542842058382762,0.004561414409435049
regime,8,2014-07-31,0.5744640012471279,0.0007444388964559105,0.0008709083801410622,0.005218110723889204,0.12727436033499376,0.23666279030094456,0.004596935136535264,0.04503941340061896,0.0005502045081360072,0.004578837071157373
regime,8,2014-08-29,0.5768668105720953,0.0007370349909929467,0.0008662083054659243,0.005150625934566267,0.12648276923746402,0.23528804489483218,0.00457980711578142,0.044917815104855874,0.0005467065484230184,0.004564177295522921
regime,8,2014-09-30,0.5744638414087426,0.000698019632502086,0.0008242272215582215,0.005040238709117076,0.12734059156427743,0.2363431421901873,0.004410853100024396,0.04602665010366337,0.0005189108564369364,0.004333525213490737
regime,8,2014-10-31,0.5702479810891012,0.0007069598043124426,0.0008246900851849235,0.005118057529752783,0.12915896244661668,0.23945725516012423,0.0044133276587465095,0.0452221548973392,0.0005181072568022526,0.004332504072019788
regime,8,2014-11-28,0.5526889993736361,0.0007881595974891751,0.0008907592350978679,0.005604551554207167,0.1356730276282528,0.24898365153642088,0.004673751213733825,0.04553343763705531,0.0005606567907551574,0.004603005433351755
regime,9,2008-04-30,0.8836310995045084,0.0004577707779428432,0.00025036220806834284,0.010363765158232514,0.057731844183213,0.0030744095130877573,0.00025848917324750904,0.004632824748551194,0.0001174176271459492,0.03948201710600261
regime,9,2008-05-30,0.021863806640169594,0.00017609304805700013,0.0004272121514771076,0.18228395300583228,0.7660103805462007,0.008159566546780465,0.00034076647304350015,0.012545436383767048,7.687049009999341e-05,0.00811591471457229
regime,9,2008-06-30,0.018788245751290913,0.0001635985429174328,0.00040238482315535767,0.18566507450442996,0.7687980345914446,0.007646181778497627,0.0002872013632622179,0.010358971074284058,7.071370455319263e-05,0.007819593866164693
regime,9,2008-07-31,0.012120301959095003,0.00013094518772896027,0.00033990125085168137,0.20630124039480288,0.7575835440789163,0.00814084044266937,0.00028983073649778277,0.009912929960669833,5.237690031051145e-05,0.005128089088457782
regime,9,2008-08-29,0.012090991048661256,0.00012611905571931515,0.00033260350599714035,0.2048993325349745,0.7598918799764309,0.007878698309420862,0.00027195587555405547,0.009519994190007052,5.029206772545682e-05,0.004938133435509247
regime,9,2008-09-30,0.02913760038304239,0.00010946726900063354,0.0006298706103579397,0.4339185161809201,0.44681805077952935,0.06968934204688663,0.0011844738696561022,0.01738837347431179,2.7743502034527897e-05,0.0010965618842606305
regime,9,2008-10-31,0.19574744631235874,0.00031797972799961754,0.0016405095281622364,0.2636845302104305,0.2868944474994992,0.08812415396957478,0.003749846778452633,0.15833298375510826,6.7453368711837e-05,0.0014406488497022772
regime,9,2008-11-28,0.10834193552404468,0.0005010429594112894,0.004494448344834858,0.03292785251134424,0.026464524421587518,0.01759906349737168,0.008044412204791478,0.8004483265525241,0.00026939832145405756,0.0009089956626359662
regime,9,2008-12-31,0.0063006831753792914,0.0008233080644815434,0.0057527077010712325,0.00423636099085696,0.002008747252460051,0.005877630223820448,0.03312935089429102,0.9409235831528887,0.0006224187579143726,0.0003252097868362412
regime,9,2009-01-30,0.017829837254575702,0.0010602920836374728,0.009236488632267385,0.01444130006786351,0.006745241543002657,0.014296873919012493,0.020525214600166434,0.9147221506896553,0.000624119056895509,0.0005184821529235688
regime,9,2009-02-27,0.023531093375274394,0.0038076597908909366,0.03000310589113034,0.10093593873803172,0.035257759131823656,0.05290736741477508,0.05720911670926201,0.6921946862078986,0.002479445041312831,0.0016738276996004213
regime,9,2009-03-31,0.01032124322826337,0.006213567760350763,0.03313316131802374,0.030494931176098427,0.011818519865551902,0.032437191533940424,0.15797104706839477,0.7107404462393812,0.005241867494143681,0.001628024315851941
regime,9,2009-04-30,0.015421396759567323,0.0068188903022142954,0.03546222867479476,0.04294299862262212,0.018783605421466825,0.04186720078393507,0.1288657677073918,0.7022431294491295,0.005059567592862066,0.0025352146860162525
regime,9,2009-05-29,0.09791423756076345,0.0005309385654683563,0.002448714485572819,0.3816941192290838,0.35381092861542185,0.09207700697744763,0.004820511460915966,0.0638010536156125,0.00013656411873181335,0.0027659253709818588
regime,9,2009-06-30,0.9305554508793132,0.0003656012596100139,0.00019497204392882622,0.0053438880999594285,0.028285421418325567,0.002387937077114796,0.0002530499552887576,0.003924691886270221,8.746771644775883e-05,0.02860151966374139
regime,9,2009-07-31,0.8933438881762101,0.0004691437560612637,0.0003024230954890079,0.007653258083611616,0.04568145901267581,0.0030135176265398828,0.00035583827499479097,0.007359396839373474,0.00013508323013125347,0.041685991904912824
regime,9,2009-08-31,0.0934580003939928,0.0002695797512666862,0.0005510583674037819,0.14796879997843104,0.7144427949596246,0.01202902883321363,0.0004600879077358633,0.01620668096867384,0.00011052805554310966,0.014503440784114613
regime,9,2009-09-30,0.10436002711848985,0.00031105201526086286,0.0006260284644714185,0.13652591571851516,0.705021550174686,0.011114147999000215,0.0006019035289996951,0.023437440537056615,0.0001331176696792648,0.0178688167738409
regime,9,2009-10-30,0.6621889822897579,0.0007985871693846829,0.0007530187565738845,0.02994870892673425,0.19673729188260372,0.006789327515156929,0.0008763465624025039,0.03293401946965181,0.0002790584886761079,0.06869465893905807
regime,9,2009-11-30,0.9322841261053263,0.00034054625393799395,0.00017089515160065752,0.00419871264307119,0.024600450257152462,0.0017574072312744,0.00019786768090928055,0.0033821249295969496,8.982224170809331e-05,0.032978047505422645
regime,9,2009-12-31,0.13074449455269171,0.00036980819825751843,0.0006758350046214016,0.120121745070918,0.6825771836392357,0.010519499570280505,0.0005861657688242593,0.029690441326711187,0.0001672290142109224,0.02454759785424891
regime,9,2010-01-29,0.9408519036591976,0.00032140806706251794,0.0001648580791869768,0.0033795773032913473,0.01971916243835087,0.0015728834044492798,0.00019102844189761257,0.003250948371925002,8.780511775329516e-05,0.030460425116885244
regime,9,2010-02-26,0.9333290605134233,0.0003386225238809692,0.0001822847833798765,0.0040354751551907155,0.023779396609770687,0.001820180999098031,0.00021283242820830216,0.003909458043991388,9.238700545024786e-05,0.03230030193760667
regime,9,2010-03-31,0.12766534563669035,0.0003748912241766312,0.0007091929363937077,0.11264107953782199,0.6799508344217129,0.009744422068192234,0.0006616017591139506,0.042269001248145664,0.0001765448884961926,0.025807086279256333
regime,9,2010-04-30,0.9179262856865386,0.00040281650307889925,0.00025086861145290357,0.005368264741854624,0.032694203855792144,0.0024741185923681627,0.0002818606521548237,0.00506726991088932,0.00011576053732396045,0.035418550908546786
regime,9,2010-05-28,0.011510834844803438,0.00010009884383279379,0.000284372018800932,0.23094502987253493,0.7294776150136416,0.014435954582795351,0.0003955404820039802,0.010152061489117958,3.384164758955673e-05,0.0026646512048796507
regime,9,2010-06-30,0.9285170940919395,0.0003474996857868002,0.00017935069957454467,0.004360799923011111,0.02607988827852025,0.0017596959363543026,0.00020421463847508653,0.0038947137439721844,9.307239053322924e-05,0.034563670611833186
regime,9,2010-07-30,0.043997168760186736,0.00022676872033225643,0.000497910323680711,0.15952467585258653,0.7537959367258646,0.008712295557656805,0.0004063256053111282,0.019995834765717632,0.00010155503307434627,0.012741528655589364
regime,9,2010-08-31,0.9405742436619428,0.00032335820887499417,0.00016700794245688716,0.0033988838850997267,0.019717749383021725,0.0015681626942440979,0.0001925929432271867,0.0033332039758990355,8.858438943391973e-05,0.030636212915799776
regime,9,2010-09-30,0.9423910764389748,0.00032891501088851464,0.00016487041430929728,0.0032982097371742377,0.01865234025464581,0.0015143930534081754,0.0001926401510662995,0.0031392293136278844,8.933814059587314e-05,0.030228987485308965
regime,9,2010-10-29,0.942108559366327,0.0003224604670017829,0.00016208798099879692,0.003304939791321384,0.01901421467413218,0.0015289491490951975,0.0001890540153075996,0.003079340229852399,8.779281591078242e-05,0.030202601510052864
regime,9,2010-11-30,0.9267746219190864,0.00036288796502023646,0.00020562799450058185,0.00473200225872403,0.028390887322648693,0.002137460646885618,0.00024307330049498237,0.004347881859961337,0.00010009666232955203,0.03270546007034855
regime,9,2010-12-31,0.9430753272400672,0.0003231587150224661,0.00015924323630730624,0.003188494403334108,0.01829598393513987,0.001484255311674997,0.00018679822811050153,0.00296923514631856,8.800403022248098e-05,0.03022949975380267
regime,9,2011-01-31,0.941233084115283,0.0003287646795141122,0.00016605807506447472,0.003281447099225807,0.018958068794168358,0.0015319658424372906,0.0001918910014455793,0.003085513843391019,9.056066028564752e-05,0.03113264588918464
regime,9,2011-02-28,0.9410539424633272,0.0003338961700160618,0.0001691011632099664,0.0033488490603144853,0.019072393702983057,0.001547045858629126,0.00019652289460867734,0.0031530262823396523,9.182055506177105e-05,0.031033401849510294
regime,9,2011-03-31,0.9399867922502648,0.0003301611048822243,0.00016974623325886098,0.0034204810864806017,0.01978268266974181,0.0015920905826911727,0.00019587176458366976,0.003259637114767901,9.053509792213843e-05,0.03117200209540679
regime,9,2011-04-29,0.9392017388261575,0.0003392608930912884,0.00017417715998075393,0.003497374465624452,0.020103780528887925,0.0016136850825493787,0.00020167723901386476,0.003243424694082221,9.385116044128703e-05,0.03153102995017099
regime,9,2011-05-31,0.9267496545070433,0.0003732527293160281,0.00020186693899828576,0.0044754215195950894,0.026211095238767176,0.001909010581132747,0.00023542082472995842,0.004269211070112314,0.0001045278433761034,0.03547053874692894
regime,9,2011-06-30,0.07124713501876662,0.000281198069510762,0.0006455144011553558,0.1398844614774068,0.7259756480552367,0.010025332314361212,0.0006823607700430364,0.035166232538997984,0.00013389238124180913,0.015958224973279696
regime,9,2011-07-29,0.06791173950894319,0.0002818053192339053,0.0005862270416651754,0.1399825916045851,0.7372200014946848,0.00905987587795545,0.0004939762426896313,0.026745298247968913,0.00013173343321407532,0.017586751229059762
regime,9,2011-08-31,0.014604852474919463,9.069323687717516e-05,0.0002873044484720137,0.23425329448136262,0.7180895689654182,0.02056712467124816,0.0004277027782489657,0.009535508667560288,2.8440813610698184e-05,0.002115509462282374
regime,9,2011-09-30,0.8227131511326043,0.00047006281890295634,0.00035129780346093584,0.018746510016158447,0.11070191855444701,0.006749880560688739,0.00048755187179343195,0.011418464351482001,0.00010247106616317154,0.028258691824298722
regime,9,2011-10-31,0.06705250946447776,0.00020664443809615223,0.00044227696310366335,0.21522227720151574,0.6749542988578578,0.02616687464847654,0.000617090705569553,0.009602976081505333,5.925522993578347e-05,0.005675796409461425
regime,9,2011-11-30,0.015428567850392436,0.00012045948913335144,0.00034765174956008716,0.23162836237438722,0.7175343721725974,0.015214867831231434,0.0005590035604103153,0.0157448012803913,4.2209961803769544e-05,0.0033797037300927887
regime,9,2011-12-30,0.9419314503870904,0.00031564443251479645,0.00016103410535994416,0.0034206190771236635,0.019670975837995645,0.0015801348978755068,0.00018994312177404615,0.00325967842852147,8.393422614110843e-05,0.02938658548560344
regime,9,2012-01-31,0.9415432973534806,0.00031850937195991634,0.00016153619692788399,0.003333808026891261,0.019410054073262923,0.0015378946547764307,0.0001873615286172969,0.0031668855474733856,8.677611282132522e-05,0.030253877133788985
regime,9,2012-02-29,0.9367673691991896,0.0003613123612534259,0.00018937575042131218,0.003654103991083081,0.02072272826079656,0.0016949051954798556,0.00021440413941772014,0.0034463379670710355,9.983352774423894e-05,0.032849629607542986
regime,9,2012-03-30,0.9428098881035427,0.00032730662385384193,0.00016249555510880362,0.0032404806275117284,0.018416634537149448,0.0014986705069629394,0.00018962434363218269,0.0030539934736887988,8.863659841027134e-05,0.030212269630139333
regime,9,2012-04-30,0.942656453022524,0.0003203745592893715,0.00016070382379526578,0.0032115519826790744,0.018471933064173874,0.0014899985610115976,0.00018621219493321955,0.003106046655101015,8.730116661736644e-05,0.0303094249698753
regime,9,2012-05-31,0.9114316776398175,0.0003910847793916762,0.0002620158908088342,0.005835137935315982,0.037521899401891545,0.0027829401136101445,0.00029204416213305794,0.0060446375851600734,0.00011264975444841528,0.035325912737422506
regime,9,2012-06-29,0.040185575700445106,0.00021302701324763223,0.000493920447936562,0.15920105575772786,0.7585703406084683,0.008291052081537086,0.0003980444640222183,0.020667304574122747,9.401219344323262e-05,0.011885667159049478
regime,9,2012-07-31,0.05731139923148491,0.0002666234593524458,0.000545954049794608,0.14663998470681938,0.7487292427875868,0.008500496378401416,0.0004042249383857291,0.020463720097241046,0.0001236074266878556,0.017014746924245903
regime,9,2012-08-31,0.939958330773305,0.0003442442138504088,0.00017517613462648837,0.003427035821319985,0.019462268300072163,0.0015765597553526684,0.0002032690759775245,0.003259837561469628,9.544602291247007e-05,0.031497832341113585
regime,9,2012-09-28,0.9417935195204502,0.0003279234650498025,0.00016518035369113203,0.0032750871821102547,0.01876386052292985,0.0015173221229366255,0.0001910038848063203,0.003091052541105196,9.005045813668958e-05,0.030784999948783944
regime,9,2012-10-31,0.9413903330429345,0.00033272823101445324,0.00016786155727309995,0.0032287655254020727,0.018530489811738104,0.0015094582186058636,0.0001921355978962972,0.0031203591166848563,9.230566444821406e-05,0.0314355632340024
regime,9,2012-11-30,0.9410914016283028,0.00032738234897402495,0.00016616036751822795,0.003292502846759189,0.019057409230205522,0.0015366677925798009,0.00019085710455949236,0.003166937379653597,9.01785652241584e-05,0.03108050273622302
regime,9,2012-12-31,0.9395905698545858,0.00034141479375721995,0.0001741968866331319,0.0033743032587770024,0.0194620965532136,0.001573280911079941,0.00019843118254404832,0.0032672533729576707,9.493958956548818e-05,0.031923513596886166
regime,9,2013-01-31,0.9402720630383755,0.0003429352717125979,0.00017386799484534366,0.003376409718071503,0.019223001376411863,0.001561617464850274,0.00020018551186298117,0.0032368787462592275,9.505868345043428e-05,0.03151798219416044
regime,9,2013-02-28,0.9410910843509039,0.0003390469525558505,0.00017105585450670238,0.0032870849971397553,0.018687874330609408,0.0015220477257906653,0.00019590197756084993,0.003213623582816216,9.3693505182284e-05,0.03139858672293428
regime,9,2013-03-28,0.9395983057513816,0.0003436346523981093,0.0001753540830051294,0.0033811633479418446,0.019338749047045193,0.001567704949661355,0.00020037415667379014,0.00325376231567352,9.583724823619905e-05,0.03204511444798347
regime,9,2013-04-30,0.9413793032106414,0.00031533261867330425,0.00016174619431961288,0.003488384343692383,0.02018153301414518,0.0016040638927022628,0.00018932593146072684,0.0032894990406675305,8.387610014510702e-05,0.02930693565355254
regime,9,2013-05-31,0.9421941450748385,0.0003216517655700478,0.00016237379577912494,0.003252047797520549,0.018662060650005245,0.0015091261027965928,0.00018696114163877834,0.0031449347645449454,8.755371231909862e-05,0.030479145194987248
regime,9,2013-06-28,0.8823476631751789,0.00042722502532372797,0.0003467960437295135,0.00889671239511679,0.059289660556060726,0.004303770709635174,0.00039782274195957975,0.009688128806038608,0.0001225160176543654,0.03417970452930262
regime,9,2013-07-31,0.9450424502397446,0.0003052448835045215,0.00014993067210574597,0.003064935018819649,0.01759647059693763,0.0014388287590218795,0.00017601237806445623,0.0029182046529202025,8.206359166038285e-05,0.029225859207221053
regime,9,2013-08-30,0.9445773897799488,0.00030574185992189644,0.00015113598067562496,0.003049834307442052,0.017677190866551153,0.0014358504745072829,0.00017617387207233688,0.002919805873693808,8.315434501717441e-05,0.02962372264016988
regime,9,2013-09-30,0.9450236917745931,0.0003058997720707849,0.00015072725010923827,0.0031279836369348573,0.01794464456175599,0.0014532129684025144,0.00017810145663214847,0.002949471826493697,8.204080981888366e-05,0.028784225943188847
regime,9,2013-10-31,0.9441607685767227,0.00031292903670908985,0.00015503699731242917,0.003147722582682649,0.018091280503266416,0.0014573423521085373,0.00018178883717100017,0.0030250873140868187,8.498547996847864e-05,0.029383058319971976
regime,9,2013-11-29,0.9448805879158524,0.0003144628185102697,0.00015454961008129568,0.003111276031374018,0.017677926549197316,0.0014381391596712163,0.00018208204889704114,0.0030184968344725244,8.506623823035626e-05,0.029137412793713357
regime,9,2013-12-31,0.9441489912454702,0.0003152098838331859,0.00015582670857767125,0.003126111024798535,0.01789185893720819,0.001449964293451933,0.00018233031886326345,0.0030183271342967078,8.575178825495779e-05,0.029625628665245533
regime,9,2014-01-31,0.9427725365842002,0.0003139783687717656,0.00015879801034504858,0.003190616643520516,0.01849775159370164,0.001488960029202888,0.00018349951633400328,0.0031124220909778673,8.617513584641044e-05,0.030195262027099434
regime,9,2014-02-28,0.9407759454748431,0.00032538199563724704,0.00016640544802471046,0.003378126716611212,0.019594395406944038,0.0015631961807659972,0.00019294476920522232,0.0032204761982273233,8.94269942670044e-05,0.030693700815474158
regime,9,2014-03-31,0.9400786262039522,0.00032585894836054395,0.0001670710318741656,0.0034449282293158973,0.020076719633770515,0.0015899704435518574,0.00019341335942235207,0.0032467750755277762,8.920794148742504e-05,0.030787429132737267
regime,9,2014-04-30,0.93884645430945,0.00034273696945497664,0.0001760710509015664,0.003508976932569982,0.02020279828833913,0.0016104782349104674,0.00020340067515695363,0.003341240962737986,9.521018331432644e-05,0.031672632393164236
regime,9,2014-05-30,0.9388467100860065,0.0003418283022832278,0.00017556704633410177,0.003494525965196625,0.0201375527926986,0.0016017810356364556,0.00020184540094394355,0.0033530177482348406,9.517581268599842e-05,0.031751995809979505
regime,9,2014-06-30,0.9392338796604928,0.0003417046397735943,0.00017478065602562887,0.003473370275266182,0.019944480069558557,0.001596055582092118,0.00020119463360630674,0.0032887008432721516,9.494253410799225e-05,0.03165089110580468
regime,9,2014-07-31,0.9393219704781246,0.00033806717700472923,0.00017296870260641355,0.0034467204892644535,0.01993154840727426,0.0015872572643676394,0.00019814671970951492,0.0032940343246334724,9.371369258531775e-05,0.03161557274442951
regime,9,2014-08-29,0.939349547226896,0.00033629768001398213,0.00017213978781764454,0.00343470577380644,0.019916647447862843,0.0015869867136023236,0.00019774030038286695,0.003276632578507937,9.34501431166064e-05,0.0316358523479934
regime,9,2014-09-30,0.9401804014090918,0.00032514849686669475,0.00016652979600711873,0.003322042192257349,0.01939961626422841,0.0015448702254834104,0.00018958787455044577,0.0032470148039187314,9.019871821909998e-05,0.0315345902193771
regime,9,2014-10-31,0.8321862896193178,0.0006152286385889481,0.0004441503718529878,0.013090527890243788,0.07832605065574112,0.0039405257156821015,0.0005232693306198231,0.014576454880690435,0.00019607339904676428,0.056101429498216
regime,9,2014-11-28,0.0707242273260913,0.0003006518332337678,0.0006321572121459948,0.13348890519446627,0.735431662364565,0.008735546094737184,0.0005043716288480503,0.030067172331906963,0.0001405354944035874,0.019974770519601944
